Date,HomeTeam,AwayTeam,model_prob_A,model_prob_D,model_prob_H,bookmaker_prob_H,bookmaker_prob_D,bookmaker_prob_A,season,actual_result
2015-08-08,Chelsea,Swansea,0.2488411179328021,0.129952188525718,0.62120669354148,0.7030175746776715,0.199059489989746,0.0979229353325825,2015,D
2015-08-08,Leicester,Sunderland,0.2540431487283568,0.2816643293186953,0.4642925219529477,0.4827783809770207,0.2804091449174684,0.2368124741055108,2015,H
2015-08-08,Man United,Tottenham,0.2517098321525767,0.2522461512941387,0.4960440165532842,0.5882670992160044,0.2426601784266017,0.1690727223573939,2015,H
2015-08-08,Norwich,Crystal Palace,0.4001346601363717,0.2650489930411609,0.3348163468224676,0.3707913729378758,0.2936856681550049,0.3355229589071193,2015,A
2015-08-09,Stoke,Liverpool,0.4290753078565723,0.2648483509883975,0.3060763411550301,0.2937883729854182,0.2849625863392171,0.4212490406753645,2015,A
2015-08-09,Newcastle,Southampton,0.4570211924289757,0.2635568677991718,0.2794219397718527,0.3412534641948683,0.3030410404899442,0.3557054953151873,2015,D
2015-08-09,Arsenal,West Ham,0.2054013929692197,0.1796440854949081,0.6149545215358723,0.7499535706363822,0.1640695526421655,0.0859768767214523,2015,A
2015-08-10,West Brom,Man City,0.5813611151225461,0.2509793396087603,0.1676595452686934,0.1837167272054629,0.2394198981615912,0.5768633746329457,2015,A
2015-08-14,Aston Villa,Man United,0.5564674806774875,0.226542139967149,0.2169903793553635,0.1851945321706106,0.2570596862295534,0.5577457815998359,2015,A
2015-08-15,Southampton,Everton,0.2226851818105092,0.2642527519957196,0.5130620661937708,0.4969742559623887,0.2730010964511161,0.2300246475864951,2015,A
2015-08-15,Sunderland,Norwich,0.3496314398002679,0.307784007672611,0.3425845525271211,0.3882273781675125,0.3035555240039678,0.3082170978285197,2015,A
2015-08-15,Swansea,Newcastle,0.2364956863330174,0.2895929747761274,0.4739113388908547,0.4909060350606035,0.2696202305201215,0.239473734419275,2015,H
2015-08-15,Tottenham,Stoke,0.2161070226490904,0.2646466781994402,0.5192462991514688,0.53141047586443,0.2567613830879836,0.2118281410475864,2015,D
2015-08-15,West Ham,Leicester,0.2047572587122507,0.2959438729936756,0.4992988682940741,0.430085684771286,0.2893285641057221,0.2805857511229918,2015,A
2015-08-16,Man City,Chelsea,0.2810340832069488,0.2079479658808836,0.5110179509121676,0.460291958018404,0.2802130067499293,0.2594950352316667,2015,H
2015-08-16,Crystal Palace,Arsenal,0.5526111137083486,0.2180420371706999,0.2293468491209518,0.1892526402254326,0.2535281660056547,0.5572191937689126,2015,A
2015-08-22,Crystal Palace,Aston Villa,0.1806908096369718,0.2572744458465404,0.5620347445164877,0.5152449055112069,0.268486735561723,0.21626835892707,2015,H
2015-08-22,Leicester,Tottenham,0.3210607306587046,0.2999690789469956,0.3789701903943003,0.3644651060714668,0.2791899359745828,0.3563449579539502,2015,D
2015-08-22,Man United,Newcastle,0.1005091997810332,0.1481425163225654,0.7513482838964013,0.7107648108868436,0.1886857565786982,0.100549432534458,2015,D
2015-08-22,Norwich,Stoke,0.2850468582162449,0.3103940772525895,0.4045590645311652,0.410987560072753,0.2938743176741065,0.2951381222531404,2015,D
2015-08-22,Sunderland,Swansea,0.5023167316139978,0.2284636935852171,0.2692195748007853,0.2560736548170852,0.2879673940636136,0.4559589511193013,2015,D
2015-08-23,Everton,Man City,0.5188043524702599,0.3238753085523522,0.1573203389773874,0.2032796169460452,0.2459723459019147,0.5507480371520399,2015,A
2015-08-23,West Brom,Chelsea,0.6669901772351138,0.1667225866715626,0.1662872360933235,0.1642625829249229,0.2452789552056738,0.5904584618694033,2015,A
2015-08-24,Arsenal,Liverpool,0.2039737116517235,0.2298408744498531,0.5661854138984233,0.5549496375184448,0.2508179893500994,0.1942323731314557,2015,D
2015-08-29,Tottenham,Everton,0.2260431446035138,0.25369759497592,0.5202592604205661,0.4830171788521731,0.2765115625633016,0.2404712585845253,2015,D
2015-08-29,Newcastle,Arsenal,0.6959943698531967,0.1341540530689458,0.1698515770778572,0.1668348800239581,0.2415850313978075,0.5915800885782343,2015,A
2015-08-29,Stoke,West Brom,0.24977445323836,0.2881028377452363,0.4621227090164032,0.4897137071066141,0.2850462197409536,0.2252400731524323,2015,A
2015-08-29,Aston Villa,Sunderland,0.2173036402778378,0.3105606462170031,0.4721357135051585,0.511196004855998,0.2751090853088197,0.2136949098351822,2015,D
2015-08-29,Chelsea,Crystal Palace,0.1695478299418481,0.1515361375533301,0.6789160325048219,0.700303644888604,0.1953792232331614,0.1043171318782346,2015,A
2015-08-29,Liverpool,West Ham,0.1209751878408456,0.1903495301755324,0.6886752819836219,0.7001184623259168,0.1815908464275988,0.1182906912464843,2015,A
2015-08-30,Swansea,Man United,0.407833086966974,0.2844558287482465,0.3077110842847793,0.2815718763994626,0.2938871473354232,0.4245409762651141,2015,H
2015-08-30,Southampton,Norwich,0.246600635215528,0.2877835604631554,0.465615804321316,0.4667486306433627,0.2773168370618773,0.2559345322947598,2015,H
2015-09-12,Everton,Chelsea,0.534057732566171,0.2520374048386339,0.2139048625951952,0.2483184542008071,0.2708817414699768,0.4807998043292161,2015,H
2015-09-12,West Brom,Southampton,0.3977893004567192,0.2895397379019043,0.3126709616413765,0.3193839325705444,0.2985158190480068,0.3821002483814488,2015,D
2015-09-12,Crystal Palace,Man City,0.5082019093485883,0.2984556510875206,0.1933424395638912,0.1803158091921626,0.2394639954534935,0.5802201953543438,2015,A
2015-09-12,Man United,Liverpool,0.219746630261763,0.2671892440321988,0.5130641257060382,0.4834776231279488,0.293207077505793,0.2233152993662581,2015,H
2015-09-12,Arsenal,Stoke,0.0822996309415775,0.1442378303014156,0.7734625387570069,0.7431160814360038,0.1675686300751125,0.0893152884888836,2015,H
2015-09-13,Leicester,Aston Villa,0.2195568665284546,0.2414204191751454,0.5390227142963998,0.5015385796975151,0.2683057767978846,0.2301556435046001,2015,H
2015-09-13,Sunderland,Tottenham,0.5149289318464052,0.2383603642916255,0.2467107038619695,0.2372302063041613,0.2729362943198846,0.489833499375954,2015,A
2015-09-14,West Ham,Newcastle,0.2577424538187813,0.3337207783884833,0.4085367677927348,0.424272405896347,0.2766664072748294,0.2990611868288236,2015,H
2015-09-19,Swansea,Everton,0.2855503716470726,0.2883205673840984,0.4261290609688289,0.4156954117165096,0.2897967021712412,0.294507886112249,2015,D
2015-09-19,Newcastle,Watford,0.317853696207845,0.2778201447038583,0.4043261590882969,0.381984015804712,0.2938083996901686,0.3242075845051194,2015,A
2015-09-19,Aston Villa,West Brom,0.2477978321645551,0.3602931370471595,0.3919090307882854,0.4155438685810342,0.301066664457472,0.2833894669614937,2015,A
2015-09-19,Stoke,Leicester,0.385822230177358,0.3005188387299969,0.3136589310926451,0.3816347857115549,0.2892065656501293,0.3291586486383158,2015,D
2015-09-19,Chelsea,Arsenal,0.2950820605345917,0.3210042009850897,0.3839137384803183,0.3998249219760981,0.2770038821648778,0.3231711958590241,2015,H
2015-09-19,Bournemouth,Sunderland,0.1892239986125451,0.3549623685841303,0.4558136328033244,0.5602552518446451,0.2489485254900068,0.190796222665348,2015,H
2015-09-19,Man City,West Ham,0.221084162278293,0.1405400607205191,0.6383757770011877,0.7544809946536268,0.1553044263481462,0.0902145789982269,2015,A
2015-09-20,Liverpool,Norwich,0.1893324835670021,0.2264379763448177,0.5842295400881795,0.5795948472901287,0.2482838599154329,0.1721212927944383,2015,D
2015-09-20,Southampton,Man United,0.4034066299041411,0.3124463875147554,0.2841469825811031,0.3072626763248189,0.2977316050324056,0.3950057186427754,2015,A
2015-09-20,Tottenham,Crystal Palace,0.208849712885822,0.2406802358381618,0.5504700512760162,0.4764749505603164,0.2723302570863546,0.2511947923533289,2015,H
2015-09-26,Stoke,Bournemouth,0.328297779866831,0.2831344470257858,0.3885677731073829,0.3781412478336222,0.2893591460532535,0.3324996061131242,2015,H
2015-09-26,West Ham,Norwich,0.2292459638420639,0.2828377305154476,0.4879163056424886,0.4237280366763593,0.2826216188279711,0.2936503444956697,2015,D
2015-09-26,Tottenham,Man City,0.4955962452166148,0.2977122335072557,0.2066915212761296,0.2350612857339968,0.2604998778748776,0.5044388363911256,2015,H
2015-09-26,Southampton,Swansea,0.224240752277786,0.2785873719058251,0.4971718758163888,0.4663665296097726,0.2875155276109331,0.2461179427792942,2015,H
2015-09-26,Newcastle,Chelsea,0.6163799284004466,0.1649485848771492,0.2186714867224038,0.1645406940072531,0.238858724372876,0.5966005816198707,2015,D
2015-09-26,Leicester,Arsenal,0.4963939073063259,0.2206118035171759,0.2829942891764982,0.226737875236019,0.2464950607036331,0.5267670640603479,2015,A
2015-09-26,Man United,Sunderland,0.0846364597373136,0.11406345221985,0.801300088042836,0.7950143620201117,0.1380066196519093,0.0669790183279789,2015,H
2015-09-26,Liverpool,Aston Villa,0.1756140362495138,0.3065699461249373,0.5178160176255485,0.6306467151181192,0.2262567277525574,0.1430965571293234,2015,H
2015-09-27,Watford,Crystal Palace,0.3281797041870152,0.2951835431029814,0.3766367527100035,0.381984015804712,0.2938083996901686,0.3242075845051194,2015,A
2015-09-28,West Brom,Everton,0.4095741736197471,0.2709654587393572,0.3194603676408958,0.3236855000263551,0.2911112685291137,0.385203231444531,2015,A
2015-10-03,Bournemouth,Watford,0.2122005176460396,0.3206928577505009,0.4671066246034591,0.4548765783568342,0.2831999196168403,0.2619235020263255,2015,D
2015-10-03,Aston Villa,Stoke,0.3877547832230102,0.282143592711395,0.3301016240655949,0.3860869343876683,0.2947171556054001,0.3191959100069315,2015,A
2015-10-03,Chelsea,Southampton,0.1984108934642338,0.2352761819478922,0.5663129245878735,0.527643206374472,0.264556615799264,0.207800177826264,2015,A
2015-10-03,Sunderland,West Ham,0.4843218843818249,0.2555869077893581,0.260091207828817,0.3034524968906922,0.2897592770215407,0.4067882260877671,2015,D
2015-10-03,Man City,Newcastle,0.0964634616086231,0.1204353849763445,0.7831011534150322,0.7743011799747966,0.1464550635811662,0.0792437564440371,2015,H
2015-10-03,Crystal Palace,West Brom,0.2120563004540713,0.2473892328408531,0.5405544667050758,0.5259078566688209,0.2727988921806344,0.2012932511505445,2015,H
2015-10-03,Norwich,Leicester,0.2296114634410074,0.3139109429059024,0.4564775936530905,0.4155896743130525,0.2903312586756915,0.2940790670112559,2015,A
2015-10-04,Arsenal,Man United,0.2128209527400183,0.2765648617718215,0.5106141854881603,0.4811463046757164,0.2639517345399698,0.2549019607843137,2015,H
2015-10-04,Everton,Liverpool,0.3701335233765321,0.295019082845786,0.3348473937776821,0.3582198402983115,0.2932514175175039,0.3485287421841845,2015,D
2015-10-04,Swansea,Tottenham,0.3866259176791315,0.3037062194534533,0.3096678628674152,0.3535804271236104,0.2959960180208705,0.3504235548555191,2015,D
2015-10-17,Watford,Arsenal,0.543578828887577,0.2753246328970486,0.1810965382153746,0.1750897143169333,0.2305698551035646,0.5943404305795021,2015,A
2015-10-17,Tottenham,Liverpool,0.4026267381013308,0.2547984453595122,0.3425748165391573,0.3864692180076492,0.2887865532039899,0.3247442287883609,2015,D
2015-10-17,Southampton,Leicester,0.1914281904465556,0.2077262921352906,0.6008455174181541,0.5469998725621776,0.2487936460190605,0.2042064814187618,2015,D
2015-10-17,West Brom,Sunderland,0.2582594086956571,0.2841386502218759,0.4576019410824667,0.4663665296097726,0.2875155276109331,0.2461179427792942,2015,H
2015-10-17,Everton,Man United,0.3958819817075731,0.2888037978591795,0.3153142204332474,0.3088110157035661,0.2877811602710242,0.4034078240254096,2015,A
2015-10-17,Crystal Palace,West Ham,0.1751757033527035,0.3028188501510759,0.5220054464962207,0.4765765765765766,0.2684684684684685,0.2549549549549549,2015,A
2015-10-17,Chelsea,Aston Villa,0.155724267812166,0.2212329590348949,0.6230427731529388,0.7179882576145735,0.178269366152297,0.1037423762331294,2015,H
2015-10-17,Man City,Bournemouth,0.0697456329682437,0.1097366985218806,0.8205176685098757,0.7187031669107904,0.1739981290312545,0.1072987040579551,2015,H
2015-10-18,Newcastle,Norwich,0.3868533463920468,0.2929593688309894,0.320187284776964,0.366790398828151,0.2846427858046474,0.3485668153672016,2015,H
2015-10-19,Swansea,Stoke,0.2381476891530905,0.2812163348448095,0.4806359760020997,0.4677090734313548,0.2906153247650862,0.241675601803559,2015,A
2015-10-24,Arsenal,Everton,0.0896536003661104,0.0961414176067547,0.8142049820271349,0.667879820240995,0.2057428086642036,0.1263773710948013,2015,H
2015-10-24,Aston Villa,Swansea,0.4261063362555631,0.2647679337918939,0.3091257299525429,0.3367199073809606,0.2947738031312243,0.3685062894878151,2015,A
2015-10-24,Leicester,Crystal Palace,0.2352143316124322,0.2771980176409709,0.4875876507465969,0.4290918032613504,0.2769067583741545,0.294001438364495,2015,H
2015-10-24,Norwich,West Brom,0.2212365455443266,0.3024508464981721,0.4763126079575009,0.4771124104948404,0.2807023770440893,0.2421852124610702,2015,A
2015-10-24,Stoke,Watford,0.2539519740848535,0.2975288136000895,0.4485192123150569,0.4539381761087824,0.2910490759546548,0.2550127479365628,2015,A
2015-10-24,West Ham,Chelsea,0.5058036656686227,0.2213713601059029,0.2728249742254744,0.2543564126941353,0.2571871151568487,0.488456472149016,2015,H
2015-10-25,Bournemouth,Tottenham,0.412492372044091,0.2791814343177442,0.3083261936381649,0.287804151181544,0.2837020545543791,0.4284937942640768,2015,A
2015-10-25,Liverpool,Southampton,0.2147383552442448,0.2421374621024695,0.5431241826532855,0.4690898612401302,0.2708952425688972,0.2600148961909724,2015,D
2015-10-25,Man United,Man City,0.3463635094267496,0.3444137647528895,0.309222725820361,0.3701246315434681,0.2859589388451882,0.3439164296113437,2015,D
2015-10-25,Sunderland,Newcastle,0.3812646515524669,0.2827320474289204,0.3360033010186128,0.3706970273195206,0.284940635301226,0.3443623373792533,2015,H
2015-10-31,Newcastle,Stoke,0.305011880365812,0.3244029196229453,0.3705852000112425,0.4014345409899625,0.2875974669366303,0.3109679920734071,2015,D
2015-10-31,Man City,Norwich,0.0793190829676319,0.2088151357648044,0.7118657812675635,0.7444175790823448,0.1628371927831798,0.0927452281344753,2015,H
2015-10-31,Watford,West Ham,0.3294140147173967,0.3165975086553417,0.3539884766272617,0.3680312226652291,0.2900457571350109,0.3419230201997599,2015,H
2015-10-31,Swansea,Arsenal,0.4751455599445914,0.3478077063031622,0.1770467337522459,0.2016058016058016,0.252007252007252,0.5463869463869464,2015,A
2015-10-31,West Brom,Leicester,0.4209885577531735,0.2897954280689745,0.289216014177852,0.347792948038176,0.2849781283138918,0.3672289236479321,2015,A
2015-10-31,Crystal Palace,Man United,0.5231285810742927,0.245926112462048,0.2309453064636588,0.2665197529275511,0.2775221979153262,0.4559580491571227,2015,D
2015-10-31,Chelsea,Liverpool,0.2258130449023321,0.275803613504886,0.4983833415927817,0.4533082904969026,0.2800514037168841,0.2666403057862133,2015,A
2015-11-01,Everton,Sunderland,0.1863404827362575,0.3206951931259296,0.4929643241378126,0.6374642020307212,0.2254621192397813,0.1370736787294975,2015,H
2015-11-01,Southampton,Bournemouth,0.1855208551649464,0.2770999604958614,0.5373791843391921,0.6149372555147875,0.2290386900562642,0.1560240544289482,2015,H
2015-11-02,Tottenham,Aston Villa,0.1287272992419267,0.1673846036671737,0.7038880970908994,0.665244144384431,0.209807158402923,0.1249486972126459,2015,H
2015-11-07,West Ham,Everton,0.3778024548223026,0.3024351976357427,0.3197623475419549,0.3711806452895454,0.2812307417052661,0.3475886130051886,2015,D
2015-11-07,Sunderland,Southampton,0.5544499332505461,0.2385745371312279,0.2069755296182259,0.2016026444977962,0.2589012165406529,0.5394961389615509,2015,A
2015-11-07,Stoke,Chelsea,0.4931574951494963,0.2233495905916775,0.2834929142588261,0.2573095695621665,0.2783513866921916,0.4643390437456418,2015,H
2015-11-07,Norwich,Swansea,0.3751095655001418,0.2694948996508606,0.3553955348489978,0.3848932252265918,0.2915207346298822,0.3235860401435257,2015,H
2015-11-07,Man United,West Brom,0.1010994214636867,0.1254968898554852,0.7734036886808277,0.7191334383909471,0.1866468556382594,0.0942197059707935,2015,H
2015-11-07,Bournemouth,Newcastle,0.2200661519238784,0.3427793724335352,0.4371544756425864,0.4263731749668233,0.2780566221008799,0.2955702029322968,2015,A
2015-11-07,Leicester,Watford,0.1886529874576127,0.2279958494249772,0.5833511631174101,0.5164283364186728,0.2582615336462953,0.2253101299350319,2015,H
2015-11-08,Liverpool,Crystal Palace,0.2003719089006269,0.2415813591789905,0.558046731920382,0.5711257038261652,0.2543211400802186,0.174553156093616,2015,A
2015-11-08,Arsenal,Tottenham,0.2108476076052544,0.1678507195296864,0.6213016728650591,0.552353021910569,0.2443527131208837,0.2032942649685471,2015,D
2015-11-08,Aston Villa,Man City,0.719275416028387,0.158744327743925,0.1219802562276876,0.1317299935935352,0.2053933483598128,0.662876658046652,2015,D
2015-11-21,Swansea,Bournemouth,0.2077843316815622,0.2959048936650789,0.4963107746533585,0.5154947354435846,0.2691695914202309,0.2153356731361846,2015,D
2015-11-21,West Brom,Arsenal,0.6754660378782954,0.1747677326998919,0.1497662294218128,0.1487975580963407,0.2222422757871328,0.6289601661165263,2015,H
2015-11-21,Southampton,Stoke,0.1410116604962714,0.1855412136476898,0.6734471258560392,0.6076548005431385,0.2415076295974748,0.1508375698593865,2015,A
2015-11-21,Watford,Man United,0.4130107502846435,0.3040156981924064,0.2829735515229502,0.2346886890504854,0.2834486336850054,0.4818626772645091,2015,A
2015-11-21,Man City,Liverpool,0.1413722563182728,0.1743453658578849,0.6842823778238425,0.5720356552448977,0.2511533240430429,0.1768110207120592,2015,A
2015-11-21,Chelsea,Norwich,0.1605388578844383,0.2671020603927674,0.572359081722794,0.6884941697547888,0.1977917963585566,0.1137140338866546,2015,H
2015-11-21,Newcastle,Leicester,0.3503927702190591,0.365466048255131,0.2841411815258102,0.3454695050368775,0.2727501637974739,0.3817803311656485,2015,A
2015-11-21,Everton,Aston Villa,0.2012920843678574,0.2663012504043947,0.5324066652277478,0.6079300512613539,0.2358303869266288,0.1562395618120173,2015,H
2015-11-22,Tottenham,West Ham,0.1757551197929706,0.1713804067314382,0.6528644734755912,0.6068005047848943,0.2295381061845837,0.163661389030522,2015,H
2015-11-23,Crystal Palace,Sunderland,0.1592826343197733,0.232282703056079,0.6084346626241471,0.605780066361024,0.2438942477214885,0.1503256859174874,2015,A
2015-11-28,Man City,Southampton,0.1485985327703013,0.1912242425394369,0.660177224690262,0.6021997055788502,0.2259142712385412,0.1718860231826086,2015,H
2015-11-28,Leicester,Man United,0.3834020389289931,0.3018538996284873,0.3147440614425198,0.3188185802401133,0.2794651039659648,0.4017163157939217,2015,D
2015-11-28,Sunderland,Stoke,0.3727815510634058,0.3318273861550398,0.2953910627815543,0.3080220373474748,0.2983842464382591,0.3935937162142661,2015,H
2015-11-28,Bournemouth,Everton,0.3557353870459125,0.2856398200078962,0.3586247929461915,0.3446952841062082,0.2730674674575843,0.3822372484362075,2015,D
2015-11-28,Aston Villa,Watford,0.3342224560030871,0.3126367074540949,0.3531408365428183,0.349018423437028,0.3051344004832377,0.3458471760797342,2015,A
2015-11-28,Crystal Palace,Newcastle,0.1993815166927658,0.3132017780109723,0.4874167052962616,0.5577520984061675,0.2476612975417249,0.1945866040521075,2015,H
2015-11-29,Tottenham,Chelsea,0.2576113819640747,0.3041797673181797,0.4382088507177457,0.370678982880211,0.2969881359168411,0.3323328812029479,2015,D
2015-11-29,West Ham,West Brom,0.2552153876543681,0.2826416877909046,0.4621429245547271,0.4655485278711626,0.2829171892660328,0.2515342828628045,2015,D
2015-11-29,Norwich,Arsenal,0.71555635397259,0.1549988809408228,0.1294447650865868,0.1720953617037615,0.232440129659076,0.5954645086371624,2015,D
2015-11-29,Liverpool,Swansea,0.171306073334316,0.1871546670606045,0.6415392596050793,0.6654440635230163,0.2103983311795435,0.1241576052974401,2015,H
2015-12-05,Watford,Norwich,0.2240588467756447,0.2896836616344718,0.4862574915898833,0.443082498378307,0.284675687547324,0.2722418140743688,2015,H
2015-12-05,Swansea,Leicester,0.3684611081281697,0.3287241538666507,0.3028147380051798,0.3534963876641048,0.2897395971134664,0.3567640152224288,2015,A
2015-12-05,Stoke,Man City,0.5634588168151272,0.2393244304372528,0.19721675274762,0.1876672443341366,0.2500075266561613,0.562325229009702,2015,H
2015-12-05,West Brom,Tottenham,0.5050848830698702,0.2600451464791705,0.2348699704509588,0.2216738406220965,0.2719100534316449,0.5064161059462585,2015,D
2015-12-05,Man United,West Ham,0.1032212158710469,0.1356049957685812,0.7611737883603721,0.6684024697125134,0.2180418424959909,0.1135556877914956,2015,D
2015-12-05,Chelsea,Bournemouth,0.1488375965653199,0.2817192075763572,0.569443195858323,0.7017657848321556,0.1876424577790427,0.1105917573888017,2015,A
2015-12-05,Arsenal,Sunderland,0.096669831751717,0.1003904696093214,0.8029396986389615,0.7587799855586048,0.158068084304301,0.083151930137094,2015,H
2015-12-05,Southampton,Aston Villa,0.1846013983950386,0.2607505513300224,0.5546480502749389,0.6380135620263263,0.2187873952931791,0.1431990426804946,2015,D
2015-12-06,Newcastle,Liverpool,0.6617163663008805,0.1688637599873959,0.1694198737117234,0.1717268683853206,0.232121312594425,0.5961518190202544,2015,H
2015-12-07,Everton,Crystal Palace,0.2268579355287283,0.2458241428416456,0.527317921629626,0.4551083020169763,0.2772433857455691,0.2676483122374545,2015,D
2015-12-12,Bournemouth,Man United,0.3962321081188497,0.285600356418368,0.3181675354627825,0.2925151901215209,0.2880071540572324,0.4194776558212466,2015,H
2015-12-12,Crystal Palace,Southampton,0.357161590678326,0.3115555150883873,0.3312828942332867,0.3681390680470623,0.2922281494148188,0.3396327825381189,2015,H
2015-12-12,Man City,Swansea,0.1045530593155003,0.1947240470135879,0.7007228936709119,0.7406599257794864,0.1718075375374835,0.0875325366830302,2015,H
2015-12-12,Sunderland,Watford,0.3769702434440919,0.3378488401253818,0.2851809164305263,0.3327297785321111,0.3017552156059548,0.3655150058619341,2015,A
2015-12-12,Norwich,Everton,0.3908456036125939,0.3073685532754424,0.3017858431119641,0.3382785497673289,0.2836670787347065,0.3780543714979645,2015,D
2015-12-12,West Ham,Stoke,0.3558301093058266,0.32306665539656,0.3211032352976136,0.3655150058619341,0.3017552156059547,0.332729778532111,2015,D
2015-12-13,Liverpool,West Brom,0.1468442828708327,0.1669618865430774,0.6861938305860896,0.6872913589376843,0.2081176116613498,0.1045910294009658,2015,D
2015-12-13,Aston Villa,Arsenal,0.742206559771845,0.1305208246495058,0.1272726155786483,0.1482196200442047,0.2381322714925275,0.6136481084632678,2015,A
2015-12-13,Tottenham,Newcastle,0.0946546435921919,0.1022513127455528,0.8030940436622551,0.7151112395261485,0.1768275065010112,0.1080612539728402,2015,A
2015-12-14,Leicester,Chelsea,0.3912672214980449,0.2593764199375684,0.3493563585643868,0.310899100352303,0.2834284066530409,0.405672492994656,2015,H
2015-12-19,Newcastle,Aston Villa,0.2747917290066377,0.3104639712083996,0.4147442997849627,0.4665399472683794,0.2813612116009565,0.252098841130664,2015,D
2015-12-19,Stoke,Crystal Palace,0.3613528731808766,0.2870669279866494,0.3515801988324743,0.3821002483814488,0.2985158190480068,0.3193839325705444,2015,A
2015-12-19,Man United,Norwich,0.0978355557812437,0.1225417046921927,0.7796227395265635,0.6662139355644732,0.2146689347929969,0.1191171296425299,2015,A
2015-12-19,Southampton,Tottenham,0.4213786320207686,0.2780932463369843,0.3005281216422473,0.3606121063611378,0.2852495115732309,0.3541383820656313,2015,A
2015-12-19,Chelsea,Sunderland,0.2203777962558619,0.2092645081950797,0.570357695549058,0.7271877505679479,0.1842208968105468,0.0885913526215053,2015,H
2015-12-19,West Brom,Bournemouth,0.3438066696041913,0.2804414633519111,0.3757518670438975,0.3773253209406718,0.2909168246670679,0.3317578543922603,2015,A
2015-12-19,Everton,Leicester,0.2158500525068487,0.2320415279042235,0.5521084195889282,0.4551083020169763,0.2676483122374545,0.2772433857455691,2015,A
2015-12-20,Swansea,West Ham,0.2734718861047754,0.2952013228043719,0.4313267910908525,0.454502005203467,0.2870675157038336,0.2584304790926993,2015,D
2015-12-20,Watford,Liverpool,0.4075828844783803,0.2679755061721257,0.3244416093494942,0.234432038938582,0.2788997288815832,0.4866682321798348,2015,H
2015-12-21,Arsenal,Man City,0.3208923286701141,0.2490163061198128,0.4300913652100732,0.3957388660859596,0.2810743932771733,0.323186740636867,2015,H
2015-12-26,Newcastle,Everton,0.537000782284859,0.2277218242821261,0.2352773934330149,0.3016295461841004,0.2713981531759912,0.4269723006399083,2015,A
2015-12-26,Tottenham,Norwich,0.1189914014552218,0.1274357933024162,0.7535728052423611,0.6679402097291607,0.206040262932329,0.1260195273385101,2015,H
2015-12-26,Man City,Sunderland,0.1023100157255207,0.2252235208773955,0.6724664633970836,0.786479325888203,0.1441155470220728,0.069405127089724,2015,H
2015-12-26,Chelsea,Watford,0.1683962363081693,0.2342422719559319,0.5973614917358991,0.6591252031888506,0.2093492775867317,0.1315255192244176,2015,D
2015-12-26,Liverpool,Leicester,0.2025513208984873,0.2466597800369033,0.5507888990646094,0.4936004995678683,0.2540579493182575,0.2523415511138741,2015,H
2015-12-26,Aston Villa,West Ham,0.3856869442761115,0.265022517711755,0.3492905380121334,0.3607124370510065,0.2930067996849553,0.3462807632640381,2015,D
2015-12-26,Swansea,West Brom,0.253986465394442,0.2986173701445008,0.447396164461057,0.5022549493160648,0.2821491038804952,0.21559594680344,2015,H
2015-12-26,Stoke,Man United,0.4073073163724136,0.2740727203414642,0.3186199632861222,0.2998880638529523,0.2950562363398903,0.4050556998071574,2015,H
2015-12-26,Southampton,Arsenal,0.4855254787036843,0.2865462183079405,0.227928302988375,0.2684755862807787,0.2722502134212685,0.4592742002979528,2015,H
2015-12-26,Bournemouth,Crystal Palace,0.3144740133374283,0.3011842800964761,0.3843417065660957,0.3927419045194759,0.284327667338357,0.322930428142167,2015,D
2015-12-28,West Brom,Newcastle,0.287255145971492,0.3147493099837886,0.3979955440447194,0.4323561598249349,0.2926718620353406,0.2749719781397243,2015,H
2015-12-28,Norwich,Aston Villa,0.2904635781609445,0.3171939533204579,0.3923424685185975,0.4700147521981172,0.2761761588344242,0.2538090889674585,2015,H
2015-12-28,West Ham,Southampton,0.4100186206485158,0.2669622046761419,0.323019174675342,0.2797312745616507,0.2855025697701299,0.4347661556682194,2015,H
2015-12-28,Watford,Tottenham,0.3918863331940611,0.3340109588617408,0.2741027079441983,0.2651856097595494,0.2826603829660765,0.4521540072743741,2015,A
2015-12-28,Crystal Palace,Swansea,0.308609093130031,0.2854883630795205,0.4059025437904486,0.4676896039017063,0.2897025214562533,0.2426078746420404,2015,D
2015-12-28,Man United,Chelsea,0.3532121611700685,0.325584365791459,0.3212034730384728,0.3737781592684721,0.2967394223919467,0.3294824183395812,2015,D
2015-12-28,Arsenal,Bournemouth,0.1081525376641247,0.1411112500626924,0.7507362122731825,0.6704518571090609,0.2088668086113082,0.1206813342796309,2015,H
2015-12-28,Everton,Stoke,0.2599039487458328,0.2947515989610471,0.4453444522931199,0.4883885950199974,0.2763191846213392,0.2352922203586633,2015,A
2015-12-29,Leicester,Man City,0.5841567283479915,0.2221442041180007,0.1936990675340077,0.233174278250736,0.2425004419207074,0.5243252798285566,2015,D
2015-12-30,Sunderland,Liverpool,0.6667363929465197,0.1669400677769973,0.1663235392764828,0.1839795231177092,0.2521187478954798,0.5639017289868109,2015,A
2016-01-02,Leicester,Bournemouth,0.2096647944125468,0.2574019403442695,0.5329332652431837,0.4959664092328272,0.2679945191935857,0.236039071573587,2015,D
2016-01-02,Arsenal,Newcastle,0.1011399221480545,0.0843712629060879,0.8144888149458578,0.7506358908165978,0.1616719183022664,0.0876921908811358,2015,H
2016-01-02,Man United,Swansea,0.15863114424973,0.2895459102154282,0.5518229455348418,0.6212471227365297,0.2411910143718101,0.1375618628916601,2015,H
2016-01-02,Norwich,Southampton,0.4592822973454292,0.2617365640992755,0.278981138555295,0.3139515882438142,0.2876034162809382,0.3984449954752475,2015,H
2016-01-02,West Ham,Liverpool,0.4577827124316567,0.2148627978651416,0.3273544897032016,0.2480308387652195,0.2802897860041815,0.471679375230599,2015,H
2016-01-02,Sunderland,Aston Villa,0.3468775923227465,0.3246062972722284,0.328516110405025,0.3834112077016067,0.3019057579363691,0.314683034362024,2015,H
2016-01-02,Watford,Man City,0.5107250280352971,0.2434161288982315,0.2458588430664713,0.1982845070799181,0.2495286740028613,0.5521868189172205,2015,A
2016-01-02,West Brom,Stoke,0.3815770479302718,0.3290510707771997,0.2893718812925288,0.3439658675335229,0.3057700121901665,0.3502641202763104,2015,H
2016-01-03,Crystal Palace,Chelsea,0.4287446575890111,0.2361668579007279,0.3350884845102608,0.2534549333954745,0.287912329984143,0.4586327366203824,2015,A
2016-01-03,Everton,Tottenham,0.3978438440324633,0.3275393689235163,0.27461678704402,0.3510596478074688,0.279809379587828,0.3691309726047032,2015,D
2016-01-12,Aston Villa,Crystal Palace,0.4511305670462677,0.2531084367950665,0.2957609961586658,0.3100698861563937,0.2978493056010725,0.3920808082425336,2015,H
2016-01-12,Bournemouth,West Ham,0.191332398096402,0.2799937221566784,0.5286738797469194,0.4812188354901923,0.2751207776333404,0.2436603868764673,2015,A
2016-01-12,Newcastle,Man United,0.5253442818556546,0.2154828505542261,0.259172867590119,0.192792571754527,0.2641082101846964,0.5430992180607765,2015,D
2016-01-13,Stoke,Norwich,0.2588645971693214,0.2710895013403683,0.4700459014903104,0.4704261411662124,0.2879703204844933,0.2416035383492942,2015,H
2016-01-13,Southampton,Watford,0.1862289936717788,0.2346731636688513,0.5790978426593696,0.4899104565225961,0.2804385111357456,0.2296510323416583,2015,H
2016-01-13,Liverpool,Arsenal,0.365395289759999,0.3628207716181873,0.2717839386218138,0.3354593984874061,0.2916760338864889,0.372864567626105,2015,D
2016-01-13,Chelsea,West Brom,0.1606706855889649,0.1862644532788286,0.6530648611322065,0.6719095828714237,0.2174406792100089,0.1106497379185674,2015,D
2016-01-13,Man City,Everton,0.1245033219447113,0.1755711217740445,0.6999255562812445,0.6318598957539295,0.2035253980007393,0.1646147062453311,2015,D
2016-01-13,Swansea,Sunderland,0.2363395267094434,0.2966235853364375,0.4670368879541187,0.5389783943438209,0.2644253486470315,0.1965962570091475,2015,A
2016-01-13,Tottenham,Leicester,0.1461469178619082,0.1899188275739084,0.6639342545641838,0.5503258717391932,0.2534395461956811,0.1962345820651257,2015,A
2016-01-16,Aston Villa,Leicester,0.4122946068537543,0.2765129108326156,0.3111924823136304,0.2708671234005421,0.2870421163637289,0.4420907602357291,2015,D
2016-01-16,Bournemouth,Norwich,0.208891967036528,0.2948327499171455,0.4962752830463259,0.5070213675952167,0.2720939849696244,0.2208846474351589,2015,H
2016-01-16,Chelsea,Everton,0.241971260799538,0.2613444220281563,0.4966843171723053,0.5304201856968511,0.2571530629758598,0.2124267513272891,2015,D
2016-01-16,Man City,Crystal Palace,0.1089999341232866,0.1359960527908431,0.7550040130858701,0.6942147340449901,0.1897225912860219,0.1160626746689879,2015,H
2016-01-16,Newcastle,West Ham,0.3986672737130874,0.2624043192067555,0.3389284070801572,0.3814895869993868,0.2920123963195257,0.3264980166810875,2015,H
2016-01-16,Southampton,West Brom,0.2165562312738653,0.2661815684303289,0.5172622002958052,0.558688668494929,0.2660822374532217,0.1752290940518491,2015,H
2016-01-16,Tottenham,Sunderland,0.1030324159414497,0.1655067386794602,0.7314608453790896,0.7057431222048566,0.1873435548492155,0.1069133229459278,2015,H
2016-01-17,Liverpool,Man United,0.2686156814912717,0.3164255665431248,0.4149587519656036,0.4198445959551961,0.3042575267028178,0.275897877341986,2015,A
2016-01-17,Stoke,Arsenal,0.5317899680363902,0.2229807892666245,0.2452292426969851,0.2331612207724988,0.2694298413502031,0.497408937877298,2015,D
2016-01-18,Swansea,Watford,0.2737327262202124,0.3021048983462443,0.4241623754335434,0.4045587894864991,0.2974860839444504,0.2979551265690503,2015,H
2016-01-23,Crystal Palace,Tottenham,0.5379666835049702,0.2411148708567971,0.2209184456382323,0.2722418140743689,0.284675687547324,0.4430824983783071,2015,A
2016-01-23,West Brom,Aston Villa,0.2898561999728702,0.3003797716304166,0.4097640283967131,0.452942084582201,0.2926428223971851,0.2544150930206139,2015,D
2016-01-23,Leicester,Stoke,0.2070653795130496,0.2774301696203621,0.5155044508665887,0.4548765783568342,0.2831999196168403,0.2619235020263255,2015,H
2016-01-23,West Ham,Man City,0.5689456045509804,0.2178937742354612,0.2131606212135581,0.200912414038955,0.2407765744298699,0.5583110115311749,2015,D
2016-01-23,Man United,Southampton,0.1753296071130761,0.2374250893909767,0.5872453034959473,0.5078725756295025,0.2804460378709678,0.2116813864995297,2015,A
2016-01-23,Sunderland,Bournemouth,0.400324097099179,0.2877158458746708,0.3119600570261501,0.3291586486383158,0.2892065656501293,0.3816347857115549,2015,D
2016-01-23,Watford,Newcastle,0.2092584446570748,0.3236132968651061,0.4671282584778188,0.4601246813558466,0.27658514424169,0.2632901744024633,2015,H
2016-01-23,Norwich,Liverpool,0.5762599024441392,0.2011367302235241,0.2226033673323366,0.2313805555533626,0.2750106269120995,0.4936088175345378,2015,A
2016-01-24,Everton,Swansea,0.2200747897694622,0.2720923410678006,0.5078328691627363,0.5542728283531932,0.2584584903205815,0.1872686813262251,2015,A
2016-01-24,Arsenal,Chelsea,0.2169694881144484,0.3189585746142949,0.4640719372712567,0.4681463421487202,0.2858585136151685,0.2459951442361111,2015,A
2016-02-02,Leicester,Liverpool,0.3505235393826678,0.281429469232465,0.3680469913848676,0.3685106804049208,0.2921624913448334,0.3393268282502456,2015,H
2016-02-02,Man United,Stoke,0.1709754091212838,0.2326729427252691,0.5963516481534468,0.5707822924764373,0.2581899680719487,0.1710277394516139,2015,H
2016-02-02,Arsenal,Southampton,0.1856927113314979,0.2210982335971584,0.5932090550713438,0.5418762686435443,0.2654517106463095,0.1926720207101462,2015,D
2016-02-02,Crystal Palace,Bournemouth,0.3119268480842548,0.2849154324598058,0.4031577194559393,0.3933380603522028,0.293493256421411,0.3131686832263861,2015,A
2016-02-02,Sunderland,Man City,0.6432536288256818,0.1792408387364464,0.1775055324378716,0.1317782123537938,0.2088976792299604,0.6593241084162457,2015,A
2016-02-02,West Ham,Aston Villa,0.1914312013133213,0.2831025243110812,0.5254662743755976,0.5092492085416549,0.2735751066326412,0.2171756848257039,2015,H
2016-02-02,Norwich,Tottenham,0.5047754384963645,0.2844018974126838,0.2108226640909515,0.2178900792529314,0.2669658662773662,0.5151440544697024,2015,A
2016-02-02,West Brom,Swansea,0.3217594390274596,0.3142121386522494,0.364028422320291,0.3727764359551727,0.3084012776455899,0.3188222863992373,2015,D
2016-02-03,Everton,Newcastle,0.1964344123488187,0.2763143122344426,0.5272512754167381,0.573873238648446,0.2489250019586117,0.1772017593929423,2015,H
2016-02-03,Watford,Chelsea,0.426385669753129,0.2881108235636068,0.2855035066832644,0.2282176932543235,0.2787100728245478,0.4930722339211286,2015,D
2016-02-06,Liverpool,Sunderland,0.1535453982958083,0.2322487969062422,0.6142058047979494,0.6701071430175567,0.2128687272396194,0.1170241297428238,2015,D
2016-02-06,Man City,Leicester,0.1761791822040085,0.2068724606110209,0.6169483571849704,0.5961807785437225,0.2356292291152119,0.1681899923410655,2015,A
2016-02-06,Aston Villa,Norwich,0.2967256296971889,0.3241242882491174,0.3791500820536938,0.3933380603522028,0.2981185160023058,0.3085434236454912,2015,H
2016-02-06,Newcastle,West Brom,0.2547746559854338,0.318331404700298,0.426893939314268,0.4444572099529768,0.2896298111765928,0.2659129788704304,2015,H
2016-02-06,Swansea,Crystal Palace,0.2970898567255339,0.2822936692968257,0.4206164739776403,0.4245409762651142,0.2938871473354232,0.2815718763994626,2015,D
2016-02-06,Tottenham,Watford,0.112581747595528,0.181000389230329,0.7064178631741429,0.6373394173354618,0.2296863880219236,0.1329741946426146,2015,H
2016-02-06,Stoke,Everton,0.3458880679336805,0.314552646097522,0.3395592859687976,0.3641911095424739,0.2880693322615564,0.3477395581959697,2015,A
2016-02-06,Southampton,West Ham,0.208868202028462,0.2537264284627111,0.5374053695088267,0.5549323640258301,0.2624922955958061,0.1825753403783636,2015,H
2016-02-07,Bournemouth,Arsenal,0.3895469441806562,0.2825224756593384,0.3279305801600053,0.2567937726922753,0.2791284454301885,0.4640777818775362,2015,A
2016-02-07,Chelsea,Man United,0.2520029785466781,0.2611154535913972,0.486881567861925,0.4548044993828126,0.2973907172702353,0.247804783346952,2015,D
2016-02-13,Norwich,West Ham,0.3893394543554315,0.2668261989427491,0.3438343467018193,0.4034078240254097,0.2877811602710242,0.3088110157035661,2015,D
2016-02-13,Crystal Palace,Watford,0.2229567379858382,0.3174460022725078,0.4595972597416538,0.4245409762651142,0.2938871473354232,0.2815718763994626,2015,A
2016-02-13,Bournemouth,Stoke,0.2378398333461315,0.2813074839884393,0.4808526826654288,0.4660043126901916,0.2851433868724935,0.2488523004373148,2015,A
2016-02-13,Sunderland,Man United,0.5490152202782875,0.2394917815692466,0.2114929981524656,0.1926720207101462,0.2654517106463095,0.5418762686435443,2015,H
2016-02-13,Swansea,Southampton,0.4389745114381841,0.2943386283386845,0.2666868602231309,0.3136925157373462,0.2962860808412584,0.3900214034213952,2015,A
2016-02-13,Everton,West Brom,0.1758045893490759,0.2462624432888059,0.577932967362118,0.6242361394250708,0.235958687493189,0.1398051730817401,2015,A
2016-02-13,Chelsea,Newcastle,0.1598480848508159,0.2056644223447784,0.6344874928044055,0.6640515803403357,0.2075452379487931,0.1284031817108712,2015,H
2016-02-14,Arsenal,Leicester,0.1464567408782255,0.2150332396269902,0.6385100194947843,0.5512149109609725,0.2411565235454255,0.2076285654936019,2015,H
2016-02-14,Aston Villa,Liverpool,0.4971012657828445,0.240751005501853,0.2621477287153024,0.2082858189510006,0.2712470531235413,0.520467127925458,2015,A
2016-02-14,Man City,Tottenham,0.2025348098330174,0.2774342979361937,0.5200308922307889,0.4622891265893415,0.2680422162335427,0.2696686571771159,2015,A
2016-02-27,Stoke,Aston Villa,0.2082577282823419,0.2897478097357866,0.5019944619818708,0.5739558087815473,0.2554370610523961,0.1706071301660564,2015,H
2016-02-27,Southampton,Chelsea,0.3497773940349959,0.3464177780114477,0.3038048279535566,0.3319829346338049,0.2933614694964058,0.3746555958697891,2015,A
2016-02-27,Leicester,Norwich,0.0923964999663029,0.2336455706143854,0.6739579294193118,0.6243118344384166,0.219610206951979,0.1560779586096041,2015,H
2016-02-27,Watford,Bournemouth,0.2705624494591025,0.3135824374771344,0.415855113063763,0.3966874918651568,0.2956156449303657,0.3076968632044774,2015,D
2016-02-27,West Ham,Sunderland,0.1913365113024241,0.2775909646678908,0.5310725240296851,0.5161831353970451,0.2715724944294631,0.2122443701734917,2015,H
2016-02-27,West Brom,Crystal Palace,0.4088099140351637,0.2617223217130359,0.3294677642518002,0.3634806496822662,0.3048547384431911,0.3316646118745426,2015,H
2016-02-28,Tottenham,Swansea,0.1178400165721196,0.1315164461055867,0.7506435373222936,0.6577690948826193,0.2316389880131896,0.1105919171041911,2015,H
2016-02-28,Man United,Arsenal,0.3913118194906622,0.2824670578935968,0.3262211226157408,0.3182486644826539,0.2935742566054795,0.3881770789118666,2015,H
2016-03-01,Aston Villa,Everton,0.568307480328952,0.2092789690240231,0.2224135506470248,0.2186052873580932,0.268059722372427,0.5133349902694797,2015,A
2016-03-01,Bournemouth,Southampton,0.3424087212754862,0.3290934713525142,0.3284978073719998,0.3415045150870606,0.2945275492289725,0.3639679356839669,2015,H
2016-03-01,Leicester,West Brom,0.1697783643034536,0.1991269315123905,0.6310947041841557,0.5638669061167834,0.2561648712399273,0.1799682226432892,2015,D
2016-03-01,Norwich,Chelsea,0.6482846571909477,0.1666368485520805,0.1850784942569717,0.1830729491528464,0.246534404375343,0.5703926464718106,2015,A
2016-03-01,Sunderland,Crystal Palace,0.3490634567473336,0.2928697331000123,0.3580668101526543,0.3886321809259542,0.2959768652179643,0.3153909538560815,2015,D
2016-03-02,West Ham,Tottenham,0.4202197899959497,0.3587950598533392,0.2209851501507109,0.2475277643152499,0.2763026284582942,0.4761696072264557,2015,H
2016-03-02,Arsenal,Swansea,0.1318256649062951,0.1779647546343492,0.6902095804593553,0.70075906090009,0.1940614754459392,0.1051794636539707,2015,A
2016-03-02,Stoke,Newcastle,0.2239337200651339,0.3247091982284577,0.451357081706408,0.4991751520579267,0.2767790199414381,0.2240458280006351,2015,H
2016-03-02,Liverpool,Man City,0.3796196047647142,0.289556236758175,0.3308241584771111,0.3696439007106254,0.2902153634094922,0.3401407358798823,2015,H
2016-03-02,Man United,Watford,0.165652023589142,0.2608411930425747,0.5735067833682832,0.5733268486656464,0.2609815870578991,0.1656915642764543,2015,H
2016-03-05,Newcastle,Bournemouth,0.3425366216139334,0.3069619829451645,0.3505013954409019,0.3727586368982885,0.2812028310733826,0.3460385320283288,2015,A
2016-03-05,Man City,Aston Villa,0.1123660017982543,0.3891271545459274,0.4985068436558185,0.7904851475939088,0.1412188417335106,0.0682960106725805,2015,H
2016-03-05,Chelsea,Stoke,0.192644114670759,0.198722623250627,0.6086332620786142,0.6372571692876965,0.2283765032377428,0.1343663274745605,2015,D
2016-03-05,Everton,West Ham,0.2235583649711814,0.2393977970268711,0.5370438380019478,0.557040141743459,0.2518793953322495,0.1910804629242914,2015,A
2016-03-05,Southampton,Sunderland,0.166797606714934,0.2322045840419162,0.6009978092431492,0.6149085305229668,0.2411761781666335,0.1439152913103996,2015,D
2016-03-05,Tottenham,Arsenal,0.3009185417161384,0.2630696479546968,0.4360118103291648,0.4043149436788819,0.2812667942845804,0.3144182620365378,2015,D
2016-03-05,Swansea,Norwich,0.3311572229729211,0.2857083006975272,0.3831344763295517,0.4828395149083839,0.2811122066623186,0.2360482784292974,2015,H
2016-03-05,Watford,Leicester,0.380803668827432,0.3215564025402216,0.2976399286323463,0.3361040255081706,0.2813292148266242,0.3825667596652052,2015,A
2016-03-06,Crystal Palace,Liverpool,0.4121816480946255,0.3011163814850198,0.286701970420355,0.2613258471103766,0.2847936660593705,0.4538804868302528,2015,A
2016-03-06,West Brom,Man United,0.4466812983250637,0.254548920404166,0.2987697812707701,0.2239772431521561,0.2873321423552213,0.4886906144926224,2015,H
2016-03-12,Bournemouth,Swansea,0.2205134302223866,0.2758556504909825,0.5036309192866305,0.4936089753863388,0.2803038240045956,0.2260872006090654,2015,H
2016-03-12,Norwich,Man City,0.7071399305439507,0.138184423687521,0.1546756457685272,0.1587863909009704,0.2401853930716104,0.6010282160274191,2015,D
2016-03-12,Stoke,Southampton,0.3706969587576065,0.3258096308237856,0.3034934104186082,0.353672073005822,0.2984108115986623,0.3479171153955157,2015,A
2016-03-13,Aston Villa,Tottenham,0.7578289592035563,0.1369404177713907,0.1052306230250522,0.1319351827153907,0.2198919711923179,0.6481728460922913,2015,A
2016-03-14,Leicester,Newcastle,0.1068489516950576,0.2168849956451227,0.6762660526598198,0.6151738188936362,0.2291342124567709,0.1556919686495929,2015,H
2016-03-19,Watford,Stoke,0.2871147446869917,0.3073670150448522,0.4055182402681563,0.3970149423473602,0.3001206931111101,0.3028643645415296,2015,A
2016-03-19,West Brom,Norwich,0.3014133959874308,0.3132570734869573,0.3853295305256118,0.4289065784568033,0.2983468583168733,0.2727465632263234,2015,A
2016-03-19,Swansea,Aston Villa,0.1955291881371511,0.2555015451297984,0.5489692667330501,0.5843363802052808,0.2530445785793259,0.1626190412153933,2015,H
2016-03-19,Everton,Arsenal,0.4036221578791344,0.2658829783762399,0.3304948637446257,0.3599898359227529,0.2764992013939306,0.3635109626833163,2015,A
2016-03-19,Crystal Palace,Leicester,0.4010817800848953,0.2941908707884851,0.3047273491266196,0.3208914264084285,0.2894107627279036,0.3896978108636679,2015,A
2016-03-19,Chelsea,West Ham,0.1855049632193166,0.2034941811192917,0.6110008556613916,0.5539175232335425,0.251472689424966,0.1946097873414915,2015,D
2016-03-20,Newcastle,Sunderland,0.2720581812315291,0.3134547832937752,0.4144870354746956,0.4538804868302528,0.2847936660593705,0.2613258471103766,2015,D
2016-03-20,Southampton,Liverpool,0.3696521380300029,0.3039861290729837,0.3263617328970136,0.3806998845126735,0.2854810241516562,0.3338190913356701,2015,H
2016-03-20,Tottenham,Bournemouth,0.1406622044007623,0.1450556892830399,0.714282106316198,0.6291649644522501,0.2201593339657601,0.1506757015819897,2015,H
2016-03-20,Man City,Man United,0.1643797943377543,0.2434259103954962,0.5921942952667497,0.5212589747056533,0.2595460625728488,0.2191949627214978,2015,A
2016-04-02,Sunderland,West Brom,0.247862864640529,0.2855254402582886,0.4666116951011819,0.4642618003659675,0.2883809528394577,0.2473572467945747,2015,D
2016-04-02,Norwich,Newcastle,0.3055750899782607,0.2956415783983344,0.3987833316234046,0.4384106556634188,0.28906240529412,0.2725269390424611,2015,H
2016-04-02,Aston Villa,Chelsea,0.684471079991635,0.1519825448625486,0.1635463751458162,0.153296733470947,0.2330324234589876,0.6136708430700653,2015,A
2016-04-02,Stoke,Swansea,0.2223082579779806,0.2728427368769285,0.5048490051450908,0.4440209741688639,0.2871062387248974,0.2688727871062387,2015,D
2016-04-02,West Ham,Crystal Palace,0.2192120575644311,0.2688239082170413,0.5119640342185277,0.4929812790110534,0.2719298829298697,0.2350888380590768,2015,D
2016-04-02,Liverpool,Tottenham,0.317081548832416,0.3015852842887789,0.3813331668788056,0.3856839849316733,0.2849532152760133,0.3293627997923133,2015,D
2016-04-02,Arsenal,Watford,0.1049454260768172,0.1807551044229416,0.7142994695002411,0.7105233805893801,0.1914369889462389,0.098039630464381,2015,H
2016-04-02,Bournemouth,Man City,0.4273730312992936,0.2655189041808629,0.3071080645198434,0.2602108068125782,0.2732759928687934,0.4665132003186284,2015,A
2016-04-03,Man United,Everton,0.2283291381426143,0.2916628036137196,0.4800080582436663,0.4647131887985546,0.2760840108401083,0.2592028003613369,2015,H
2016-04-03,Leicester,Southampton,0.2153267083045129,0.2708009587025824,0.5138723329929046,0.43406059588351,0.2850207503718275,0.2809186537446625,2015,H
2016-04-09,Southampton,Newcastle,0.1452633626777253,0.2275178214104205,0.6272188159118539,0.6073179597662934,0.2368093789989154,0.1558726612347911,2015,H
2016-04-09,West Ham,Arsenal,0.5540978711055328,0.1951266843390132,0.2507754445554539,0.2551191339859957,0.2640388988971037,0.4808419671169004,2015,D
2016-04-09,Crystal Palace,Norwich,0.2122037783837922,0.3019315447088036,0.4858646769074037,0.4692921497130337,0.2800783230047255,0.2506295272822407,2015,H
2016-04-09,Watford,Everton,0.4870092419355766,0.2304412033235841,0.2825495547408396,0.2762731303178501,0.2868298263888054,0.4368970432933444,2015,D
2016-04-09,Aston Villa,Bournemouth,0.4284266537535524,0.3134099009871307,0.2581634452593173,0.2723895498856461,0.2849864634649599,0.4426239866493939,2015,A
2016-04-09,Man City,West Brom,0.1219235123539318,0.1341947305705806,0.7438817570754872,0.7062716792095521,0.1878682666697408,0.105860054120707,2015,H
2016-04-09,Swansea,Chelsea,0.5235372157455576,0.2361547280581719,0.2403080561962701,0.2498853496303921,0.2756088415041089,0.4745058088654988,2015,H
2016-04-10,Liverpool,Stoke,0.158491290273633,0.1936503296448591,0.6478583800815081,0.5992982827791447,0.2415020381575573,0.1591996790632978,2015,H
2016-04-10,Sunderland,Leicester,0.3589693497768597,0.3519728545690747,0.2890577956540656,0.2793204095648374,0.2751685708934257,0.4455110195417369,2015,A
2016-04-10,Tottenham,Man United,0.1977140129363427,0.2211938495937296,0.5810921374699277,0.4916731518353899,0.276400933634582,0.2319259145300279,2015,H
2016-04-13,Crystal Palace,Everton,0.4088009099805099,0.2667747776283592,0.3244243123911308,0.3271228079016327,0.2899547722233421,0.3829224198750252,2015,D
2016-04-16,Chelsea,Man City,0.3722602114698828,0.3055904581357958,0.3221493303943215,0.37074748346071,0.2799086908306747,0.3493438257086153,2015,A
2016-04-16,Man United,Aston Villa,0.0746082143734637,0.3693964971499824,0.5559952884765539,0.7918928715942811,0.1480602576207175,0.0600468707850013,2015,H
2016-04-16,Everton,Southampton,0.38628192083911,0.2854085740691899,0.3283095050917003,0.3679483533812309,0.2875482969064128,0.3445033497123562,2015,D
2016-04-16,Norwich,Sunderland,0.3046041866511704,0.3312772275860531,0.3641185857627764,0.4095520573256731,0.290626226867946,0.2998217158063809,2015,A
2016-04-16,Newcastle,Swansea,0.2856702712953568,0.3233873480793147,0.3909423806253284,0.4202922077922078,0.2898538961038961,0.2898538961038961,2015,H
2016-04-16,West Brom,Watford,0.2703672653119957,0.3145311671022741,0.4151015675857304,0.4067882260877671,0.3034524968906921,0.2897592770215407,2015,A
2016-04-17,Arsenal,Crystal Palace,0.125885546303289,0.1100017363970406,0.7641127172996707,0.717225669063307,0.1781314255612011,0.104642905375492,2015,D
2016-04-17,Bournemouth,Liverpool,0.414731110614255,0.279447971219853,0.3058209181658922,0.2761885331305253,0.2758945806963288,0.4479168861731458,2015,A
2016-04-17,Leicester,West Ham,0.2063556402349476,0.2556858544170511,0.537958505348001,0.4880892925779339,0.2719915156376237,0.2399191917844425,2015,D
2016-04-18,Stoke,Tottenham,0.4893844030672607,0.2867912618402292,0.22382433509251,0.221891009172654,0.2630133151958507,0.5150956756314953,2015,A
2016-04-19,Newcastle,Man City,0.6771448081444155,0.1721846830605496,0.1506705087950348,0.170165046962439,0.2181680882662647,0.6116668647712964,2015,D
2016-04-20,West Ham,Watford,0.1458980624097702,0.2570276311834403,0.5970743064067896,0.6170399062045352,0.2298108307196142,0.1531492630758505,2015,H
2016-04-20,Liverpool,Everton,0.2019683981571263,0.2630831975558818,0.5349484042869919,0.5571915809144418,0.2467365210856743,0.1960718979998839,2015,H
2016-04-20,Man United,Crystal Palace,0.1532151894349059,0.193320119465036,0.6534646911000581,0.6234258245625931,0.2291878744373191,0.1473863010000878,2015,H
2016-04-21,Arsenal,West Brom,0.084433943777187,0.1272304074458438,0.788335648776969,0.7643147961345773,0.163242847819117,0.0724423560463056,2015,H
2016-04-23,Man City,Stoke,0.141191029063248,0.198983442867412,0.6598255280693398,0.7344665721208752,0.1662232102053531,0.0993102176737715,2015,H
2016-04-23,Aston Villa,Southampton,0.5600932709895607,0.2284738376298081,0.211432891380631,0.1429017646674334,0.2329352667861747,0.6241629685463919,2015,A
2016-04-23,Bournemouth,Chelsea,0.4376143934216477,0.2721124416295241,0.2902731649488286,0.317987825793276,0.2805338022891941,0.4014783719175299,2015,A
2016-04-23,Liverpool,Newcastle,0.2036436835402009,0.1819133640460096,0.6144429524137895,0.6093417177041232,0.2200410793713823,0.1706172029244946,2015,D
2016-04-24,Sunderland,Arsenal,0.5494752888787132,0.2702293929584377,0.180295318162849,0.2122641509433962,0.2449643039265681,0.5427715451300357,2015,D
2016-04-24,Leicester,Swansea,0.1575292583704652,0.1816448831237118,0.6608258585058232,0.5530149346007458,0.2650505226144245,0.1819345427848297,2015,H
2016-04-25,Tottenham,West Brom,0.1184366290159778,0.1323490716865953,0.7492142992974264,0.7737433796213178,0.1547508122263807,0.0715058081523015,2015,D
2016-04-30,Watford,Aston Villa,0.2341509488417971,0.2811160888690956,0.484732962289107,0.5713422081675374,0.2533545362987314,0.1753032555337312,2015,H
2016-04-30,Stoke,Sunderland,0.3942593852323304,0.3077832884801588,0.2979573262875111,0.3566882543692992,0.2963074077954533,0.3470043378352474,2015,D
2016-04-30,West Brom,West Ham,0.4588121189332669,0.2545731166972229,0.2866147643695104,0.2479600396553039,0.2803324944711355,0.4717074658735606,2015,A
2016-04-30,Newcastle,Crystal Palace,0.2420817449665893,0.2944667571062794,0.4634514979271307,0.4877847279594005,0.2713796766198513,0.2408355954207482,2015,H
2016-04-30,Arsenal,Norwich,0.0901694916609876,0.0988063443981259,0.8110241639408864,0.7621815498204949,0.1550363834249337,0.0827820667545714,2015,H
2016-04-30,Everton,Bournemouth,0.2126656567609462,0.3199063795232787,0.4674279637157745,0.4821284255381677,0.2607266181764749,0.2571449562853574,2015,H
2016-05-01,Man United,Leicester,0.2199949857052732,0.2905754829815393,0.4894295313131877,0.4590707576823394,0.2835437032743861,0.2573855390432745,2015,D
2016-05-01,Southampton,Man City,0.4073048016092425,0.3382499066742907,0.254445291716467,0.3513081278636588,0.2841208825969842,0.3645709895393569,2015,H
2016-05-01,Swansea,Liverpool,0.5251305046820576,0.2561876011727584,0.2186818941451835,0.3107557956227296,0.2792368123556854,0.4100073920215848,2015,H
2016-05-02,Chelsea,Tottenham,0.3568699448291816,0.356583255256489,0.2865467999143297,0.3580576146042676,0.2723013335387807,0.3696410518569515,2015,D
2016-05-07,Bournemouth,West Brom,0.2277245069723573,0.3185573026551479,0.4537181903724945,0.4951005318932094,0.2723973386029167,0.2325021295038738,2015,D
2016-05-07,Crystal Palace,Stoke,0.2436564220059743,0.2800642709724066,0.4762793070216184,0.464638456473514,0.2846553461887543,0.2507061973377317,2015,H
2016-05-07,Aston Villa,Newcastle,0.6111075399238924,0.201948624898402,0.1869438351777054,0.1742641186327879,0.2365417439521471,0.5891941374150649,2015,D
2016-05-07,Leicester,Everton,0.1784324330814723,0.2186835048879532,0.6028840620305743,0.5117124899853518,0.255952238187226,0.2323352718274222,2015,H
2016-05-07,Sunderland,Chelsea,0.4542187069919138,0.2440582098416218,0.3017230831664643,0.3210191855707912,0.2810013971754143,0.3979794172537944,2015,H
2016-05-07,West Ham,Swansea,0.117833448820732,0.1598788083237168,0.7222877428555509,0.6584570844030028,0.211833297923359,0.1297096176736382,2015,A
2016-05-07,Norwich,Man United,0.5170885116010077,0.2532568274680172,0.229654660930975,0.2222313779042298,0.2727740248118983,0.5049945972838719,2015,A
2016-05-08,Liverpool,Watford,0.1315124805402324,0.1949582539947082,0.6735292654650596,0.650634556836452,0.2149112304587281,0.1344542127048199,2015,H
2016-05-08,Man City,Arsenal,0.3345967868668839,0.2969678500041723,0.3684353631289442,0.378677460039367,0.2731426023356323,0.3481799376250006,2015,D
2016-05-08,Tottenham,Southampton,0.1893966967699087,0.2698633593857584,0.5407399438443329,0.4829408771637475,0.2655079444763992,0.2515511783598533,2015,A
2016-05-10,West Ham,Man United,0.4666368001477493,0.2771717580191871,0.2561914418330634,0.328819174962869,0.274706399139585,0.396474425897546,2015,H
2016-05-11,Liverpool,Chelsea,0.2388791218907936,0.2704693484417734,0.4906515296674331,0.4834934116149382,0.2618657432477366,0.2546408451373253,2015,D
2016-05-11,Norwich,Watford,0.2075752652845398,0.3143260716799628,0.4780986630354967,0.5341758669875927,0.2549762347433071,0.2108478982691001,2015,H
2016-05-11,Sunderland,Everton,0.2174980301902998,0.3012926645974804,0.4812093052122193,0.5521362199444392,0.2562505987163521,0.1916131813392087,2015,H
2016-05-15,Everton,Norwich,0.2135529878472132,0.3180335484390287,0.4684134637137578,0.5384123102617961,0.2451080874071927,0.2164796023310111,2015,H
2016-05-15,Chelsea,Leicester,0.2706761000422255,0.279262143341241,0.4500617566165337,0.4205485205230462,0.2603661087454575,0.3190853707314962,2015,D
2016-05-15,Arsenal,Aston Villa,0.0826605821237609,0.1779089046689857,0.7394305132072532,0.8208828904973373,0.1211364659867478,0.0579806435159146,2015,H
2016-05-15,Southampton,Crystal Palace,0.102544683582856,0.1026007463980273,0.7948545700191167,0.708732536999217,0.1867432900766256,0.1045241729241573,2015,H
2016-05-15,Newcastle,Tottenham,0.4681359797054984,0.2548424439482733,0.2770215763462283,0.2221101621991728,0.2479482221009095,0.5299416156999177,2015,H
2016-05-15,West Brom,Liverpool,0.3566614698000335,0.2792297663864331,0.3641087638135336,0.4006461474327798,0.2680400194539012,0.3313138331133189,2015,D
2016-05-15,Watford,Sunderland,0.2051634894928664,0.2947849300710201,0.5000515804361136,0.4662556266905407,0.2719008184793976,0.2618435548300616,2015,D
2016-05-15,Swansea,Man City,0.6604880051057451,0.1681391277587546,0.1713728671355003,0.1619747849325248,0.2057858462680005,0.6322393687994747,2015,D
2016-05-15,Stoke,West Ham,0.4965741973846913,0.2578334735897016,0.2455923290256072,0.2800464193677404,0.2720366944591137,0.4479168861731458,2015,H
2016-05-17,Man United,Bournemouth,0.1653965866593801,0.1885765444502832,0.646026868890337,0.5768934109766268,0.2350592161240961,0.1880473728992769,2015,H
2016-08-13,Burnley,Swansea,0.3338015688507706,0.2912320606294177,0.3749663705198116,0.3935585335147017,0.298252987345018,0.3081884791402803,2016,A
2016-08-13,Crystal Palace,West Brom,0.3102026036907268,0.2854572741903231,0.4043401221189505,0.4777254230027843,0.293960162775755,0.2283144142214607,2016,A
2016-08-13,Everton,Tottenham,0.4601680959224173,0.2695888440250642,0.2702430600525182,0.3113722967288563,0.2899935665858366,0.398634136685307,2016,D
2016-08-13,Hull,Leicester,0.4738723250893206,0.2724393372160609,0.2536883376946181,0.2183838904045386,0.2755641059245076,0.5060520036709537,2016,H
2016-08-13,Man City,Sunderland,0.2764622886934713,0.1681461727959565,0.5553915385105727,0.7738081664548531,0.1530193858056191,0.0731724477395277,2016,H
2016-08-13,Southampton,Watford,0.237250666191633,0.2395637734629888,0.5231855603453787,0.5308854718981972,0.2676299045599151,0.2014846235418876,2016,D
2016-08-14,Arsenal,Liverpool,0.3135236855710469,0.2899865316576104,0.3964897827713428,0.4014783719175299,0.2805338022891941,0.3179878257932759,2016,A
2016-08-14,Bournemouth,Man United,0.5191136269574259,0.2813160536349218,0.1995703194076518,0.2034680748945405,0.2679429841756401,0.5285889409298192,2016,A
2016-08-15,Chelsea,West Ham,0.2424762446516654,0.2661886702471699,0.4913350851011644,0.5874042708905094,0.2464282913824198,0.1661674377270707,2016,H
2016-08-19,Man United,Southampton,0.1447724668580255,0.160360752057582,0.6948667810843929,0.64630147583736,0.2280751814479042,0.1256233427147357,2016,H
2016-08-20,Tottenham,Crystal Palace,0.1675979466294334,0.2422918913719061,0.5901101619986606,0.6684055875288437,0.2089329391488626,0.1226614733222935,2016,H
2016-08-20,Watford,Chelsea,0.5357692596336326,0.2527247534866945,0.2115059868796727,0.1753709489947892,0.2572103479853062,0.5674187030199045,2016,A
2016-08-20,West Brom,Everton,0.3513009994051987,0.3288445371069521,0.3198544634878497,0.3233505443076609,0.3030674534540645,0.3735820022382745,2016,A
2016-08-20,Stoke,Man City,0.576493629594585,0.2441447184673471,0.1793616519380674,0.179357219708803,0.2536424915017182,0.5670002887894786,2016,A
2016-08-20,Leicester,Arsenal,0.3983426810128705,0.2961565628348659,0.3055007561522636,0.3426065867257907,0.2678297454682295,0.3895636678059798,2016,D
2016-08-20,Burnley,Liverpool,0.577634839607688,0.2097308810492307,0.2126342793430814,0.1480929909745972,0.2348658317559749,0.6170411772694278,2016,H
2016-08-20,Swansea,Hull,0.1912279617122028,0.2397878431192762,0.5689841951685208,0.543632504192614,0.2680341038360951,0.1883333919712908,2016,A
2016-08-21,West Ham,Bournemouth,0.2555490932109345,0.309383499678405,0.4350674071106601,0.4980630975245513,0.2616211133825689,0.2403157890928798,2016,H
2016-08-27,Leicester,Swansea,0.2189684759195949,0.260806267730975,0.5202252563494298,0.5535978456214652,0.2599632677914986,0.1864388865870361,2016,H
2016-08-27,Tottenham,Liverpool,0.2703174675767563,0.3304299590688231,0.3992525733544206,0.399476350891021,0.2767914228875328,0.3237322262214461,2016,D
2016-08-27,Southampton,Sunderland,0.1943521000532768,0.232415439007458,0.5732324609392649,0.5962011566686055,0.252300978442147,0.1514978648892474,2016,D
2016-08-27,Watford,Arsenal,0.560250575144632,0.2502733847548112,0.1894760401005566,0.1911353372955677,0.2548471163940902,0.5540175463103421,2016,A
2016-08-27,Hull,Man United,0.5003826192657285,0.2761721267682447,0.2234452539660273,0.126498527902728,0.2200313018021764,0.6534701702950956,2016,A
2016-08-27,Crystal Palace,Bournemouth,0.3325628062449011,0.2961891137257952,0.3712480800293036,0.4095093013908668,0.2974993673367108,0.2929913312724223,2016,D
2016-08-27,Everton,Stoke,0.1706828898998365,0.246554463436771,0.582762646663392,0.5535978456214652,0.2599632677914986,0.1864388865870361,2016,H
2016-08-27,Chelsea,Burnley,0.1193791731735698,0.1664120568100938,0.7142087700163361,0.7624552711257913,0.1660702816772181,0.0714744471969905,2016,H
2016-08-28,Man City,West Ham,0.1231693878255202,0.1369872125414878,0.7398433996329916,0.7509869151851072,0.1583194244276461,0.0906936603872467,2016,H
2016-09-10,West Ham,Watford,0.223170602253872,0.2888095603085626,0.4880198374375656,0.5148857688918738,0.2711806055240386,0.2139336255840877,2016,A
2016-09-10,Stoke,Tottenham,0.5496201479268717,0.2263644922105232,0.2240153598626045,0.2095343680709535,0.262316181155542,0.5281494507735046,2016,A
2016-09-10,Liverpool,Leicester,0.1911357449198348,0.2371799032431793,0.5716843518369864,0.578841261784165,0.2438287431775887,0.1773299950382463,2016,H
2016-09-10,Man United,Man City,0.2451837125608417,0.3306990211698708,0.4241172662692877,0.4179603600032474,0.2985699992486168,0.2834696407481356,2016,A
2016-09-10,Bournemouth,West Brom,0.2408517724437519,0.2835203016279186,0.4756279259283294,0.4750289024643717,0.2937675390309301,0.2312035585046982,2016,H
2016-09-10,Arsenal,Southampton,0.1669121139807015,0.2204636268501935,0.6126242591691051,0.6167729644278296,0.2290925503405725,0.1541344852315979,2016,H
2016-09-10,Burnley,Hull,0.3043698219670587,0.3050686185938169,0.3905615594391245,0.3972139947329314,0.3107323012067901,0.2920537040602785,2016,D
2016-09-11,Swansea,Chelsea,0.5436554666811926,0.2739129957926138,0.182431537526193,0.1694511058012924,0.2435859645893578,0.5869629296093496,2016,D
2016-09-12,Sunderland,Everton,0.401147408031094,0.2605176424037,0.3383349495652051,0.2567237163814181,0.2787286063569682,0.4645476772616137,2016,A
2016-09-16,Chelsea,Liverpool,0.2309762214007233,0.3075521125312059,0.4614716660680705,0.4320391316082969,0.2777394417481909,0.2902214266435122,2016,A
2016-09-17,Leicester,Burnley,0.1571407641394898,0.2580713015624157,0.584787934298095,0.6368000928864779,0.2289155354003961,0.134284371713126,2016,H
2016-09-17,Hull,Arsenal,0.5920104242875932,0.2190297075433353,0.1889598681690715,0.1600180544837728,0.2342467349048499,0.6057352106113774,2016,A
2016-09-17,West Brom,West Ham,0.4072626804293974,0.2848922831358028,0.3078450364348002,0.3470974010201603,0.3058051979596793,0.3470974010201603,2016,H
2016-09-17,Man City,Bournemouth,0.0561080697749367,0.0902907889926838,0.8536011412323795,0.7546912973422769,0.1572119281150915,0.0880967745426316,2016,H
2016-09-18,Crystal Palace,Stoke,0.2199848848910546,0.2700471735960909,0.509967941512854,0.482161638758577,0.2795205262191355,0.2383178350222875,2016,H
2016-09-18,Southampton,Swansea,0.1872238595991425,0.2583499577917676,0.5544261826090896,0.5689268455303005,0.2576127609647678,0.1734603935049317,2016,H
2016-09-18,Tottenham,Sunderland,0.0897019513665515,0.1449318479239005,0.7653662007095473,0.7315804735233375,0.1735942854216384,0.0948252410550239,2016,H
2016-09-18,Watford,Man United,0.6128281492866319,0.2209376229242696,0.166234227789098,0.1681899923410655,0.2356292291152119,0.5961807785437225,2016,H
2016-09-24,Sunderland,Crystal Palace,0.3664543317049425,0.3130694953792896,0.3204761729157679,0.3387107358350314,0.2982605704794802,0.3630286936854884,2016,A
2016-09-24,Middlesbrough,Tottenham,0.4427731666425646,0.271069751038995,0.2861570823184411,0.2563264622088151,0.2746354952237305,0.4690380425674543,2016,A
2016-09-24,Stoke,West Brom,0.2792249989410969,0.3382761020920201,0.3824988989668831,0.4116922960197577,0.2964078700222654,0.2918998339579768,2016,D
2016-09-24,Arsenal,Chelsea,0.2347866250157786,0.3742446178591946,0.3909687571250272,0.4048663807844495,0.2816886792533962,0.3134449399621544,2016,H
2016-09-24,Liverpool,Hull,0.0917785740718874,0.1297776023026681,0.778443823625444,0.7883660138812807,0.1426315975419294,0.0690023885767899,2016,H
2016-09-24,Man United,Leicester,0.1729441918729451,0.1991119238497123,0.6279438842773424,0.5724955800615965,0.2463739471911071,0.1811304727472963,2016,H
2016-09-24,Bournemouth,Everton,0.4713735203163592,0.282454207485277,0.2461722721983642,0.2675427220887216,0.2791957085486539,0.4532615693626245,2016,H
2016-09-24,Swansea,Man City,0.6507244700477942,0.2025574861411002,0.1467180438111055,0.1176669906227837,0.1838682987050511,0.6984647106721651,2016,A
2016-09-25,West Ham,Southampton,0.3876090687422002,0.309851117920097,0.3025398133377035,0.347697484464465,0.2950160474243946,0.3572864681111404,2016,A
2016-09-26,Burnley,Watford,0.4190475129413214,0.2800304184649688,0.3009220685937098,0.3344009065812994,0.3030508215893026,0.3625482718293978,2016,H
2016-09-30,Everton,Crystal Palace,0.2021456872237897,0.2431210906237441,0.5547332221524662,0.5585026524912124,0.2488101634746387,0.1926871840341488,2016,D
2016-10-01,West Ham,Middlesbrough,0.2239184323372174,0.3004484510565145,0.475633116606268,0.4441268249305151,0.2838851859596836,0.2719879891098014,2016,D
2016-10-01,Watford,Bournemouth,0.3079988226343171,0.3280728016844352,0.3639283756812481,0.4117210096252627,0.2941394951873686,0.2941394951873686,2016,D
2016-10-01,Swansea,Liverpool,0.6111242220756877,0.2138904744002976,0.1749853035240148,0.1286866626558475,0.208022679540332,0.6632906578038205,2016,A
2016-10-01,Sunderland,West Brom,0.3062906663297109,0.3256138516693708,0.3680954820009184,0.3897914703110273,0.3039261310084825,0.3062823986804901,2016,D
2016-10-01,Hull,Chelsea,0.6180163626511714,0.1834438180452386,0.1985398193035904,0.1329392387355881,0.2140407481780645,0.6530200130863473,2016,A
2016-10-02,Man United,Stoke,0.1108877663329847,0.1877125979015501,0.7013996357654648,0.7324219381541367,0.1712637484625806,0.0963143133832826,2016,D
2016-10-02,Tottenham,Man City,0.3573506037312339,0.3651418020675638,0.2775075942012021,0.3218319090006961,0.2798461868862656,0.3983219041130382,2016,H
2016-10-02,Burnley,Arsenal,0.565542124766772,0.242840524924656,0.1916173503085719,0.110045488351177,0.1924952868533476,0.6974592247954754,2016,A
2016-10-02,Leicester,Southampton,0.2638449440340819,0.2875948519116658,0.4485602040542519,0.4330570276408695,0.2876411785609443,0.2793017937981861,2016,D
2016-10-15,West Brom,Tottenham,0.5409790684169298,0.2839885648076796,0.1750323667753904,0.179357219708803,0.2536424915017182,0.5670002887894786,2016,D
2016-10-15,Stoke,Sunderland,0.2304299929314482,0.3192330930619133,0.4503369140066385,0.4877847279594005,0.2713796766198513,0.2408355954207482,2016,H
2016-10-15,Man City,Everton,0.1382290706336464,0.1403833462061373,0.7213875831602158,0.6496996930183421,0.2038086678321626,0.1464916391494952,2016,D
2016-10-15,Crystal Palace,West Ham,0.2635807934884473,0.2949771129564087,0.4414420935551439,0.4636466382436975,0.2746305108745868,0.2617228508817155,2016,A
2016-10-15,Chelsea,Leicester,0.1418074215510252,0.2132807837076987,0.6449117947412759,0.6202821874018609,0.2206535307792248,0.1590642818189142,2016,H
2016-10-15,Bournemouth,Hull,0.2135660094002547,0.2958407077680803,0.4905932828316649,0.527454397562531,0.2750244888421126,0.1975211135953565,2016,H
2016-10-15,Arsenal,Swansea,0.0774968555398581,0.1958190240932014,0.7266841203669402,0.7566354084188371,0.1513450329107162,0.0920195586704466,2016,H
2016-10-16,Middlesbrough,Watford,0.2616308433076066,0.3014402843144775,0.4369288723779161,0.4321927839169218,0.30067900412728,0.2671282119557981,2016,A
2016-10-16,Southampton,Burnley,0.1529996476418051,0.2146167889673758,0.6323835633908194,0.6883641351029341,0.2074016606171436,0.104234204279922,2016,H
2016-10-17,Liverpool,Man United,0.2040710635769358,0.2802739753331644,0.5156549610899003,0.4476090644994969,0.2781244108688591,0.274266524631644,2016,D
2016-10-22,West Ham,Sunderland,0.1837838558740133,0.2540211877913285,0.562194956334658,0.5724920967138986,0.2473708685170397,0.1801370347690616,2016,H
2016-10-22,Swansea,Watford,0.2946192060487275,0.3110575100397789,0.3943232839114936,0.4117210096252627,0.2941394951873686,0.2941394951873686,2016,D
2016-10-22,Arsenal,Middlesbrough,0.0821196987400434,0.115189873710427,0.8026904275495294,0.7729121799473557,0.1547419637871899,0.0723458562654542,2016,D
2016-10-22,Bournemouth,Tottenham,0.4975917153367371,0.274341222858865,0.2280670618043979,0.2336111339497268,0.2692717637473933,0.49711710230288,2016,D
2016-10-22,Burnley,Everton,0.6191497736126965,0.2106304023726276,0.1702198240146756,0.1605983832089256,0.2535763945404089,0.5858252222506655,2016,H
2016-10-22,Leicester,Crystal Palace,0.250344065683611,0.2813619065436961,0.4682940277726926,0.4686186552522811,0.2784699021406704,0.2529114426070485,2016,H
2016-10-22,Liverpool,West Brom,0.0878693933234397,0.1078190509300174,0.8043115557465421,0.7592385665256605,0.1626049786717038,0.0781564548026356,2016,H
2016-10-22,Hull,Stoke,0.4651997549901539,0.2732219010493782,0.2615783439604684,0.318455503244021,0.2963312423485451,0.385213254407434,2016,A
2016-10-23,Man City,Southampton,0.1356088218294981,0.1494167822187697,0.7149743959517313,0.6491638795986623,0.2163879598662207,0.134448160535117,2016,D
2016-10-23,Chelsea,Man United,0.2267273905879026,0.2925488594803174,0.4807237499317802,0.4442135572053007,0.2916212794005412,0.2641651633941581,2016,H
2016-10-29,Watford,Hull,0.2155198355442505,0.2523789959270686,0.5321011685286807,0.5551446416831032,0.2568485645408722,0.1880067937760245,2016,H
2016-10-29,Crystal Palace,Liverpool,0.4978985550728396,0.2923304114692723,0.2097710334578878,0.1895360179523761,0.2427062715895512,0.5677577104580727,2016,A
2016-10-29,Tottenham,Leicester,0.1458384682959736,0.1735748378854694,0.6805866938185567,0.5961807785437225,0.2356292291152119,0.1681899923410655,2016,D
2016-10-29,Man United,Burnley,0.096890648177559,0.1545344397573692,0.7485749120650712,0.8003710388197884,0.1424202281355299,0.0572087330446817,2016,D
2016-10-29,Middlesbrough,Bournemouth,0.3057555572376219,0.3048221273942735,0.3894223153681046,0.3888719512195122,0.3055640243902439,0.3055640243902439,2016,H
2016-10-29,West Brom,Man City,0.6248526893956868,0.2097228582922366,0.1654244523120767,0.1284031817108712,0.2075452379487931,0.6640515803403357,2016,A
2016-10-29,Sunderland,Arsenal,0.6733399923244973,0.1903627399219934,0.1362972677535094,0.1148732081819646,0.1900087689471895,0.695118022870846,2016,A
2016-10-30,Southampton,Chelsea,0.3955471391177336,0.2805008493332495,0.3239520115490167,0.3087772427600804,0.2860232098923805,0.405199547347539,2016,A
2016-10-30,Everton,West Ham,0.1787516684567648,0.233718523960045,0.5875298075831897,0.5384814049586777,0.2518078512396694,0.2097107438016529,2016,H
2016-10-31,Stoke,Swansea,0.2541420049874066,0.2896225831658367,0.4562354118467564,0.4733708770571205,0.2695584161019714,0.2570707068409081,2016,H
2016-11-05,Chelsea,Everton,0.1582298098962249,0.168880534555126,0.6728896555486489,0.6288177795705374,0.225590472660224,0.1455917477692386,2016,H
2016-11-05,Man City,Middlesbrough,0.059124703084965,0.0909263723798389,0.8499489245351962,0.794866486410718,0.1399190231504706,0.0652144904388113,2016,D
2016-11-05,West Ham,Stoke,0.2381654285260706,0.2902660550937154,0.4715685163802136,0.48159449772353,0.2713358519810133,0.2470696502954567,2016,D
2016-11-05,Bournemouth,Sunderland,0.1837846247080873,0.2454018847408601,0.5708134905510522,0.5899747620387537,0.2384127557472239,0.1716124822140224,2016,A
2016-11-05,Burnley,Crystal Palace,0.4305845322333461,0.2545583820838253,0.3148570856828286,0.2970606589675545,0.2947619208280652,0.4081774202043803,2016,H
2016-11-06,Arsenal,Tottenham,0.1975711348379831,0.274464275704914,0.5279645894571032,0.4941561194210622,0.267667898019742,0.2381759825591957,2016,D
2016-11-06,Hull,Southampton,0.6455903157684761,0.1978372791561097,0.1565724050754136,0.1713049816887909,0.2535210453894461,0.5751739729217629,2016,H
2016-11-06,Leicester,West Brom,0.2235533796454429,0.2999406421597579,0.4765059781947989,0.5388146226244639,0.2679212180168591,0.193264159358677,2016,A
2016-11-06,Liverpool,Watford,0.0792838257488087,0.0988068509882389,0.8219093232629513,0.7555598226669245,0.1605579219282961,0.0838822554047795,2016,H
2016-11-06,Swansea,Man United,0.5480245803227788,0.2487305569409797,0.2032448627362411,0.1976831256522616,0.2438856332575852,0.5584312410901531,2016,A
2016-11-19,Everton,Swansea,0.1360464557821346,0.2669474363442715,0.5970061078735938,0.6130833862103222,0.2291675960025544,0.1577490177871233,2016,D
2016-11-19,Crystal Palace,Man City,0.7110353992149158,0.1660562129145853,0.1229083878704991,0.1506127241769695,0.2157307427939908,0.6336565330290398,2016,A
2016-11-19,Man United,Arsenal,0.2971748022789539,0.3723136802032928,0.3305115175177532,0.3781288993195687,0.2835618700161821,0.3383092306642491,2016,D
2016-11-19,Southampton,Liverpool,0.4518571263062588,0.3165420558892267,0.2316008178045147,0.2870421163637289,0.2708671234005421,0.4420907602357291,2016,D
2016-11-19,Stoke,Bournemouth,0.2653639708528153,0.2937697365705272,0.4408662925766573,0.4293732125834127,0.2905564823641563,0.2800703050524308,2016,A
2016-11-19,Tottenham,West Ham,0.1401103816058984,0.1624233309640442,0.6974662874300577,0.6435143424138554,0.2207288471946599,0.1357568103914847,2016,H
2016-11-19,Watford,Leicester,0.3811928481055616,0.2964000675264555,0.3224070843679831,0.3506580242400382,0.292187432094915,0.3571545436650468,2016,H
2016-11-19,Sunderland,Hull,0.2554560113240061,0.2948523649993918,0.4496916236766021,0.4488251141509924,0.2902763972920866,0.2608984885569209,2016,H
2016-11-20,Middlesbrough,Chelsea,0.5149814074234459,0.2909862530033673,0.1940323395731869,0.1456200829595071,0.2376304892722556,0.6167494277682372,2016,A
2016-11-21,West Brom,Burnley,0.2154796807401046,0.2781016885061691,0.5064186307537265,0.4940923775965254,0.2876336159395376,0.218274006463937,2016,H
2016-11-26,Hull,West Brom,0.4188329019165704,0.2921379484194953,0.2890291496639342,0.322459181166038,0.3021145644906573,0.3754262543433045,2016,D
2016-11-26,Burnley,Man City,0.5742090774717931,0.2202441182506475,0.2055468042775592,0.1039293471431904,0.1600585183722558,0.7360121344845536,2016,A
2016-11-26,Chelsea,Tottenham,0.1855083234144305,0.1857256165426739,0.6287660600428957,0.5548913970546427,0.2555420907488486,0.1895665121965088,2016,H
2016-11-26,Leicester,Middlesbrough,0.2270210153382581,0.3301177438429572,0.4428612408187846,0.5126532930489227,0.2754751379688785,0.2118715689821987,2016,D
2016-11-26,Liverpool,Sunderland,0.0786198185863428,0.1017538295706495,0.8196263518430069,0.8229498377599809,0.1207281803701749,0.0563219818698442,2016,H
2016-11-26,Swansea,Crystal Palace,0.3579563967652286,0.2807573907342749,0.3612862125004969,0.3729333554019206,0.2928366476166181,0.3342299969814611,2016,H
2016-11-27,Arsenal,Bournemouth,0.0997643901773586,0.1318357432628231,0.7683998665598177,0.6842553426302125,0.1979570183808201,0.1177876389889672,2016,H
2016-11-27,Man United,West Ham,0.12813884591503,0.1826278147275075,0.6892333393574631,0.6593241084162457,0.2088976792299604,0.1317782123537938,2016,D
2016-11-27,Southampton,Everton,0.2553467061633405,0.2818817789784779,0.4627715148581816,0.4482855700058242,0.2876407449175334,0.2640736850766423,2016,H
2016-11-27,Watford,Stoke,0.2765644753257419,0.3433387835154628,0.3800967411587957,0.4106813595249503,0.2924053022053806,0.2969133382696691,2016,A
2016-12-03,Stoke,Burnley,0.166181042174094,0.2283820193719307,0.6054369384539752,0.5994026745705768,0.2491962765449821,0.151401048884441,2016,H
2016-12-03,Sunderland,Leicester,0.473889172555869,0.2407780893747078,0.2853327380694235,0.2886705118262892,0.2909000581620783,0.4204294300116324,2016,H
2016-12-03,Man City,Chelsea,0.2750685951669329,0.2795975798221848,0.4453338250108827,0.4539381784235474,0.2749598539068337,0.2711019676696186,2016,A
2016-12-03,Tottenham,Swansea,0.0839458711571153,0.1543641883187694,0.7616899405241145,0.7133171318407214,0.1837578384873151,0.1029250296719634,2016,H
2016-12-03,West Ham,Arsenal,0.5632803933872307,0.2659477079245578,0.1707718986882118,0.2051977461813527,0.2378369427549755,0.5569653110636716,2016,A
2016-12-03,West Brom,Watford,0.2810724297695032,0.2807209430641841,0.4382066271663129,0.4432538165428584,0.2943673632059128,0.2623788202512288,2016,H
2016-12-03,Crystal Palace,Southampton,0.502477363684503,0.2626405103811895,0.2348821259343075,0.2882325253034346,0.2879468615364779,0.4238206131600873,2016,H
2016-12-04,Everton,Man United,0.4486711124058374,0.2475163734320612,0.3038125141621017,0.265948711569363,0.2772878945646828,0.4567633938659542,2016,D
2016-12-04,Bournemouth,Liverpool,0.5256270366154091,0.3110731537959754,0.1632998095886154,0.1930139942507434,0.2475248544153138,0.5594611513339429,2016,H
2016-12-05,Middlesbrough,Hull,0.2136388690435421,0.2905146673095988,0.4958464636468588,0.5394902472543336,0.2720698455959626,0.1884399071497038,2016,H
2016-12-10,Watford,Everton,0.4399869491218915,0.2496041398591157,0.3104089110189929,0.3156510499138947,0.2873762958271206,0.3969726542589846,2016,H
2016-12-10,Arsenal,Stoke,0.1099468666595133,0.1121520597252214,0.777901073615265,0.7124575036425449,0.1835186983972802,0.1040237979601748,2016,H
2016-12-10,Burnley,Bournemouth,0.4580810449350339,0.2690336365669597,0.2728853184980068,0.2788508959395035,0.2788508959395035,0.4422982081209929,2016,H
2016-12-10,Hull,Crystal Palace,0.439465570775199,0.27055533370571,0.2899790955190906,0.2844938843897316,0.295182423002093,0.4203236926081752,2016,D
2016-12-10,Leicester,Man City,0.5740940406620499,0.265266329144531,0.1606396301934187,0.192948990075333,0.24069942401262,0.5663515859120472,2016,H
2016-12-10,Swansea,Sunderland,0.2713244023447658,0.2869038650014699,0.4417717326537642,0.4484370732273485,0.2837463413729849,0.2678165853996664,2016,H
2016-12-11,Southampton,Middlesbrough,0.1839022560198201,0.2624395782557961,0.5536581657243844,0.5754290997202527,0.2604872449930587,0.1640836552866884,2016,H
2016-12-11,Man United,Tottenham,0.2465549895861921,0.2540173725785677,0.4994276378352398,0.4421974552220572,0.2828810118969308,0.2749215328810119,2016,H
2016-12-11,Liverpool,West Ham,0.0805755812760444,0.1815590886777139,0.7378653300462409,0.7393963423977863,0.1636392697918738,0.0969643878103398,2016,D
2016-12-11,Chelsea,West Brom,0.2337572761703427,0.1144491028101981,0.6517936210194593,0.7679396874312128,0.1541932643627558,0.0778670482060312,2016,H
2016-12-13,Bournemouth,Leicester,0.3293996729776144,0.294751376708447,0.3758489503139385,0.405653036241305,0.2833718458487146,0.3109751179099803,2016,H
2016-12-13,Everton,Arsenal,0.5166860358492468,0.2848976927281176,0.1984162714226354,0.2297811274800348,0.2606211618369968,0.5095977106829683,2016,H
2016-12-14,West Brom,Swansea,0.2438817820270858,0.3007578377301591,0.4553603802427552,0.4828393570565827,0.2758190095698225,0.2413416333735947,2016,H
2016-12-14,Tottenham,Hull,0.090887926682644,0.1362456338701214,0.7728664394472338,0.7894270713849777,0.1428307498733925,0.0677421787416298,2016,H
2016-12-14,Sunderland,Chelsea,0.5079785370246582,0.2469456907883175,0.2450757721870242,0.0987950832047632,0.179869426692256,0.7213354901029807,2016,A
2016-12-14,West Ham,Burnley,0.1918453326518633,0.2827450591711363,0.5254096081770004,0.590166155197835,0.2382879994442652,0.1715458453578997,2016,H
2016-12-14,Middlesbrough,Liverpool,0.5545355786218886,0.2492453644680877,0.1962190569100235,0.1610441430752644,0.2293398235687058,0.6096160333560299,2016,A
2016-12-14,Man City,Watford,0.1073477867115295,0.1751207628717447,0.7175314504167258,0.7690325108458,0.1484339660557881,0.0825335230984119,2016,H
2016-12-14,Crystal Palace,Man United,0.6320667063037514,0.1911244314770029,0.1768088622192452,0.1790746753079061,0.2467009134660577,0.5742244112260362,2016,A
2016-12-14,Stoke,Southampton,0.3754112410977425,0.2704893810147304,0.3540993778875267,0.3186560289548219,0.2920074808683174,0.3893364901768607,2016,D
2016-12-17,West Ham,Hull,0.2023179889625461,0.2946215609510516,0.5030604500864023,0.5888887530136044,0.2347946568953044,0.1763165900910911,2016,H
2016-12-17,West Brom,Man United,0.4991557409068181,0.2505942954161536,0.2502499636770278,0.1755435440410182,0.260650688829894,0.5638057671290877,2016,A
2016-12-17,Sunderland,Watford,0.3618362888927844,0.2975281963573791,0.3406355147498366,0.3717534879999308,0.2962585721504704,0.3319879398495987,2016,H
2016-12-17,Middlesbrough,Swansea,0.2217266404069477,0.2938138043171825,0.4844595552758697,0.4659567769319038,0.2843762362588431,0.2496669868092531,2016,H
2016-12-17,Crystal Palace,Chelsea,0.6147365739115417,0.2128426979495375,0.1724207281389205,0.154317200200279,0.232125474167561,0.61355732563216,2016,A
2016-12-17,Stoke,Leicester,0.3184574309342087,0.2805539144045418,0.4009886546612493,0.3827812754617464,0.2841165557398309,0.3331021687984225,2016,D
2016-12-18,Bournemouth,Southampton,0.3830806839998144,0.2963254460228148,0.3205938699773705,0.3302108819036501,0.294820684144943,0.3749684339514069,2016,A
2016-12-18,Man City,Arsenal,0.2237106415912215,0.3044325201818768,0.471856838226902,0.4521801543154494,0.2700520366050601,0.2777678090794903,2016,H
2016-12-18,Tottenham,Burnley,0.0809267240201509,0.1652417684130087,0.7538315075668397,0.7938621253693542,0.1372283927817644,0.0689094818488813,2016,H
2016-12-19,Everton,Liverpool,0.4818022928599756,0.2767304655081843,0.2414672416318395,0.2320931138894414,0.2675429075676238,0.5003639785429348,2016,A
2016-12-26,Burnley,Middlesbrough,0.4076949553156663,0.2915716035736706,0.300733441110663,0.3285238104857177,0.3046733057570587,0.3668028837572236,2016,H
2016-12-26,Arsenal,West Brom,0.0894479437407279,0.1118602720808544,0.7986917841784177,0.7172921598471567,0.1799945082942365,0.1027133318586067,2016,H
2016-12-26,Chelsea,Bournemouth,0.2244266968928537,0.154153706125063,0.621419596982083,0.6915103675402322,0.1961881028345812,0.1123015296251865,2016,H
2016-12-26,Hull,Man City,0.6242777352874668,0.1934945602512225,0.1822277044613109,0.1025711100887024,0.1799929763058175,0.71743591360548,2016,A
2016-12-26,Leicester,Everton,0.3302718482795749,0.2901650748965759,0.3795630768238492,0.3854652039466403,0.286122135488045,0.3284126605653147,2016,A
2016-12-26,Man United,Sunderland,0.0903726473462624,0.1261332305980409,0.783494122055696,0.7743910672362604,0.1482319646558505,0.0773769681078889,2016,H
2016-12-26,Swansea,West Ham,0.3677875194133897,0.307147393863026,0.3250650867235847,0.3612333910703004,0.2951997858630508,0.3435668230666487,2016,A
2016-12-26,Watford,Crystal Palace,0.3742533670560833,0.2807305691824001,0.3450160637615165,0.3848455094964867,0.2900800834586235,0.3250744070448896,2016,D
2016-12-27,Liverpool,Stoke,0.0839298006950122,0.1062356273100253,0.809834571994961,0.7251138164567861,0.1754332460127255,0.0994529375304882,2016,H
2016-12-28,Southampton,Tottenham,0.3590015594909677,0.3267289138951168,0.3142695266139156,0.3403520831843206,0.2928581997587768,0.3667897170569025,2016,A
2016-12-30,Hull,Everton,0.4838395819121813,0.2549425697176224,0.2612178483701958,0.2259639973440651,0.2769486615007473,0.4970873411551876,2016,D
2016-12-31,Swansea,Bournemouth,0.396010068564001,0.288178272299559,0.3158116591364401,0.3416199946167543,0.2837416922025757,0.37463831318067,2016,A
2016-12-31,Southampton,West Brom,0.2190569491158189,0.2551842983342551,0.5257587525499261,0.5518767926175334,0.268393814690111,0.1797293926923556,2016,A
2016-12-31,Man United,Middlesbrough,0.0841671043753014,0.1126792880707729,0.8031536075539253,0.7693322253678994,0.1674871730455199,0.0631806015865807,2016,H
2016-12-31,Liverpool,Man City,0.2497060280429277,0.3630204646458583,0.3872735073112142,0.4136832316573376,0.2709436790803997,0.3153730892622627,2016,H
2016-12-31,Leicester,West Ham,0.249263995661795,0.2760396275861985,0.474696376752006,0.4644622060095187,0.2714886712984697,0.2640491226920114,2016,H
2016-12-31,Burnley,Sunderland,0.3159486547083975,0.3309054813725491,0.3531458639190538,0.4053109989445493,0.298478930476676,0.2962100705787747,2016,H
2016-12-31,Chelsea,Stoke,0.284067491357161,0.139125699570863,0.5768068090719762,0.7664482360005163,0.1574875282683231,0.0760642357311605,2016,H
2017-01-01,Arsenal,Crystal Palace,0.0877375284044344,0.1177462403917388,0.7945162312038262,0.7299185494635883,0.1718627947792554,0.0982186557571562,2016,H
2017-01-01,Watford,Tottenham,0.5656448353996787,0.2645216853174786,0.1698334792828419,0.1757920360615688,0.2501284797425357,0.5740794841958955,2016,A
2017-01-02,Everton,Southampton,0.2307582621350376,0.3091477395596099,0.4600939983053526,0.4420907602357291,0.2870421163637289,0.2708671234005421,2016,H
2017-01-02,Man City,Burnley,0.1377537967927899,0.1219781028135372,0.7402681003936727,0.825348902243582,0.1171204046154447,0.0575306931409733,2016,H
2017-01-02,Middlesbrough,Leicester,0.3562509808351604,0.3193018492475524,0.3244471699172874,0.3572230293874956,0.3061740276190315,0.3366029429934728,2016,D
2017-01-02,Sunderland,Liverpool,0.5975125155327458,0.2361078505670683,0.1663796339001859,0.0946021430554979,0.1796349081205652,0.7257629488239369,2016,D
2017-01-02,West Brom,Hull,0.237657376455193,0.2872673222880245,0.4750753012567821,0.5518767926175334,0.268393814690111,0.1797293926923556,2016,H
2017-01-02,West Ham,Man United,0.517413828235648,0.3089500337521197,0.1736361380122319,0.1681356670926074,0.2413717274375204,0.5904926054698721,2016,A
2017-01-03,Stoke,Watford,0.2404659935862507,0.2898479439235931,0.4696860624901564,0.5117906885619634,0.2703665443664731,0.2178427670715634,2016,H
2017-01-03,Bournemouth,Arsenal,0.5105203767484968,0.2771704175980768,0.2123092056534259,0.21627087549735,0.2663264478411307,0.5174026766615193,2016,D
2017-01-03,Crystal Palace,Swansea,0.2308104007573436,0.2812371320804478,0.4879524671622085,0.5351024269699164,0.2660651201895854,0.1988324528404982,2016,A
2017-01-04,Tottenham,Chelsea,0.3006454997975947,0.4241890032418429,0.2751654969605629,0.3456976704207781,0.2888737174544079,0.365428612124814,2016,H
2017-01-14,Swansea,Arsenal,0.5941660709133495,0.1971753475282011,0.2086585815584495,0.1459931470643843,0.2064122785199378,0.6475945744156777,2016,A
2017-01-14,Tottenham,West Brom,0.1235686037879317,0.127898239464274,0.7485331567477935,0.7257629488239369,0.1796349081205652,0.0946021430554979,2016,H
2017-01-14,Watford,Middlesbrough,0.3276312243564703,0.3060963415663659,0.366272434077164,0.3864799759108702,0.3067600120445649,0.3067600120445649,2016,D
2017-01-14,Burnley,Southampton,0.4475986348556698,0.2591963848770586,0.2932049802672713,0.2716314483230532,0.2900771046506976,0.4382914470262492,2016,H
2017-01-14,Hull,Bournemouth,0.4611644762126097,0.2538735333667547,0.2849619904206358,0.2966915175800069,0.2794878692599056,0.4238206131600873,2016,H
2017-01-14,Leicester,Chelsea,0.6013545959098497,0.2454252658623342,0.1532201382278161,0.1635488171541363,0.2434422418951805,0.5930089409506832,2016,A
2017-01-14,Sunderland,Stoke,0.4032647394856575,0.2799569679484397,0.3167782925659029,0.3186560289548219,0.2920074808683174,0.3893364901768607,2016,A
2017-01-14,West Ham,Crystal Palace,0.3368944004612636,0.2965999216741556,0.3665056778645803,0.4070175101234037,0.2873657592628765,0.3056167306137196,2016,H
2017-01-15,Man United,Liverpool,0.2569821839372688,0.3307395466265976,0.4122782694361337,0.4490338126755443,0.2882085120399248,0.2627576752845308,2016,D
2017-01-15,Everton,Man City,0.5520869797012952,0.2563179273326124,0.1915950929660925,0.2161040207406282,0.2466695204592765,0.5372264588000953,2016,H
2017-01-21,Stoke,Man United,0.6340558658848336,0.1985664922597153,0.1673776418554508,0.1633669974244997,0.2312270135175823,0.605405989057918,2016,D
2017-01-21,West Brom,Sunderland,0.1904913534824143,0.2626409467604713,0.5468676997571142,0.5713422081675374,0.2533545362987314,0.1753032555337312,2016,H
2017-01-21,Middlesbrough,West Ham,0.3097807227259467,0.314509421677367,0.3757098555966863,0.3897914703110273,0.3062823986804901,0.3039261310084825,2016,A
2017-01-21,Crystal Palace,Everton,0.4512354805895232,0.2745388088128761,0.2742257105976009,0.3088181415401393,0.2835555391831084,0.4076263192767521,2016,A
2017-01-21,Liverpool,Swansea,0.0757996421877694,0.1629778428250324,0.7612225149871974,0.7938621253693542,0.1372283927817644,0.0689094818488813,2016,A
2017-01-21,Bournemouth,Watford,0.228018338599588,0.3002996229625763,0.4716820384378354,0.5306857862136547,0.2585754413780314,0.2107387724083139,2016,D
2017-01-21,Man City,Tottenham,0.2638080260902315,0.2700663429668721,0.4661256309428965,0.4533628044304519,0.2752475409033815,0.2713896546661664,2016,D
2017-01-22,Arsenal,Burnley,0.0797771886470617,0.0958967510720333,0.8243260602809039,0.8099546181848325,0.1285163525982377,0.0615290292169298,2016,H
2017-01-22,Chelsea,Hull,0.0860134372635802,0.0964213494418506,0.8175652132945693,0.823200623023763,0.1223144911780793,0.0544848857981576,2016,H
2017-01-22,Southampton,Leicester,0.2110425628647055,0.3007918367831236,0.4881656003521709,0.5274996031758766,0.2758069353748155,0.1966934614493078,2016,H
2017-01-31,Bournemouth,Crystal Palace,0.2557972013867949,0.2687121990616386,0.4754905995515661,0.4694152775441816,0.2789502185225516,0.2516345039332667,2016,A
2017-01-31,Swansea,Southampton,0.4803395230565598,0.243405428499898,0.276255048443542,0.2909000581620783,0.2886705118262892,0.4204294300116324,2016,H
2017-01-31,Middlesbrough,West Brom,0.3694157636790935,0.3003636126137051,0.3302206237072019,0.3601925525735842,0.3159388114283579,0.3238686359980578,2016,D
2017-01-31,Arsenal,Watford,0.067411188294721,0.0974129941649665,0.8351758175403126,0.7883660138812807,0.1426315975419294,0.0690023885767899,2016,A
2017-01-31,Burnley,Leicester,0.3849907969397306,0.2983801521826529,0.3166290508776165,0.3391106214779716,0.2996391007467404,0.361250277775288,2016,H
2017-01-31,Liverpool,Chelsea,0.2704908208160209,0.414153369346287,0.3153558098376922,0.3694646097952134,0.2961325440960977,0.334402846108689,2016,D
2017-01-31,Sunderland,Tottenham,0.679252859265083,0.1778714654874076,0.1428756752475093,0.1012866356079791,0.1832805787192003,0.7154327856728206,2016,D
2017-02-01,West Ham,Man City,0.5314714078919159,0.2238578294667464,0.2446707626413374,0.1678391008940191,0.2183185365507647,0.6138423625552163,2016,A
2017-02-01,Stoke,Everton,0.355607818841813,0.3416841256037785,0.3027080555544087,0.3428947229756838,0.2880781908038713,0.3690270862204448,2016,D
2017-02-01,Man United,Hull,0.0749562979167585,0.1699909992178567,0.7550527028653842,0.810840495770604,0.1286557306717324,0.0605037735576635,2016,D
2017-02-04,Tottenham,Middlesbrough,0.0780748742986665,0.1226980409144375,0.799227084786896,0.7575206170701306,0.1681801907652157,0.0742991921646537,2016,H
2017-02-04,West Brom,Stoke,0.2670430308305889,0.3299580882239955,0.4029988809454153,0.4238291123977069,0.2966729428409633,0.2794979447613297,2016,H
2017-02-04,Southampton,West Ham,0.2282561214586131,0.2742275744437436,0.4975163040976429,0.5269115733848362,0.2617054949771322,0.2113829316380316,2016,A
2017-02-04,Watford,Burnley,0.2741503228102631,0.2891076946351432,0.4367419825545938,0.4543823961794869,0.2948178641329074,0.2507997396876056,2016,H
2017-02-04,Crystal Palace,Sunderland,0.1919534525436594,0.2709508489283818,0.5370956985279589,0.5710187300692933,0.249922985228879,0.1790582847018276,2016,A
2017-02-04,Hull,Liverpool,0.5895909058090092,0.2066427709166805,0.2037663232743101,0.1266582458815415,0.2085169995945747,0.6648247545238838,2016,H
2017-02-04,Everton,Bournemouth,0.180766974370359,0.2408180556902578,0.5784149699393832,0.5656496530976659,0.2466584641683925,0.1876918827339416,2016,H
2017-02-04,Chelsea,Arsenal,0.2038156702943211,0.2927216499009896,0.5034626798046901,0.4937996449535459,0.2712593782799684,0.2349409767664856,2016,H
2017-02-05,Leicester,Man United,0.6455458873629096,0.2066464315432967,0.147807681093794,0.1749189301484265,0.2463855003546514,0.578695569496922,2016,A
2017-02-05,Man City,Swansea,0.1026080196830086,0.1566585167576003,0.7407334635593904,0.7957215499379641,0.135197329022206,0.06908112103983,2016,H
2017-02-11,Arsenal,Hull,0.0831566871156053,0.112439452923583,0.8044038599608111,0.7567595882613419,0.1642576308479162,0.0789827808907418,2016,H
2017-02-11,Liverpool,Tottenham,0.2507576096206275,0.3194283978987093,0.429813992480663,0.4248978856319076,0.284307424315233,0.2907946900528592,2016,H
2017-02-11,Middlesbrough,Everton,0.4568554671884685,0.2810482652449101,0.2620962675666211,0.2538948169382952,0.2922537205145901,0.4538514625471147,2016,D
2017-02-11,Man United,Watford,0.098495985219182,0.1282763423039884,0.773227672476829,0.7721991361414078,0.1514387554169203,0.0763621084416717,2016,H
2017-02-11,Sunderland,Southampton,0.4181140417929602,0.2430869921278106,0.3387989660792291,0.2533007497586491,0.2829960415171819,0.463703208724169,2016,A
2017-02-11,West Ham,West Brom,0.2616895193602251,0.3124703105636284,0.425840170076146,0.437421294265799,0.2915547453087147,0.2710239604254862,2016,D
2017-02-11,Stoke,Crystal Palace,0.311467764171619,0.2689105750453407,0.4196216607830401,0.4598831497854299,0.2925632938662254,0.2475535563483446,2016,H
2017-02-12,Burnley,Chelsea,0.5681424862512923,0.2411344126977884,0.1907231010509192,0.1155855492284044,0.2009789514779939,0.6834354992936017,2016,D
2017-02-12,Swansea,Leicester,0.3493427510854252,0.2840619142879912,0.3665953346265839,0.4017720454547236,0.2944243428994331,0.3038036116458432,2016,H
2017-02-13,Bournemouth,Man City,0.6648769554800488,0.1887052940964085,0.1464177504235427,0.1355240082349597,0.1977076589284848,0.6667683328365555,2016,A
2017-02-25,Everton,Sunderland,0.1205530514411628,0.1442290813595684,0.735217867199269,0.6896702216964934,0.1967370359064372,0.1135927423970694,2016,H
2017-02-25,Chelsea,Swansea,0.0677329030229062,0.096999444893907,0.8352676520831861,0.7818711220197955,0.1514875746765555,0.0666413033036489,2016,H
2017-02-25,Crystal Palace,Middlesbrough,0.2487549225401202,0.3148331916065088,0.4364118858533712,0.4597044303697001,0.3016810324301157,0.2386145372001841,2016,H
2017-02-25,West Brom,Bournemouth,0.2437441900432872,0.2960369782614623,0.4602188316952503,0.4659567769319038,0.2843762362588431,0.2496669868092531,2016,H
2017-02-25,Watford,West Ham,0.3676155385956781,0.3079045363029733,0.3244799251013484,0.3715326591180076,0.2937948044842359,0.3346725363977565,2016,D
2017-02-25,Hull,Burnley,0.2530780244082752,0.3057625042787133,0.4411594713130116,0.448344452402725,0.2943219670066704,0.2573335805906045,2016,D
2017-02-26,Tottenham,Stoke,0.1212651877145061,0.1305915621177658,0.7481432501677279,0.6792667204342221,0.1979289679572842,0.1228043116084937,2016,H
2017-02-27,Leicester,Liverpool,0.6399523684526831,0.2257799959390852,0.1342676356082318,0.1715091493408539,0.2352047397302201,0.593286110928926,2016,H
2017-03-04,West Brom,Crystal Palace,0.2921520385252585,0.3112014799955743,0.3966464814791667,0.4381002654440154,0.3013332528957529,0.2605664816602316,2016,A
2017-03-04,Leicester,Hull,0.2138165381936101,0.3036600008022643,0.4825234610041255,0.520467127925458,0.2712470531235413,0.2082858189510006,2016,H
2017-03-04,Liverpool,Arsenal,0.2637326658596888,0.2867972580725216,0.4494700760677894,0.4598495742910483,0.2719625264247206,0.2681878992842309,2016,H
2017-03-04,Swansea,Burnley,0.2355201338979696,0.2919497229235571,0.4725301431784733,0.482161638758577,0.2795205262191355,0.2383178350222875,2016,H
2017-03-04,Man United,Bournemouth,0.114365267703246,0.2370892781258936,0.6485454541708602,0.7729121799473557,0.1547419637871899,0.0723458562654542,2016,D
2017-03-04,Watford,Southampton,0.4386579534420199,0.2637613524953787,0.2975806940626007,0.2710089073415552,0.2916900517391241,0.4373010409193206,2016,A
2017-03-04,Stoke,Middlesbrough,0.2456018690938282,0.3073465366690706,0.4470515942371011,0.4940923775965254,0.2876336159395376,0.218274006463937,2016,H
2017-03-05,Sunderland,Man City,0.6379887031868697,0.2053625936889067,0.1566487031242235,0.0922792239388542,0.1549414118530908,0.7527793642080549,2016,A
2017-03-05,Tottenham,Everton,0.1735510348250203,0.1883830485530944,0.6380659166218855,0.5893512746286558,0.23504664362887,0.1756020817424742,2016,H
2017-03-06,West Ham,Chelsea,0.595915758355627,0.2273512939390085,0.1767329477053642,0.1639766972194373,0.2378175349173618,0.5982057678632009,2016,A
2017-03-08,Man City,Stoke,0.0988359006778251,0.126776153290189,0.7743879460319855,0.7741254040905163,0.154994718817015,0.0708798770924687,2016,D
2017-03-11,Bournemouth,West Ham,0.3596083149776175,0.2880782022002306,0.3523134828221518,0.3774135771596626,0.2789255226834575,0.3436609001568799,2016,H
2017-03-11,Everton,West Brom,0.1658478352423804,0.188005098240006,0.646147066517613,0.5833479433746858,0.2543080587019126,0.1623439979234016,2016,H
2017-03-11,Hull,Swansea,0.3488134222726258,0.3107706043946341,0.3404159733327402,0.3818763075945783,0.2967160819460459,0.3214076104593756,2016,H
2017-03-12,Liverpool,Burnley,0.1054546929257637,0.1446132658433256,0.74993204123091,0.7791559015978025,0.1480422123097888,0.0728018860924085,2016,H
2017-03-18,West Ham,Leicester,0.2467249051883099,0.297271107676099,0.4560039871355912,0.4247921482284506,0.2801307968786755,0.2950770548928739,2016,A
2017-03-18,Crystal Palace,Watford,0.2022744237682342,0.2751651155650528,0.5225604606667134,0.5072939489142589,0.2761215645254635,0.2165844865602775,2016,H
2017-03-18,Everton,Hull,0.1400052865915432,0.1711730217074434,0.688821691701013,0.630614074470073,0.2290216873752379,0.1403642381546891,2016,H
2017-03-18,Stoke,Chelsea,0.5989833294436814,0.2345784886299537,0.1664381819263649,0.1618520252355537,0.238477755199281,0.5996702195651653,2016,A
2017-03-18,Bournemouth,Swansea,0.2368200961582059,0.2849473483954374,0.4782325554463562,0.4532615693626245,0.2791957085486539,0.2675427220887216,2016,H
2017-03-18,Sunderland,Burnley,0.3562930158899929,0.2946274646528083,0.3490795194571991,0.3767232500718967,0.3003811449618634,0.3228956049662398,2016,D
2017-03-18,West Brom,Arsenal,0.5987940161345641,0.2129776520895877,0.188228331775848,0.1939173382613109,0.2450225987351323,0.5610600630035567,2016,H
2017-03-19,Man City,Liverpool,0.2078178406488609,0.3102307796803951,0.4819513796707445,0.4870164631175694,0.2582017562997954,0.2547817805826352,2016,D
2017-03-19,Middlesbrough,Man United,0.5539568693858379,0.2407297744671163,0.2053133561470452,0.1640836552866884,0.2604872449930588,0.5754290997202528,2016,A
2017-03-19,Tottenham,Southampton,0.2174497105916364,0.1976102182067074,0.5849400712016557,0.5629003729933566,0.2574443769937969,0.1796552500128463,2016,H
2017-04-01,Man United,West Brom,0.1179598462397367,0.1495221961001872,0.7325179576600758,0.7074215213347268,0.1924186538030457,0.1001598248622274,2016,D
2017-04-01,Watford,Sunderland,0.2228200790550228,0.2990081404508544,0.4781717804941225,0.5237895929167191,0.2677191152169578,0.2084912918663229,2016,H
2017-04-01,Liverpool,Everton,0.2183640361022118,0.2239270848670745,0.5577088790307139,0.5674594334586149,0.2442713559843624,0.1882692105570226,2016,H
2017-04-01,Southampton,Bournemouth,0.1801818004372142,0.2303544343881499,0.5894637651746364,0.5909124085460205,0.2446012226951845,0.164486368758795,2016,D
2017-04-01,Hull,West Ham,0.3290778962057919,0.2917599537254538,0.3791621500687542,0.3969726542589846,0.2873762958271206,0.3156510499138947,2016,H
2017-04-01,Burnley,Tottenham,0.5620462742138733,0.2786253528716458,0.159328372914481,0.1713049816887909,0.2535210453894461,0.5751739729217629,2016,A
2017-04-01,Leicester,Stoke,0.2502532580423574,0.2775532093511678,0.4721935326064747,0.4762734645873746,0.2795601105833116,0.2441664248293137,2016,H
2017-04-01,Chelsea,Crystal Palace,0.0752735289137383,0.0752261216855612,0.8495003494006999,0.7510034430160935,0.1671742817217354,0.081822275262171,2016,A
2017-04-02,Swansea,Middlesbrough,0.2598164089128831,0.2785038957671416,0.4616796953199752,0.4892479097598281,0.2841846406713361,0.2265674495688356,2016,D
2017-04-02,Arsenal,Man City,0.4160931689676548,0.3103516650993518,0.2735551659329931,0.3043119608155807,0.2665248339056084,0.4291632052788109,2016,D
2017-04-04,Burnley,Stoke,0.2905859575808891,0.3164876116890375,0.3929264307300736,0.39399841072257,0.311321534709176,0.2946800545682539,2016,H
2017-04-04,Leicester,Sunderland,0.2004730082414899,0.2449924187601809,0.5545345729983295,0.6700769896993317,0.2113804251838925,0.1185425851167758,2016,H
2017-04-04,Man United,Everton,0.1985206003616929,0.2121815486501883,0.5892978509881192,0.6170411772694278,0.234865831755975,0.1480929909745972,2016,D
2017-04-04,Watford,West Brom,0.3425430172916479,0.2980463729331745,0.3594106097751778,0.3853294869841707,0.3010386617063834,0.313631851309446,2016,H
2017-04-05,Liverpool,Bournemouth,0.1121507417772298,0.1453060592894478,0.7425431989333215,0.7077303266464114,0.1833358560455465,0.108933817308042,2016,D
2017-04-05,Swansea,Tottenham,0.5755019934045579,0.2752830485412964,0.1492149580541457,0.1920685218841741,0.2479852806080057,0.55994619750782,2016,A
2017-04-05,Southampton,Crystal Palace,0.2416340392946473,0.2922573950500042,0.4661085656553482,0.5300760624867542,0.267373150223817,0.2025507872894288,2016,H
2017-04-05,Arsenal,West Ham,0.1449104960710532,0.2067797902263229,0.6483097137026238,0.6967041814578185,0.1831220036481096,0.1201738148940719,2016,H
2017-04-05,Hull,Middlesbrough,0.3149945847170042,0.2937668761380441,0.3912385391449516,0.474454710218485,0.2911398946517491,0.2344053951297658,2016,H
2017-04-05,Chelsea,Man City,0.2472211222996496,0.3254113755519714,0.4273675021483792,0.410007392021585,0.2792368123556854,0.3107557956227297,2016,H
2017-04-08,West Ham,Swansea,0.2390462465849379,0.3039933711843889,0.4569603822306732,0.4644622060095187,0.26771404415798,0.2678237498325012,2016,H
2017-04-08,West Brom,Southampton,0.3975191827500826,0.3074840367340293,0.2949967805158879,0.3234384132885818,0.2915895673437108,0.3849720193677074,2016,A
2017-04-08,Tottenham,Watford,0.1087691847826121,0.1015370696916115,0.7896937455257761,0.7716021648821825,0.1544690439819454,0.0739287911358719,2016,H
2017-04-08,Stoke,Liverpool,0.5085991385549465,0.2731637076016832,0.2182371538433697,0.2403157890928798,0.2616211133825689,0.4980630975245513,2016,A
2017-04-08,Middlesbrough,Burnley,0.3025173803321559,0.3053625846324906,0.3921200350353536,0.3972139947329314,0.3107323012067901,0.2920537040602785,2016,D
2017-04-08,Man City,Hull,0.1055001901059282,0.1752454889476575,0.7192543209464142,0.8065858038839999,0.1307100433212329,0.0627041527947671,2016,H
2017-04-08,Bournemouth,Chelsea,0.5657873048787315,0.265631679877161,0.1685810152441073,0.1510248299706903,0.2377430021493028,0.6112321678800069,2016,A
2017-04-09,Sunderland,Man United,0.644785882029766,0.1759984860926885,0.1792156318775458,0.1015607572249444,0.1879158621856755,0.71052338058938,2016,A
2017-04-09,Everton,Leicester,0.2179548160748369,0.2428233881277593,0.5392217957974037,0.5549231901646112,0.2570520403852129,0.1880247694501759,2016,H
2017-04-10,Crystal Palace,Arsenal,0.5417664688983581,0.2463072901595979,0.2119262409420435,0.2117176108555585,0.2501460313619977,0.5381363577824436,2016,H
2017-04-15,Crystal Palace,Leicester,0.2188381427534845,0.2894077039719899,0.4917541532745254,0.5309965602668326,0.2639418217714119,0.2050616179617555,2016,D
2017-04-15,Everton,Burnley,0.1256048773235344,0.1511708061677056,0.7232243165087603,0.6577871587581163,0.2143060531749791,0.1279067880669044,2016,H
2017-04-15,Southampton,Man City,0.5351070116517779,0.2480939742330764,0.2167990141151459,0.2125344452193791,0.2405948105802247,0.5468707442003962,2016,A
2017-04-15,Stoke,Hull,0.2039269173574708,0.2763987549735645,0.5196743276689646,0.4857550305185839,0.2798912562414877,0.2343537132399283,2016,H
2017-04-15,Sunderland,West Ham,0.492715830363232,0.2324328821964693,0.2748512874402991,0.2880237304911673,0.2816359270628673,0.4303403424459653,2016,D
2017-04-15,Tottenham,Bournemouth,0.0856377647750342,0.1022761008307929,0.8120861343941723,0.7491285824941906,0.1594573005422153,0.0914141169635941,2016,H
2017-04-15,Watford,Swansea,0.3536288856660445,0.2982970735029364,0.348074040831019,0.3942988189486028,0.2881732411776502,0.317527939873747,2016,H
2017-04-16,West Brom,Liverpool,0.5467555911595202,0.2731027237801774,0.1801416850603021,0.2270548074147517,0.2530884340081243,0.5198567585771241,2016,A
2017-04-16,Man United,Chelsea,0.2862501747529064,0.3911822367636548,0.3225675884834388,0.3642532247120627,0.2977772571595094,0.3379695181284279,2016,H
2017-04-17,Middlesbrough,Arsenal,0.5540488589640841,0.2092382312332228,0.2367129098026933,0.1421817341712327,0.237794841926673,0.6200234239020943,2016,A
2017-04-22,Swansea,Stoke,0.2541198225541681,0.2819757446178664,0.4639044328279654,0.4382914470262492,0.2900771046506976,0.2716314483230532,2016,H
2017-04-22,West Ham,Everton,0.4596179875249189,0.2703791100704167,0.270002902404664,0.2918510478416966,0.2752984887701427,0.4328504633881606,2016,D
2017-04-22,Hull,Watford,0.2326848083471963,0.271288933644167,0.4960262580086364,0.5106457519442567,0.2682148642129561,0.2211393838427872,2016,H
2017-04-22,Bournemouth,Middlesbrough,0.2261773742438931,0.3154739676639794,0.4583486580921274,0.5177181264451363,0.2620704953519094,0.2202113782029544,2016,H
2017-04-23,Burnley,Man United,0.5930449341579105,0.2433552608722391,0.1635998049698505,0.1754742212793662,0.2439820172510118,0.5805437614696218,2016,A
2017-04-23,Liverpool,Crystal Palace,0.1383707832432479,0.1624854752142447,0.6991437415425077,0.6486911622897553,0.2132233310353212,0.1380855066749234,2016,A
2017-04-25,Chelsea,Southampton,0.101292192930142,0.1304502204031376,0.7682575866667206,0.6714014935440547,0.2117506730155298,0.1168478334404153,2016,H
2017-04-26,Arsenal,Leicester,0.1576122064382398,0.2470178507160666,0.5953699428456932,0.6094224163636115,0.2188166793268071,0.1717609043095813,2016,H
2017-04-26,Crystal Palace,Tottenham,0.5557760238661746,0.2388330449100097,0.2053909312238152,0.1791671499105308,0.2319941610334239,0.5888386890560452,2016,A
2017-04-26,Middlesbrough,Sunderland,0.244343616022722,0.3128220031616584,0.4428343808156195,0.4286016949152542,0.2878177966101695,0.2835805084745763,2016,H
2017-04-27,Man City,Man United,0.2232452158649208,0.2433594280310082,0.5333953561040715,0.5088720813062853,0.2564729593728387,0.234654959320876,2016,D
2017-04-29,Stoke,West Ham,0.2312392703470704,0.3104044728366957,0.4583562568162336,0.4521798900235664,0.2757757266300078,0.2720443833464258,2016,D
2017-04-29,Crystal Palace,Burnley,0.2426205350170361,0.286563367420827,0.4708160975621367,0.5352112676056339,0.2676056338028169,0.1971830985915493,2016,A
2017-04-29,Sunderland,Bournemouth,0.4508335053507387,0.2596844865655755,0.2894820080836858,0.3240429117129294,0.2721556776849503,0.4038014106021202,2016,A
2017-04-29,Southampton,Hull,0.1913261218097934,0.2480229951413269,0.5606508830488791,0.5807255829653689,0.2445331329821413,0.1747412840524898,2016,D
2017-04-29,West Brom,Leicester,0.3452867982863896,0.3087623825627512,0.3459508191508593,0.3900310996417397,0.2755371541464613,0.3344317462117989,2016,A
2017-04-30,Everton,Chelsea,0.4474895183435305,0.2797858378952658,0.272724643761203,0.25897425056023,0.2722400744154581,0.4687856750243118,2016,A
2017-04-30,Man United,Swansea,0.1122578282124452,0.1607706486725289,0.7269715231150258,0.6935266811883806,0.1963558841769099,0.1101174346347095,2016,D
2017-04-30,Middlesbrough,Man City,0.6269023256126993,0.198656985397252,0.1744406889900484,0.0827955343343719,0.1827496136241315,0.7344548520414965,2016,D
2017-04-30,Tottenham,Arsenal,0.2814356058365654,0.2751994457519341,0.4433649484115007,0.5022208473656256,0.2562554353853068,0.2415237172490676,2016,H
2017-05-01,Watford,Liverpool,0.5932938548938167,0.2352433805841304,0.171462764522053,0.1596807772380291,0.2213393476752255,0.6189798750867453,2016,A
2017-05-05,West Ham,Tottenham,0.5652684531461936,0.2256323877040447,0.2090991591497618,0.1170144198509172,0.1837871394466684,0.6991984407024143,2016,H
2017-05-06,Man City,Crystal Palace,0.1023715710570185,0.1141199808898235,0.7835084480531574,0.7532792879072003,0.1518628817137534,0.0948578303790463,2016,H
2017-05-06,Leicester,Watford,0.1685489341841893,0.2460495880536354,0.5854014777621757,0.61355732563216,0.232125474167561,0.154317200200279,2016,H
2017-05-06,Swansea,Everton,0.381891824306081,0.2961372553963065,0.3219709202976129,0.3477169485880195,0.2797015724527586,0.3725814789592219,2016,H
2017-05-06,Burnley,West Brom,0.2757992251365469,0.2854157700516336,0.4387850048118198,0.4291466541048141,0.2948279412843863,0.2760254046107996,2016,D
2017-05-06,Hull,Sunderland,0.1790972611295139,0.2362540303047525,0.5846487085657338,0.6693348399301069,0.2061982930886212,0.1244668669812718,2016,A
2017-05-06,Bournemouth,Stoke,0.2499484424945592,0.3047961514033442,0.4452554061020965,0.4328504633881606,0.2752984887701427,0.2918510478416966,2016,D
2017-05-07,Liverpool,Southampton,0.1526909763780152,0.1827255183482833,0.664583505273701,0.5993993994677462,0.2325440868648306,0.1680565136674231,2016,D
2017-05-07,Arsenal,Man United,0.216064492599915,0.2471867969147179,0.536748710485367,0.5138093726333386,0.2610471302629291,0.2251434971037321,2016,H
2017-05-08,Chelsea,Middlesbrough,0.0548589938931792,0.0864775288895518,0.8586634772172692,0.827833380228102,0.118232113322651,0.0539345064492469,2016,H
2017-05-10,Southampton,Arsenal,0.4547310357603005,0.2548169158527166,0.2904520483869828,0.2707552718461068,0.2545997788530156,0.4746449493008775,2016,A
2017-05-12,Everton,Watford,0.1284955544251294,0.2288059426054965,0.6426985029693743,0.6545541098064107,0.2145350682323072,0.1309108219612821,2016,H
2017-05-12,West Brom,Chelsea,0.616648006012384,0.2200286293408907,0.1633233646467256,0.1046097776042032,0.1878175066895704,0.7075727157062265,2016,A
2017-05-13,Stoke,Arsenal,0.5535489601758203,0.2730266594908361,0.173424380333344,0.2029789429106304,0.238065560491143,0.5589554965982266,2016,A
2017-05-13,Man City,Leicester,0.1320142575934795,0.1333000845751217,0.7346856578313983,0.7718509839591154,0.1460175285783659,0.0821314874625185,2016,H
2017-05-13,Middlesbrough,Southampton,0.4866133578173588,0.227531200579611,0.2858554416030299,0.2470696502954567,0.2713358519810133,0.48159449772353,2016,A
2017-05-13,Bournemouth,Burnley,0.222214955579653,0.2818599590545759,0.495925085365771,0.5035672351686922,0.2617678501294176,0.2346649147018901,2016,H
2017-05-13,Sunderland,Swansea,0.4846654334706151,0.2458633159860468,0.2694712505433376,0.2324274392889741,0.2572242458896162,0.5103483148214096,2016,A
2017-05-14,Crystal Palace,Hull,0.2461330599082287,0.3018149987244505,0.4520519413673205,0.4658820585401851,0.2763253295511596,0.2577926119086553,2016,H
2017-05-14,Tottenham,Man United,0.1510606550342856,0.2158675549304496,0.6330717900352648,0.5674594334586149,0.2442713559843624,0.1882692105570226,2016,H
2017-05-14,West Ham,Liverpool,0.4947040513472117,0.2461313945633192,0.2591645540894693,0.1787868829370202,0.2479480137398965,0.5732651033230832,2016,A
2017-05-15,Chelsea,Watford,0.07010263204099,0.1425123146570628,0.7873850533019479,0.7697788308995671,0.1452550687121393,0.0849661003882935,2016,H
2017-05-16,Arsenal,Sunderland,0.1438522066521477,0.1254092309893218,0.7307385623585305,0.8819750315707455,0.0805987060095199,0.0374262624197344,2016,H
2017-05-16,Man City,West Brom,0.1096198958620448,0.1655436737881288,0.724836430349826,0.8499520812265089,0.1039337036935808,0.0461142150799101,2016,H
2017-05-17,Southampton,Man United,0.3586027879236619,0.2876788851840073,0.3537183268923312,0.3571545436650467,0.292187432094915,0.3506580242400382,2016,D
2017-05-18,Leicester,Tottenham,0.4976981543913943,0.2943095485696983,0.2079922970389072,0.2199644641673165,0.260076117439006,0.5199594183936775,2016,A
2017-05-21,Watford,Man City,0.6239208090455222,0.2126594947483493,0.1634196962061286,0.0930855738269822,0.160486531929686,0.7464278942433318,2016,A
2017-05-21,Man United,Crystal Palace,0.2772344562131225,0.3194017101369396,0.4033638336499383,0.3899058965435463,0.2881743802844317,0.3219197231720219,2016,H
2017-05-21,Liverpool,Middlesbrough,0.0826502282310397,0.1800772729755015,0.7372724987934585,0.8551226370782763,0.1054486247786193,0.0394287381431042,2016,H
2017-05-21,Southampton,Stoke,0.2203248151079432,0.2563604569843455,0.5233147279077113,0.5432676586003924,0.2537401896664486,0.2029921517331589,2016,A
2017-05-21,Swansea,West Brom,0.2718999180054781,0.2802713514970221,0.4478287304974998,0.463482954506707,0.2747754659465209,0.2617415795467719,2016,H
2017-05-21,Burnley,West Ham,0.3314750439426805,0.3009841037543944,0.3675408523029254,0.396474425897546,0.274706399139585,0.328819174962869,2016,A
2017-05-21,Arsenal,Everton,0.1142061976205063,0.1214252596441782,0.7643685427353148,0.6708505645370632,0.2007867473038447,0.1283626881590922,2016,H
2017-05-21,Leicester,Bournemouth,0.2326567431545826,0.2702855008705613,0.4970577559748558,0.4925004808581123,0.2638057632011891,0.2436937559406985,2016,D
2017-05-21,Chelsea,Sunderland,0.1205500268064755,0.1189811418996203,0.7604688312939045,0.8386200839703991,0.1114883685309874,0.0498915474986134,2016,H
2017-05-21,Hull,Tottenham,0.6253020406236773,0.2119900928845168,0.162707866491806,0.1408572217504002,0.2136145187020371,0.6455282595475627,2016,A
2017-08-11,Arsenal,Leicester,0.1894651473059737,0.2461181044386555,0.5644167482553704,0.6403157298166927,0.2132143684184867,0.1464699017648206,2017,H
2017-08-12,West Brom,Bournemouth,0.3326279920130701,0.3437367518999739,0.3236352560869561,0.4017867707963555,0.2967104484676369,0.3015027807360075,2017,H
2017-08-12,Southampton,Swansea,0.2176128477862511,0.2773948195204975,0.5049923326932515,0.6045222919864575,0.2410531907230291,0.1544245172905135,2017,D
2017-08-12,Watford,Liverpool,0.6536641754328351,0.1776602010619223,0.1686756235052426,0.160906691879903,0.2298667026855757,0.6092266054345212,2017,D
2017-08-12,Chelsea,Burnley,0.1605835229258507,0.2105186887359299,0.6288977883382189,0.7809763651158214,0.1483923014478694,0.0706313334363091,2017,A
2017-08-12,Everton,Stoke,0.2918302376739907,0.2297832585207292,0.4783865038052796,0.567550149247209,0.2608802724748437,0.1715695782779472,2017,H
2017-08-13,Man United,West Ham,0.2396564359547466,0.1814619503715385,0.5788816136737146,0.7453144885841775,0.1709669180096795,0.083718593406143,2017,H
2017-08-13,Newcastle,Tottenham,0.5451920093227465,0.2330356103823535,0.2217723802948997,0.1796148500545752,0.247565767264301,0.5728193826811238,2017,A
2017-08-19,Burnley,West Brom,0.2790648213764423,0.3537491411301816,0.367186037493376,0.3723703556439904,0.3113036543007887,0.3163259900552208,2017,A
2017-08-19,Bournemouth,Watford,0.2347739531511364,0.2602116125872901,0.5050144342615733,0.4877847279594005,0.2713796766198513,0.2408355954207482,2017,A
2017-08-19,Stoke,Arsenal,0.5850488138444446,0.2456608314504351,0.1692903547051202,0.2140547558391759,0.2551556469238191,0.5307895972370049,2017,H
2017-08-19,Southampton,West Ham,0.197765888487291,0.2438861540608869,0.5583479574518218,0.5584694779706314,0.2535090902284004,0.1880214318009682,2017,H
2017-08-19,Liverpool,Crystal Palace,0.1371261638680483,0.242126625937873,0.6207472101940783,0.7126742604777496,0.1832600250020605,0.1040657145201898,2017,H
2017-08-19,Swansea,Man United,0.5934422698993009,0.1971668947233627,0.2093908353773361,0.0955820615438125,0.1973235269409869,0.7070944115152005,2017,A
2017-08-20,Tottenham,Chelsea,0.2031496561670819,0.2934676351839902,0.5033827086489275,0.470838054087528,0.2718274772524155,0.2573344686600564,2017,A
2017-08-21,Man City,Everton,0.0886600100511988,0.1581752101834325,0.7531647797653683,0.7243669450537585,0.1754329528274731,0.1002001021187684,2017,D
2017-08-26,Bournemouth,Man City,0.6313533384012117,0.2363350785024316,0.1323115830963567,0.0957251897669453,0.1718206589283346,0.73245415130472,2017,A
2017-08-26,Crystal Palace,Swansea,0.1931713515432183,0.2820949932481818,0.5247336552085998,0.4996639915295977,0.2748042715849013,0.2255317368855009,2017,A
2017-08-26,Newcastle,West Ham,0.269610157766578,0.2987600542095577,0.4316297880238644,0.4248978856319076,0.2907946900528592,0.284307424315233,2017,H
2017-08-26,Man United,Leicester,0.0715853075568685,0.1760081717982123,0.752406520644919,0.7226727862604357,0.1840699024482838,0.0932573112912804,2017,H
2017-08-27,Tottenham,Burnley,0.1154406332972484,0.1590000363374447,0.7255593303653067,0.7809763651158214,0.1483923014478694,0.0706313334363091,2017,D
2017-08-27,West Brom,Stoke,0.22824868385456,0.3098571069391035,0.4618942092063364,0.4056735773689118,0.3108051255507584,0.2835212970803297,2017,D
2017-08-27,Chelsea,Everton,0.1530300903336991,0.1834526912619104,0.6635172184043902,0.6713681635467807,0.2117790049368006,0.1168528315164187,2017,H
2017-08-27,Liverpool,Arsenal,0.2085719570994372,0.300475958331261,0.4909520845693015,0.4485315950317708,0.2719529854598443,0.2795154195083846,2017,H
2017-09-09,Man City,Liverpool,0.2054003849256102,0.2850699760155766,0.5095296390588129,0.5192431184694646,0.2463936142462279,0.2343632672843075,2017,H
2017-09-09,Leicester,Chelsea,0.5677568802316776,0.2704789390941969,0.1617641806741253,0.206272692895249,0.2504626418105153,0.5432646652942354,2017,A
2017-09-09,Arsenal,Bournemouth,0.1626906660010262,0.1800805748529459,0.6572287591460279,0.7074389919723378,0.1790502077656672,0.1135108002619949,2017,H
2017-09-09,Stoke,Man United,0.5952431833777372,0.2267231609698948,0.1780336556523677,0.1383757603063753,0.2185176841630998,0.6431065555305249,2017,D
2017-09-09,Everton,Tottenham,0.4077475661285807,0.3102284782851925,0.2820239555862261,0.2608785619769006,0.2796761071873928,0.4594453308357066,2017,A
2017-09-09,Southampton,Watford,0.1659294975421488,0.2575794515661239,0.5764910508917273,0.5846119260383297,0.2474119035575788,0.1679761704040914,2017,A
2017-09-10,Burnley,Crystal Palace,0.2814782458489928,0.2945213332068777,0.4240004209441295,0.4184088825870458,0.298393442909625,0.2831976745033291,2017,H
2017-09-10,Swansea,Newcastle,0.3194811530928736,0.3002858110245368,0.3802330358825898,0.4008624204675809,0.3030993858493455,0.2960381936830736,2017,A
2017-09-16,West Brom,West Ham,0.3086337595328705,0.3072580338415157,0.3841082066256138,0.4116291051340674,0.2986454212126441,0.2897254736532884,2017,D
2017-09-16,Watford,Man City,0.5750221869897678,0.2442945686030924,0.1806832444071393,0.1054126876084632,0.1715959465532675,0.7229913658382692,2017,A
2017-09-16,Tottenham,Swansea,0.0759755979266416,0.13364001407237,0.790384388000988,0.7872265175771572,0.1424177228510016,0.0703557595718412,2017,D
2017-09-16,Newcastle,Stoke,0.296911797781447,0.3165725407077333,0.3865156615108195,0.4090288774125737,0.2976568753359229,0.2933142472515033,2017,H
2017-09-16,Liverpool,Burnley,0.1340059454172406,0.1553373141503245,0.7106567404324343,0.7580569921212983,0.1645419315198371,0.0774010763588645,2017,D
2017-09-16,Crystal Palace,Southampton,0.4039649494418469,0.27393478373522,0.3221002668229329,0.3251752428145327,0.2953873770570128,0.3794373801284545,2017,A
2017-09-17,Chelsea,Arsenal,0.1820080724960096,0.1974504880645179,0.6205414394394725,0.5427160907037067,0.2408166680612501,0.2164672412350431,2017,D
2017-09-17,Man United,Everton,0.1000988826290651,0.1566794450736941,0.7432216722972407,0.7150440854174929,0.188423185727497,0.0965327288550101,2017,H
2017-09-23,Burnley,Huddersfield,0.2524841976466889,0.2707169940927285,0.4767988082605827,0.4465232761595373,0.3024526642807212,0.2510240595597415,2017,D
2017-09-23,Man City,Crystal Palace,0.0762220398555564,0.1775308970752715,0.7462470630691718,0.8405321034264749,0.104605646038798,0.054862250534727,2017,H
2017-09-23,Leicester,Liverpool,0.5589879878575499,0.2055297452297596,0.2354822669126904,0.2379939285242119,0.2520277631792639,0.5099783082965241,2017,A
2017-09-23,Everton,Bournemouth,0.1830893338809147,0.2454340392148268,0.5714766269042584,0.5815680263481946,0.247799109719205,0.1706328639326003,2017,H
2017-09-23,Southampton,Man United,0.5573246880183698,0.250360841553686,0.1923144704279439,0.1796552500128463,0.2574443769937969,0.5629003729933566,2017,A
2017-09-23,Stoke,Chelsea,0.6611333807632639,0.1930657900060017,0.1458008292307347,0.1639766972194373,0.2378175349173618,0.5982057678632009,2017,A
2017-09-23,Swansea,Watford,0.2893558195500132,0.3097581243530736,0.4008860560969133,0.4053109989445493,0.2962100705787747,0.298478930476676,2017,A
2017-09-23,West Ham,Tottenham,0.6725841996308111,0.1611846304034991,0.1662311699656899,0.1680112498941034,0.2289842839209722,0.6030044661849243,2017,A
2017-09-24,Brighton,Newcastle,0.313012665841891,0.3646304427299612,0.3223568914281478,0.3506434381784295,0.3110214578128379,0.3383351040087324,2017,H
2017-09-25,Arsenal,West Brom,0.1451168551092559,0.1611557073411248,0.6937274375496192,0.7219288560058883,0.1793398285720369,0.0987313154220747,2017,H
2017-09-30,Man United,Crystal Palace,0.0800849466082242,0.2169820107528999,0.7029330426388755,0.8067524203502378,0.1336852129112071,0.0595623667385551,2017,H
2017-09-30,Huddersfield,Tottenham,0.5836919957526447,0.2162938464896283,0.200014157757727,0.1136794167483372,0.1972824866157547,0.6890380966359081,2017,A
2017-09-30,Chelsea,Man City,0.3230414724794387,0.350401043242344,0.3265574842782176,0.3437218721872187,0.2781840684068407,0.3780940594059406,2017,A
2017-09-30,Bournemouth,Leicester,0.4483203141266514,0.2633047199141711,0.2883749659591774,0.3402206157507578,0.2856331729019944,0.3741462113472477,2017,D
2017-09-30,West Brom,Watford,0.2886857906679884,0.290786813828926,0.4205273955030857,0.4353606383662337,0.29720354092308,0.2674358207106864,2017,D
2017-09-30,Stoke,Southampton,0.3839543661457724,0.2830957438930115,0.332949889961216,0.329519559806047,0.2923939811209348,0.3780864590730182,2017,H
2017-09-30,West Ham,Swansea,0.2196525515638379,0.2657524000465004,0.5145950483896616,0.5203403713141609,0.2715234801601747,0.2081361485256643,2017,H
2017-10-01,Arsenal,Brighton,0.1079878729182245,0.1781732456305713,0.7138388814512037,0.7747080275123484,0.1501946483251011,0.0750973241625505,2017,H
2017-10-01,Everton,Burnley,0.1941888223999703,0.2472363111074725,0.5585748664925567,0.573629851018892,0.2585816668735732,0.1677884821075347,2017,A
2017-10-01,Newcastle,Liverpool,0.571860902331131,0.2220270171956249,0.2061120804732436,0.189512325143094,0.2430855037697981,0.5674021710871078,2017,D
2017-10-14,Tottenham,Bournemouth,0.0746459745591918,0.1168113148430341,0.808542710597774,0.806780117490616,0.126676092847885,0.0665437896614991,2017,H
2017-10-14,Watford,Arsenal,0.6558069022669392,0.2001638068885262,0.1440292908445348,0.1832501710949444,0.2283451019799228,0.5884047269251327,2017,H
2017-10-14,Swansea,Huddersfield,0.263492422170244,0.2868896712627757,0.4496179065669804,0.44219185943722,0.3030091180002896,0.2547990225624903,2017,H
2017-10-14,Burnley,West Ham,0.3324636037604886,0.3070113673296522,0.360525028909859,0.3567043236109994,0.2962907514678338,0.3470049249211668,2017,D
2017-10-14,Liverpool,Man United,0.3161891342334754,0.3817318411553082,0.3020790246112164,0.3509706023845743,0.2947335231631366,0.354295874452289,2017,D
2017-10-14,Crystal Palace,Chelsea,0.6428815690381973,0.2431119713801957,0.1140064595816068,0.1072713841774587,0.1930884915194257,0.6996401243031156,2017,H
2017-10-14,Man City,Stoke,0.0742047180616173,0.1187445162331758,0.8070507657052067,0.8431820586057337,0.1039644557283402,0.0528534856659261,2017,H
2017-10-15,Southampton,Newcastle,0.2070874690081713,0.2797014729366252,0.5132110580552031,0.513528616456189,0.2719440037691113,0.2145273797746998,2017,D
2017-10-15,Brighton,Everton,0.4497050685523492,0.2390689656218492,0.3112259658258012,0.298478930476676,0.2962100705787747,0.4053109989445493,2017,D
2017-10-16,Leicester,West Brom,0.2356905113245415,0.2646479453257351,0.4996615433497237,0.477908673231877,0.2888957150074864,0.2331956117606365,2017,D
2017-10-20,West Ham,Brighton,0.2015500449918373,0.2978066985449361,0.500643256463226,0.5312740633848505,0.2755167375052295,0.19320919910992,2017,A
2017-10-21,Chelsea,Watford,0.1022799450258712,0.1749131693408772,0.7228068856332516,0.7115315291178865,0.1881880622883722,0.1002804085937413,2017,H
2017-10-21,Huddersfield,Man United,0.6565855795401379,0.1888034819023239,0.154610938557538,0.0945331375242787,0.1883556776730305,0.7171111848026908,2017,H
2017-10-21,Man City,Burnley,0.1339266324335257,0.1070261780696522,0.7590471894968216,0.8786607296930048,0.0841642981726057,0.0371749721343893,2017,H
2017-10-21,Newcastle,Crystal Palace,0.2454055113464557,0.261913436185068,0.4926810524684763,0.4881909476143761,0.2794788711180946,0.2323301812675293,2017,H
2017-10-21,Southampton,West Brom,0.2214175827220657,0.2571850620926777,0.5213973551852564,0.5280534348928961,0.2838543442199208,0.188092220887183,2017,H
2017-10-21,Stoke,Bournemouth,0.2567136920422526,0.2754240335660979,0.4678622743916494,0.4427693210216081,0.282658859429483,0.2745718195489088,2017,A
2017-10-21,Swansea,Leicester,0.3730140790322634,0.2711844705532403,0.3558014504144964,0.3474106372562734,0.2961047999809099,0.3564845627628166,2017,A
2017-10-22,Tottenham,Liverpool,0.1994312668395439,0.2896232329558474,0.5109455002046084,0.4375509390582013,0.2789636370754485,0.2834854238663501,2017,H
2017-10-22,Everton,Arsenal,0.5081041457040704,0.2395798905827803,0.2523159637131492,0.2503059135324208,0.267258000011938,0.4824360864556409,2017,A
2017-10-28,Crystal Palace,West Ham,0.2733171275237549,0.3297355592388642,0.3969473132373812,0.4062553174170017,0.2922225589408858,0.3015221236421125,2017,D
2017-10-28,West Brom,Man City,0.6201787261447085,0.2415498260076588,0.1382714478476326,0.0858306886169283,0.1513853360647327,0.7627839753183389,2017,A
2017-10-28,Man United,Tottenham,0.237169115565367,0.3004883200420278,0.4623425643926051,0.461077305933419,0.2844524915215959,0.2544702025449851,2017,H
2017-10-28,Bournemouth,Chelsea,0.6027195794079809,0.225205846189439,0.1720745744025796,0.172293474321167,0.2298723928510047,0.5978341328278283,2017,A
2017-10-28,Watford,Stoke,0.2008272130531631,0.328163456260276,0.471009330686561,0.4701386928105975,0.274849397421034,0.2550119097683685,2017,A
2017-10-28,Liverpool,Huddersfield,0.1413475348445648,0.1885132835627788,0.6701391815926558,0.7792333532247931,0.1452777850079712,0.0754888617672356,2017,H
2017-10-28,Arsenal,Swansea,0.0770073195491764,0.1273789834036838,0.7956136970471397,0.7710760994957809,0.1429295907918443,0.0859943097123747,2017,H
2017-10-29,Brighton,Southampton,0.3824699901401123,0.2895537837261541,0.3279762261337337,0.30144972520196,0.3056213580982652,0.3929289166997748,2017,D
2017-10-29,Leicester,Everton,0.2355457175523813,0.2627112406369349,0.501743041810684,0.4494199916648096,0.2882064517517346,0.2623735565834558,2017,H
2017-10-30,Burnley,Newcastle,0.3898339988187863,0.2875431261127158,0.3226228750684975,0.3355566977827418,0.3009570873530467,0.3634862148642115,2017,H
2017-11-04,Newcastle,Bournemouth,0.2330008144285116,0.2946526034632131,0.4723465821082752,0.4887275312277851,0.2757794252056463,0.2354930435665684,2017,A
2017-11-04,Southampton,Burnley,0.194798148655248,0.2567645913551901,0.5484372599895615,0.5887059746248817,0.2627583505768479,0.1485356747982703,2017,A
2017-11-04,Huddersfield,West Brom,0.3312496987907005,0.3262593374876203,0.3424909637216792,0.3545753525442771,0.3213667362392862,0.3240579112164367,2017,H
2017-11-04,West Ham,Liverpool,0.599388611953281,0.1993238435858905,0.2012875444608283,0.1882625963286081,0.2289335642923881,0.5828038393790038,2017,A
2017-11-04,Stoke,Leicester,0.3617189522215664,0.2937247774227691,0.3445562703556647,0.3673931521842419,0.2925752344017582,0.3400316134139997,2017,D
2017-11-04,Swansea,Brighton,0.2727769126815735,0.3284755843166777,0.3987475030017489,0.4063382700211527,0.3057488093516092,0.2879129206272379,2017,A
2017-11-05,Chelsea,Man United,0.262151368944406,0.369716450678171,0.3681321803774228,0.3887484135026909,0.3006842845758026,0.3105673019215065,2017,H
2017-11-05,Everton,Watford,0.2080362534252272,0.2586865683109833,0.5332771782637893,0.4484027299686587,0.2838836987228526,0.2677135713084887,2017,H
2017-11-05,Man City,Arsenal,0.2320823500839622,0.1291994640389232,0.6387181858771147,0.6885995831545393,0.1833254153129406,0.12807500153252,2017,H
2017-11-05,Tottenham,Crystal Palace,0.0950535869093667,0.1618224697283048,0.7431239433623285,0.7562758678064101,0.1600805585019723,0.0836435736916176,2017,H
2017-11-18,Bournemouth,Huddersfield,0.2061409445617442,0.2830501570584932,0.5108088983797624,0.5271185942963539,0.2796051652686684,0.1932762404349777,2017,H
2017-11-18,Man United,Newcastle,0.0740820996457163,0.1153754526518111,0.8105424477024724,0.7547899131817881,0.1667138975412552,0.0784961892769567,2017,H
2017-11-18,Liverpool,Southampton,0.0954886593491993,0.1476498379967027,0.7568615026540979,0.690482559295112,0.1976685927822332,0.1118488479226545,2017,H
2017-11-18,Leicester,Man City,0.5920428324294013,0.2445443731351851,0.1634127944354135,0.1105251937886527,0.1670906062515666,0.7223841999597805,2017,A
2017-11-18,West Brom,Chelsea,0.6692330414765759,0.1931670009213769,0.1375999576020474,0.1579510824311815,0.2411264674998928,0.6009224500689256,2017,A
2017-11-18,Burnley,Swansea,0.2573114630848092,0.3078046844746716,0.4348838524405192,0.4547063621888161,0.3012371250587872,0.2440565127523967,2017,H
2017-11-18,Crystal Palace,Everton,0.2901563728496171,0.3103784174914564,0.3994652096589267,0.4020937706001816,0.2963058580477637,0.3016003713520546,2017,D
2017-11-18,Arsenal,Tottenham,0.275512960857567,0.3659947463684638,0.3584922927739691,0.3891315551309415,0.275296406669371,0.3355720381996875,2017,H
2017-11-19,Watford,West Ham,0.226399210892546,0.2772524847817106,0.4963483043257434,0.4573454935025183,0.2848317889640204,0.2578227175334613,2017,H
2017-11-20,Brighton,Stoke,0.3130860602342539,0.3070713114121526,0.3798426283535934,0.4020074075530606,0.3056606243692272,0.2923319680777121,2017,D
2017-11-24,West Ham,Leicester,0.4101231201487486,0.2704747828064698,0.3194020970447811,0.3529165704109591,0.2874611697306051,0.3596222598584356,2017,D
2017-11-25,Newcastle,Watford,0.2170741348379863,0.2707085089289051,0.5122173562331085,0.4376206822570264,0.2833083029392834,0.2790710148036902,2017,A
2017-11-25,Tottenham,West Brom,0.087746406071165,0.1599075079568017,0.752346085972033,0.7775963913229613,0.1568912690275375,0.065512339649501,2017,D
2017-11-25,Swansea,Bournemouth,0.3605315650629079,0.3290728943828911,0.3103955405542009,0.3449720920854019,0.3037575630864084,0.3512703448281894,2017,D
2017-11-25,Crystal Palace,Stoke,0.2014657540265673,0.2816027369624912,0.5169315090109413,0.4768834420763005,0.2792347892558845,0.2438817686678149,2017,H
2017-11-25,Man United,Brighton,0.0932641043705427,0.1600341915333138,0.7467017040961426,0.8092240549426837,0.1346455566581703,0.0561303883991461,2017,H
2017-11-25,Liverpool,Chelsea,0.2271724321896606,0.2895744926739951,0.4832530751363437,0.4473401518992465,0.2702972912042524,0.2823625568965011,2017,D
2017-11-26,Burnley,Arsenal,0.5652913604370249,0.2313071897273345,0.2034014498356404,0.157811887156903,0.216513092946521,0.6256750198965759,2017,A
2017-11-26,Huddersfield,Man City,0.613860066940147,0.2218121964364235,0.1643277366234294,0.0602036491655058,0.1261573572691892,0.8136389935653049,2017,A
2017-11-26,Southampton,Everton,0.1982278386888295,0.2721095518963005,0.5296626094148698,0.5153646565972079,0.2790554025696845,0.2055799408331075,2017,H
2017-11-28,Watford,Man United,0.5897385061474634,0.2431135560277167,0.16714793782482,0.187354879215455,0.2513134700280257,0.5613316507565194,2017,A
2017-11-28,West Brom,Newcastle,0.2471916024409383,0.3245453809733275,0.4282630165857341,0.4071927307082602,0.309999513931407,0.2828077553603327,2017,D
2017-11-28,Brighton,Crystal Palace,0.3274771233261521,0.3380513433416152,0.3344715333322325,0.3632402601737174,0.3104738432055205,0.3262858966207621,2017,D
2017-11-28,Leicester,Tottenham,0.5864915709530168,0.2240166985991153,0.1894917304478677,0.1976115743567105,0.2521242716495195,0.55026415399377,2017,H
2017-11-29,Chelsea,Swansea,0.0903444069725881,0.1448601643648546,0.764795428662557,0.8113831721451422,0.1312121372613852,0.0574046905934725,2017,H
2017-11-29,Arsenal,Huddersfield,0.0769331734575416,0.1425643547787269,0.7805024717637312,0.8108279023637959,0.1326517225321015,0.0565203751041026,2017,H
2017-11-29,Bournemouth,Burnley,0.2298982665429242,0.2966627485081,0.4734389849489758,0.4824736353111086,0.2884874136856019,0.2290389510032894,2017,A
2017-11-29,Stoke,Liverpool,0.6414190687139869,0.1855955110730324,0.172985420212981,0.1548758742522379,0.2172811597647344,0.6278429659830277,2017,A
2017-11-29,Everton,West Ham,0.3238726280040417,0.2987189237584738,0.3774084482374842,0.4118344428698144,0.2918287605329485,0.296336796597237,2017,H
2017-11-29,Man City,Southampton,0.1302381618551666,0.100604252334864,0.7691575858099692,0.8153605677523044,0.1242444944810104,0.0603949377666852,2017,H
2017-12-02,Arsenal,Man United,0.2520054143360496,0.3582577375061344,0.3897368481578162,0.3890059704439418,0.2900642827812855,0.3209297467747727,2017,A
2017-12-02,Brighton,Liverpool,0.5586195910485643,0.2585563890148054,0.1828240199366302,0.1414885777450257,0.2146278555637435,0.6438835666912306,2017,A
2017-12-02,Chelsea,Newcastle,0.088198877965415,0.1965036930664085,0.7152974289681759,0.7740195996594266,0.1517888445550009,0.0741915557855723,2017,H
2017-12-02,Everton,Huddersfield,0.2373185564127293,0.2435190102152122,0.5191624333720583,0.563421006746854,0.2572745930915725,0.1793044001615733,2017,H
2017-12-02,Leicester,Burnley,0.2413351972922299,0.276505962144552,0.4821588405632183,0.527085545862199,0.2717160491156808,0.2011984050221202,2017,H
2017-12-02,Stoke,Swansea,0.2291309266580693,0.2813601640338423,0.4895089093080883,0.4928694879327658,0.287335801968949,0.2197947100982849,2017,H
2017-12-02,Watford,Tottenham,0.5693810647219267,0.200029031000531,0.2305899042775421,0.1973661743686248,0.2434894441530392,0.5591443814783359,2017,D
2017-12-02,West Brom,Crystal Palace,0.2834962611741027,0.3670823455733747,0.3494213932525226,0.3864799759108702,0.3067600120445649,0.3067600120445649,2017,D
2017-12-03,Man City,West Ham,0.1049892580669296,0.1616114136695576,0.7333993282635128,0.8670287247633233,0.087969703900818,0.0450015713358586,2017,H
2017-12-03,Bournemouth,Southampton,0.391521773276989,0.259902226241582,0.3485760004814288,0.3222222924617801,0.2965641771972658,0.381213530340954,2017,D
2017-12-09,West Ham,Chelsea,0.7092862080539452,0.1709269041561938,0.1197868877898613,0.1309108219612821,0.2145350682323072,0.6545541098064107,2017,H
2017-12-09,Tottenham,Stoke,0.1102766237194465,0.1623173599508168,0.7274060163297363,0.7596368599916137,0.1545450398527649,0.0858181001556214,2017,H
2017-12-09,Swansea,West Brom,0.3247087818496117,0.3045748317001406,0.3707163864502478,0.3633692041227746,0.3156960731423379,0.3209347227348874,2017,H
2017-12-09,Burnley,Watford,0.2868261740471513,0.3003324383101902,0.4128413876426587,0.3811264622831787,0.2982452601855587,0.3206282775312626,2017,H
2017-12-09,Huddersfield,Brighton,0.3099134017536889,0.3404089341752066,0.3496776640711047,0.3675274683970287,0.316181817287649,0.3162907143153222,2017,H
2017-12-09,Crystal Palace,Bournemouth,0.217961600443091,0.2747701529838159,0.5072682465730928,0.4768834420763005,0.2792347892558845,0.2438817686678149,2017,D
2017-12-09,Newcastle,Leicester,0.3458030259149943,0.3300721821263581,0.3241247919586476,0.3718177480760287,0.2961956289808984,0.3319866229430729,2017,A
2017-12-10,Liverpool,Everton,0.1351686943398853,0.094256799639014,0.7705745060211003,0.7405091444050982,0.1676514545634421,0.0918394010314596,2017,D
2017-12-10,Man United,Man City,0.4209741513998187,0.2997533675507618,0.2792724810494195,0.2887374710892003,0.2721438145621954,0.4391187143486043,2017,A
2017-12-10,Southampton,Arsenal,0.5026992710820014,0.2469148272838509,0.2503859016341475,0.2403157890928798,0.2616211133825689,0.4980630975245513,2017,D
2017-12-12,Crystal Palace,Watford,0.2551019501159376,0.3057916944114102,0.4391063554726525,0.4243609900761451,0.2792418555087483,0.2963971544151065,2017,H
2017-12-12,Burnley,Stoke,0.2319140689553076,0.3273647196863448,0.4407212113583479,0.4236983823961128,0.3053583523730353,0.270943265230852,2017,H
2017-12-12,Huddersfield,Chelsea,0.6371266319636141,0.200066614622936,0.1628067534134493,0.109926443356099,0.2177883180543857,0.6722852385895153,2017,A
2017-12-13,Tottenham,Brighton,0.0922836711041762,0.1725174896362372,0.7351988392595858,0.7741254040905163,0.154994718817015,0.0708798770924687,2017,H
2017-12-13,West Ham,Arsenal,0.6463095947303235,0.206147119329886,0.1475432859397907,0.1834385771301429,0.2292982214126786,0.5872632014571786,2017,D
2017-12-13,Swansea,Man City,0.6009308094391427,0.241129170078246,0.1579400204826116,0.0692779624412579,0.1486061761387972,0.7821158614199448,2017,A
2017-12-13,Liverpool,West Brom,0.093233492646554,0.1331525763904761,0.7736139309629696,0.7949353922623561,0.1374123813919933,0.0676522263456506,2017,D
2017-12-13,Newcastle,Everton,0.2825649796822571,0.3380161150463729,0.3794189052713699,0.4065638585262561,0.2969594920345077,0.2964766494392361,2017,A
2017-12-13,Man United,Bournemouth,0.082507613040913,0.1139461658074715,0.8035462211516154,0.755096779311439,0.163268813792374,0.081634406896187,2017,H
2017-12-13,Southampton,Leicester,0.2299580127128219,0.2680314621373856,0.5020105251497924,0.4633588807184151,0.2832052539598284,0.2534358653217565,2017,A
2017-12-16,Brighton,Burnley,0.319034096545212,0.3336356221167873,0.3473302813380005,0.3725628616443204,0.3264882694129809,0.3009488689426987,2017,D
2017-12-16,Stoke,West Ham,0.2693311786864316,0.3199566458363729,0.4107121754771957,0.4288373853686593,0.2921421829743937,0.279020431656947,2017,A
2017-12-16,Leicester,Crystal Palace,0.2027106930740681,0.2736880002478488,0.5236013066780827,0.5122437778926139,0.2675103480094431,0.2202458740979429,2017,A
2017-12-16,Watford,Huddersfield,0.2165651601364684,0.2968094149280928,0.4866254249354386,0.5481555779604819,0.2589310771341558,0.1929133449053623,2017,A
2017-12-16,Chelsea,Southampton,0.1091267611707345,0.13044883065234,0.7604244081769255,0.6982156878719121,0.1920089891613524,0.1097753229667352,2017,H
2017-12-16,Man City,Tottenham,0.2719835707573864,0.1980832619872877,0.5299331672553258,0.6305198832177945,0.209239491778528,0.1602406250036773,2017,H
2017-12-16,Arsenal,Newcastle,0.1353378883772008,0.1952119898872349,0.6694501217355641,0.7677456398604727,0.1577718289402441,0.0744825311992831,2017,H
2017-12-17,Bournemouth,Liverpool,0.6589744387141032,0.1755268287482739,0.1654987325376228,0.1506756082898143,0.2111283315758347,0.638196060134351,2017,A
2017-12-17,West Brom,Man United,0.6622494092258312,0.1889354813809634,0.1488151093932056,0.1538595541326302,0.2401351255914687,0.606005320275901,2017,A
2017-12-18,Everton,Swansea,0.2232026962765444,0.2516449191292332,0.5251523845942221,0.5671658620839789,0.2580559254026515,0.1747782125133694,2017,H
2017-12-22,Arsenal,Liverpool,0.2720366512138723,0.3525275637022088,0.3754357850839189,0.389248372307052,0.2669319490564745,0.3438196786364735,2017,D
2017-12-23,Southampton,Huddersfield,0.1683400568457406,0.2528482923856734,0.5788116507685858,0.5990615834349557,0.250078597650716,0.1508598189143282,2017,D
2017-12-23,Swansea,Crystal Palace,0.3657033558380734,0.3215255439823263,0.3127711001796002,0.2968870255214488,0.3058509906861245,0.3972619837924266,2017,D
2017-12-23,Stoke,West Brom,0.2551905650087236,0.3074414462581423,0.4373679887331342,0.4243609900761451,0.2963971544151065,0.2792418555087483,2017,H
2017-12-23,Leicester,Man United,0.5142008776336706,0.2877549771367176,0.1980441452296116,0.2180882322808886,0.271198240185155,0.5107135275339564,2017,D
2017-12-23,Man City,Bournemouth,0.1027364433791278,0.1288765873603317,0.7683869692605407,0.8683947881984522,0.0896953841665803,0.0419098276349675,2017,H
2017-12-23,Brighton,Watford,0.3259318175672008,0.2871085757030732,0.3869596067297263,0.3728148567370987,0.3059588205618279,0.3212263227010734,2017,H
2017-12-23,Everton,Chelsea,0.5964586197369609,0.2119064921135712,0.1916348881494678,0.1605284877695089,0.2521692182948573,0.5873022939356338,2017,D
2017-12-23,Burnley,Tottenham,0.4911369044350191,0.2052719167474196,0.3035911788175615,0.1374167321366088,0.2317842264753844,0.6307990413880068,2017,A
2017-12-23,West Ham,Newcastle,0.2348441017914653,0.2407607135045892,0.5243951847039455,0.4584222730346735,0.2878112343391161,0.2537664926262103,2017,A
2017-12-26,West Brom,Everton,0.2871509488947079,0.3362903128191006,0.3765587382861918,0.3894263276435352,0.3052333456501231,0.3053403267063417,2017,D
2017-12-26,Tottenham,Southampton,0.1391199297662572,0.1545614660655543,0.7063186041681887,0.7075727157062264,0.1878175066895703,0.1046097776042032,2017,H
2017-12-26,Man United,Burnley,0.1012071836054385,0.1330276318093037,0.7657651845852576,0.7726090669771518,0.1581267252878012,0.0692642077350469,2017,D
2017-12-26,Watford,Leicester,0.3769415679207217,0.3134374604803434,0.3096209715989349,0.3821112492415161,0.2751253744849181,0.3427633762735659,2017,H
2017-12-26,Huddersfield,Stoke,0.2891960802833429,0.3324639891475738,0.3783399305690833,0.3864799759108702,0.3067600120445649,0.3067600120445649,2017,D
2017-12-26,Bournemouth,West Ham,0.4235950995039848,0.2981175591059113,0.2782873413901037,0.3472539648987002,0.2964387722009017,0.356307262900398,2017,D
2017-12-26,Liverpool,Swansea,0.0844494443332092,0.1668699098663548,0.7486806458004357,0.8348126132400862,0.1137598419521615,0.0514275448077523,2017,H
2017-12-26,Chelsea,Brighton,0.0789276832558785,0.1390165410388495,0.7820557757052714,0.8108279023637959,0.1326517225321015,0.0565203751041026,2017,H
2017-12-27,Newcastle,Man City,0.643009389585073,0.2261293958497358,0.1308612145651914,0.0741354907721843,0.145491659698899,0.7803728495289166,2017,A
2017-12-28,Crystal Palace,Arsenal,0.5621676559299841,0.2040262389083273,0.2338061051616882,0.2142133976858203,0.2472726224373334,0.5385139798768461,2017,A
2017-12-30,Bournemouth,Everton,0.2648274845122007,0.3379673618864342,0.3972051536013655,0.4073884326181881,0.296305783690906,0.296305783690906,2017,H
2017-12-30,Chelsea,Stoke,0.0907243800819544,0.192282331731957,0.7169932881860881,0.8282501245745195,0.1205053057204729,0.0512445697050074,2017,H
2017-12-30,Liverpool,Leicester,0.0845024525274093,0.1515119488420899,0.7639855986305004,0.7454749199510045,0.1602832307473228,0.0942418493016725,2017,H
2017-12-30,Man United,Southampton,0.090475107061154,0.1865802075686632,0.7229446853701831,0.7136487692091515,0.1793022904424568,0.1070489403483916,2017,D
2017-12-30,Newcastle,Brighton,0.2385186015128578,0.3092369964399952,0.4522444020471471,0.453244887779706,0.3002780324778087,0.2464770797424852,2017,D
2017-12-30,Watford,Swansea,0.2077620008656448,0.257137202806368,0.5351007963279869,0.576505042904585,0.2563115004219879,0.1671834566734269,2017,A
2017-12-30,Huddersfield,Burnley,0.2858400118043583,0.3069692031858598,0.4071907850097822,0.4115265453609332,0.3099501840033782,0.2785232706356885,2017,D
2017-12-31,Crystal Palace,Man City,0.5974098755518356,0.2405046934450447,0.1620854310031198,0.0858306886169283,0.1513853360647327,0.7627839753183389,2017,D
2017-12-31,West Brom,Arsenal,0.6164624848054185,0.214824656243356,0.1687128589512254,0.200948108361229,0.243852360805795,0.5551995308329758,2017,D
2018-01-01,Burnley,Liverpool,0.5421834251030951,0.2706051233089352,0.1872114515879693,0.130596291750113,0.2164222494993216,0.6529814587505653,2017,A
2018-01-01,Stoke,Newcastle,0.2561829130306249,0.3357881284308439,0.4080289585385315,0.4288373853686593,0.2921421829743937,0.279020431656947,2017,A
2018-01-01,Leicester,Huddersfield,0.2136518127368661,0.2586320098949358,0.527716177368198,0.5862188759360754,0.2500994721667204,0.1636816518972041,2017,H
2018-01-01,Brighton,Bournemouth,0.3046222773193558,0.3367347772456031,0.3586429454350412,0.4073537964858524,0.3052264065116499,0.2874197970024976,2017,D
2018-01-01,Everton,Man United,0.4906682258709327,0.2849463592818193,0.224385414847248,0.179766636748301,0.2759969226823952,0.5442364405693039,2017,A
2018-01-02,Man City,Watford,0.0930019759791195,0.1523511268843988,0.7546468971364816,0.831336819112959,0.1149861164624866,0.0536770644245542,2017,H
2018-01-02,Southampton,Crystal Palace,0.209397176825084,0.2559470732756841,0.5346557498992317,0.4942055962499116,0.2733201814074975,0.2324742223425908,2017,A
2018-01-02,Swansea,Tottenham,0.631252806453548,0.2169413566363184,0.1518058369101338,0.0847063191724167,0.1859035182469631,0.7293901625806202,2017,A
2018-01-02,West Ham,West Brom,0.2346689395410982,0.2758916279363024,0.4894394325225994,0.4972087118149635,0.278258947188381,0.2245323409966553,2017,H
2018-01-03,Arsenal,Chelsea,0.2955426541733902,0.3828410302219756,0.3216163156046343,0.3572211966184595,0.2787684693828893,0.3640103339986512,2017,D
2018-01-04,Tottenham,West Ham,0.0947250619948596,0.1559970325001437,0.7492779055049962,0.7491285824941906,0.1594573005422153,0.0914141169635941,2017,D
2018-01-13,Newcastle,Swansea,0.2382757789772689,0.2665984521247685,0.4951257688979627,0.4992282178797588,0.2895179627656711,0.2112538193545699,2017,D
2018-01-13,Huddersfield,West Ham,0.2909198208249451,0.3478426584954718,0.3612375206795832,0.3687781482131368,0.3156109258934316,0.3156109258934316,2017,A
2018-01-13,West Brom,Brighton,0.24350900647458,0.2942523700939974,0.4622386234314225,0.4525142905156427,0.3197799292925587,0.2277057801917985,2017,H
2018-01-13,Watford,Southampton,0.3376439337458443,0.2779335730385117,0.384422493215644,0.3923339813519236,0.2873157584087635,0.3203502602393128,2017,D
2018-01-13,Crystal Palace,Burnley,0.2512659421762604,0.2557415215057524,0.4929925363179873,0.4815838383800714,0.2968246036115367,0.2215915580083918,2017,H
2018-01-13,Chelsea,Leicester,0.0832993121461818,0.1512859744143295,0.7654147134394883,0.7510034430160935,0.1671742817217354,0.081822275262171,2017,D
2018-01-13,Tottenham,Everton,0.0728629201193818,0.1061634934178514,0.8209735864627667,0.7633227591221247,0.1609313605872422,0.0757458802906331,2017,H
2018-01-14,Liverpool,Man City,0.3981085756612591,0.3385962510775641,0.2632951732611769,0.3101097470008002,0.2616238001204041,0.4282664528787956,2017,H
2018-01-14,Bournemouth,Arsenal,0.6130784918066048,0.2038703211185482,0.1830511870748471,0.2036042459956479,0.2390020214018058,0.5573937326025462,2017,H
2018-01-15,Man United,Stoke,0.0678583537932694,0.1971233151185729,0.7350183310881578,0.7887212544542733,0.1374628472048876,0.0738158983408391,2017,H
2018-01-20,West Ham,Bournemouth,0.2037176135011163,0.2834861010200497,0.5127962854788337,0.4881412024269167,0.2677881963596249,0.2440706012134583,2017,D
2018-01-20,Leicester,Watford,0.2235292277118188,0.2527937712360008,0.5236770010521805,0.5265206948510409,0.2515680868293636,0.2219112183195954,2017,H
2018-01-20,Man City,Newcastle,0.0672499110265865,0.0972533982852874,0.8354966906881264,0.8604336001122933,0.0959410012160873,0.0436253986716193,2017,H
2018-01-20,Stoke,Huddersfield,0.2034573685210347,0.2926397210379476,0.5039029104410175,0.4754432607229489,0.2871261030338902,0.2374306362431609,2017,H
2018-01-20,Arsenal,Crystal Palace,0.1431817822637317,0.1956563784455931,0.6611618392906752,0.6430550473103664,0.2110146897380939,0.1459302629515395,2017,H
2018-01-20,Everton,West Brom,0.2721969475990827,0.2700370120097134,0.4577660403912038,0.4539090582632172,0.3055198262506924,0.2405711154860903,2017,D
2018-01-20,Brighton,Chelsea,0.6239757414978316,0.2035580625865859,0.1724661959155822,0.1535375193073185,0.2492852049416818,0.5971772757509994,2017,A
2018-01-20,Burnley,Man United,0.610836703241519,0.2017982216814791,0.1873650750770018,0.1383481833463597,0.247540125484769,0.6141116911688713,2017,A
2018-01-21,Southampton,Tottenham,0.6761208939479079,0.1871713080427766,0.1367077980093158,0.1712284270075668,0.2380497223374338,0.5907218506549994,2017,D
2018-01-22,Swansea,Liverpool,0.646268578659214,0.2173498457198075,0.1363815756209787,0.0881634323894522,0.1712072280454928,0.740629339565055,2017,H
2018-01-30,Swansea,Arsenal,0.5890749310400312,0.2131949654289,0.1977301035310689,0.1426827555515579,0.2158505082085142,0.6414667362399278,2017,H
2018-01-30,West Ham,Crystal Palace,0.3734071508518883,0.2833765003300507,0.343216348818061,0.3156423975129447,0.2984894977065478,0.3858681047805073,2017,D
2018-01-30,Huddersfield,Liverpool,0.6226621022613704,0.2284422411764857,0.1488956565621437,0.0861043212461543,0.1716008816464174,0.7422947971074283,2017,A
2018-01-31,Chelsea,Bournemouth,0.0858893567592427,0.129443025139605,0.7846676181011517,0.7582121636724184,0.1542458536257339,0.0875419827018477,2017,A
2018-01-31,Everton,Leicester,0.3994133427820365,0.28014546718501,0.3204411900329532,0.3230545374975697,0.3051336970696039,0.3718117654328264,2017,H
2018-01-31,Man City,West Brom,0.0785909414991031,0.1064466835660828,0.8149623749348138,0.8449010949832783,0.1047062465501633,0.0503926584665583,2017,H
2018-01-31,Newcastle,Burnley,0.2361253146031919,0.2939179379673615,0.469956747429447,0.4432249056389727,0.3060556535304195,0.2507194408306077,2017,D
2018-01-31,Southampton,Brighton,0.2073694595386814,0.2543830194484466,0.5382475210128717,0.5518633487693586,0.279943344698319,0.1681933065323223,2017,D
2018-01-31,Stoke,Watford,0.227332330397286,0.2692626971996952,0.5034049724030187,0.4328734131942348,0.2791837559396352,0.28794283086613,2017,D
2018-01-31,Tottenham,Man United,0.278670949672399,0.2864198787867464,0.4349091715408547,0.4200821145834218,0.2953905678753692,0.2845273175412088,2017,H
2018-02-03,Arsenal,Everton,0.1020433116832182,0.1491275888552989,0.7488290994614825,0.7392778758258667,0.1749913265152201,0.0857307976589133,2017,H
2018-02-03,West Brom,Southampton,0.3136413194283682,0.3114315817411109,0.3749270988305208,0.3827012852422414,0.3061997007165847,0.3110990140411738,2017,A
2018-02-03,Leicester,Swansea,0.1985096017983301,0.263254796489841,0.5382356017118287,0.5482652534067225,0.2679782395044866,0.1837565070887908,2017,D
2018-02-03,Brighton,West Ham,0.2645601355061645,0.3339396007164735,0.401500263777362,0.4130292470674076,0.3201014629205498,0.2668692900120424,2017,H
2018-02-03,Burnley,Man City,0.5623955073164344,0.2233130635046999,0.2142914291788658,0.0809819115864869,0.1644402235592051,0.7545778648543079,2017,D
2018-02-03,Bournemouth,Stoke,0.2351082435411605,0.2669969388497401,0.4978948176090994,0.5106005701581748,0.2637096793670367,0.2256897504747885,2017,H
2018-02-03,Man United,Huddersfield,0.0737577425520032,0.2572821464632106,0.6689601109847859,0.8348273762540153,0.1146434775513022,0.0505291461946824,2017,H
2018-02-04,Liverpool,Tottenham,0.2150288726802093,0.3238223857158117,0.4611487416039789,0.4652829660267807,0.2627495859980132,0.271967447975206,2017,D
2018-02-04,Crystal Palace,Newcastle,0.241728155393346,0.2806366498970142,0.4776351947096395,0.4772569372411122,0.2904355451597065,0.2323075175991812,2017,D
2018-02-05,Watford,Chelsea,0.6731399605169038,0.1710780364091546,0.155782003073942,0.1566788866016235,0.239867435378009,0.6034536780203675,2017,H
2018-02-10,Tottenham,Arsenal,0.198990872147699,0.2905514170251541,0.510457710827147,0.4784044027461412,0.2554636104429825,0.2661319868108762,2017,H
2018-02-10,Swansea,Burnley,0.2591906846773258,0.3356100350307826,0.4051992802918919,0.3929869981534712,0.3156467609601949,0.2913662408863338,2017,H
2018-02-10,West Ham,Watford,0.3482416414836455,0.2832844881694771,0.3684738703468774,0.381884027164573,0.291298121037682,0.3268178517977449,2017,H
2018-02-10,Man City,Leicester,0.0773154644995676,0.1156000058327575,0.807084529667675,0.7879273700506415,0.1396426228647896,0.0724300070845687,2017,H
2018-02-10,Everton,Crystal Palace,0.2815250932551095,0.2999821666367805,0.41849274010811,0.4201569075128671,0.2931649229356771,0.2866781695514557,2017,H
2018-02-10,Stoke,Brighton,0.2387092173052779,0.296336977662376,0.4649538050323464,0.4359289106987965,0.2962334597511583,0.2678376295500452,2017,D
2018-02-11,Huddersfield,Bournemouth,0.4341265280595062,0.2868724817023087,0.279000990238185,0.2843645383400552,0.3001571604972051,0.4154783011627396,2017,H
2018-02-11,Newcastle,Man United,0.6164795602032996,0.2237151190411674,0.1598053207555329,0.1714880020780967,0.2498465406300704,0.5786654572918327,2017,H
2018-02-11,Southampton,Liverpool,0.5150511278480973,0.2859038476215443,0.1990450245303583,0.2241930563813561,0.2495892898689346,0.5262176537497092,2017,A
2018-02-12,Chelsea,West Brom,0.0995976998968997,0.1608922888303801,0.7395100112727198,0.6954448047155357,0.19337183200395,0.1111833632805143,2017,H
2018-02-24,West Brom,Huddersfield,0.2297004349721399,0.2743052941612284,0.4959942708666318,0.4998494968184229,0.2920221976972132,0.2081283054843636,2017,A
2018-02-24,Burnley,Southampton,0.3150783355999254,0.3359681881048133,0.3489534762952616,0.333061750548849,0.3188601897852979,0.348078059665853,2017,D
2018-02-24,Brighton,Swansea,0.2469143239492209,0.3175377679829132,0.4355479080678658,0.454973270121342,0.3038862610484707,0.2411404688301871,2017,H
2018-02-24,Watford,Everton,0.2308135582027665,0.2807735255600717,0.4884129162371621,0.4326545247554647,0.2922944637085435,0.2750510115359919,2017,H
2018-02-24,Liverpool,West Ham,0.0853634121474307,0.1481919515273929,0.7664446363251759,0.7946521406672813,0.132739485410845,0.0726083739218738,2017,H
2018-02-24,Leicester,Stoke,0.2031911027081148,0.2477488982386554,0.5490599990532297,0.5598881057399117,0.2521383528946586,0.1879735413654297,2017,D
2018-02-24,Bournemouth,Newcastle,0.2453291681363007,0.2829221035452486,0.4717487283184506,0.4592881017100443,0.2795817697119954,0.2611301285779603,2017,D
2018-02-25,Crystal Palace,Tottenham,0.6522696380410704,0.1943455001104541,0.1533848618484755,0.133399209486166,0.2223320158102766,0.6442687747035574,2017,A
2018-02-25,Man United,Chelsea,0.2334392485610562,0.3005906916007433,0.4659700598382004,0.4288363170276501,0.2961589467264036,0.2750047362459462,2017,H
2018-03-01,Arsenal,Man City,0.5176270459605683,0.2716596743941289,0.2107132796453026,0.2134526876171921,0.2436867706954108,0.5428605416873971,2017,A
2018-03-03,Tottenham,Huddersfield,0.0775594721285861,0.12259718703488,0.7998433408365336,0.8036017330010704,0.1350853554152985,0.0613129115836311,2017,H
2018-03-03,Burnley,Everton,0.2561006217590086,0.3469451807279662,0.3969541975130254,0.3860658078315606,0.3164841208254777,0.2974500713429616,2017,H
2018-03-03,Leicester,Bournemouth,0.2059170272872355,0.2446648485832166,0.5494181241295474,0.5190405510829598,0.2543950260131666,0.2265644229038735,2017,D
2018-03-03,Liverpool,Newcastle,0.0736634014236317,0.1320940168899401,0.794242581686428,0.7949353922623561,0.1374123813919933,0.0676522263456506,2017,H
2018-03-03,Southampton,Stoke,0.1948508337990718,0.2368423590295045,0.5683068071714232,0.5541942253034771,0.2581259241550898,0.1876798505414331,2017,D
2018-03-03,Swansea,West Ham,0.3411153911043568,0.2898356196044676,0.3690489892911753,0.3811264622831787,0.2982452601855587,0.3206282775312626,2017,H
2018-03-03,Watford,West Brom,0.2633573572281018,0.2521873550260609,0.4844552877458375,0.464622436970692,0.2916765216183815,0.2437010414109264,2017,H
2018-03-04,Man City,Chelsea,0.1396447147409621,0.1857237013077091,0.674631583951329,0.6001394507837752,0.2321087625612842,0.1677517866549406,2017,H
2018-03-04,Brighton,Arsenal,0.4931976246351549,0.2474289962709278,0.2593733790939172,0.2314004268626001,0.2564249453358629,0.512174627801537,2017,H
2018-03-05,Crystal Palace,Man United,0.7070573771247188,0.1566057909357486,0.1363368319395327,0.1425280726246648,0.2373784286700973,0.6200934987052378,2017,A
2018-03-10,Huddersfield,Swansea,0.2922783045890421,0.3389173841843738,0.3688043112265838,0.3827012852422414,0.3110990140411738,0.3061997007165847,2017,D
2018-03-10,Everton,Brighton,0.2604892246931606,0.2759781487302245,0.4635326265766146,0.4389094004771201,0.3065624527069455,0.2545281468159344,2017,H
2018-03-10,Man United,Liverpool,0.2987646263594286,0.3828095512971673,0.3184258223434041,0.357424083052183,0.2884771059633487,0.3540988109844683,2017,H
2018-03-10,West Ham,Burnley,0.2768437076282408,0.3049663528850195,0.4181899394867397,0.428052903676704,0.3050439885372706,0.2669031077860252,2017,A
2018-03-10,West Brom,Leicester,0.3905030937910887,0.2840123836652711,0.3254845225436403,0.3267842762230722,0.2988826253271592,0.3743330984497685,2017,A
2018-03-10,Chelsea,Crystal Palace,0.1367351778255384,0.2198297681956553,0.6434350539788061,0.7422947971074283,0.1716008816464174,0.0861043212461543,2017,H
2018-03-10,Newcastle,Southampton,0.3770441719347582,0.2986807945445301,0.3242750335207119,0.3504533618905413,0.3053915289617046,0.3441551091477539,2017,H
2018-03-11,Arsenal,Watford,0.1374051213511804,0.2490145721905848,0.6135803064582348,0.6541115583668775,0.2051178838412881,0.1407705577918344,2017,H
2018-03-11,Bournemouth,Tottenham,0.6625684347680085,0.1708167289025803,0.1666148363294116,0.1548758742522379,0.2172811597647344,0.6278429659830277,2017,A
2018-03-12,Stoke,Man City,0.6337476966836263,0.2309549056766848,0.135297397639689,0.0692779624412579,0.1486061761387972,0.7821158614199448,2017,A
2018-03-17,Liverpool,Watford,0.076532685151315,0.1124434863773212,0.8110238284713635,0.8098385026151733,0.1239199856631786,0.066241511721648,2017,H
2018-03-17,Stoke,Everton,0.2881010056332987,0.3149367000191341,0.3969622943475673,0.3929138151632562,0.2966099812242034,0.3104762036125403,2017,A
2018-03-17,Bournemouth,West Brom,0.2362976425429312,0.2708830059929917,0.4928193514640774,0.5236603325510042,0.2753869502556961,0.2009527171932996,2017,H
2018-03-17,Huddersfield,Crystal Palace,0.3657820743363102,0.2937148595718902,0.3405030660917996,0.3324509614242958,0.3107555869231726,0.3567934516525315,2017,A
2018-03-31,West Ham,Southampton,0.4554441230234026,0.2647278328558775,0.27982804412072,0.3416671611438065,0.293866685366893,0.3644661534893004,2017,H
2018-03-31,Watford,Bournemouth,0.3032531649226371,0.2908722295447751,0.4058746055325877,0.4121069365491438,0.2827987530832196,0.3050943103676365,2017,D
2018-03-31,Newcastle,Huddersfield,0.2400188337017238,0.2648834074205666,0.4950977588777092,0.5406479239562303,0.2746707572045437,0.1846813188392261,2017,H
2018-03-31,West Brom,Burnley,0.2635084882703536,0.3414079249918585,0.3950835867377876,0.3764944621779846,0.31173371747582,0.3117718203461953,2017,A
2018-03-31,Everton,Man City,0.5763611243113814,0.2487043281776,0.1749345475110184,0.1081293609577818,0.1890462575452363,0.7028243814969819,2017,A
2018-03-31,Crystal Palace,Liverpool,0.6567372701662475,0.1949315087266526,0.1483312211070999,0.1376977804545005,0.2185164665704494,0.6437857529750499,2017,A
2018-03-31,Brighton,Leicester,0.4311955573329273,0.2794559674661604,0.2893484752009121,0.3503074217229396,0.3003717651770643,0.3493208130999961,2017,A
2018-03-31,Man United,Swansea,0.1240701482024239,0.1546323261228976,0.7212975256746783,0.76515606242497,0.1513542917166866,0.0834896458583433,2017,H
2018-04-01,Arsenal,Stoke,0.1516242129155443,0.1827586936078714,0.665617093476584,0.7324948089848313,0.1717989528102429,0.0957062382049256,2017,H
2018-04-01,Chelsea,Tottenham,0.2681555150641612,0.3869275894153272,0.3449168955205119,0.4088219723415959,0.29005922586617,0.3011188017922341,2017,A
2018-04-07,Bournemouth,Crystal Palace,0.3482538091096636,0.2785875486034093,0.373158642286927,0.3893924326339895,0.2838736415744587,0.3267339257915518,2017,D
2018-04-07,Brighton,Huddersfield,0.2305664279499311,0.2893309348444943,0.4801026372055745,0.5219420887478412,0.2799037127649891,0.1981541984871696,2017,D
2018-04-07,Everton,Liverpool,0.5248015662487842,0.2693939771148282,0.2058044566363874,0.2318255178253395,0.2618426065040196,0.506331875670641,2017,D
2018-04-07,Leicester,Newcastle,0.1965052664298211,0.2874062822741443,0.5160884512960342,0.4932630613401368,0.2749588241924166,0.2317781144674465,2017,A
2018-04-07,West Brom,Swansea,0.2704907667538437,0.3526668076031734,0.3768424256429829,0.4030229340177603,0.3051382215292679,0.2918388444529718,2017,D
2018-04-07,Watford,Burnley,0.3072404172361482,0.3027464114249164,0.3900131713389357,0.4153506910239533,0.3009651445213601,0.2836841644546866,2017,A
2018-04-07,Man City,Man United,0.210443395965877,0.1791771272960282,0.6103794767380945,0.5131015766286139,0.259775033445891,0.227123389925495,2017,A
2018-04-07,Stoke,Tottenham,0.6734809778241738,0.2080055929456244,0.1185134292302021,0.0946021430554979,0.1796349081205652,0.7257629488239369,2017,A
2018-04-08,Arsenal,Southampton,0.1335995658249804,0.2175898647799616,0.6488105693950579,0.6224201159200358,0.216793075320631,0.1607868087593331,2017,H
2018-04-08,Chelsea,West Ham,0.1217510220587644,0.1781454465874522,0.7001035313537833,0.7522085896156034,0.1639347781749482,0.0838566322094483,2017,D
2018-04-14,Burnley,Leicester,0.3130487503763772,0.3147321515151526,0.3722190981084701,0.3652846864747063,0.3055567425485747,0.3291585709767189,2017,H
2018-04-14,Southampton,Chelsea,0.5686458861546433,0.2204820177314276,0.210872096113929,0.2139084691965846,0.2657736327576691,0.5203178980457464,2017,A
2018-04-14,Liverpool,Bournemouth,0.0760323467841972,0.1166861991818812,0.8072814540339215,0.7718509839591154,0.1460175285783659,0.0821314874625185,2017,H
2018-04-14,Huddersfield,Watford,0.3552655140770444,0.2787643053781437,0.3659701805448119,0.3694007561326325,0.3037449774386056,0.3268542664287618,2017,H
2018-04-14,Tottenham,Man City,0.2914099850812454,0.3746330486613513,0.3339569662574036,0.3689857549059431,0.2675192245738378,0.3634950205202191,2017,A
2018-04-14,Crystal Palace,Brighton,0.1968509235331239,0.2724663406993762,0.5306827357674997,0.5076504691440995,0.2795780303348515,0.2127715005210489,2017,H
2018-04-14,Swansea,Everton,0.3157557052411336,0.305533868573497,0.3787104261853696,0.3793267360398754,0.3041368144672776,0.3165364494928469,2017,D
2018-04-15,Man United,West Brom,0.0860189781284708,0.1283657183614991,0.78561530351003,0.8170400224896408,0.1315399032848951,0.051420074225464,2017,A
2018-04-15,Newcastle,Arsenal,0.4699139638694378,0.2694968784168559,0.2605891577137061,0.3009951440427004,0.2670066196806364,0.4319982362766631,2017,H
2018-04-16,West Ham,Stoke,0.2392625185539193,0.2516543739984309,0.5090831074476495,0.4806533151856893,0.2790200272214661,0.2403266575928446,2017,D
2018-04-17,Brighton,Tottenham,0.6404437171038516,0.2023795282691703,0.1571767546269778,0.1540567959252546,0.2255020873397944,0.6204411167349508,2017,D
2018-04-18,Bournemouth,Man United,0.6132347426799956,0.2270940410244659,0.1596712162955383,0.1923410615275357,0.2501204520619719,0.5575384864104924,2017,A
2018-04-19,Leicester,Southampton,0.2977637743369337,0.3027861971206418,0.3994500285424247,0.4162143286426962,0.2831109915382542,0.3006746798190495,2017,D
2018-04-19,Burnley,Chelsea,0.449870009341275,0.2316937643282082,0.3184362263305168,0.2324742223425908,0.2733201814074975,0.4942055962499116,2017,A
2018-04-21,Watford,Crystal Palace,0.4258986479423444,0.2714902353528263,0.3026111167048292,0.3283999823430553,0.291144970406091,0.3804550472508537,2017,D
2018-04-21,West Brom,Liverpool,0.6783213561393864,0.1900642754218977,0.1316143684387162,0.1357568103914847,0.2207288471946599,0.6435143424138554,2017,D
2018-04-22,Man City,Swansea,0.066556148202871,0.1090818235823499,0.8243620282147791,0.8477575318893673,0.1084292353102856,0.0438132328003469,2017,H
2018-04-22,Stoke,Burnley,0.2589988674540822,0.3277646501297842,0.4132364824161337,0.4197133462746517,0.2968395764857451,0.2834470772396031,2017,D
2018-04-22,Arsenal,West Ham,0.1350152268624451,0.2244308977016425,0.6405538754359125,0.624594150902577,0.2116385358948023,0.1637673132026207,2017,H
2018-04-23,Everton,Newcastle,0.2482214701071279,0.3115780151055086,0.4402005147873635,0.4240988725208845,0.2923228917613222,0.2835782357177933,2017,H
2018-04-28,Liverpool,Stoke,0.1150866086478822,0.130950599236912,0.7539627921152057,0.7333440920554231,0.1677116406790432,0.0989442672655337,2017,D
2018-04-28,Newcastle,West Brom,0.2314870987985475,0.2599016637123332,0.5086112374891194,0.5267914780383605,0.2708170883137073,0.2023914336479323,2017,A
2018-04-28,Burnley,Brighton,0.2434579042728143,0.2648419833938755,0.4917001123333104,0.4376385102155891,0.3055952368979286,0.2567662528864822,2017,D
2018-04-28,Swansea,Chelsea,0.6062490974363337,0.2089992625822227,0.1847516399814437,0.1377055237620586,0.2260303449439117,0.6362641312940296,2017,A
2018-04-28,Crystal Palace,Leicester,0.2091413073393568,0.2794185929310531,0.51144009972959,0.4689461361296904,0.2783583988354276,0.2526954650348819,2017,H
2018-04-28,Huddersfield,Everton,0.2909616003315078,0.3372713318347752,0.371767067833717,0.3687781482131368,0.3156109258934316,0.3156109258934316,2017,A
2018-04-28,Southampton,Bournemouth,0.2017838363260531,0.2668537569463057,0.531362406727641,0.5592157928793953,0.2484139743700926,0.192370232750512,2017,H
2018-04-29,Man United,Arsenal,0.1232142871535949,0.1815745772337978,0.6952111356126075,0.6678063544635582,0.2080202477647474,0.1241733977716944,2017,H
2018-04-29,West Ham,Man City,0.6512314962183632,0.2129275955104497,0.1358409082711872,0.1002001021187684,0.1754329528274731,0.7243669450537585,2017,A
2018-04-30,Tottenham,Watford,0.0744777202709821,0.1223458074123062,0.8031764723167117,0.8284291459289739,0.120495925529355,0.0510749285416712,2017,H
2018-05-04,Brighton,Man United,0.476513359164373,0.3071945395788871,0.2162921012567396,0.2082858189510006,0.2712470531235413,0.520467127925458,2017,H
2018-05-05,Bournemouth,Swansea,0.200282873739231,0.2669519543262724,0.5327651719344965,0.4644622060095187,0.2714886712984697,0.2640491226920114,2017,H
2018-05-05,Leicester,West Ham,0.2332538706087438,0.2876841607478733,0.4790619686433826,0.4328734131942348,0.2791837559396352,0.28794283086613,2017,A
2018-05-05,Everton,Southampton,0.375621052399359,0.3006288343927462,0.3237501132078946,0.3351067732793568,0.2964075710581657,0.3684856556624775,2017,D
2018-05-05,West Brom,Tottenham,0.5970052507753091,0.216264671645763,0.1867300775789278,0.1182430075009395,0.2054357515263362,0.6763212409727242,2017,H
2018-05-05,Stoke,Crystal Palace,0.3639263920889399,0.32504536390735,0.3110282440037101,0.3638108528147142,0.2881910899230667,0.347998057262219,2017,A
2018-05-05,Watford,Newcastle,0.2683572526564894,0.3269685338678211,0.4046742134756897,0.4073537964858524,0.2874197970024976,0.3052264065116499,2017,H
2018-05-06,Arsenal,Burnley,0.1337129526298832,0.178382686056762,0.6879043613133543,0.620266294821781,0.2289020629075864,0.1508316422706327,2017,H
2018-05-06,Chelsea,Liverpool,0.212818042059215,0.3104634180820429,0.4767185398587421,0.4372267466255403,0.2709023681503245,0.2918708852241351,2017,H
2018-05-06,Man City,Huddersfield,0.0772497134969311,0.0978560119512352,0.8248942745518337,0.8925190001016956,0.0768517295208653,0.030629270377439,2017,D
2018-05-08,Swansea,Southampton,0.4502463250501619,0.2611910885400539,0.288562586409784,0.3176126421491699,0.2980274887525163,0.3843598690983139,2017,A
2018-05-09,Tottenham,Newcastle,0.0929151613249978,0.1846236357461068,0.7224612029288953,0.8165266873199408,0.1208070147738452,0.0626662979062138,2017,H
2018-05-09,Man City,Brighton,0.074456570272838,0.0977533378993028,0.8277900918278591,0.8561416138694209,0.103133654167754,0.0407247319628249,2017,H
2018-05-09,Leicester,Arsenal,0.533570911195796,0.2273303561472357,0.2390987326569679,0.261188283377034,0.2528857130391592,0.4859260035838065,2017,H
2018-05-09,Chelsea,Huddersfield,0.0784139725158618,0.111312361671117,0.8102736658130211,0.8211162850432614,0.1226677528383502,0.0562159621183883,2017,D
2018-05-10,West Ham,Man United,0.5509721478077241,0.2492185780669404,0.199809274125336,0.211847557876665,0.2546938240643693,0.5334586180589657,2017,D
2018-05-13,Man United,Watford,0.1320601286309585,0.1623092562183759,0.7056306151506655,0.699952013119246,0.1833212946798998,0.1167266922008542,2017,H
2018-05-13,Crystal Palace,West Brom,0.2331326944604526,0.2826471927753724,0.484220112764175,0.5412378256306533,0.2565197710838701,0.2022424032854766,2017,H
2018-05-13,Huddersfield,Arsenal,0.5038418067877743,0.2245948731759661,0.2715633200362593,0.1680947352614703,0.2229252460545951,0.6089800186839345,2017,A
2018-05-13,Burnley,Bournemouth,0.2078061256503921,0.2638754812716796,0.5283183930779284,0.4474468468855747,0.278201452429703,0.2743517006847222,2017,A
2018-05-13,Liverpool,Brighton,0.092117885143449,0.1591598743357729,0.7487222405207774,0.8185585173857891,0.120217754376982,0.0612237282372288,2017,H
2018-05-13,Swansea,Stoke,0.2130443123430766,0.2644240216066323,0.5225316660502909,0.516532918211152,0.2554767910557549,0.227990290733093,2017,A
2018-05-13,Newcastle,Chelsea,0.6462412134300398,0.1908092459785181,0.1629495405914424,0.1488080673772459,0.2330599998563173,0.6181319327664367,2017,H
2018-05-13,Tottenham,Leicester,0.1009888248336972,0.1896054819335509,0.7094056932327519,0.7309757063201241,0.1636501738003589,0.105374119879517,2017,H
2018-05-13,Southampton,Man City,0.6156900799181588,0.1959890308958565,0.1883208891859845,0.1194234607196017,0.1970320656315465,0.6835444736488517,2017,A
2018-05-13,West Ham,Everton,0.3099888475665187,0.2987213855990247,0.391289766834457,0.3971321646744956,0.279159907436769,0.3237079278887354,2017,H
2018-08-10,Man United,Leicester,0.1981155864935732,0.2508383201911143,0.5510460933153124,0.6253525888170879,0.2454211180858601,0.1292262930970519,2018,H
2018-08-11,Bournemouth,Cardiff,0.2732733921371362,0.2551917844543643,0.4715348234084995,0.5075855418367172,0.2756902948306575,0.2167241633326254,2018,H
2018-08-11,Watford,Brighton,0.3228284379754458,0.3163102494486079,0.3608613125759464,0.4075266661567774,0.3053544381116786,0.2871188957315438,2018,H
2018-08-11,Newcastle,Tottenham,0.465565705717321,0.2652198734947958,0.2692144207878833,0.2496392204918271,0.2745851877287835,0.4757755917793892,2018,A
2018-08-11,Wolves,Everton,0.3206162846988624,0.3180709724457353,0.3613127428554021,0.4077555261666352,0.2961222369166825,0.2961222369166825,2018,D
2018-08-11,Fulham,Crystal Palace,0.3698059132994117,0.2967974168076687,0.3333966698929197,0.3889872600837035,0.2874056468282782,0.3236070930880182,2018,A
2018-08-11,Huddersfield,Chelsea,0.582480259806264,0.2123503476274118,0.205169392566324,0.150997482034057,0.2436669477987748,0.6053355701671682,2018,A
2018-08-12,Southampton,Burnley,0.2738989674900638,0.2443761615735148,0.4817248709364217,0.527454397562531,0.2750244888421126,0.1975211135953565,2018,D
2018-08-12,Liverpool,West Ham,0.1905910542061721,0.1581651163741393,0.6512438294196886,0.7858679786930364,0.1453785540779998,0.0687534672289636,2018,H
2018-08-12,Arsenal,Man City,0.4763500294789349,0.2557364087476131,0.2679135617734517,0.2505647880515448,0.2552607542009923,0.4941744577474628,2018,A
2018-08-18,Chelsea,Arsenal,0.1672151313665625,0.2400725985743219,0.5927122700591161,0.5385139798768461,0.2472726224373334,0.2142133976858203,2018,H
2018-08-18,Everton,Southampton,0.2290125721543096,0.2764986517831819,0.4944887760625086,0.5069495527133806,0.2841693756970315,0.2088810715895878,2018,H
2018-08-18,Cardiff,Newcastle,0.3911683020124994,0.3013537707712932,0.3074779272162072,0.3033692375209892,0.3106391199816822,0.3859916424973286,2018,D
2018-08-18,Leicester,Wolves,0.2342834784126108,0.2845113151454334,0.4812052064419558,0.4757755917793892,0.2745851877287836,0.2496392204918272,2018,H
2018-08-18,Tottenham,Fulham,0.1339400252753667,0.1922815667447217,0.6737784079799123,0.7515512982709802,0.1603309436311424,0.0881177580978773,2018,H
2018-08-18,West Ham,Bournemouth,0.2393797765794835,0.3000353412402878,0.4605848821802287,0.4601097396068098,0.2804696439097119,0.2594206164834783,2018,A
2018-08-19,Brighton,Man United,0.5711207061655302,0.2360802159631563,0.1927990778713135,0.1749328334473857,0.267258495544617,0.5578086710079972,2018,H
2018-08-19,Burnley,Watford,0.2718099659653935,0.3656196501988994,0.3625703838357066,0.3972139947329314,0.3107323012067901,0.2920537040602785,2018,A
2018-08-19,Man City,Huddersfield,0.0765830759094493,0.247057042618121,0.6763598814724299,0.8886514382749469,0.0772187464202442,0.0341298153048088,2018,H
2018-08-20,Crystal Palace,Liverpool,0.5949983690855823,0.1973197649092503,0.2076818660051674,0.1391977912688131,0.1963577037041495,0.6644445050270373,2018,A
2018-08-25,Arsenal,West Ham,0.1538509694493788,0.182881023703947,0.6632680068466736,0.7061014714784981,0.1787037262663106,0.1151948022551912,2018,H
2018-08-25,Bournemouth,Everton,0.3237371185518388,0.2937925450355332,0.3824703364126281,0.3698387211730778,0.2759295719605912,0.3542317068663307,2018,D
2018-08-25,Huddersfield,Cardiff,0.2410813778814646,0.317528605291351,0.4413900168271842,0.4168050507074028,0.3157254064012607,0.2674695428913366,2018,D
2018-08-25,Liverpool,Brighton,0.0639651543437676,0.1437304477458066,0.7923043979104265,0.8270448191247195,0.1203188851442371,0.0526362957310433,2018,H
2018-08-25,Southampton,Leicester,0.3002845225969517,0.3203927098760995,0.3793227675269487,0.3965374130520067,0.30050390894462,0.3029586780033731,2018,A
2018-08-25,Wolves,Man City,0.7112750727907088,0.1667133207532154,0.1220116064560756,0.0920056296262846,0.1456447540237151,0.7623496163500001,2018,D
2018-08-26,Watford,Crystal Palace,0.2959463810720861,0.3304257103980748,0.3736279085298395,0.3735820022382745,0.3030674534540645,0.3233505443076609,2018,H
2018-08-26,Fulham,Burnley,0.2105577457381103,0.2946049877740549,0.4948372664878347,0.4812971569600062,0.287347883273131,0.2313549597668628,2018,H
2018-08-26,Newcastle,Chelsea,0.634801317047635,0.1948180164263317,0.1703806665260335,0.1752192610959922,0.2468172260917772,0.5779635128122305,2018,A
2018-08-27,Man United,Tottenham,0.3075057299558557,0.3527753417128207,0.3397189283313236,0.3721976293244876,0.2960508286276938,0.3317515420478185,2018,A
2018-09-01,Brighton,Fulham,0.2365735729107685,0.3020925299615323,0.4613338971276993,0.4286016949152542,0.2878177966101695,0.2835805084745763,2018,D
2018-09-01,Man City,Newcastle,0.0640109335765608,0.1169601541842919,0.8190289122391475,0.8615067143493365,0.0941407235179676,0.0443525621326959,2018,H
2018-09-01,Leicester,Liverpool,0.621673910845329,0.2069218128608795,0.1714042762937915,0.137844997315196,0.1971648469661714,0.6649901557186326,2018,A
2018-09-01,Everton,Huddersfield,0.1816637994297041,0.2482730223733838,0.570063178196912,0.6362797745563277,0.2351889927040227,0.1285312327396495,2018,D
2018-09-01,Crystal Palace,Southampton,0.2343885119213084,0.2786440959289559,0.4869673921497359,0.4881909476143761,0.2794788711180946,0.2323301812675293,2018,A
2018-09-01,Chelsea,Bournemouth,0.1182367954330974,0.134583883115095,0.7471793214518082,0.7454749199510045,0.1602832307473228,0.0942418493016725,2018,H
2018-09-01,West Ham,Wolves,0.3331645766628579,0.2967397977742714,0.3700956255628699,0.3769917716426425,0.2869347417674616,0.3360734865898959,2018,A
2018-09-02,Burnley,Man United,0.6000560511694788,0.1935594475416339,0.206384501288887,0.16090081943009,0.2627297726266057,0.5763694079433044,2018,A
2018-09-02,Cardiff,Arsenal,0.5995006840746381,0.1767241507103917,0.2237751652149696,0.1543798666484465,0.2316567360785081,0.6139633972730452,2018,A
2018-09-02,Watford,Tottenham,0.6053626203237079,0.2123711061237352,0.1822662735525566,0.1745365925465338,0.2272310881104543,0.5982323193430118,2018,H
2018-09-15,Watford,Man United,0.4575517228388643,0.2230224639125086,0.3194258132486272,0.2263484598219597,0.2681551315348753,0.5054964086431649,2018,A
2018-09-15,Man City,Fulham,0.0891582758286977,0.1363202677060265,0.7745214564652759,0.8553457857561164,0.101525600251381,0.0431286139925025,2018,H
2018-09-15,Huddersfield,Crystal Palace,0.3644326641479566,0.3005324657824673,0.335034870069576,0.3008566050324056,0.3103876763248189,0.3887557186427754,2018,A
2018-09-15,Tottenham,Liverpool,0.3581010367889055,0.3422556650726827,0.2996432981384115,0.3233457323393083,0.2672161162525188,0.4094381514081728,2018,A
2018-09-15,Newcastle,Arsenal,0.5618986651421968,0.2056968342210998,0.2324045006367033,0.2347497714152684,0.2601555725752305,0.5050946560095011,2018,A
2018-09-15,Bournemouth,Leicester,0.2694213024417394,0.2905098097094892,0.4400688878487711,0.3971321646744956,0.279159907436769,0.3237079278887354,2018,H
2018-09-15,Chelsea,Cardiff,0.0692701839667479,0.1363323020896083,0.7943975139436437,0.8135714369466536,0.1290065895109974,0.0574219735423488,2018,H
2018-09-16,Everton,West Ham,0.2396050697670994,0.2661989941736963,0.4941959360592045,0.4828995842040632,0.2628473045076875,0.2542531112882492,2018,A
2018-09-16,Wolves,Burnley,0.2078429708177633,0.2513399641612378,0.5408170650209988,0.5599498161855233,0.2682993300059144,0.1717508538085623,2018,H
2018-09-17,Southampton,Brighton,0.2301786584087213,0.283520253043417,0.4863010885478616,0.4595482720999562,0.2880994489343517,0.2523522789656922,2018,D
2018-09-22,Man United,Wolves,0.1585217021372531,0.2265626607485111,0.6149156371142356,0.619190244877151,0.2292646126363423,0.1515451424865066,2018,D
2018-09-22,Liverpool,Southampton,0.0839092875075449,0.1406021504832517,0.775488562009204,0.8020383946501148,0.1353613190234153,0.0626002863264698,2018,H
2018-09-22,Leicester,Huddersfield,0.1859282251921906,0.2524033894614298,0.5616683853463794,0.6053355701671682,0.2436669477987748,0.150997482034057,2018,H
2018-09-22,Fulham,Watford,0.3282352657944373,0.288185391670624,0.3835793425349388,0.3942513905438338,0.2791351476931058,0.3266134617630604,2018,D
2018-09-22,Crystal Palace,Newcastle,0.2565311648971051,0.2703874880193089,0.473081347083586,0.4496116212166773,0.2879054656022676,0.262482913181055,2018,D
2018-09-22,Cardiff,Man City,0.6868344603417907,0.1704295876205469,0.1427359520376623,0.0482614357731766,0.1200745275968863,0.8316640366299368,2018,A
2018-09-22,Burnley,Bournemouth,0.4059316742838018,0.326047788262179,0.268020537454019,0.3323708085208424,0.2897266296311098,0.3779025618480476,2018,H
2018-09-22,Brighton,Tottenham,0.5395774174513079,0.2484046314027554,0.2120179511459366,0.1979407228538167,0.2508055868426668,0.5512536903035166,2018,A
2018-09-23,West Ham,Chelsea,0.660501463449853,0.1881494956516437,0.1513490408985031,0.1637075220476976,0.2198938061314111,0.6163986718208913,2018,D
2018-09-23,Arsenal,Everton,0.1473530043358376,0.193304110214107,0.6593428854500555,0.6605368535518769,0.2011221980052924,0.1383409484428306,2018,H
2018-09-29,West Ham,Man United,0.559386175408203,0.2038508584789469,0.2367629661128497,0.2243252117409468,0.2551045773155853,0.5205702109434678,2018,H
2018-09-29,Newcastle,Leicester,0.3459053034057412,0.298770848069939,0.3553238485243196,0.3749684339514069,0.294820684144943,0.3302108819036501,2018,A
2018-09-29,Man City,Brighton,0.0772250699832454,0.1723820633519525,0.750392866664803,0.8851965372247854,0.0840120569577349,0.0307914058174797,2018,H
2018-09-29,Wolves,Southampton,0.215540667541915,0.2705249572827539,0.5139343751753312,0.5354163203231309,0.2714809957453621,0.1931026839315071,2018,H
2018-09-29,Everton,Fulham,0.2033733252886171,0.2659962435733116,0.5306304311380712,0.5515929113389729,0.2354865178754198,0.2129205707856072,2018,H
2018-09-29,Chelsea,Liverpool,0.3817034351564982,0.314903099107269,0.3033934657362326,0.340170192480753,0.2706578527940393,0.3891719547252077,2018,D
2018-09-29,Huddersfield,Tottenham,0.6690340114790384,0.1741347795138177,0.1568312090071438,0.1203641014067554,0.213245066325635,0.6663908322676095,2018,A
2018-09-29,Arsenal,Watford,0.165103417057137,0.188175889459678,0.6467206934831847,0.6631586427057325,0.1947399237370919,0.1421014335571754,2018,H
2018-09-30,Cardiff,Burnley,0.2987029650594731,0.3266814734317947,0.3746155615087319,0.3728148567370987,0.3212263227010734,0.3059588205618279,2018,A
2018-10-01,Bournemouth,Crystal Palace,0.2692770004365295,0.3093614266648487,0.4213615728986217,0.4283816832891598,0.2793857820200731,0.292232534690767,2018,H
2018-10-05,Brighton,West Ham,0.3315394954803303,0.3179248374696405,0.3505356670500286,0.364474546317947,0.2948747002001671,0.3406507534818857,2018,H
2018-10-06,Leicester,Everton,0.2372332126299098,0.281331140713465,0.4814356466566251,0.4375199293580907,0.2831011307611175,0.2793789398807917,2018,A
2018-10-06,Burnley,Huddersfield,0.2591078682688076,0.2775308265638339,0.4633613051673586,0.458631880747092,0.3098875255730286,0.2314805936798793,2018,D
2018-10-06,Crystal Palace,Wolves,0.3463057885100552,0.3221201027180738,0.3315741087718711,0.3327591017981146,0.3013019636477196,0.3659389345541658,2018,A
2018-10-06,Watford,Bournemouth,0.2088643869777133,0.2668778874762548,0.5242577255460319,0.4538391183112537,0.2672580148605241,0.2789028668282222,2018,A
2018-10-06,Man United,Newcastle,0.1688226951392576,0.2246162841904382,0.6065610206703037,0.6685256685256685,0.2139282139282139,0.1175461175461175,2018,H
2018-10-06,Tottenham,Cardiff,0.1243888265690471,0.2063103362100873,0.6693008372208658,0.7872265175771572,0.1424177228510016,0.0703557595718412,2018,H
2018-10-07,Fulham,Arsenal,0.6002956977607377,0.2304837010481076,0.1692206011911548,0.1884199838014532,0.2229457751202006,0.588634241078346,2018,A
2018-10-07,Liverpool,Man City,0.3401135395557474,0.3087084187386417,0.351178041705611,0.3821857463644599,0.267533135258835,0.350281118376705,2018,D
2018-10-07,Southampton,Chelsea,0.6844074217357639,0.1697083814480179,0.145884196816218,0.1602845463927193,0.2405297829659994,0.5991856706412813,2018,A
2018-10-20,Newcastle,Brighton,0.2359230419812028,0.3121199496338352,0.4519570083849615,0.4375267404319759,0.2984553232070696,0.2640179363609544,2018,A
2018-10-20,West Ham,Tottenham,0.4859614692566108,0.2757836653348716,0.2382548654085179,0.2322850056156901,0.2537141249850019,0.514000869399308,2018,A
2018-10-20,Wolves,Watford,0.1662962945349896,0.22107792153697,0.6126257839280402,0.554725201727136,0.2619489544054341,0.1833258438674299,2018,A
2018-10-20,Bournemouth,Southampton,0.1995823636005473,0.2789734012631873,0.5214442351362658,0.476180026156657,0.2673119762657053,0.2565079975776377,2018,D
2018-10-20,Cardiff,Fulham,0.3368476220859901,0.3021447083960581,0.3610076695179514,0.3900797620217539,0.2798567639098711,0.330063474068375,2018,H
2018-10-20,Chelsea,Man United,0.175889574579193,0.2285810812097658,0.5955293442110411,0.5551450538826674,0.2568581527161692,0.1879967934011633,2018,D
2018-10-20,Huddersfield,Liverpool,0.6884780159984227,0.1648932206760415,0.1466287633255362,0.0876275678767355,0.1793755794935662,0.7329968526296982,2018,A
2018-10-20,Man City,Burnley,0.0707331272060268,0.2111339756268659,0.7181328971671077,0.8922468414059274,0.0752447442683931,0.0325084143256795,2018,H
2018-10-21,Everton,Crystal Palace,0.2257231450006968,0.2820865016654288,0.4921903533338743,0.520467127925458,0.2712470531235413,0.2082858189510006,2018,H
2018-10-22,Arsenal,Leicester,0.1393052103201023,0.1579108771474617,0.702783912532436,0.6344024115087858,0.2177321882391867,0.1478654002520275,2018,H
2018-10-27,Brighton,Wolves,0.3604023997984701,0.3170176268327905,0.3225799733687394,0.3055640243902439,0.3055640243902439,0.3888719512195122,2018,H
2018-10-27,Fulham,Bournemouth,0.4074684746079065,0.3117197198209059,0.2808118055711873,0.3434383721649879,0.2562191718380534,0.4003424559969585,2018,A
2018-10-27,Leicester,West Ham,0.2455572775686163,0.2869613177954236,0.4674814046359603,0.4594453308357066,0.2796761071873928,0.2608785619769006,2018,D
2018-10-27,Liverpool,Cardiff,0.073991836981926,0.1760387567365229,0.7499694062815517,0.8690590602222368,0.0916218123061044,0.0393191274716588,2018,H
2018-10-27,Southampton,Newcastle,0.2482842859645732,0.2726016601989943,0.4791140538364328,0.4585380381413169,0.2896754139098289,0.2517865479488542,2018,D
2018-10-27,Watford,Huddersfield,0.1813649870993285,0.2473742957224369,0.5712607171782351,0.5541942253034771,0.2581259241550898,0.1876798505414331,2018,H
2018-10-28,Burnley,Chelsea,0.6723024231511562,0.1651954905415241,0.1625020863073197,0.0874476993107282,0.1973816938372685,0.7151706068520032,2018,A
2018-10-28,Crystal Palace,Arsenal,0.5573664844448231,0.2623174126086585,0.1803161029465179,0.2126732311626033,0.2410758440217633,0.5462509248156333,2018,D
2018-10-28,Man United,Everton,0.1886038975734174,0.271431422702071,0.5399646797245116,0.5671862094497414,0.2497021549304177,0.1831116356198409,2018,H
2018-10-29,Tottenham,Man City,0.5431138055262079,0.2509910157375899,0.205895178736202,0.212975877292612,0.2354345666218682,0.5515895560855197,2018,A
2018-11-03,Everton,Brighton,0.1813096478908949,0.2695636006990328,0.5491267514100722,0.6053355701671682,0.2436669477987748,0.150997482034057,2018,H
2018-11-03,Cardiff,Leicester,0.4360113640897887,0.2623637707869973,0.3016248651232144,0.261214741059294,0.2883953371438865,0.4503899217968194,2018,A
2018-11-03,Arsenal,Liverpool,0.4342091169606519,0.2542886490090224,0.3115022340303259,0.2607466063348416,0.2516968325791855,0.4875565610859728,2018,D
2018-11-03,West Ham,Burnley,0.2026535892666754,0.24967663869053,0.5476697720427945,0.5500924525130274,0.2620048187370426,0.1879027287499299,2018,H
2018-11-03,Wolves,Tottenham,0.4003168737186686,0.2960053389098001,0.3036777873715311,0.3156510499138947,0.2873762958271206,0.3969726542589846,2018,A
2018-11-03,Bournemouth,Man United,0.4409089900183621,0.242029351142262,0.3170616588393756,0.26771404415798,0.2678237498325012,0.4644622060095188,2018,A
2018-11-03,Newcastle,Watford,0.3775624196524393,0.3226460821021518,0.2997914982454095,0.3558832493739557,0.2979030426969377,0.3462137079291065,2018,H
2018-11-04,Chelsea,Crystal Palace,0.0778347778579033,0.1453357491607431,0.7768294729813539,0.7691294724416732,0.1518340319031349,0.0790364956551919,2018,H
2018-11-04,Man City,Southampton,0.1361654799799101,0.1223319750606592,0.7415025449594314,0.8674682647516685,0.0930797154582615,0.0394520197900699,2018,H
2018-11-05,Huddersfield,Fulham,0.2539602918470438,0.3139567685976087,0.4320829395553478,0.4239327241350044,0.2838041417942116,0.2922631340707839,2018,H
2018-11-10,Newcastle,Bournemouth,0.3723482527605624,0.3166762453892716,0.3109755018501656,0.3413941241685144,0.2877979490022173,0.3708079268292682,2018,H
2018-11-10,Leicester,Burnley,0.1498672938366335,0.2689062779478068,0.5812264282155596,0.6478720073349082,0.2229491487972734,0.1291788438678184,2018,D
2018-11-10,Southampton,Watford,0.3192357779719185,0.2956333357681613,0.38513088625992,0.3928474452614805,0.2916164971187366,0.3155360576197829,2018,D
2018-11-10,Huddersfield,West Ham,0.4024266119789339,0.2952267695621486,0.3023466184589174,0.2830594690514441,0.2984108161267413,0.4185297148218145,2018,D
2018-11-10,Cardiff,Brighton,0.2881530062985968,0.3309092545872036,0.3809377391141992,0.3781050126431653,0.3109474936784174,0.3109474936784174,2018,H
2018-11-10,Crystal Palace,Tottenham,0.5583220232025787,0.2491690806874309,0.19250889610999,0.21395184775304,0.2584614150113844,0.5275867372355756,2018,A
2018-11-11,Man City,Man United,0.1012960874134229,0.1682344872313637,0.730469425355214,0.6902241594022416,0.1886052303860523,0.1211706102117061,2018,H
2018-11-11,Liverpool,Fulham,0.0820761145994728,0.2092159666889803,0.7087079187115474,0.8663618919281175,0.0942613901199812,0.0393767179519012,2018,H
2018-11-11,Arsenal,Wolves,0.1246958105536234,0.1866516969406498,0.688652492505727,0.5895685194131255,0.2315345911229581,0.1788968894639164,2018,D
2018-11-11,Chelsea,Everton,0.1157774942964255,0.1339403181932196,0.7502821875103554,0.6895120246256485,0.193419261475822,0.1170687138985295,2018,D
2018-11-24,Fulham,Southampton,0.3874029799809261,0.2813565325922412,0.3312404874268326,0.3730265077963841,0.2795037818584642,0.3474697103451516,2018,H
2018-11-24,Man United,Crystal Palace,0.1451194746328591,0.1915816191694725,0.6632989061976686,0.6870177653810527,0.1927541256772631,0.1202281089416842,2018,D
2018-11-24,West Ham,Man City,0.6852302992234446,0.1738391911934581,0.1409305095830976,0.0827129485743196,0.1508980521123197,0.7663889993133605,2018,A
2018-11-24,Watford,Liverpool,0.6395062587184223,0.1878341815784905,0.1726595597030878,0.1540567959252546,0.2255020873397944,0.6204411167349508,2018,A
2018-11-24,Everton,Cardiff,0.1519546477846816,0.1967258467661171,0.6513195054492013,0.6871924955555476,0.1974081450156223,0.1153993594288299,2018,H
2018-11-24,Brighton,Leicester,0.3852025268204792,0.2798587503009341,0.3349387228785868,0.3358495485105757,0.2927683478922314,0.3713821035971929,2018,D
2018-11-24,Tottenham,Chelsea,0.3307910950700485,0.3435543485176602,0.3256545564122912,0.3504594992823301,0.2753200934876217,0.3742204072300481,2018,H
2018-11-25,Bournemouth,Arsenal,0.4633344242375055,0.2733541883166611,0.263311387445833,0.2698593986319529,0.2518687720564895,0.4782718293115574,2018,A
2018-11-25,Wolves,Huddersfield,0.1694653210413056,0.2508128125773064,0.5797218663813877,0.6434224892867972,0.2319675400036743,0.1246099707095284,2018,A
2018-11-26,Burnley,Newcastle,0.3466211973392537,0.3309823831819535,0.3223964194787932,0.3389263608044465,0.3066377418256367,0.3544358973699167,2018,A
2018-11-30,Cardiff,Wolves,0.434081042039826,0.2609639859468154,0.3049549720133588,0.2640179363609544,0.2984553232070696,0.4375267404319759,2018,H
2018-12-01,Crystal Palace,Burnley,0.2013314267147258,0.2577022343065748,0.540966338978699,0.5948838303082735,0.2512146448352372,0.153901524856489,2018,H
2018-12-01,Huddersfield,Brighton,0.2624584257070463,0.3370738179905364,0.4004677563024172,0.3967167104196658,0.3204942475895525,0.2827890419907816,2018,A
2018-12-01,Leicester,Watford,0.2520137427423005,0.2960302089687243,0.4519560482889752,0.4328504633881606,0.2918510478416966,0.2752984887701428,2018,H
2018-12-01,Man City,Bournemouth,0.0880406476718903,0.1185061730185961,0.7934531793095144,0.8690590602222368,0.0916218123061044,0.0393191274716588,2018,H
2018-12-01,Newcastle,West Ham,0.2957350049456375,0.3044474172989332,0.399817577755429,0.3895194343534987,0.2943650214912585,0.3161155441552428,2018,A
2018-12-01,Southampton,Man United,0.5373734387867765,0.2291146200007856,0.2335119412124378,0.2263484598219597,0.2681551315348753,0.5054964086431649,2018,D
2018-12-02,Arsenal,Tottenham,0.2961129566390355,0.3724602152642526,0.3314268280967116,0.3773447327559587,0.2682626870330125,0.3543925802110287,2018,H
2018-12-02,Chelsea,Fulham,0.0737644914337622,0.1677851359635536,0.7584503726026849,0.8215537510003288,0.1201524842273739,0.0582937647722972,2018,H
2018-12-02,Liverpool,Everton,0.0958514980065458,0.1723069647282081,0.7318415372652467,0.6974592247954753,0.1924952868533476,0.1100454883511769,2018,H
2018-12-04,Watford,Man City,0.720777515863782,0.1801610643463161,0.0990614197899013,0.0896020320162818,0.1639418836631526,0.7464560843205655,2018,A
2018-12-04,West Ham,Cardiff,0.1879293491877111,0.262696096323534,0.5493745544887546,0.591407108964319,0.2409650383030939,0.167627852732587,2018,H
2018-12-04,Bournemouth,Huddersfield,0.2081299555188645,0.2537182608984614,0.538151783582674,0.5801145444548417,0.2526597335520044,0.1672257219931536,2018,H
2018-12-04,Brighton,Crystal Palace,0.3312428261561434,0.3437629956154878,0.324994178228369,0.3298258390433107,0.3162158043670474,0.3539583565896417,2018,H
2018-12-05,Man United,Arsenal,0.2777016689980155,0.3424305414916293,0.3798677895103554,0.4054109453942118,0.2711538287995029,0.3234352258062852,2018,D
2018-12-05,Wolves,Chelsea,0.5537703807924231,0.2653788250991827,0.1808507941083935,0.1978647119082405,0.2588627470737401,0.5432725410180195,2018,H
2018-12-05,Tottenham,Southampton,0.0920022389678754,0.1915389672814161,0.7164587937507086,0.7057431222048566,0.1873435548492155,0.1069133229459278,2018,H
2018-12-05,Burnley,Liverpool,0.6808366367434925,0.1904520590237611,0.128711304232746,0.0760195515932999,0.1671648358392752,0.7568156125674248,2018,A
2018-12-05,Fulham,Leicester,0.3912929747651489,0.2814819654726097,0.3272250597622415,0.3205321627606763,0.2787321186805344,0.4007357185587892,2018,D
2018-12-05,Everton,Newcastle,0.1513980207928522,0.2308577569660183,0.6177442222411296,0.6059085607165651,0.2463393485360938,0.1477520907473411,2018,D
2018-12-08,Burnley,Brighton,0.3580732046793287,0.3339859132819978,0.3079408820386731,0.3358281145359947,0.3065321416119837,0.3576397438520217,2018,H
2018-12-08,Cardiff,Southampton,0.3911429555052201,0.2974568401992056,0.3114002042955742,0.3379366203616223,0.2986118497699347,0.3634515298684429,2018,H
2018-12-08,West Ham,Crystal Palace,0.2541970291897075,0.2983933592913316,0.4474096115189608,0.4286016949152542,0.2835805084745763,0.2878177966101695,2018,H
2018-12-08,Bournemouth,Liverpool,0.6255532544393442,0.2183076329429866,0.1561391126176695,0.1717609043095813,0.2188166793268071,0.6094224163636115,2018,A
2018-12-08,Leicester,Tottenham,0.4430490412680028,0.2805233344008059,0.2764276243311914,0.2492960912360401,0.2648885576377058,0.485815351126254,2018,A
2018-12-08,Man United,Fulham,0.1481020901723392,0.1948109325967471,0.6570869772309134,0.7252139868942944,0.1715167427783234,0.103269270327382,2018,H
2018-12-08,Chelsea,Man City,0.4849897685375854,0.2933487044382675,0.2216615270241477,0.2439070570418655,0.2569179151426735,0.499175027815461,2018,H
2018-12-08,Arsenal,Huddersfield,0.0815299360178064,0.1432171130178486,0.7752529509643452,0.7506696157758677,0.1635921892158418,0.0857381950082904,2018,H
2018-12-09,Newcastle,Wolves,0.3451365058953525,0.3320097810911254,0.3228537130135223,0.3347215680780724,0.3055293338844915,0.359749098037436,2018,A
2018-12-10,Everton,Watford,0.1958383563204731,0.2649897679591408,0.5391718757203868,0.5432725410180195,0.2588627470737401,0.1978647119082405,2018,D
2018-12-15,Crystal Palace,Leicester,0.3172382635452104,0.3125575242108472,0.3702042122439422,0.3725628616443204,0.3009488689426987,0.3264882694129809,2018,H
2018-12-15,Fulham,West Ham,0.4306858737695871,0.3044258204401215,0.264888305790291,0.3351699921699982,0.2714522101311263,0.3933777976988755,2018,A
2018-12-15,Huddersfield,Newcastle,0.2889167487291019,0.3316001744568794,0.3794830768140189,0.373832081494354,0.3156488355352611,0.3105190829703849,2018,A
2018-12-15,Man City,Everton,0.0756135026593613,0.1482751954051213,0.776111301935518,0.7897908536212658,0.1330257337851281,0.0771834125936062,2018,H
2018-12-15,Tottenham,Burnley,0.0649614413593382,0.1143850580549882,0.8206535005856734,0.8177223359943706,0.126784086738554,0.0554935772670753,2018,H
2018-12-15,Watford,Cardiff,0.1858628616871982,0.2576133001107192,0.5565238382020823,0.5829787307381421,0.2458879599421146,0.1711333093197432,2018,H
2018-12-15,Wolves,Bournemouth,0.2186926851219328,0.2657958463653236,0.515511468512744,0.4955438517515661,0.2722041569622293,0.2322519912862045,2018,H
2018-12-16,Liverpool,Man United,0.1174114698820479,0.1789908881059219,0.7035976420120308,0.6213297329629213,0.2181615059318096,0.1605087611052689,2018,H
2018-12-16,Brighton,Chelsea,0.6353171650844802,0.1795504578910227,0.185132377024497,0.1246592517694641,0.2143700707785641,0.6609706774519717,2018,A
2018-12-16,Southampton,Arsenal,0.4948014991018519,0.2706188758748634,0.2345796250232844,0.2382240228115317,0.2539997147904881,0.5077762623979801,2018,H
2018-12-21,Wolves,Liverpool,0.6067859770108368,0.2323829762239762,0.1608310467651873,0.1428176280915739,0.2438095141633735,0.6133728577450526,2018,A
2018-12-22,Huddersfield,Southampton,0.4053774440939176,0.3070670833751093,0.2875554725309727,0.3109474936784174,0.3109474936784174,0.3781050126431653,2018,A
2018-12-22,Newcastle,Fulham,0.2458491310090741,0.2694433932973598,0.4847074756935665,0.4862987987987988,0.2705518018018018,0.2431493993993994,2018,D
2018-12-22,Man City,Crystal Palace,0.0609962530835216,0.1025521557113935,0.8364515912050853,0.8413836721749577,0.1082165722319611,0.0503997555930812,2018,A
2018-12-22,West Ham,Watford,0.2961463129625496,0.2857064380334277,0.4181472490040226,0.4158682953109403,0.2743648915963764,0.3097668130926831,2018,A
2018-12-22,Chelsea,Leicester,0.0769670847885155,0.1223422362427278,0.8006906789687568,0.7243094157124526,0.1837937228583649,0.0918968614291824,2018,A
2018-12-22,Cardiff,Man United,0.596794300725547,0.1734995769420868,0.2297061223323657,0.1576651544857795,0.2348765560108691,0.6074582895033513,2018,A
2018-12-22,Bournemouth,Brighton,0.2127268080865567,0.2772198934710476,0.5100532984423958,0.5136870431165738,0.2638819277395041,0.222431029143922,2018,H
2018-12-22,Arsenal,Burnley,0.0859226740206134,0.1517000067855656,0.7623773191938211,0.7808922227066002,0.1512964935306198,0.0678112837627799,2018,H
2018-12-23,Everton,Tottenham,0.411853166144911,0.3162516788122961,0.2718951550427926,0.2982874055280963,0.2788550171425599,0.4228575773293437,2018,A
2018-12-26,Crystal Palace,Cardiff,0.1992988847588039,0.2604841069258822,0.5402170083153139,0.583034973574164,0.2412356257189037,0.1757294007069321,2018,D
2018-12-26,Brighton,Arsenal,0.5758204843554631,0.2435670283302194,0.1806124873143175,0.1836955701128519,0.2472824982288391,0.5690219316583089,2018,D
2018-12-26,Burnley,Everton,0.45778706741562,0.2593143406844814,0.2828985918998986,0.2222855183451274,0.2790057899681362,0.4987086916867363,2018,A
2018-12-26,Leicester,Man City,0.6231173092530384,0.1945361661182987,0.1823465246286627,0.1069133229459278,0.1873435548492155,0.7057431222048567,2018,H
2018-12-26,Fulham,Wolves,0.4105612765227001,0.28509592080105,0.3043428026762497,0.2974270018968091,0.2885675903962524,0.4140054077069383,2018,D
2018-12-26,Watford,Chelsea,0.5589881451131808,0.2384508904046312,0.2025609644821877,0.1880214318009682,0.2535090902284004,0.5584694779706314,2018,A
2018-12-26,Man United,Huddersfield,0.081624110100006,0.1805653489285249,0.737810540971469,0.7818711220197955,0.1514875746765555,0.0666413033036489,2018,H
2018-12-26,Tottenham,Bournemouth,0.0813406037308378,0.1341555793447436,0.784503816924419,0.7136487692091515,0.1793022904424568,0.1070489403483916,2018,H
2018-12-26,Liverpool,Newcastle,0.0866218730185488,0.1089216293676943,0.8044564976137575,0.8282060565393083,0.1165286062230187,0.0552653372376727,2018,H
2018-12-27,Southampton,West Ham,0.271789525062095,0.3185934330023679,0.4096170419355368,0.4282770690730271,0.2752711366343753,0.2964517942925976,2018,A
2018-12-29,Tottenham,Wolves,0.0996307589591819,0.1395463729171157,0.7608228681237027,0.7083607517431091,0.1839037379176717,0.1077355103392191,2018,A
2018-12-29,Liverpool,Arsenal,0.123603951948059,0.1859002723103991,0.6904957757415421,0.6308777429467085,0.2079937304075235,0.161128526645768,2018,H
2018-12-29,Watford,Newcastle,0.23878181203235,0.2632712021664887,0.4979469858011614,0.517354464018869,0.2621909354528638,0.2204546005282671,2018,D
2018-12-29,Fulham,Huddersfield,0.2500027931640515,0.2601578225050686,0.48983938433088,0.4670826853826766,0.2823856227097168,0.2505316919076065,2018,H
2018-12-29,Leicester,Cardiff,0.1274989599498822,0.235990260133658,0.6365107799164597,0.606064470873322,0.2363613174760067,0.1575742116506711,2018,A
2018-12-29,Brighton,Everton,0.430286927522821,0.2676219926504464,0.3020910798267325,0.2794585156308888,0.2813253883060551,0.4392160960630559,2018,H
2018-12-30,Southampton,Man City,0.6578919920136422,0.1776605190309259,0.1644474889554315,0.0972351486085544,0.1849714626189565,0.717793388772489,2018,A
2018-12-30,Burnley,West Ham,0.438835776762721,0.2990352020558345,0.262129021181444,0.289986917569238,0.2879665964414987,0.4220464859892633,2018,H
2018-12-30,Crystal Palace,Chelsea,0.5778958716042815,0.2233838761488632,0.1987202522468552,0.1941424705470049,0.2427460388982432,0.5631114905547518,2018,A
2018-12-30,Man United,Bournemouth,0.0822296622544289,0.1820885054936888,0.7356818322518827,0.7117368457272744,0.1897428553643796,0.098520298908346,2018,H
2019-01-01,Everton,Leicester,0.2531049685235916,0.2630394094478193,0.4838556220285892,0.4767866120502578,0.2797793423545159,0.2434340455952262,2018,A
2019-01-01,Cardiff,Tottenham,0.6174251108186615,0.2198325643814178,0.1627423247999204,0.1309134281195182,0.212238318893475,0.6568482529870067,2018,A
2019-01-01,Arsenal,Fulham,0.0830180948269758,0.1362607636729837,0.7807211415000407,0.7233432059902316,0.1710840230213837,0.1055727709883845,2018,H
2019-01-02,West Ham,Brighton,0.2386569226681824,0.301077624321485,0.4602654530103326,0.4921215580462156,0.2649309879618098,0.2429474539919745,2018,D
2019-01-02,Newcastle,Man United,0.6549979036120936,0.183425776620413,0.1615763197674935,0.1603242787099004,0.2346841980850323,0.6049915232050673,2018,A
2019-01-02,Wolves,Crystal Palace,0.2350684291145079,0.284359556703864,0.4805720141816282,0.4816212509408428,0.2897609394472817,0.2286178096118752,2018,A
2019-01-02,Chelsea,Southampton,0.090377605877356,0.1514157760468094,0.7582066180758347,0.752605911641876,0.1577574843396034,0.0896366040185205,2018,D
2019-01-02,Bournemouth,Watford,0.3619629644234656,0.3045139298822608,0.333523105694273,0.3780230635710296,0.2715040057583948,0.3504729306705756,2018,D
2019-01-02,Huddersfield,Burnley,0.2305760810674711,0.3136268328329357,0.455797086099593,0.4485923732311305,0.3103873278952518,0.2410202988736176,2018,A
2019-01-03,Man City,Liverpool,0.2631255828067351,0.2819567605666201,0.4549176566266444,0.4691060905925018,0.2524448697098107,0.2784490396976874,2018,H
2019-01-12,Leicester,Southampton,0.1930717744659914,0.2513197481440558,0.5556084773899527,0.4976296552738645,0.2744100956816618,0.2279602490444736,2018,A
2019-01-12,Crystal Palace,Watford,0.2471771624031334,0.2779042862090994,0.474918551387767,0.4330570276408695,0.2876411785609443,0.2793017937981861,2018,A
2019-01-12,Chelsea,Newcastle,0.0758631324652133,0.1548797141760513,0.769257153358736,0.7871423751679361,0.145321914933752,0.067535709898312,2018,H
2019-01-12,West Ham,Arsenal,0.4786580145386604,0.2426763877804808,0.2786655976808585,0.275321074419948,0.2488244921536536,0.4758544334263984,2018,H
2019-01-12,Burnley,Fulham,0.2913429883994106,0.3222456990384348,0.3864113125621547,0.4053109989445493,0.2962100705787747,0.298478930476676,2018,H
2019-01-12,Brighton,Liverpool,0.6660240041780738,0.185120586156717,0.1488554096652094,0.0918394010314596,0.1676514545634421,0.7405091444050982,2018,A
2019-01-12,Cardiff,Huddersfield,0.259682848612571,0.2820012052649066,0.4583159461225222,0.4312116502987872,0.3022733462567487,0.266515003444464,2018,D
2019-01-13,Tottenham,Man United,0.2236475391849619,0.2867435939851103,0.4896088668299279,0.4700150247878124,0.2639843231910079,0.2660006520211795,2018,A
2019-01-13,Everton,Bournemouth,0.2140530594146901,0.2655486695364868,0.5203982710488227,0.5508072492577499,0.2440446045839392,0.2051481461583109,2018,H
2019-01-14,Man City,Wolves,0.0616671595600842,0.1100181696001552,0.828314670839761,0.8135761406009899,0.1239623641474056,0.0624614952516043,2018,H
2019-01-19,Wolves,Leicester,0.2733503721556738,0.3199469823122391,0.4067026455320868,0.41209039241728,0.3006768106629582,0.2872327969197616,2018,H
2019-01-19,Watford,Burnley,0.1587354236867356,0.2351263060460222,0.6061382702672414,0.5884080136826899,0.2405118333253078,0.1710801529920022,2018,D
2019-01-19,Southampton,Everton,0.3634654467255143,0.3101973017578783,0.3263372515166074,0.3564092302811326,0.2872319126420321,0.3563588570768354,2018,H
2019-01-19,Newcastle,Cardiff,0.2206791527161537,0.2790001066117453,0.500320740672101,0.4930063203829186,0.2892087751315586,0.2177849044855228,2018,H
2019-01-19,Liverpool,Crystal Palace,0.0656508082363276,0.0971061228318659,0.8372430689318076,0.8090726120688259,0.1305626878913839,0.0603647000397903,2018,H
2019-01-19,Bournemouth,West Ham,0.3335598010683406,0.29693046839279,0.3695097305388696,0.4083055692978293,0.2677938766352922,0.3239005540668784,2018,H
2019-01-19,Arsenal,Chelsea,0.3891649240618184,0.3146295862947537,0.2962054896434279,0.3159253486069129,0.2714192357382928,0.4126554156547941,2018,H
2019-01-19,Man United,Brighton,0.0819285297870492,0.1604762700018675,0.7575952002110843,0.7422947971074283,0.1716008816464174,0.0861043212461543,2018,H
2019-01-20,Fulham,Tottenham,0.5693217002738497,0.2545904109384003,0.1760878887877494,0.18364278672716,0.2606811829665135,0.5556760303063264,2018,A
2019-01-20,Huddersfield,Man City,0.6923163833030879,0.1655265152543139,0.1421571014425982,0.0458558030927995,0.1167928351306335,0.8373513617765669,2018,A
2019-01-29,Huddersfield,Everton,0.422796516818849,0.2579373966925701,0.3192660864885812,0.241546967761518,0.2927842033472946,0.4656688288911875,2018,A
2019-01-29,Arsenal,Cardiff,0.069468737700594,0.1420227673771014,0.7885084949223048,0.7825287175231488,0.1433097608380961,0.074161521638755,2018,H
2019-01-29,Fulham,Brighton,0.2704413334251039,0.3418620863160289,0.3876965802588671,0.4051066473027593,0.3021360081188431,0.2927573445783976,2018,H
2019-01-29,Wolves,West Ham,0.2181862678525556,0.2696823376457807,0.5121313945016631,0.4610871000660304,0.2807041238969926,0.258208776036977,2018,H
2019-01-29,Man United,Burnley,0.0909274976369052,0.1272595753796864,0.781812926983409,0.7590160156700081,0.1606559895533279,0.0803279947766639,2018,D
2019-01-29,Newcastle,Man City,0.6975550487379856,0.1867641310811897,0.1156808201808246,0.0547701482405847,0.1249868748076286,0.8202429769517867,2018,H
2019-01-30,Bournemouth,Chelsea,0.6637185508179145,0.1777260642158531,0.158555384966232,0.1788968894639164,0.2315345911229581,0.5895685194131255,2018,H
2019-01-30,Liverpool,Leicester,0.064311401258283,0.1199015194039535,0.8157870793377646,0.7883660138812807,0.1426315975419294,0.0690023885767899,2018,D
2019-01-30,Southampton,Crystal Palace,0.2880580966364358,0.3044981756039116,0.4074437277596526,0.410570470192504,0.2879697289075318,0.301459800899964,2018,D
2019-01-30,Tottenham,Watford,0.14341119540872,0.1845218174723223,0.6720669871189578,0.5812721841938091,0.2435524346187988,0.175175381187392,2018,H
2019-02-02,Burnley,Southampton,0.339194170755458,0.2928401122723384,0.3679657169722033,0.3808230978745298,0.2829609792643106,0.3362159228611595,2018,D
2019-02-02,Everton,Wolves,0.2706993306747051,0.3044133790628638,0.4248872902624313,0.4130536335165525,0.2879042326271956,0.2990421338562518,2018,A
2019-02-02,Chelsea,Huddersfield,0.1160422754721225,0.1663131060878968,0.7176446184399806,0.816306125509745,0.1289788674555959,0.054715007034659,2018,H
2019-02-02,Tottenham,Newcastle,0.0964749081771747,0.1679652020360062,0.7355598897868194,0.6739323516890058,0.2141645991455877,0.1119030491654065,2018,H
2019-02-02,Cardiff,Bournemouth,0.4239808775939362,0.2653557590723017,0.3106633633337616,0.3079087599196413,0.2785997914445118,0.4134914486358468,2018,H
2019-02-02,Crystal Palace,Fulham,0.2292844684139386,0.2634273206154243,0.5072882109706369,0.4766491268207122,0.2757751849309845,0.2475756882483031,2018,H
2019-02-02,Brighton,Watford,0.3256093116190717,0.2958707379819555,0.3785199503989724,0.3849720193677074,0.2915895673437108,0.3234384132885818,2018,D
2019-02-03,Man City,Arsenal,0.1230495311992987,0.1581037718960346,0.7188466969046662,0.7313480459958782,0.1602843011084375,0.1083676528956843,2018,H
2019-02-03,Leicester,Man United,0.4334216658554662,0.2863416003150303,0.2802367338295031,0.2634579328040963,0.2786480467914496,0.4578940204044541,2018,A
2019-02-04,West Ham,Liverpool,0.6387082666173914,0.2079084025697867,0.1533833308128217,0.1218578168872682,0.182775522148753,0.6953666609639788,2018,D
2019-02-06,Everton,Man City,0.6501024493492191,0.2031554905096839,0.1467420601410973,0.0962936877984707,0.1572508149904757,0.7464554972110535,2018,A
2019-02-09,Huddersfield,Arsenal,0.5686466805662461,0.2179661579313436,0.21338716150241,0.171258309248509,0.2268010023486434,0.6019406884028475,2018,A
2019-02-09,Watford,Everton,0.2617481385236019,0.2972653872525979,0.4409864742238003,0.4192571169394954,0.2794580112631732,0.3012848717973312,2018,H
2019-02-09,Crystal Palace,West Ham,0.2301459086233158,0.277900767255255,0.4919533241214289,0.4640820470201114,0.2791333475224746,0.256784605457414,2018,D
2019-02-09,Southampton,Cardiff,0.214961810482441,0.2650561102017337,0.5199820793158253,0.5495091767984899,0.2531606800744528,0.1973301431270573,2018,A
2019-02-09,Brighton,Burnley,0.2299941091897961,0.2744799856158119,0.4955259051943921,0.4758374374288805,0.2919779111428979,0.2321846514282216,2018,A
2019-02-09,Fulham,Man United,0.6705595111878986,0.1806489114587309,0.14879157735337,0.1748975399547818,0.2294536981448679,0.5956487619003503,2018,A
2019-02-09,Liverpool,Bournemouth,0.0715809640939394,0.1200680569571639,0.8083509789488975,0.7993307517860004,0.1306119003725319,0.0700573478414677,2018,H
2019-02-10,Man City,Chelsea,0.1143295985347259,0.1659344496622688,0.7197359518030053,0.6479981069262861,0.2088387331084453,0.1431631599652684,2018,H
2019-02-10,Tottenham,Leicester,0.1396840057429094,0.1858594247381118,0.6744565695189789,0.5743274014508719,0.2466581937559007,0.1790144047932273,2018,H
2019-02-11,Wolves,Newcastle,0.1536046029534764,0.2085319973414271,0.6378633997050964,0.566571819325683,0.2621478477644731,0.1712803329098439,2018,D
2019-02-22,West Ham,Fulham,0.2226438494509634,0.2664621314994732,0.5108940190495637,0.5015745304069504,0.2564244534217247,0.2420010161713247,2018,H
2019-02-22,Cardiff,Watford,0.3808450389821691,0.2831982245335609,0.33595673648427,0.3121256170362811,0.2888606886176947,0.3990136943460241,2018,A
2019-02-23,Burnley,Tottenham,0.5969276790868788,0.2340307519654297,0.169041568947692,0.1756012858377744,0.2571564217908101,0.5672422923714155,2018,H
2019-02-23,Bournemouth,Wolves,0.3944663400740674,0.3140991019322022,0.2914345579937302,0.3402518537067356,0.2901768688734544,0.3695712774198099,2018,D
2019-02-23,Newcastle,Huddersfield,0.2546565771613347,0.2547678463887957,0.4905755764498699,0.5271185942963539,0.2796051652686684,0.1932762404349777,2018,H
2019-02-23,Leicester,Crystal Palace,0.2298675174572443,0.2850131123184882,0.4851193702242672,0.4376278585185079,0.2873448760279624,0.2750272654535296,2018,A
2019-02-24,Arsenal,Southampton,0.1095944533013454,0.166900088476862,0.7235054582217932,0.6537143833459349,0.2085391991982547,0.1377464174558103,2018,H
2019-02-24,Man United,Liverpool,0.3768344015502877,0.3016309161237803,0.3215346823259319,0.3148372034927028,0.2783237734897333,0.4068390230175637,2018,D
2019-02-26,Cardiff,Everton,0.4234450875374007,0.244897902521006,0.3316570099415936,0.2601028381947312,0.2892558330936989,0.4506413287115698,2018,A
2019-02-26,Huddersfield,Wolves,0.4826060088652376,0.2726594432884771,0.2447345478462847,0.1935432547351858,0.2805282449686428,0.5259285002961713,2018,H
2019-02-26,Leicester,Brighton,0.2367465801419564,0.2734366901184705,0.4898167297395731,0.5073725355298488,0.2801905159875659,0.2124369484825852,2018,H
2019-02-26,Newcastle,Burnley,0.2523753718874095,0.2856726222390043,0.4619520058735861,0.455399427530575,0.2932387891404284,0.2513617833289964,2018,H
2019-02-27,Chelsea,Tottenham,0.2188789733950957,0.3319819833563007,0.4491390432486036,0.4181789709792163,0.278799288590467,0.3030217404303167,2018,H
2019-02-27,Crystal Palace,Man United,0.3998019161237704,0.2983255502355313,0.3018725336406977,0.3030217404303167,0.278799288590467,0.4181789709792163,2018,A
2019-02-27,Arsenal,Bournemouth,0.0967954639355568,0.1580081997449734,0.7451963363194701,0.6692111685135405,0.1977557385968787,0.1330330928895808,2018,H
2019-02-27,Man City,West Ham,0.0825693667492541,0.1132888105385248,0.8041418227122219,0.8290522360894779,0.117395214494073,0.0535525494164493,2018,H
2019-02-27,Southampton,Fulham,0.2360511374671243,0.2633640306096163,0.5005848319232602,0.504717233434888,0.2711748828183027,0.2241078837468092,2018,H
2019-02-27,Liverpool,Watford,0.0800198096340795,0.1474997808433787,0.7724804095225424,0.7609534838834202,0.1604259152029852,0.0786206009135945,2018,H
2019-03-02,Burnley,Crystal Palace,0.3160267443561629,0.3709599074589584,0.3130133481848784,0.3470043378352474,0.2963074077954533,0.3566882543692993,2018,A
2019-03-02,West Ham,Newcastle,0.2396543925768671,0.2977486171143262,0.462596990308807,0.4532615693626245,0.2791957085486539,0.2675427220887216,2018,H
2019-03-02,Brighton,Huddersfield,0.2405262151595348,0.2626855264583915,0.4967882583820738,0.532089021873054,0.283992212157973,0.183918765968973,2018,H
2019-03-02,Man United,Southampton,0.0971209433990175,0.1674931120625811,0.7353859445384012,0.6656265347158516,0.2137447993402459,0.1206286659439023,2018,H
2019-03-02,Wolves,Cardiff,0.1198232163044962,0.2058410132730818,0.6743357704224219,0.6441439900082979,0.226556284592419,0.1292997253992831,2018,H
2019-03-02,Bournemouth,Man City,0.6803307915598584,0.209913421045483,0.1097557873946583,0.0771834125936062,0.1330257337851281,0.7897908536212657,2018,A
2019-03-02,Tottenham,Arsenal,0.2241048534101853,0.3089844889720667,0.4669106576177475,0.4706141173012168,0.2721168319074514,0.2572690507913318,2018,D
2019-03-03,Everton,Liverpool,0.6429038970096357,0.1910140102936992,0.1660820926966653,0.1677517866549406,0.2321087625612842,0.6001394507837752,2018,D
2019-03-03,Fulham,Chelsea,0.6563091529719539,0.1499462271908684,0.1937446198371778,0.1539808837661003,0.2177584507295847,0.628260665504315,2018,A
2019-03-03,Watford,Leicester,0.3017617346765718,0.3309329444921193,0.3673053208313092,0.3842677101168009,0.2955589516933576,0.3201733381898414,2018,H
2019-03-09,Southampton,Tottenham,0.5622661134054904,0.2167744709088112,0.2209594156856983,0.2218007377841712,0.2570888620676292,0.5211104001481995,2018,H
2019-03-09,Huddersfield,Bournemouth,0.4024584582723631,0.2853048708276734,0.3122366708999633,0.2837120119940712,0.2968141685011641,0.4194738195047646,2018,A
2019-03-09,Crystal Palace,Brighton,0.2318907586115235,0.2678928427554582,0.5002163986330183,0.5308600060711728,0.2714258512460948,0.1977141426827323,2018,A
2019-03-09,Newcastle,Everton,0.3473561539285319,0.2983958574793535,0.354247988592115,0.3479155403375983,0.3041689193248033,0.3479155403375983,2018,H
2019-03-09,Man City,Watford,0.1057889272982275,0.1045929070692284,0.7896181656325446,0.8377423433211844,0.1101589667443274,0.0520986899344881,2018,H
2019-03-09,Leicester,Fulham,0.1891686522272486,0.2681001243961174,0.5427312233766338,0.6078668100562059,0.2243775744171418,0.1677556155266522,2018,H
2019-03-09,Cardiff,West Ham,0.436064771543703,0.2720579598143472,0.2918772686419501,0.2748565267771063,0.2829517011499147,0.442191772072979,2018,H
2019-03-10,Liverpool,Burnley,0.0706097063220427,0.139164954366792,0.7902253393111658,0.8255798759656983,0.1205965907747557,0.0538235332595461,2018,H
2019-03-10,Arsenal,Man United,0.2494459045313057,0.3544006259370545,0.39615346953164,0.4052927154565534,0.2711598579841491,0.3235474265592974,2018,H
2019-03-10,Chelsea,Wolves,0.1405573394087963,0.1982731907311896,0.6611694698600141,0.6218816063910028,0.2351782242729207,0.1429401693360765,2018,D
2019-03-16,West Ham,Huddersfield,0.1842964565405565,0.2438475734400346,0.5718559700194092,0.6166382600039217,0.2346577625605213,0.1487039774355571,2018,H
2019-03-16,Bournemouth,Newcastle,0.2348987412958463,0.2796930426891642,0.4854082160149894,0.4704698911050781,0.2757239834303403,0.2538061254645816,2018,D
2019-03-16,Burnley,Leicester,0.4002962764932267,0.287017559435211,0.312686164071562,0.3156510499138947,0.2873762958271206,0.3969726542589846,2018,A
2019-03-17,Fulham,Liverpool,0.6441758281936543,0.226420662633826,0.1294035091725195,0.0859943097123747,0.1429295907918443,0.7710760994957809,2018,A
2019-03-17,Everton,Chelsea,0.5091689632931563,0.2472557102020649,0.243575326504779,0.2382010336448709,0.2607753578489911,0.501023608506138,2018,H
2019-03-30,Man United,Watford,0.1175265647320551,0.178483697657652,0.7039897376102932,0.673076652783649,0.2026339405112202,0.1242894067051307,2018,H
2019-03-30,Fulham,Man City,0.5746328576071982,0.2727758978251502,0.1525912445676514,0.0495748511848509,0.0956191823515989,0.8548059664635501,2018,A
2019-03-30,Leicester,Bournemouth,0.2046811146802944,0.2648991340469818,0.530419751272723,0.527195891503307,0.254856523684952,0.217947584811741,2018,H
2019-03-30,Crystal Palace,Huddersfield,0.1834260080092513,0.2116643692003941,0.6049096227903541,0.663845752651853,0.2225872444902646,0.1135670028578823,2018,H
2019-03-30,West Ham,Everton,0.3223276349479346,0.314471241624187,0.3632011234278775,0.3780543714979645,0.2836670787347065,0.3382785497673289,2018,A
2019-03-30,Brighton,Southampton,0.351642280355278,0.319824921082448,0.3285327985622739,0.3738061827414503,0.3106435701647761,0.3155502470937736,2018,A
2019-03-30,Burnley,Wolves,0.4128544427703225,0.2556917340631838,0.3314538231664939,0.30050390894462,0.3029586780033731,0.3965374130520067,2018,H
2019-03-31,Cardiff,Chelsea,0.6036727612927709,0.1663449774955538,0.2299822612116752,0.1173090385891498,0.2176721690811377,0.6650187923297125,2018,A
2019-03-31,Liverpool,Tottenham,0.1415000718500641,0.1766302674655506,0.6818696606843855,0.6001394507837752,0.2321087625612842,0.1677517866549406,2018,H
2019-04-01,Arsenal,Newcastle,0.1249636664480615,0.1486379462830331,0.7263983872689057,0.7057431222048566,0.1873435548492155,0.1069133229459278,2018,H
2019-04-02,Wolves,Man United,0.4788829989539288,0.2885771592471859,0.2325398417988855,0.2405177345003047,0.2672419272225608,0.4922403382771345,2018,H
2019-04-02,Watford,Fulham,0.2215547102286062,0.2576687485512569,0.5207765412201373,0.5591443814783359,0.2434894441530392,0.1973661743686248,2018,H
2019-04-03,Tottenham,Crystal Palace,0.1374590958819562,0.213634205584851,0.6489066985331927,0.6715694486355172,0.1977479524980642,0.1306825988664187,2018,H
2019-04-03,Man City,Cardiff,0.0774101187322797,0.2732942968539149,0.6492955844138056,0.9072870016884268,0.0652064934955564,0.0275065048160168,2018,H
2019-04-03,Chelsea,Brighton,0.0766207082663032,0.1451526332449124,0.7782266584887846,0.768268699518535,0.1578376174064037,0.0738936830750611,2018,H
2019-04-05,Southampton,Liverpool,0.6085378532628521,0.2190209775091512,0.1724411692279968,0.11060722884603,0.1984990365304061,0.690893734623564,2018,A
2019-04-06,Bournemouth,Burnley,0.2429416830288094,0.2795362322874419,0.4775220846837488,0.4605542202742825,0.2724445072812103,0.2670012724445073,2018,A
2019-04-06,Huddersfield,Leicester,0.558048529263051,0.2484131284193971,0.1935383423175519,0.1920679279157255,0.2463422714965414,0.561589800587733,2018,A
2019-04-06,Newcastle,Crystal Palace,0.2985535746908517,0.3278460395368137,0.3736003857723345,0.3787350597609561,0.299402390438247,0.3218625498007967,2018,A
2019-04-07,Everton,Arsenal,0.446694690159169,0.2889022933064502,0.2644030165343802,0.3154130419690585,0.2616740629188762,0.4229128951120652,2018,H
2019-04-08,Chelsea,West Ham,0.086435460119895,0.1460982151530746,0.7674663247270311,0.7207095096236296,0.1752258865895415,0.1040646037868288,2018,H
2019-04-12,Leicester,Newcastle,0.1598091124260761,0.2159645806055552,0.6242263069683686,0.583658219252994,0.2445619109899925,0.1717798697570134,2018,A
2019-04-13,Fulham,Everton,0.5239506756703336,0.2619640241890706,0.2140853001405956,0.2062612310290329,0.2415726688172508,0.5521661001537163,2018,H
2019-04-13,Burnley,Cardiff,0.231781480725901,0.2696959966464818,0.4985225226276169,0.5050209612947256,0.2749883548362636,0.2199906838690108,2018,H
2019-04-13,Brighton,Bournemouth,0.2501028543056692,0.3172433038582076,0.4326538418361235,0.4194776558212466,0.2925151901215209,0.2880071540572324,2018,A
2019-04-13,Man United,West Ham,0.0937287573132678,0.1546647171597894,0.7516065255269432,0.6852731975010722,0.1935844834980855,0.1211423190008422,2018,H
2019-04-13,Tottenham,Huddersfield,0.0828423240958159,0.2532595864645018,0.6638980894396822,0.7959372241835834,0.1375841240070608,0.0664786518093557,2018,H
2019-04-13,Southampton,Wolves,0.3407636074867392,0.3058908374676583,0.3533455550456025,0.3702978853192354,0.3033143554290362,0.3263877592517283,2018,H
2019-04-14,Crystal Palace,Man City,0.6208726316114682,0.1948715111933889,0.1842558571951433,0.0918394010314596,0.1676514545634421,0.7405091444050982,2018,A
2019-04-14,Liverpool,Chelsea,0.1859165476888258,0.1890104708446594,0.6250729814665145,0.5776231868033934,0.2346537851092258,0.1877230280873807,2018,H
2019-04-15,Watford,Arsenal,0.4331015493260057,0.2940665234621861,0.2728319272118077,0.3055416144968383,0.2619180335598246,0.432540351943337,2018,A
2019-04-16,Brighton,Cardiff,0.2239169834089968,0.2912093952069677,0.4848736213840356,0.4834329026424084,0.2975273375505201,0.2190397598070715,2018,A
2019-04-20,West Ham,Leicester,0.4499844344066716,0.2725172696691916,0.277498295924137,0.3014258524822273,0.2794321407078127,0.4191420068099598,2018,D
2019-04-20,Newcastle,Southampton,0.288872087163895,0.337139521288224,0.3739883915478806,0.3846293534731576,0.3052319847989224,0.3101386617279199,2018,H
2019-04-20,Wolves,Brighton,0.2121023705557585,0.2590591947566523,0.5288384346875896,0.5562076885475328,0.2757283763785749,0.1680639350738922,2018,D
2019-04-20,Huddersfield,Watford,0.5160542713844748,0.2525259845397187,0.2314197440758067,0.2192259824702214,0.2522182328819289,0.5285557846478497,2018,A
2019-04-20,Bournemouth,Fulham,0.1924110396117022,0.2387161584504338,0.5688728019378635,0.5892078693494516,0.2227640452519392,0.1880280853986092,2018,A
2019-04-20,Man City,Tottenham,0.1625438232719754,0.1451059214965849,0.6923502552314398,0.747337766815678,0.1606806380784532,0.0919815951058687,2018,H
2019-04-21,Arsenal,Crystal Palace,0.1079156795635943,0.1830798875859204,0.709004432850486,0.6301945583275932,0.2119092187476199,0.1578962229247869,2018,A
2019-04-21,Cardiff,Liverpool,0.6665371913588365,0.1869131428973374,0.146549665743826,0.0574328447482509,0.140915253156415,0.8016519020953341,2018,A
2019-04-21,Everton,Man United,0.4522668412746256,0.2762729845810241,0.2714601741443501,0.2982874055280963,0.2788550171425599,0.4228575773293437,2018,H
2019-04-22,Chelsea,Burnley,0.0946201314237583,0.1385523135833049,0.7668275549929369,0.7670983786289208,0.1571945556159694,0.0757070657551096,2018,D
2019-04-23,Tottenham,Brighton,0.1125916404110169,0.2072659445661169,0.6801424150228658,0.7516902530306839,0.1688940768660343,0.0794156701032816,2018,H
2019-04-23,Watford,Southampton,0.2286987828092282,0.2832883004781951,0.4880129167125766,0.4349040506743332,0.2804969263492509,0.2845990229764158,2018,D
2019-04-24,Man United,Man City,0.6172980190651861,0.2260642203795527,0.1566377605552617,0.1330330928895808,0.1977557385968787,0.6692111685135405,2018,A
2019-04-24,Wolves,Arsenal,0.4022367540012515,0.3019139503195904,0.2958492956791576,0.3351704213787159,0.2793224738727486,0.3855071047485353,2018,H
2019-04-26,Liverpool,Huddersfield,0.0795054475403648,0.2729655298529245,0.6475290226067107,0.907737213299354,0.0664097226337936,0.0258530640668523,2018,H
2019-04-27,Crystal Palace,Everton,0.3339843434418623,0.3355957671441193,0.3304198894140182,0.3730265077963841,0.2795037818584642,0.3474697103451516,2018,D
2019-04-27,Fulham,Cardiff,0.3319890485701956,0.2875440592828709,0.3804668921469334,0.4052927154565534,0.2711598579841491,0.3235474265592974,2018,H
2019-04-27,Brighton,Newcastle,0.2670045831905683,0.3282382290603179,0.4047571877491138,0.423166077374028,0.305640160914139,0.271193761711833,2018,D
2019-04-27,Watford,Wolves,0.298376183180664,0.3165543103313532,0.3850695064879829,0.3721976293244876,0.2960508286276938,0.3317515420478185,2018,A
2019-04-27,Southampton,Bournemouth,0.2278531906082526,0.2740649366359444,0.4980818727558033,0.5074379760484123,0.2574078399291526,0.235154184022435,2018,D
2019-04-27,Tottenham,West Ham,0.1131633762779426,0.1802740491856245,0.7065625745364328,0.6807021062915353,0.1913434420997737,0.127954451608691,2018,A
2019-04-28,Burnley,Man City,0.6027358256237524,0.2185592817195636,0.1787048926566843,0.0468434102764433,0.1134464434352953,0.8397101462882612,2018,A
2019-04-28,Leicester,Arsenal,0.3823919854730708,0.2915040190262035,0.3261039955007253,0.3538840491675843,0.2678742258192702,0.3782417250131455,2018,H
2019-04-28,Man United,Chelsea,0.3257541558890162,0.3557826021540015,0.3184632419569824,0.3603065510282005,0.2793868979435989,0.3603065510282005,2018,D
2019-05-03,Everton,Burnley,0.1908524332501267,0.25728615648505,0.5518614102648233,0.5839802128712882,0.2479324570911691,0.1680873300375425,2018,H
2019-05-04,West Ham,Southampton,0.2694342481728653,0.3137569645626497,0.4168087872644853,0.4190254414008683,0.2622855099705612,0.3186890486285705,2018,H
2019-05-04,Cardiff,Crystal Palace,0.3914057323955193,0.2908725136659759,0.3177217539385038,0.3754560345805598,0.2631245442937824,0.3614194211256578,2018,A
2019-05-04,Wolves,Fulham,0.1449171466102156,0.2211822609398014,0.6339005924499823,0.6263133072190077,0.2323890487029027,0.1412976440780894,2018,H
2019-05-04,Bournemouth,Tottenham,0.5265335317616952,0.2143467697036851,0.2591196985346195,0.2375521045411514,0.2466908334421734,0.5157570620166751,2018,H
2019-05-04,Newcastle,Liverpool,0.6383685154671714,0.1881609012347955,0.1734705832980334,0.0985813539816636,0.187439393457,0.7139792525613363,2018,A
2019-05-05,Arsenal,Brighton,0.1043344824208098,0.211678564180849,0.6839869533983409,0.6971321149759491,0.1974001599912888,0.105467725032762,2018,D
2019-05-05,Chelsea,Watford,0.0869581882780928,0.1376362812479453,0.7754055304739624,0.6870177653810527,0.1927541256772631,0.1202281089416842,2018,H
2019-05-05,Huddersfield,Man United,0.5111961937763988,0.2187133504178987,0.2700904558057024,0.098794357975559,0.167904448879185,0.733301193145256,2018,D
2019-05-06,Man City,Leicester,0.1831715134956211,0.140154382806231,0.6766741036981478,0.8350760122571788,0.109415931938782,0.0555080558040391,2018,H
2019-05-12,Fulham,Newcastle,0.3659233176172787,0.3010619342362085,0.3330147481465125,0.3828028896852434,0.2684356736869075,0.3487614366278491,2018,A
2019-05-12,Brighton,Man City,0.6909153293151621,0.1474113855076028,0.161673285177235,0.0527378638473052,0.1114736594422836,0.835788476710411,2018,A
2019-05-12,Crystal Palace,Bournemouth,0.2112208744171083,0.2662638420531193,0.5225152835297722,0.5126765083440308,0.2375641848523748,0.2497593068035943,2018,H
2019-05-12,Leicester,Chelsea,0.2988025492300808,0.3252115224774322,0.3759859282924873,0.4044566142293458,0.2614311649450818,0.3341122208255723,2018,D
2019-05-12,Burnley,Arsenal,0.4703941940955742,0.229068384904885,0.300537420999541,0.3030099948834118,0.2547787625565996,0.4422112425599884,2018,A
2019-05-12,Tottenham,Everton,0.2126701240129426,0.2837624481358158,0.5035674278512414,0.4487917146144995,0.2756041426927503,0.2756041426927503,2018,D
2019-05-12,Watford,West Ham,0.2714153888654632,0.3013840351298982,0.4272005760046388,0.434084607403597,0.2592778548697027,0.3066375377267003,2018,A
2019-05-12,Man United,Cardiff,0.0983561312066822,0.1789386503053187,0.7227052184879987,0.7613470120241292,0.1510979434058908,0.0875550445699798,2018,A
2019-05-12,Southampton,Huddersfield,0.1965941406754101,0.223642723568674,0.5797631357559158,0.674033308093005,0.2029301363610368,0.1230365555459582,2018,D
2019-05-12,Liverpool,Wolves,0.1646535209130447,0.1240839960327955,0.71126248305416,0.7414312983063845,0.1640993467799047,0.0944693549137107,2018,H
2019-08-09,Liverpool,Norwich,0.1799676008369738,0.1371480936066031,0.6828843055564233,0.8426293061103285,0.1061371491534581,0.0512335447362134,2019,H
2019-08-10,Tottenham,Aston Villa,0.1954726120761169,0.185185465999241,0.6193419219246418,0.7288798368236449,0.1763657843892811,0.0947543787870738,2019,H
2019-08-10,Watford,Brighton,0.2480935150263795,0.2645077712683126,0.4873987137053076,0.4961398996234496,0.2772546497895748,0.2266054505869755,2019,A
2019-08-10,Crystal Palace,Everton,0.4278678826358224,0.2813623099198632,0.2907698074443142,0.3055280703449609,0.2934670016426708,0.4010049280123683,2019,D
2019-08-10,West Ham,Man City,0.6741707097768554,0.1718775941086147,0.1539516961145299,0.0806556424193614,0.1552458577729976,0.764098499807641,2019,A
2019-08-10,Burnley,Southampton,0.3930100832017144,0.2761802636533332,0.3308096531449526,0.3595076032300869,0.2960258976667665,0.3444664991031465,2019,H
2019-08-11,Leicester,Wolves,0.2959365527962724,0.2872789046008651,0.4167845426028627,0.4257116898849182,0.2914748637189582,0.2828134463961236,2019,D
2019-08-11,Newcastle,Arsenal,0.553261254425359,0.1908235908931748,0.2559151546814662,0.2095655328977202,0.2514786394772643,0.5389558276250155,2019,A
2019-08-11,Man United,Chelsea,0.3008501468582588,0.2875587936858452,0.4115910594558961,0.4442497615652503,0.2860479168414153,0.2697023215933344,2019,H
2019-08-17,Norwich,Newcastle,0.2661181041285013,0.3226277557978722,0.4112541400736262,0.4230769230769231,0.2884615384615385,0.2884615384615385,2019,H
2019-08-17,Man City,Tottenham,0.1229894103740965,0.1088444505108798,0.768166139115023,0.7020833308954855,0.1770855352835979,0.1208311338209167,2019,D
2019-08-17,Everton,Watford,0.1883842550257967,0.2647298373071081,0.5468859076670953,0.5609916392512087,0.2438935337493285,0.1951148269994628,2019,H
2019-08-17,Southampton,Liverpool,0.7099709885941041,0.1588311872171987,0.1311978241886968,0.1491170956782975,0.2000303904479373,0.6508525138737651,2019,A
2019-08-17,Aston Villa,Bournemouth,0.271630688230345,0.2937017161028722,0.4346675956667829,0.4178372383768411,0.2755591572494287,0.3066036043737301,2019,A
2019-08-17,Arsenal,Burnley,0.1458145275216589,0.1684483459630328,0.6857371265153079,0.7318695941450432,0.1729873586161011,0.0951430472388556,2019,H
2019-08-17,Brighton,West Ham,0.2847048811287634,0.3329223150300268,0.3823728038412099,0.3779131228597387,0.2913555162436109,0.3307313608966504,2019,D
2019-08-18,Chelsea,Leicester,0.2040916853573872,0.2481521969290075,0.5477561177136052,0.5552268564476324,0.2548903465700698,0.1898827969822978,2019,D
2019-08-19,Wolves,Man United,0.4073719493704511,0.258609614353928,0.334018436275621,0.2891512810570584,0.2913808273928475,0.4194678915500939,2019,D
2019-08-23,Aston Villa,Everton,0.4350297115721135,0.2492616500534868,0.3157086383743995,0.2985505319898468,0.2706593461306498,0.4307901218795033,2019,H
2019-08-24,Norwich,Chelsea,0.5580295374790762,0.1955509750925178,0.2464194874284056,0.2196540729036895,0.2519558517224349,0.5283900753738755,2019,A
2019-08-24,Brighton,Southampton,0.2569486877815586,0.3258306441411117,0.4172206680773296,0.3959247937113568,0.2924471924058197,0.3116280138828234,2019,A
2019-08-24,Watford,West Ham,0.2448088095974827,0.2907243001202949,0.4644668902822224,0.4574346500996366,0.2673851248388231,0.2751802250615403,2019,A
2019-08-24,Liverpool,Arsenal,0.1907053667192577,0.1139159518478064,0.6953786814329362,0.638115056410097,0.2034257584110444,0.1584591851788584,2019,H
2019-08-24,Man United,Crystal Palace,0.106968116779961,0.151904821966463,0.7411270612535755,0.706021646383335,0.1853765079590109,0.1086018456576539,2019,A
2019-08-25,Bournemouth,Man City,0.6782775473747078,0.1881363117157631,0.1335861409095292,0.0666497650124854,0.1307806383373134,0.8025695966502012,2019,A
2019-08-25,Tottenham,Newcastle,0.0943638195013281,0.1516962018900013,0.7539399786086706,0.784815735845622,0.1460928039097415,0.0690914602446365,2019,A
2019-08-25,Wolves,Burnley,0.2176776337577025,0.2634902780537786,0.5188320881885186,0.5160485835566757,0.2752565209053199,0.2086948955380045,2019,D
2019-08-31,Southampton,Man United,0.4409516972207031,0.2369975611531256,0.3220507416261713,0.2532704455958641,0.2835176022996837,0.4632119521044522,2019,D
2019-08-31,Crystal Palace,Aston Villa,0.2605609432745123,0.2926249665246839,0.4468140902008041,0.4367742207081468,0.2878392906873571,0.275386488604496,2019,H
2019-08-31,Leicester,Bournemouth,0.1588414983946075,0.2551643348958157,0.5859941667095769,0.5608856088560886,0.2383763837638376,0.2007380073800738,2019,H
2019-08-31,Newcastle,Watford,0.3234330694757348,0.2687391171630413,0.4078278133612242,0.3791416131841435,0.2894356234774656,0.3314227633383909,2019,D
2019-08-31,Burnley,Liverpool,0.7398356140313789,0.1345852080953758,0.125579177873245,0.0984983503438068,0.1723459036107428,0.7291557460454503,2019,A
2019-08-31,Man City,Brighton,0.0628056525764052,0.094456478674484,0.8427378687491103,0.8783927104834226,0.0882341594826294,0.0333731300339477,2019,H
2019-08-31,West Ham,Norwich,0.2118343629948351,0.2498216606769651,0.5383439763281996,0.5117323751532864,0.2472728710414995,0.240994753805214,2019,H
2019-09-01,Everton,Wolves,0.2800737304554698,0.3040001991432884,0.4159260704012419,0.4382335380020108,0.2932448514872289,0.2685216105107603,2019,H
2019-09-01,Arsenal,Tottenham,0.2897277287304787,0.2868642472598255,0.4234080240096959,0.3977329794102877,0.2634918215079991,0.3387751990817131,2019,D
2019-09-14,Wolves,Chelsea,0.4180600167338131,0.26290972163001,0.319030261636177,0.3259955622476298,0.2846821933804974,0.3893222443718727,2019,A
2019-09-14,Man United,Leicester,0.2403883557657266,0.2829605429158943,0.4766511013183782,0.4994480581803325,0.2650757015868804,0.2354762402327871,2019,H
2019-09-14,Norwich,Man City,0.7532385055682213,0.1311417426927643,0.1156197517390143,0.0644784639335755,0.1087535972071519,0.8267679388592725,2019,H
2019-09-14,Brighton,Burnley,0.2430480372180962,0.2914710385214965,0.4654809242604069,0.4413450515857852,0.2875429881543752,0.2711119602598395,2019,D
2019-09-14,Liverpool,Newcastle,0.0579598506069153,0.069119012504172,0.8729211368889122,0.8329934979455036,0.1134128100197298,0.0535936920347666,2019,H
2019-09-14,Tottenham,Crystal Palace,0.1800039479807446,0.231451517224236,0.5885445347950192,0.6990453833824479,0.1856085215542677,0.1153460950632843,2019,H
2019-09-15,Bournemouth,Everton,0.4297000164199066,0.2645194314365795,0.3057805521435138,0.3227945587808317,0.2719770127512689,0.4052284284678992,2019,H
2019-09-15,Watford,Arsenal,0.518403619786956,0.2107530484403303,0.270843331772714,0.2569070313579223,0.2569070313579223,0.4861859372841552,2019,D
2019-09-16,Aston Villa,West Ham,0.3716523743330062,0.2996894776514799,0.328658148015514,0.3647117008926376,0.2759703125823974,0.3593179865249648,2019,D
2019-09-20,Southampton,Bournemouth,0.2476601213329108,0.2690283279490109,0.483311550718078,0.4705401549736496,0.2610517779973715,0.2684080670289788,2019,A
2019-09-21,Man City,Watford,0.0719608911474138,0.1040555939808542,0.8239835148717322,0.8615480316360081,0.0885985959299742,0.0498533724340175,2019,H
2019-09-21,Everton,Sheffield United,0.175819409703784,0.2462491456446271,0.5779314446515889,0.5828375225360642,0.2516377473082605,0.1655247301556749,2019,A
2019-09-21,Newcastle,Brighton,0.3165280809788513,0.2949930616168456,0.3884788574043031,0.3848615220441349,0.2976476506238057,0.3174908273320593,2019,D
2019-09-21,Leicester,Tottenham,0.4000985642092128,0.2663534343521806,0.3335480014386066,0.3264199384900721,0.2753572660636399,0.3982227954462878,2019,H
2019-09-21,Burnley,Norwich,0.2141000550061154,0.2685177409774459,0.5173822040164382,0.4816810303607564,0.2503146241914445,0.2680043454477991,2019,H
2019-09-22,Crystal Palace,Wolves,0.3261399383702044,0.2979811371278359,0.3758789245019596,0.3610374662138697,0.3119963223151931,0.3269662114709371,2019,D
2019-09-22,West Ham,Man United,0.4313216264461263,0.2545410416352935,0.3141373319185799,0.2993341220188255,0.2638615371185611,0.4368043408626134,2019,H
2019-09-22,Arsenal,Aston Villa,0.1641019936449976,0.2195853434269303,0.6163126629280722,0.6796164317879285,0.1953060297278357,0.1250775384842358,2019,H
2019-09-22,Chelsea,Liverpool,0.4773815974279956,0.2718320589656331,0.2507863436063713,0.2682680963061883,0.2556366606594147,0.4760952430343969,2019,A
2019-09-28,Tottenham,Southampton,0.1184530409079761,0.1738390587563021,0.707707900335722,0.6739688689841676,0.2033025148593958,0.1227286161564366,2019,H
2019-09-28,Everton,Man City,0.7069228362145573,0.1721467181382268,0.1209304456472157,0.0963892200343782,0.165822435982345,0.7377883439832769,2019,A
2019-09-28,Wolves,Watford,0.2314413163227497,0.2661521597936239,0.5024065238836259,0.5100278240235829,0.2750148468765737,0.2149573290998433,2019,H
2019-09-28,Crystal Palace,Norwich,0.2308116100073318,0.2772970275385973,0.4918913624540706,0.4916741467413967,0.2576314431714575,0.2506944100871458,2019,H
2019-09-28,Chelsea,Brighton,0.1536097399354777,0.2078601072249774,0.6385301528395453,0.6753352418038086,0.2037243082080675,0.120940449988124,2019,H
2019-09-28,Sheffield United,Liverpool,0.682881278797427,0.1739772005612241,0.1431415206413498,0.1029751583197052,0.1813135318289957,0.715711309851299,2019,A
2019-09-28,Bournemouth,West Ham,0.3075873393722236,0.3366102620252594,0.3558023986025174,0.3814067802539971,0.2686474477836476,0.3499457719623552,2019,D
2019-09-28,Aston Villa,Burnley,0.2896774075229822,0.2973768330689845,0.4129457594080331,0.409161673774161,0.284002021013385,0.306836305212454,2019,D
2019-09-29,Leicester,Newcastle,0.1211797354126099,0.1978044449004809,0.6810158196869094,0.6281801517430725,0.2378979556607728,0.1339218925961546,2019,H
2019-09-30,Man United,Arsenal,0.3247669536783404,0.291711273596696,0.3835217727249635,0.402510494403423,0.2753927412567294,0.3220967643398476,2019,D
2019-10-05,Norwich,Aston Villa,0.331728862646453,0.2876323567197816,0.3806387806337655,0.4063552205685879,0.2634973309272697,0.3301474485041424,2019,A
2019-10-05,West Ham,Crystal Palace,0.2318573768341149,0.2867658113903376,0.4813768117755475,0.4808863369664424,0.2675502349367626,0.2515634280967949,2019,A
2019-10-05,Watford,Sheffield United,0.2638592310404137,0.282503437783231,0.4536373311763551,0.4462634098456791,0.2828417717888081,0.2708948183655126,2019,D
2019-10-05,Brighton,Tottenham,0.4728003983653014,0.2309354727329263,0.2962641289017726,0.2457573696427419,0.2627686339041479,0.49147399645311,2019,H
2019-10-05,Liverpool,Leicester,0.1898039645804745,0.135265787153494,0.6749302482660313,0.6598107031767226,0.2039876130662073,0.1362016837570701,2019,H
2019-10-05,Burnley,Everton,0.3754689141688243,0.2770829127865058,0.34744817304467,0.3326581401234151,0.2905183113884312,0.3768235484881538,2019,H
2019-10-06,Arsenal,Bournemouth,0.1187051637295021,0.1762556590166298,0.705039177253868,0.6659624057227929,0.195481738612955,0.138555855664252,2019,H
2019-10-06,Man City,Wolves,0.073260721191229,0.1037057389136804,0.8230335398950905,0.8470024840201065,0.1058741693248724,0.0471233466550209,2019,A
2019-10-06,Southampton,Chelsea,0.5340254367868101,0.1892668369027388,0.2767077263104517,0.2375159246255798,0.2516853404128583,0.5107987349615619,2019,A
2019-10-06,Newcastle,Man United,0.526018245697202,0.2021864560385764,0.2717952982642218,0.2116832537824082,0.2761615992465253,0.5121551469710666,2019,H
2019-10-19,Chelsea,Newcastle,0.0828532458094237,0.1422942865751587,0.7748524676154173,0.7318695941450432,0.1729873586161011,0.0951430472388556,2019,H
2019-10-19,Aston Villa,Brighton,0.297145241580159,0.2961853383788283,0.4066694200410132,0.3999019484887526,0.2835441630847461,0.3165538884265012,2019,H
2019-10-19,Bournemouth,Norwich,0.1904000013749859,0.2439999224281102,0.5656000761969034,0.5516087379180374,0.2258969117188153,0.2224943503631472,2019,D
2019-10-19,Everton,West Ham,0.2498468909495728,0.2789740357024731,0.4711790733479541,0.4884278150961559,0.2592546089940779,0.2523175759097662,2019,H
2019-10-19,Leicester,Burnley,0.1401880645180692,0.2098793702465429,0.6499325652353876,0.6097773514248646,0.2378000586897294,0.152422589885406,2019,H
2019-10-19,Crystal Palace,Man City,0.6490358548773859,0.1831424523232606,0.1678216927993533,0.0778075391523309,0.1413117409667926,0.7808807198808763,2019,A
2019-10-19,Tottenham,Watford,0.1580498444087705,0.2177425933282614,0.6242075622629684,0.6753998878592147,0.1954496889638456,0.1291504231769396,2019,D
2019-10-19,Wolves,Southampton,0.2123127548745356,0.2577048477710271,0.5299823973544372,0.522289187925391,0.2670675949498623,0.2106432171247467,2019,D
2019-10-20,Man United,Liverpool,0.6004174954044906,0.2483830265819264,0.1511994780135826,0.1852199911210423,0.243350402790789,0.5714296060881685,2019,D
2019-10-21,Sheffield United,Arsenal,0.4627642135298583,0.2616562213019087,0.2755795651682337,0.247081404309774,0.253633710551051,0.499284885139175,2019,H
2019-10-25,Southampton,Leicester,0.4349420198493223,0.2726651055402098,0.2923928746104677,0.3018087467046533,0.2817262951893503,0.4164649581059962,2019,A
2019-10-26,Burnley,Chelsea,0.5614021606047374,0.2500392426193814,0.1885585967758815,0.211270728473044,0.2407318951135699,0.547997376413386,2019,A
2019-10-26,West Ham,Sheffield United,0.2298298763840346,0.3044464400035109,0.4657236836124541,0.4592742002979528,0.2722502134212684,0.2684755862807787,2019,D
2019-10-26,Watford,Bournemouth,0.2699677243823022,0.306277381588495,0.4237548940292026,0.4372431318950822,0.2678990695292623,0.2948577985756554,2019,D
2019-10-26,Brighton,Everton,0.3940294866521751,0.2731215936888841,0.3328489196589407,0.3315234883552727,0.291012404166064,0.3774641074786634,2019,H
2019-10-26,Man City,Aston Villa,0.1073239481429645,0.1064858464245448,0.7861902054324906,0.8748208009942247,0.0862879665208125,0.0388912324849627,2019,H
2019-10-27,Newcastle,Wolves,0.384041982658688,0.3025628442396176,0.3133951731016946,0.322910088762893,0.3072069323753247,0.3698829788617822,2019,D
2019-10-27,Arsenal,Crystal Palace,0.107562332789312,0.1656087940650513,0.7268288731456366,0.6543046357615894,0.1997350993377483,0.1459602649006622,2019,D
2019-10-27,Liverpool,Tottenham,0.1044481684553599,0.1378298871697084,0.757721944374932,0.6348162091782773,0.2157542353790172,0.1494295554427054,2019,H
2019-10-27,Norwich,Man United,0.5523643419432634,0.1915183783966409,0.2561172796600956,0.219452935183008,0.2375578023356062,0.5429892624813857,2019,A
2019-11-02,Arsenal,Wolves,0.1959730286855243,0.2715882630940812,0.5324387082203945,0.5401271040833973,0.2559174855435884,0.2039554103730143,2019,D
2019-11-02,Brighton,Norwich,0.1869078017823314,0.2631837730560821,0.549908425161586,0.553479255940787,0.2266629333852746,0.2198578106739384,2019,H
2019-11-02,Aston Villa,Liverpool,0.7169570141695865,0.159303145374212,0.1237398404562017,0.1037999919473198,0.1894168131440381,0.706783194908642,2019,A
2019-11-02,Bournemouth,Man United,0.4491294911356941,0.2214533037500224,0.3294172051142833,0.2928767382461451,0.2644026109166588,0.4427206508371961,2019,H
2019-11-02,Man City,Southampton,0.0626330424525486,0.1189690325210083,0.8183979250264432,0.8790533803788207,0.0796722956944102,0.041274323926769,2019,H
2019-11-02,Sheffield United,Burnley,0.2658351667271337,0.2891947822889447,0.4449700509839214,0.4273091570400287,0.2970785821925751,0.2756122607673962,2019,H
2019-11-02,Watford,Chelsea,0.6207541395460852,0.2085376999670836,0.1707081604868309,0.1948567443646019,0.222634208792082,0.5825090468433161,2019,A
2019-11-02,West Ham,Newcastle,0.1951256434842921,0.2534816282231577,0.5513927282925501,0.5339001176482729,0.2493427434751648,0.2167571388765622,2019,A
2019-11-03,Crystal Palace,Leicester,0.4368936468516715,0.2843912862215133,0.2787150669268153,0.2708344947187792,0.2830287885068958,0.446136716774325,2019,A
2019-11-03,Everton,Tottenham,0.3758406734166432,0.2639500207681494,0.3602093058152074,0.3463816805980136,0.2800638083782176,0.3735545110237688,2019,D
2019-11-08,Norwich,Watford,0.3914761582716195,0.268873978374031,0.3396498633543492,0.3546056096765713,0.273552898893355,0.3718414914300736,2019,A
2019-11-09,Burnley,West Ham,0.2874256039392007,0.2919300475338533,0.4206443485269457,0.4173763310985912,0.2712603105195966,0.3113633583818121,2019,H
2019-11-09,Leicester,Arsenal,0.2217703550853001,0.268583402386064,0.5096462425286354,0.4759078155662597,0.2521448612530207,0.2719473231807198,2019,H
2019-11-09,Tottenham,Sheffield United,0.1924026220206882,0.2652800369740374,0.5423173410052744,0.6045340050377834,0.2372795969773299,0.1581863979848866,2019,D
2019-11-09,Southampton,Everton,0.4258960144369693,0.2698339778631461,0.3042700076998845,0.3279244135677199,0.2839201581276319,0.388155428304648,2019,A
2019-11-09,Newcastle,Bournemouth,0.3209150879236128,0.2939476456432833,0.3851372664331039,0.3618571414193929,0.29914701138805,0.3389958471925569,2019,H
2019-11-09,Chelsea,Crystal Palace,0.0866252215330052,0.1328553842505303,0.780519394216464,0.7124157233527638,0.1856819170074532,0.1019023596397828,2019,H
2019-11-10,Liverpool,Man City,0.2922347180945936,0.3162067640297602,0.3915585178756457,0.368934882453017,0.2637114029725776,0.3673537145744052,2019,H
2019-11-10,Wolves,Aston Villa,0.2044315983277692,0.259298992073514,0.5362694095987166,0.5081771732773721,0.2684059505873475,0.2234168761352803,2019,H
2019-11-10,Man United,Brighton,0.1878053903062343,0.2524592840733231,0.5597353256204424,0.595154178845166,0.2522692479774025,0.1525765731774315,2019,H
2019-11-23,Watford,Burnley,0.3143454797993971,0.294680286600977,0.3909742335996262,0.4137254000346636,0.2841159222016027,0.3021586777637336,2019,A
2019-11-23,Everton,Norwich,0.1613915852407623,0.215818602596576,0.6227898121626614,0.6874473178828089,0.1878448777774881,0.1247078043397029,2019,A
2019-11-23,Crystal Palace,Liverpool,0.7075566566565712,0.1577218890398404,0.134721454303588,0.1264953794560616,0.2052990257632607,0.6682055947806778,2019,A
2019-11-23,Man City,Chelsea,0.135784187967562,0.1846478630388028,0.6795679489936353,0.6597421805903684,0.1906627782334163,0.1495950411762153,2019,H
2019-11-23,Bournemouth,Wolves,0.3631852643570519,0.2918734366760904,0.344941298966858,0.3394138932584571,0.2878893016863253,0.3726968050552176,2019,A
2019-11-23,Arsenal,Southampton,0.1065234474485113,0.214330837553055,0.679145714998434,0.6543046357615894,0.1997350993377483,0.1459602649006622,2019,D
2019-11-23,Brighton,Leicester,0.4592039764791631,0.2960752583641317,0.2447207651567051,0.2556366606594147,0.2682680963061883,0.4760952430343969,2019,A
2019-11-23,West Ham,Tottenham,0.5678908948302593,0.1886947967376632,0.2434143084320778,0.2223247482535409,0.2279966329877927,0.5496786187586664,2019,A
2019-11-24,Sheffield United,Man United,0.4377184912981297,0.2431987392697225,0.319082769432148,0.2674798200471888,0.2856956635527808,0.4468245164000304,2019,D
2019-11-25,Aston Villa,Newcastle,0.2514588914385856,0.2946615761181623,0.4538795324432517,0.4589754354516291,0.2800759462606131,0.2609486182877578,2019,H
2019-11-30,Tottenham,Bournemouth,0.1365909381099175,0.188447720555734,0.6749613413343486,0.6909006062662943,0.1819979019792357,0.1271014917544698,2019,H
2019-11-30,Liverpool,Brighton,0.060282579859447,0.1151509116582147,0.8245665084823374,0.7965379405593477,0.1354039733340415,0.0680580861066107,2019,H
2019-11-30,Southampton,Watford,0.2969244516509261,0.2717726372379683,0.4313029111111049,0.4527369182541597,0.2756209307933446,0.2716421509524958,2019,H
2019-11-30,Burnley,Crystal Palace,0.2423672668076129,0.316496531810661,0.4411362013817262,0.4175814849817768,0.294567841078811,0.2878506739394121,2019,A
2019-11-30,Newcastle,Man City,0.7296915361796384,0.1413523861778452,0.1289560776425161,0.0678323445172309,0.1242941684846246,0.8078734869981443,2019,D
2019-11-30,Chelsea,West Ham,0.0826340004464866,0.1697175181257676,0.7476484814277459,0.7407060059271486,0.1580172812644583,0.101276712808393,2019,A
2019-12-01,Leicester,Everton,0.133236509849825,0.2034273136037292,0.6633361765464458,0.5899410906587126,0.2297101193800018,0.1803487899612854,2019,H
2019-12-01,Man United,Aston Villa,0.1596526493387503,0.2203886972881122,0.6199586533731377,0.6483477139387479,0.2134572989390893,0.1381949871221627,2019,D
2019-12-01,Wolves,Sheffield United,0.2099067899327159,0.2535522837918796,0.5365409262754042,0.5008941866788461,0.2759103341394282,0.2231954791817256,2019,D
2019-12-01,Norwich,Arsenal,0.5640358175185498,0.1755290976895409,0.2604350847919094,0.2348538133800544,0.221704618196264,0.5434415684236815,2019,D
2019-12-03,Crystal Palace,Bournemouth,0.2566068606033382,0.2884633770347594,0.4549297623619026,0.4312496699931358,0.2832811922487988,0.2854691377580653,2019,H
2019-12-03,Burnley,Man City,0.6910425352070277,0.1833342205672767,0.1256232442256949,0.0846769861711299,0.1442171339404893,0.7711058798883805,2019,A
2019-12-04,Liverpool,Everton,0.0840171217889309,0.1328053162307373,0.7831775619803311,0.6880572931064409,0.194856992240487,0.1170857146530719,2019,H
2019-12-04,Wolves,West Ham,0.1944141481794009,0.2677264576809211,0.5378593941396784,0.5431306759654617,0.2535056524700164,0.2033636715645218,2019,H
2019-12-04,Southampton,Norwich,0.2271906667414337,0.2350960762163489,0.5377132570422173,0.5433041057423755,0.2356569752035266,0.2210389190540978,2019,H
2019-12-04,Chelsea,Aston Villa,0.0859768546659769,0.1390587392027477,0.774964406131275,0.7420851879279837,0.1651946157474468,0.0927201963245694,2019,H
2019-12-04,Leicester,Watford,0.1105157290811488,0.1838711257968306,0.7056131451220202,0.7101140227883165,0.1764827870848786,0.1134031901268048,2019,H
2019-12-04,Man United,Tottenham,0.3722154446451245,0.2943352699692318,0.3334492853856435,0.3532659076942306,0.2764225525222119,0.3703115397835574,2019,H
2019-12-05,Sheffield United,Newcastle,0.2121669164486788,0.2657764698406274,0.5220566137106937,0.5181992965460941,0.2789131507880448,0.202887552665861,2019,A
2019-12-05,Arsenal,Brighton,0.1713676164322115,0.2407652270497221,0.5878671565180661,0.6055296928337972,0.2216191039391007,0.1728512032271021,2019,A
2019-12-07,Man City,Man United,0.1092461086076431,0.1468591520441065,0.74389473934825,0.7317989415265198,0.1692107902280849,0.0989902682453951,2019,A
2019-12-07,Bournemouth,Liverpool,0.723697006327121,0.1570764840621883,0.1192265096106906,0.1337248893428668,0.1859465440926115,0.6803285665645216,2019,A
2019-12-07,Everton,Chelsea,0.4934061308831279,0.243554364082544,0.2630395050343282,0.2714932126696832,0.253393665158371,0.4751131221719457,2019,H
2019-12-07,Watford,Crystal Palace,0.28715489223076,0.330629222898941,0.3822158848702986,0.4083714663575093,0.2888945270787302,0.3027340065637605,2019,D
2019-12-07,Tottenham,Burnley,0.1515671282223473,0.2109551884455754,0.6374776833320773,0.6761550851404193,0.2007023751108937,0.1231425397486869,2019,H
2019-12-08,Aston Villa,Leicester,0.5145855342445378,0.2889784853950218,0.1964359803604405,0.2158242468491543,0.2474468575327053,0.5367288956181402,2019,A
2019-12-08,Newcastle,Southampton,0.3448975065504535,0.3133387273788709,0.3417637660706756,0.3715665587972449,0.2959866997932465,0.3324467414095085,2019,H
2019-12-08,Norwich,Sheffield United,0.4036441634977219,0.2616743563110862,0.3346814801911921,0.3303837765420402,0.2713670217157801,0.3982492017421798,2019,A
2019-12-08,Brighton,Wolves,0.3136989122693707,0.3305363929975478,0.3557646947330814,0.3576383652928169,0.3068130978100079,0.3355485368971751,2019,D
2019-12-09,West Ham,Arsenal,0.5204944872838094,0.1997543587292451,0.2797511539869458,0.2759916841737566,0.2376011488499061,0.4864071669763373,2019,A
2019-12-14,Southampton,West Ham,0.2343391836447119,0.2601550307677013,0.5055057855875865,0.4993438320209974,0.2503280839895013,0.2503280839895013,2019,A
2019-12-14,Leicester,Norwich,0.0846995084560699,0.141390372241215,0.7739101193027145,0.781373182353637,0.1466577357648364,0.0719690818815265,2019,D
2019-12-14,Sheffield United,Aston Villa,0.2081873755736174,0.2733935058424127,0.5184191185839695,0.5134635791278048,0.2563859495628882,0.2301504713093068,2019,H
2019-12-14,Burnley,Newcastle,0.2416596550279248,0.2761735124021964,0.4821668325698788,0.491594312301105,0.2712434314024453,0.2371622562964497,2019,H
2019-12-14,Chelsea,Bournemouth,0.0815185617146135,0.2119888541755423,0.7064925841098442,0.7575718446462646,0.1552915632457663,0.087136592107969,2019,A
2019-12-14,Liverpool,Watford,0.0726901557226221,0.0892027252684198,0.8381071190089581,0.8187537749434595,0.1226716447244209,0.0585745803321197,2019,H
2019-12-15,Arsenal,Man City,0.6730465589932136,0.1689885484841454,0.1579648925226411,0.155723935584477,0.1774735974694957,0.6668024669460273,2019,A
2019-12-15,Wolves,Tottenham,0.4082811012636914,0.2675814295480604,0.3241374691882485,0.2954641195054421,0.276255188386166,0.4282806921083919,2019,A
2019-12-15,Man United,Everton,0.196834681624919,0.239544439929983,0.5636208784450981,0.5375095191396342,0.2560908797054682,0.2063996011548976,2019,D
2019-12-16,Crystal Palace,Brighton,0.3414745614666884,0.2935270964535046,0.3649983420798075,0.3770677077639424,0.2929297374564729,0.3300025547795846,2019,D
2019-12-21,Everton,Arsenal,0.3316059172162608,0.2667318716203031,0.4016622111634365,0.4143386948595254,0.2524510967871814,0.333210208353293,2019,D
2019-12-21,Aston Villa,Southampton,0.3376182475477644,0.2915720432342825,0.3708097092179532,0.3999426557619824,0.2638252503938937,0.3362320938441239,2019,A
2019-12-21,Bournemouth,Burnley,0.3060749961411168,0.2913594585041268,0.4025655453547563,0.3958145542948011,0.2793985089139772,0.3247869367912216,2019,A
2019-12-21,Brighton,Sheffield United,0.2739708008455929,0.2896872232058948,0.4363419759485123,0.4329749074986669,0.2908742789743258,0.2761508135270071,2019,A
2019-12-21,Newcastle,Crystal Palace,0.2949587195336272,0.3148661926884978,0.3901750877778752,0.394251502517463,0.3064116325698024,0.2993368649127346,2019,H
2019-12-21,Norwich,Wolves,0.5085937991587389,0.2127200932873058,0.2786861075539554,0.2532593143004525,0.2533145829367296,0.4934261027628177,2019,A
2019-12-21,Man City,Leicester,0.1279902356191754,0.175164377811012,0.6968453865698123,0.6971219041432388,0.1764666572387871,0.126411438617974,2019,H
2019-12-22,Tottenham,Chelsea,0.2800877815796643,0.2668193153795891,0.4530929030407463,0.4075586814352439,0.2554281094382049,0.3370132091265512,2019,A
2019-12-22,Watford,Man United,0.592630203111294,0.1815513346765716,0.2258184622121346,0.219452935183008,0.2375578023356062,0.5429892624813857,2019,H
2019-12-26,Chelsea,Southampton,0.0994348024518637,0.1465707026999647,0.7539944948481705,0.7087791964532951,0.1808980423824276,0.1103227611642772,2019,A
2019-12-26,Bournemouth,Arsenal,0.5273701749806936,0.1911835254864367,0.2814462995328698,0.2708333333333332,0.2430555555555555,0.486111111111111,2019,D
2019-12-26,Sheffield United,Watford,0.1991063618311798,0.2770945871563636,0.5237990510124566,0.5167118780875397,0.2678787289716406,0.2154093929408197,2019,D
2019-12-26,Aston Villa,Norwich,0.259690755258822,0.2656976168904005,0.474611627850777,0.4590570154802393,0.2523219748029071,0.2886210097168535,2019,H
2019-12-26,Man United,Newcastle,0.1453046956124759,0.1772179471856676,0.6774773572018562,0.709975362213118,0.181205627863525,0.1088190099233569,2019,H
2019-12-26,Tottenham,Brighton,0.1353303397814755,0.1985634513356632,0.6661062088828613,0.6168583815161369,0.2176368897507947,0.1655047287330683,2019,H
2019-12-26,Everton,Burnley,0.1991005924423087,0.2447543826988452,0.556145024858846,0.563294273909741,0.2514172242892515,0.1852885018010075,2019,H
2019-12-26,Leicester,Liverpool,0.4342486320992518,0.2795633898154481,0.2861879780853005,0.2800086008852901,0.2555868903293506,0.4644045087853593,2019,A
2019-12-26,Crystal Palace,West Ham,0.2905607443122445,0.2855180323078077,0.4239212233799476,0.4226305506899013,0.2755565322153033,0.3018129170947955,2019,H
2019-12-27,Wolves,Man City,0.6698184051063685,0.1790475899257736,0.1511340049678579,0.1195022854240731,0.1904266124936516,0.6900711020822753,2019,H
2019-12-28,Brighton,Bournemouth,0.2277232261806791,0.2517256275707533,0.5205511462485672,0.5344867808140433,0.2464407803770208,0.2190724388089358,2019,H
2019-12-28,Newcastle,Everton,0.416961327339325,0.2756790208319668,0.3073596518287082,0.270674699501326,0.2783843647890281,0.4509409357096458,2019,A
2019-12-28,Southampton,Crystal Palace,0.2697467206601202,0.2726946497625528,0.4575586295773267,0.4882277350641431,0.2644566898264108,0.2473155751094461,2019,D
2019-12-28,Watford,Aston Villa,0.254132519618658,0.2749965529983973,0.4708709273829445,0.4867508285120485,0.2531560692018199,0.2600931022861315,2019,H
2019-12-28,Norwich,Tottenham,0.591341887104792,0.2228976243464836,0.185760488548724,0.1902614816203897,0.2349231493646395,0.5748153690149707,2019,D
2019-12-28,West Ham,Leicester,0.5214725976582582,0.2354422224608356,0.2430851798809064,0.2403233831762637,0.2465675717864385,0.5131090450372977,2019,A
2019-12-28,Burnley,Man United,0.5453928376272174,0.2273039099493999,0.2273032524233832,0.2196955005469226,0.2589697818753732,0.5213347175777041,2019,A
2019-12-29,Liverpool,Wolves,0.1231564743654939,0.1697400814072003,0.7071034442273058,0.7572540150155881,0.1618197790682837,0.0809262059161281,2019,H
2019-12-29,Arsenal,Chelsea,0.4484161039578576,0.2346542433203163,0.316929652721826,0.3326537704666336,0.2537018723845856,0.4136443571487809,2019,A
2019-12-29,Man City,Sheffield United,0.0701493759210399,0.1177815106692897,0.8120691134096699,0.8119733628344644,0.1266639621032946,0.0613626750622408,2019,H
2020-01-01,Brighton,Chelsea,0.5095682294464907,0.1966966970912414,0.2937350734622681,0.2549106224167698,0.2565760973823268,0.4885132802009033,2019,D
2020-01-01,Burnley,Aston Villa,0.2022186706120124,0.2625568841505154,0.5352244452374721,0.5368211907399445,0.2461143858707468,0.2170644233893087,2019,A
2020-01-01,Newcastle,Leicester,0.5892771657851621,0.20957108375636,0.2011517504584782,0.1891935487268606,0.2426660611168595,0.5681403901562798,2019,A
2020-01-01,Southampton,Tottenham,0.4615756855459715,0.2524895770964304,0.285934737357598,0.2825882267731363,0.2666630452496061,0.4507487279772575,2019,H
2020-01-01,Watford,Wolves,0.4340118045549992,0.2523532849519344,0.313634910493066,0.3050098734814095,0.284272223125096,0.4107179033934944,2019,H
2020-01-01,Man City,Everton,0.0872817856318992,0.1336419019761129,0.7790763123919876,0.7578913416164437,0.1492638871706049,0.0928447712129513,2019,H
2020-01-01,Norwich,Crystal Palace,0.3394879505236203,0.2868280241295198,0.3736840253468598,0.3761345104942971,0.2753119828805699,0.3485535066251329,2019,D
2020-01-01,West Ham,Bournemouth,0.2420539250788406,0.2810741156537869,0.4768719592673723,0.4924992110964163,0.2511124426936891,0.2563883462098944,2019,H
2020-01-01,Arsenal,Man United,0.3584706629092335,0.3086097046006677,0.332919632490099,0.3701282197139323,0.2647251760388653,0.3651466042472023,2019,H
2020-01-02,Liverpool,Sheffield United,0.1104191211740462,0.1137647028709296,0.7758161759550233,0.781722327485211,0.1455184483431927,0.0727592241715963,2019,H
2020-01-10,Sheffield United,West Ham,0.2194052818128017,0.2740161818764341,0.5065785363107637,0.4820338369855236,0.2799817097375549,0.2379844532769215,2019,H
2020-01-11,Man United,Norwich,0.0870690866700827,0.1510905577883761,0.7618403555415405,0.7038212601300688,0.1848190767748502,0.1113596630950808,2019,H
2020-01-11,Wolves,Newcastle,0.1402344873894417,0.2309783798716642,0.6287871327388941,0.6591109168988908,0.217870335233291,0.1230187478678181,2019,D
2020-01-11,Leicester,Southampton,0.1515100603543013,0.2213595052576846,0.6271304343880143,0.5898952339047585,0.2374290751077713,0.17267569098747,2019,A
2020-01-11,Tottenham,Liverpool,0.6104424495294775,0.2295202286065822,0.1600373218639402,0.2108826339985765,0.2191620907606453,0.5699552752407782,2019,A
2020-01-11,Chelsea,Burnley,0.0967397405947108,0.1458092324832542,0.7574510269220347,0.7365547431641658,0.1727470485802877,0.0906982082555464,2019,H
2020-01-11,Everton,Brighton,0.2171462040142292,0.2762619421519134,0.5065918538338569,0.5109908353978336,0.2570689551393736,0.2319402094627927,2019,H
2020-01-11,Crystal Palace,Arsenal,0.5261753465649319,0.2040058306853712,0.2698188227496974,0.2341282863776641,0.2462949593189315,0.5195767543034044,2019,D
2020-01-12,Bournemouth,Watford,0.3411681377982368,0.3142468075894223,0.344585054612341,0.3755431678374389,0.2828428907415256,0.3416139414210353,2019,A
2020-01-12,Aston Villa,Man City,0.7114327231133188,0.1365702729934747,0.1519970038932062,0.0703764497507269,0.1116318134874903,0.8179917367617828,2019,A
2020-01-18,Norwich,Bournemouth,0.2539190078291096,0.2868233977266991,0.4592575944441909,0.4327560190598969,0.2720180691233638,0.2952259118167393,2019,H
2020-01-18,West Ham,Everton,0.4191482819270118,0.2625007040144315,0.318351014058557,0.3252015216054456,0.2717581931073283,0.4030402852872261,2019,D
2020-01-18,Southampton,Wolves,0.3097201372128695,0.2864589927615312,0.4038208700255991,0.4015907383019724,0.2805043414209504,0.3179049202770771,2019,A
2020-01-18,Man City,Crystal Palace,0.0551189797531434,0.0788781229435073,0.8660028973033483,0.862071153297734,0.0921644641656441,0.0457643825366218,2019,D
2020-01-18,Brighton,Aston Villa,0.1808579151301114,0.2466139709500638,0.5725281139198246,0.5806457707143131,0.2289353601924521,0.1904188690932348,2019,D
2020-01-18,Arsenal,Sheffield United,0.2261793207252664,0.266203392749517,0.5076172865252162,0.523980717277369,0.2605665112253559,0.2154527714972751,2019,D
2020-01-18,Watford,Tottenham,0.4243809056610987,0.226829911501353,0.3487891828375486,0.2997022352599092,0.2679805367126625,0.4323172280274282,2019,D
2020-01-18,Newcastle,Chelsea,0.6470324766692136,0.1606055742895742,0.1923619490412119,0.1582577132486388,0.2087114337568058,0.6330308529945554,2019,H
2020-01-19,Burnley,Leicester,0.5233729284617966,0.2304596624144091,0.246167409123795,0.2208200031215316,0.2566933228258826,0.5224866740525858,2019,H
2020-01-19,Liverpool,Man United,0.1740499726177207,0.1179478032054909,0.7080022241767883,0.6907924631183545,0.1815455454242525,0.127661991457393,2019,H
2020-01-21,Crystal Palace,Southampton,0.3347099221244365,0.3372413734418766,0.3280487044336869,0.351955110107284,0.2928430265386787,0.3552018633540372,2019,A
2020-01-21,Aston Villa,Watford,0.3983038647550384,0.2873876434180584,0.3143084918269032,0.3358920725129581,0.2734562054358407,0.3906517220512011,2019,H
2020-01-21,Bournemouth,Brighton,0.36071745843618,0.3059121057834906,0.3333704357803291,0.331758240903289,0.2815072574724989,0.3867345016242121,2019,H
2020-01-21,Chelsea,Arsenal,0.193090793649081,0.2625970655265057,0.5443121408244128,0.5493937063045645,0.2444133100873576,0.2061929836080778,2019,D
2020-01-21,Everton,Newcastle,0.1672358409915508,0.2363746520254754,0.5963895069829744,0.6055521053285307,0.2355136007949323,0.158934293876537,2019,D
2020-01-21,Sheffield United,Man City,0.598373416310212,0.2239649186859287,0.177661665003859,0.1336960540566669,0.1955275476569042,0.6707763982864288,2019,A
2020-01-22,Leicester,West Ham,0.1270398953088533,0.2219437923572465,0.6510163123339001,0.6221934999994422,0.2156956144579279,0.1621108855426298,2019,H
2020-01-22,Tottenham,Norwich,0.1684271024712816,0.2149030870266307,0.6166698105020878,0.6753998878592147,0.1954496889638456,0.1291504231769396,2019,H
2020-01-22,Man United,Burnley,0.0929308041360334,0.157146824444701,0.7499223714192652,0.6867390573604333,0.1994780903763198,0.1137828522632469,2019,A
2020-01-23,Wolves,Liverpool,0.6147823594905991,0.2249411436654351,0.1602764968439661,0.1688290388703165,0.243493033173284,0.5876779279563995,2019,A
2020-01-29,West Ham,Liverpool,0.7602650125922229,0.1320795916538161,0.1076553957539608,0.1137093626202043,0.1731072594726042,0.7131833779071914,2019,A
2020-02-01,Crystal Palace,Sheffield United,0.3558523075048522,0.2832845921618753,0.3608631003332723,0.3074459876543209,0.3074459876543209,0.3851080246913581,2019,A
2020-02-01,Man United,Wolves,0.2312146412089071,0.2904559015445616,0.4783294572465318,0.4278419010759231,0.2999404429486121,0.2722176559754647,2019,D
2020-02-01,Newcastle,Norwich,0.2623911910207279,0.2962923978205484,0.4413164111587234,0.4275280454787987,0.2797450051710395,0.2927269493501617,2019,D
2020-02-01,Watford,Everton,0.3654814518524826,0.3050668564312632,0.3294516917162544,0.346382364971046,0.288651970809205,0.3649656642197489,2019,A
2020-02-01,West Ham,Brighton,0.325813614722728,0.2954571802628364,0.3787292050144357,0.3731746310268858,0.2840122580427897,0.3428131109303245,2019,D
2020-02-01,Leicester,Chelsea,0.2846577219475199,0.3207857044951175,0.3945565735573626,0.3814067802539971,0.2686474477836476,0.3499457719623552,2019,D
2020-02-01,Liverpool,Southampton,0.1121868972250542,0.1470738965929472,0.7407392061819976,0.7528341179403699,0.1621491877728403,0.0850166942867897,2019,H
2020-02-01,Bournemouth,Aston Villa,0.2411980766247936,0.2878964717999521,0.4709054515752539,0.4524274649011455,0.2639160211923349,0.2836565139065196,2019,H
2020-02-02,Tottenham,Man City,0.6544310000393709,0.1921081558968213,0.1534608440638076,0.1691865042311034,0.2090912529403338,0.6217222428285628,2019,H
2020-02-02,Burnley,Arsenal,0.4851511174958158,0.2210523000635941,0.2937965824405902,0.2574821265591724,0.2722942652874962,0.4702236081533313,2019,D
2020-02-08,Everton,Crystal Palace,0.1757233812187962,0.2314178793515424,0.592858739429662,0.5882730532365783,0.2533857310732511,0.1583412156901704,2019,H
2020-02-08,Brighton,Watford,0.2458358541531797,0.2893598254163544,0.4648043204304655,0.4478440179977924,0.2840832980860963,0.2680726839161113,2019,D
2020-02-09,Sheffield United,Bournemouth,0.1392347143965356,0.2282255714023165,0.6325397142011483,0.5707559579742982,0.2639736087323834,0.1652704332933183,2019,H
2020-02-14,Wolves,Leicester,0.3493687816495175,0.2932253080448109,0.3574059103056718,0.3787455578801193,0.2897850329237239,0.3314694091961566,2019,D
2020-02-15,Norwich,Liverpool,0.7573905598359464,0.137300966950489,0.1053084732135643,0.0920702915706597,0.1554533241483428,0.7524763842809974,2019,A
2020-02-15,Southampton,Burnley,0.2029691880017707,0.2649285174664601,0.5321022945317689,0.5410418598504854,0.2546657144938889,0.2042924256556257,2019,A
2020-02-16,Arsenal,Newcastle,0.1558705145116765,0.194189262925072,0.6499402225632513,0.6803939122649956,0.2005371530886302,0.1190689346463742,2019,H
2020-02-16,Aston Villa,Tottenham,0.5120589767368888,0.2043290460156119,0.2836119772474996,0.2372595342558218,0.249746878164023,0.5129935875801553,2019,A
2020-02-17,Chelsea,Man United,0.191568710379272,0.2502732320446016,0.5581580575761269,0.5120774118765641,0.2721226506840336,0.2157999374394023,2019,A
2020-02-19,Man City,West Ham,0.0648866862729018,0.1057802485199063,0.8293330652071919,0.8431341809126078,0.102624428263513,0.0542413908238791,2019,H
2020-02-22,Southampton,Aston Villa,0.1569509849306069,0.2433649323911072,0.5996840826782862,0.588670010716078,0.2257192635035019,0.1856107257804201,2019,H
2020-02-22,Sheffield United,Brighton,0.1951027118519101,0.2687366579544474,0.536160630193642,0.4939715296267372,0.2803823689931644,0.2256461013800984,2019,D
2020-02-22,Leicester,Man City,0.5583888124035308,0.2276417480410683,0.2139694395554006,0.2119323241317898,0.2270703472840605,0.5609973285841496,2019,A
2020-02-22,Burnley,Bournemouth,0.2659370232559152,0.2861177491802725,0.4479452275638122,0.4482276609815858,0.2908084917540647,0.2609638472643494,2019,H
2020-02-22,Chelsea,Tottenham,0.2036778459471115,0.2465128082572963,0.5498093457955917,0.5530795761028601,0.2378242177242298,0.2090962061729101,2019,H
2020-02-22,Crystal Palace,Newcastle,0.2207077438443872,0.2725148274967916,0.5067774286588207,0.4937612763794528,0.2844928199775733,0.2217459036429738,2019,H
2020-02-23,Man United,Watford,0.163304504461017,0.2147119337529226,0.6219835617860608,0.6004321401335706,0.2409639575100717,0.1586039023563576,2019,H
2020-02-23,Wolves,Norwich,0.1723399192713188,0.2454271790580449,0.5822329016706365,0.6290596711861332,0.2234846581159483,0.1474556706979184,2019,H
2020-02-23,Arsenal,Everton,0.25251788672151,0.286346888850715,0.461135224427775,0.4770773638968481,0.2650429799426934,0.2578796561604584,2019,H
2020-02-24,Liverpool,West Ham,0.0633637999262623,0.1049938033322019,0.8316423967415355,0.8158471730143186,0.122772568043956,0.0613802589417252,2019,H
2020-02-28,Norwich,Leicester,0.555207751237885,0.2178974332673336,0.2268948154947818,0.2135700257230954,0.2324157312296006,0.554014243047304,2019,H
2020-02-29,Watford,Liverpool,0.6639958845760289,0.2170973396213201,0.1189067758026505,0.1231708309595507,0.1957231219988606,0.6811060470415886,2019,H
2020-02-29,West Ham,Southampton,0.3838397822687072,0.2765819058138179,0.3395783119174747,0.3589787531816066,0.2642482488697937,0.3767729979485995,2019,H
2020-02-29,Brighton,Crystal Palace,0.2584247157409465,0.2876392001554036,0.45393608410365,0.4640874347871858,0.2950207869890189,0.2408917782237953,2019,A
2020-02-29,Bournemouth,Chelsea,0.5425630032274278,0.227671078405253,0.2297659183673193,0.2001781242400598,0.247004381492333,0.5528174942676072,2019,D
2020-02-29,Newcastle,Burnley,0.3113969092513954,0.3462360279489698,0.3423670627996348,0.3689952513733845,0.3076360006613836,0.3233687479652319,2019,D
2020-03-01,Everton,Man United,0.3171672469893234,0.3106093968509576,0.3722233561597186,0.3802679630489157,0.286057444367087,0.3336745925839973,2019,D
2020-03-01,Tottenham,Wolves,0.2770555294572605,0.3077931981494881,0.4151512723932511,0.3970892422890478,0.2953645011128795,0.3075462565980728,2019,A
2020-03-07,Liverpool,Bournemouth,0.075839014410949,0.122519325750168,0.8016416598388826,0.7723216675205113,0.1528471261115911,0.0748312063678974,2019,H
2020-03-07,Burnley,Tottenham,0.3561307137880656,0.2799982522909501,0.3638710339209843,0.3521480961711593,0.2903444897526876,0.3575074140761531,2019,D
2020-03-07,Crystal Palace,Watford,0.3478994765499192,0.2978890820701914,0.3542114413798894,0.3703341044859858,0.2979771927315858,0.3316887027824284,2019,H
2020-03-07,Sheffield United,Norwich,0.1870848029862823,0.2333924600513137,0.5795227369624036,0.5780599478098912,0.2560619802098789,0.1658780719802296,2019,H
2020-03-07,Southampton,Newcastle,0.1634784790395881,0.2433647097567082,0.5931568112037039,0.5820227535734818,0.237297563624979,0.1806796828015392,2019,A
2020-03-07,Arsenal,West Ham,0.1644004410849756,0.236585706680132,0.5990138522348928,0.6153339836436729,0.2184837774577192,0.1661822388986079,2019,H
2020-03-07,Wolves,Brighton,0.1549275719221446,0.2144405076303758,0.6306319204474797,0.5831575772660844,0.2436911284238901,0.1731512943100254,2019,D
2020-03-08,Chelsea,Everton,0.190029466278092,0.2485112868270763,0.5614592468948318,0.5243774034059696,0.2541796374290423,0.2214429591649881,2019,H
2020-03-08,Man United,Man City,0.5941200074683762,0.1957390959611875,0.2101408965704364,0.1897065628669565,0.2211257379571628,0.5891676991758806,2019,H
2020-03-09,Leicester,Aston Villa,0.103737986281363,0.1540856883267279,0.7421763253919089,0.6990453833824479,0.1856085215542677,0.1153460950632843,2019,H
2020-06-17,Aston Villa,Sheffield United,0.4115278344050587,0.2605132174215119,0.3279589481734296,0.2959032472281812,0.2784971738618176,0.4255995789100011,2019,D
2020-06-17,Man City,Arsenal,0.1506733691241643,0.1779767067523885,0.6713499241234472,0.6998236830330122,0.1799440653409442,0.1202322516260434,2019,H
2020-06-19,Norwich,Southampton,0.4589231111681456,0.2378877305192826,0.3031891583125718,0.3183223420739421,0.2716200941680203,0.4100575637580376,2019,A
2020-06-19,Tottenham,Man United,0.4139501810307141,0.2912708232494789,0.2947789957198071,0.3202784103863702,0.2802242404547443,0.3994973491588853,2019,D
2020-06-20,West Ham,Wolves,0.4448441858747092,0.2567952245692782,0.2983605895560132,0.2650334075723831,0.2806236080178174,0.4543429844097996,2019,A
2020-06-20,Bournemouth,Crystal Palace,0.3598827789376082,0.2812999954718962,0.3588172255904956,0.3879572338172639,0.2925211360214704,0.3195216301612655,2019,A
2020-06-20,Brighton,Arsenal,0.4156413043455935,0.2675348212633747,0.3168238743910321,0.292897022180192,0.2858222545231242,0.4212807232966838,2019,H
2020-06-20,Watford,Leicester,0.447814955369225,0.249501690117952,0.302683354512823,0.2769743867503821,0.2686771441547685,0.4543484690948494,2019,D
2020-06-21,Everton,Liverpool,0.6410604618690463,0.20542598155829,0.1535135565726636,0.165617896072215,0.225000757626223,0.6093813463015619,2019,D
2020-06-21,Aston Villa,Chelsea,0.6587005149129138,0.1636931298325238,0.1776063552545625,0.1613895103542229,0.2208832349961341,0.6177272546496431,2019,A
2020-06-21,Newcastle,Sheffield United,0.3949059731861695,0.2655032973842147,0.3395907294296163,0.2888945270787302,0.3027340065637605,0.4083714663575092,2019,H
2020-06-22,Man City,Burnley,0.0905020572100096,0.0957027422379532,0.8137952005520361,0.83210468872665,0.1049345695458437,0.0629607417275062,2019,H
2020-06-23,Leicester,Brighton,0.1753367431457927,0.2298335862306567,0.5948296706235505,0.5857199975092828,0.240929365227622,0.1733506372630951,2019,D
2020-06-23,Tottenham,West Ham,0.1884559189081253,0.2307427531049777,0.580801327986897,0.5748153690149707,0.2349231493646395,0.1902614816203897,2019,H
2020-06-24,Newcastle,Aston Villa,0.2782073732725397,0.3108454396989383,0.4109471870285219,0.414907085832879,0.2891776658835217,0.2959152482835993,2019,D
2020-06-24,Liverpool,Crystal Palace,0.0996541783747976,0.1288220690506854,0.7715237525745166,0.7800673854497906,0.1493399819711316,0.0705926325790776,2019,H
2020-06-24,Man United,Sheffield United,0.111362801727622,0.1817374175461091,0.7068997807262691,0.6736791150843513,0.2110774301192658,0.1152434547963828,2019,H
2020-06-24,Norwich,Everton,0.55152813520107,0.1906075018235717,0.257864362975359,0.2479042412495053,0.2596948706309832,0.4924008881195113,2019,A
2020-06-24,Wolves,Bournemouth,0.1327010376426441,0.2363187149257276,0.6309802474316287,0.6078239656231355,0.2341414215999922,0.1580346127768723,2019,H
2020-06-25,Burnley,Watford,0.3762155933627508,0.2885848643378855,0.335199542299364,0.3200456947496261,0.2952330537749923,0.3847212514753817,2019,H
2020-06-25,Southampton,Arsenal,0.3466352623743867,0.3128195990130545,0.3405451386125591,0.3626945945341607,0.2760062339441974,0.3612991715216418,2019,A
2020-06-25,Chelsea,Man City,0.4785806583020557,0.2815210414600015,0.2398983002379427,0.2346250552138901,0.2375301552784479,0.527844789507662,2019,H
2020-06-27,Aston Villa,Wolves,0.5599857364117051,0.2439800992846098,0.1960341643036852,0.2028720653770266,0.2598578017823915,0.5372701328405818,2019,A
2020-06-28,Watford,Southampton,0.3208047588642838,0.3091597145070926,0.3700355266286239,0.3810768553064273,0.288694587353354,0.3302285573402185,2019,A
2020-06-29,Crystal Palace,Burnley,0.3001109922770257,0.3185208649815783,0.381368142741396,0.4228527011270889,0.2973183054799844,0.2798289933929265,2019,A
2020-06-30,Brighton,Man United,0.6256075541025052,0.1975953526128831,0.1767970932846115,0.1588781363639339,0.2508602153114746,0.5902616483245915,2019,A
2020-07-01,West Ham,Chelsea,0.6390021116465978,0.1902746658647122,0.1707232224886899,0.1776665869085603,0.2238333183531772,0.5985000947382624,2019,H
2020-07-01,Everton,Leicester,0.3189526463487068,0.3007562744003844,0.3802910792509082,0.3806355521730438,0.2883602667977604,0.3310041810291957,2019,H
2020-07-01,Bournemouth,Newcastle,0.2822377533508435,0.3377325782291561,0.3800296684200003,0.4041460748200146,0.2991838380564546,0.2966700871235308,2019,A
2020-07-01,Arsenal,Norwich,0.1434862737083583,0.2020179625356944,0.6544957637559473,0.6585256485564973,0.2003259909684555,0.141148360475047,2019,H
2020-07-02,Sheffield United,Tottenham,0.4457471284421458,0.2308093661815706,0.3234435053762833,0.2278350515463917,0.2814432989690721,0.4907216494845361,2019,H
2020-07-02,Man City,Liverpool,0.239605819116998,0.2755460119539689,0.484848168929033,0.4643070316590257,0.2472598123103673,0.2884331560306069,2019,H
2020-07-04,Wolves,Arsenal,0.2560595396460826,0.2919415510167857,0.4519989093371319,0.4247957712638154,0.2876021143680922,0.2876021143680922,2019,A
2020-07-04,Leicester,Crystal Palace,0.169475343573507,0.2463549626716877,0.5841696937548053,0.5742073765112885,0.2639721193400343,0.161820504148677,2019,H
2020-07-04,Man United,Bournemouth,0.0663077631999611,0.1387615300575937,0.794930706742445,0.8146606212029953,0.1310636446784304,0.0542757341185743,2019,H
2020-07-04,Norwich,Brighton,0.4048652826967695,0.2626500010734525,0.332484716229778,0.2882985658409387,0.2840612777053455,0.4276401564537157,2019,A
2020-07-04,Chelsea,Watford,0.1113414080247251,0.1604344631113461,0.7282241288639285,0.6750806770627303,0.2059429951489663,0.1189763277883033,2019,H
2020-07-05,Newcastle,West Ham,0.335583120152115,0.3221872397625855,0.3422296400852999,0.3628463058661789,0.2908277417403813,0.3463259523934399,2019,D
2020-07-05,Burnley,Sheffield United,0.3236622642103794,0.2978014341803917,0.3785363016092289,0.329037452377772,0.3207664362873871,0.350196111334841,2019,D
2020-07-05,Liverpool,Aston Villa,0.0840005329759384,0.1433940775588179,0.7726053894652432,0.7131833779071913,0.1731072594726042,0.1137093626202043,2019,H
2020-07-05,Southampton,Man City,0.7185463733402656,0.1516093912313902,0.1298442354283443,0.111784671780227,0.1655673957251651,0.7226479324946078,2019,H
2020-07-06,Tottenham,Everton,0.2684983872493046,0.2873411552263597,0.4441604575243355,0.4574656640066579,0.2673904645060017,0.2751438714873403,2019,H
2020-07-07,Crystal Palace,Chelsea,0.6870006426528968,0.1619468032822758,0.1510525540648268,0.1152434547963828,0.2110774301192658,0.6736791150843513,2019,A
2020-07-07,Watford,Norwich,0.2219169528035912,0.2336754262276191,0.5444076209687895,0.5552268564476324,0.2548903465700698,0.1898827969822978,2019,H
2020-07-07,Arsenal,Leicester,0.2765357906855596,0.3009645699226688,0.422499639391771,0.4130345811485841,0.2754186895589087,0.3115467292925074,2019,D
2020-07-08,Man City,Newcastle,0.0802105934875204,0.1133167063758324,0.8064727001366463,0.8502723951669396,0.1043797437574901,0.0453478610755701,2019,H
2020-07-08,Sheffield United,Wolves,0.4090223520963211,0.2704565950776078,0.3205210528260711,0.2466306670645732,0.3065468962234091,0.4468224367120176,2019,H
2020-07-08,West Ham,Burnley,0.2572566343397369,0.2727625466547341,0.4699808190055289,0.475951184493898,0.2799712849964106,0.2440775305096913,2019,A
2020-07-08,Brighton,Liverpool,0.6752660861897888,0.1794116926008296,0.1453222212093817,0.162087914187065,0.2198207782227827,0.618091307590152,2019,A
2020-07-09,Aston Villa,Man United,0.7091422800149674,0.1684028679133781,0.1224548520716543,0.104193236224858,0.1810673245928478,0.7147394391822941,2019,A
2020-07-09,Everton,Southampton,0.2540072473790841,0.2982850352956514,0.4477077173252644,0.4695580341111983,0.2716331833924736,0.2588087824963278,2019,D
2020-07-09,Bournemouth,Tottenham,0.6228207576527703,0.1675213470862295,0.2096578952609996,0.1854253033933753,0.2407442234384475,0.5738304731681771,2019,D
2020-07-11,Brighton,Man City,0.7348060246815167,0.1427179808683856,0.1224759944500971,0.094605195452672,0.1720094462775855,0.7333853582697424,2019,A
2020-07-11,Liverpool,Burnley,0.0804911905487749,0.1351199156401136,0.7843888938111104,0.7674319651712884,0.1518772843485393,0.0806907504801722,2019,D
2020-07-11,Sheffield United,Chelsea,0.5543796996902792,0.2554259397353783,0.190194360574342,0.1583205278857452,0.2516496429539908,0.5900298291602639,2019,H
2020-07-11,Norwich,West Ham,0.5602735976590373,0.1978031546866731,0.2419232476542901,0.2523175759097662,0.2592546089940778,0.4884278150961558,2019,A
2020-07-11,Watford,Newcastle,0.2189334331088499,0.2578709160553646,0.5231956508357851,0.5242545004809673,0.2643030552883514,0.2114424442306811,2019,H
2020-07-12,Wolves,Everton,0.2244363414483361,0.301357850941127,0.4742058076105371,0.4647895117478963,0.2844687779670545,0.2507417102850492,2019,H
2020-07-12,Aston Villa,Crystal Palace,0.2550364705507085,0.3108972275924825,0.4340663018568088,0.4230769230769231,0.2884615384615385,0.2884615384615385,2019,H
2020-07-12,Tottenham,Arsenal,0.3219048552425427,0.3300959539823974,0.3479991907750599,0.3623121116961034,0.2807807523648871,0.3569071359390093,2019,H
2020-07-12,Bournemouth,Leicester,0.5989598074851477,0.1816399612140332,0.2194002313008191,0.1855307016785241,0.243779673955731,0.5706896243657448,2019,H
2020-07-13,Man United,Southampton,0.1168365833138229,0.1495357905080335,0.7336276261781431,0.7386982165556231,0.1660165421311122,0.0952852413132648,2019,D
2020-07-14,Chelsea,Norwich,0.0531298935746751,0.1511101460662196,0.7957599603591053,0.8424658311145752,0.1040474992180936,0.0534866696673313,2019,H
2020-07-15,Burnley,Wolves,0.4692627522849715,0.265304304804558,0.2654329429104703,0.211324570273003,0.288169868554095,0.5005055611729018,2019,D
2020-07-15,Man City,Bournemouth,0.0721464974203471,0.108873068013585,0.8189804345660677,0.8261488252191225,0.1152617069829235,0.0585894677979539,2019,H
2020-07-15,Newcastle,Tottenham,0.5700403787756296,0.1955445198934542,0.2344151013309161,0.2112317219206448,0.2533991397224056,0.5353691383569495,2019,A
2020-07-15,Arsenal,Liverpool,0.4830189015199404,0.2681948475978025,0.2487862508822569,0.2498734390820114,0.2436297671279109,0.5064967937900777,2019,H
2020-07-16,Southampton,Brighton,0.267892653745485,0.2899584348873639,0.4421489113671511,0.4375457383763054,0.290577976441344,0.2718762851823506,2019,D
2020-07-16,Crystal Palace,Man United,0.6801222469260775,0.1667167768436649,0.1531609762302571,0.1013617961717982,0.2000242155820547,0.698613988246147,2019,A
2020-07-16,Leicester,Sheffield United,0.2130301217151999,0.2868041411739122,0.5001657371108883,0.4758717263108337,0.2861984463745722,0.237929827314594,2019,H
2020-07-16,Everton,Aston Villa,0.2558071678267961,0.2871859009145759,0.4570069312586278,0.4808863369664424,0.2675502349367626,0.2515634280967949,2019,D
2020-07-17,West Ham,Watford,0.3123603538847511,0.3117510864723344,0.3758885596429147,0.400255656179449,0.3117161988652054,0.2880281449553455,2019,H
2020-07-18,Norwich,Burnley,0.3898791131119845,0.2769688078673625,0.3331520790206531,0.2884896612145685,0.2839822933066327,0.4275280454787987,2019,A
2020-07-19,Tottenham,Leicester,0.284646690404952,0.3083074693599707,0.407045840235077,0.4130177587212741,0.2877367727511943,0.2992454685275315,2019,H
2020-07-19,Bournemouth,Southampton,0.3235299137099937,0.3061868978398877,0.3702831884501186,0.4051761176205006,0.260790253635589,0.3340336287439103,2019,A
2020-07-20,Brighton,Newcastle,0.2291671523681336,0.2552594523414355,0.5155733952904304,0.495658352709897,0.2805937974664464,0.2237478498236565,2019,D
2020-07-20,Sheffield United,Everton,0.2679968593402165,0.2886427090344786,0.4433604316253045,0.4375457383763054,0.290577976441344,0.2718762851823506,2019,A
2020-07-20,Wolves,Crystal Palace,0.1253207236894228,0.222732396103204,0.6519468802073738,0.6342842168313866,0.2409029649595687,0.1248128182090446,2019,H
2020-07-21,Watford,Man City,0.7526083692131331,0.1434647049343694,0.1039269258524971,0.1086472523288572,0.1689508229746036,0.7224019246965391,2019,A
2020-07-21,Aston Villa,Arsenal,0.5002632591373674,0.2190552882291545,0.2806814526334785,0.2895991688750188,0.2532780332206499,0.4571227979043313,2019,H
2020-07-22,Man United,West Ham,0.1234284937011947,0.1585494647713737,0.7180220415274312,0.7670894183273489,0.1486790576019264,0.0842315240707245,2019,D
2020-07-22,Liverpool,Chelsea,0.2093638276043961,0.2657192334496423,0.5249169389459617,0.4808863369664424,0.2515634280967949,0.2675502349367626,2019,H
2020-07-26,Burnley,Brighton,0.2871066918744984,0.2957990546629558,0.4170942534625459,0.4077884253865486,0.279995948844465,0.3122156257689865,2019,A
2020-07-26,Chelsea,Wolves,0.1890486800042015,0.2613535227025704,0.5495977972932278,0.5200411802130541,0.2497102537034213,0.2302485660835244,2019,H
2020-07-26,Crystal Palace,Tottenham,0.5995245126136016,0.2418242693294435,0.1586512180569546,0.1587417702999268,0.226773957571324,0.6144842721287491,2019,D
2020-07-26,Everton,Bournemouth,0.2920590815596884,0.2735020910700486,0.4344388273702627,0.4231859455559942,0.2539637790286868,0.3228502754153191,2019,A
2020-07-26,Arsenal,Watford,0.2261821914461252,0.259255203085418,0.5145626054684569,0.4985132802009033,0.2515760973823268,0.2499106224167698,2019,H
2020-07-26,Southampton,Sheffield United,0.2553360942986579,0.281272731649599,0.4633911740517425,0.4365553322693768,0.2712537442008527,0.2921909235297705,2019,H
2020-07-26,West Ham,Aston Villa,0.4137938219841773,0.265017152195655,0.3211890258201677,0.3175065903800868,0.268354378689365,0.414139030930548,2019,D
2020-07-26,Man City,Norwich,0.0672860841454863,0.1551271470732547,0.7775867687812589,0.8918540802145571,0.0783177653668193,0.0298281544186234,2019,H
2020-07-26,Newcastle,Liverpool,0.6434158728993127,0.1768017980027197,0.1797823290979673,0.1265543829253675,0.1903570992806754,0.683088517793957,2019,A
2020-07-26,Leicester,Man United,0.4109842937475904,0.2806276328935554,0.3083880733588544,0.2952259118167393,0.2720180691233638,0.4327560190598969,2019,A
2020-09-12,Fulham,Arsenal,0.656323178404683,0.1586736414125297,0.1850031801827872,0.1655208634383519,0.2214620733201457,0.6130170632415023,2020,A
2020-09-12,Crystal Palace,Southampton,0.4169866807296699,0.2993670606857095,0.2836462585846206,0.311414910101065,0.2944571250982933,0.3941279648006417,2020,H
2020-09-12,West Ham,Newcastle,0.2894383029708063,0.263050795880562,0.4475109011486317,0.4415584415584415,0.2792207792207792,0.2792207792207792,2020,A
2020-09-13,West Brom,Leicester,0.4849560089213425,0.2295919455082592,0.2854520455703982,0.2538064235978385,0.2643251185732677,0.4818684578288936,2020,A
2020-09-13,Tottenham,Everton,0.2322619530843427,0.2606572861184796,0.5070807607971777,0.5165182519008304,0.2639944475749564,0.2194873005242131,2020,A
2020-09-14,Sheffield United,Wolves,0.3825523171742461,0.3097022843526127,0.3077453984731408,0.2860706330571049,0.306680120212015,0.40724924673088,2020,A
2020-09-14,Brighton,Chelsea,0.6317521644832387,0.1796661375852705,0.1885816979314908,0.190292618082397,0.2259069641782407,0.5838004177393622,2020,A
2020-09-19,Everton,West Brom,0.1575160037837346,0.2110428289503101,0.6314411672659551,0.6221210287979386,0.2258437261905063,0.1520352450115551,2020,H
2020-09-19,Man United,Crystal Palace,0.1649355620864936,0.1877042973210937,0.647360140592413,0.7219913022299831,0.1767256014429778,0.101283096327039,2020,A
2020-09-19,Arsenal,West Ham,0.1164491152608992,0.1579416431392589,0.7256092415998423,0.6198666170492587,0.2149044742548655,0.1652289086958756,2020,H
2020-09-20,Leicester,Burnley,0.1909272505246696,0.2232422079870157,0.5858305414883145,0.592873164317266,0.2378866299848498,0.1692402056978842,2020,H
2020-09-20,Chelsea,Liverpool,0.431372410303348,0.24844054543789,0.320187044258762,0.3068874290213677,0.2606802846303414,0.4324322863482909,2020,A
2020-09-20,Southampton,Tottenham,0.3922561447034626,0.2995147757044519,0.3082290795920851,0.3115434542524252,0.2901162639613648,0.3983402817862099,2020,A
2020-09-20,Newcastle,Brighton,0.2924229116793219,0.3188089753462073,0.3887681129744708,0.3553580747293354,0.3064221444927604,0.3382197807779042,2020,A
2020-09-21,Aston Villa,Sheffield United,0.3495729171977541,0.2784753596796347,0.3719517231226109,0.3510914455610179,0.301003786509543,0.3479047679294389,2020,H
2020-09-21,Wolves,Man City,0.6109994434413641,0.196041632493664,0.192958924064972,0.1462969589427259,0.2154666619035289,0.6382363791537451,2020,A
2020-09-26,Burnley,Southampton,0.4063027390809328,0.2875838150224278,0.3061134458966391,0.2975303802430419,0.2885143081144649,0.4139553116424932,2020,A
2020-09-26,West Brom,Chelsea,0.6779211657236026,0.1489231460753156,0.1731556882010816,0.108364653729151,0.2049961766895536,0.6866391695812952,2020,D
2020-09-26,Crystal Palace,Everton,0.4042818358101725,0.2727147879385707,0.3230033762512571,0.2517562437860691,0.2901969746923308,0.4580467815216001,2020,A
2020-09-26,Brighton,Man United,0.580379180130479,0.2033105813306352,0.2163102385388861,0.1945245507878137,0.2544501987881596,0.5510252504240265,2020,A
2020-09-27,West Ham,Wolves,0.4675147256561109,0.2420844254056647,0.2904008489382241,0.2580151291078938,0.2766018949767073,0.465382975915399,2020,H
2020-09-27,Man City,Leicester,0.1767546080457041,0.1702191402778273,0.6530262516764683,0.7382475113939382,0.1587172922266251,0.1030351963794367,2020,A
2020-09-27,Tottenham,Newcastle,0.1339321199126081,0.1917096371990709,0.6743582428883211,0.6483477139387479,0.2134572989390893,0.1381949871221627,2020,D
2020-09-28,Fulham,Aston Villa,0.3584639067522086,0.3110238351191179,0.3305122581286736,0.3307793566421977,0.2925882124996344,0.3766324308581679,2020,A
2020-09-28,Liverpool,Arsenal,0.1448975619947588,0.1643780897384404,0.6907243482668002,0.6442785878372533,0.200012687549861,0.1557087246128855,2020,H
2020-10-03,Chelsea,Crystal Palace,0.1440345141384563,0.203699821461969,0.6522656643995747,0.6761550851404193,0.2007023751108937,0.1231425397486869,2020,H
2020-10-03,Everton,Brighton,0.2009007046396027,0.2462451129590309,0.5528541824013665,0.5474935409983206,0.2585905624334082,0.1939158965682711,2020,H
2020-10-03,Newcastle,Burnley,0.3021407590714775,0.3080233995383407,0.3898358413901818,0.3918330670926517,0.3016873003194888,0.3064796325878594,2020,H
2020-10-04,Leicester,West Ham,0.1591449325070571,0.20609912550105,0.6347559419918926,0.5844684344559803,0.2295603352307453,0.1859712303132743,2020,A
2020-10-04,Southampton,West Brom,0.1761373751860424,0.2346364150908762,0.5892262097230817,0.5528174942676072,0.247004381492333,0.2001781242400598,2020,H
2020-10-04,Arsenal,Sheffield United,0.1455811539325499,0.2094911910520401,0.6449276550154102,0.6097608526418892,0.234887473535164,0.1553516738229467,2020,H
2020-10-04,Man United,Tottenham,0.201987786470505,0.2596281150847026,0.5383840984447928,0.5057540314049467,0.2535440671480655,0.2407019014469878,2020,A
2020-10-04,Wolves,Fulham,0.1601891502101815,0.265081960493804,0.5747288892960143,0.6335366117382466,0.2375762294018424,0.1288871588599109,2020,H
2020-10-04,Aston Villa,Liverpool,0.6813830559732083,0.1529256662266646,0.1656912778001268,0.0962440899911092,0.1727768651487585,0.7309790448601323,2020,H
2020-10-17,Everton,Liverpool,0.4868893418788387,0.2170961261122749,0.2960145320088864,0.2517339239226618,0.2290054133492797,0.5192606627280585,2020,D
2020-10-17,Chelsea,Southampton,0.1215234806190199,0.1811758907534843,0.6973006286274959,0.6443936971911395,0.2033158255309431,0.1522904772779173,2020,D
2020-10-17,Man City,Arsenal,0.191931622875343,0.228970618076726,0.5790977590479313,0.6521007459949826,0.1953708783908018,0.1525283756142156,2020,H
2020-10-17,Newcastle,Man United,0.5989637146176645,0.1847763132104345,0.2162599721719012,0.1988361477563633,0.2304741579082942,0.5706896943353423,2020,A
2020-10-18,Tottenham,West Ham,0.1495423782790213,0.2151280238418881,0.6353295978790904,0.6055296928337972,0.2216191039391007,0.1728512032271021,2020,D
2020-10-18,Leicester,Aston Villa,0.2029351413430447,0.2559815729460741,0.5410832857108815,0.5188537424264607,0.2466646012320906,0.2344816563414488,2020,A
2020-10-18,Crystal Palace,Brighton,0.3486629419447523,0.3028943303222136,0.3484427277330338,0.3638038085618371,0.2877295278323174,0.3484666636058454,2020,D
2020-10-18,Sheffield United,Fulham,0.2089421334953052,0.2776623075567053,0.5133955589479895,0.4586712788097171,0.2841342648826966,0.2571944563075863,2020,D
2020-10-19,West Brom,Burnley,0.3276654494196762,0.2903974817314161,0.3819370688489079,0.3875860219379624,0.2877532587115176,0.32466071935052,2020,D
2020-10-23,Aston Villa,Leeds,0.2579784404133428,0.2678117242703645,0.4742098353162928,0.4520005267045919,0.2582846154946727,0.2897148578007353,2020,A
2020-10-24,Man United,Chelsea,0.3463239740470907,0.2859775211355506,0.3676985048173588,0.4026141331308603,0.2639265578596623,0.3334593090094773,2020,D
2020-10-24,Liverpool,Sheffield United,0.0830348353213944,0.1555366445923093,0.761428520086296,0.7698493999485325,0.1491970849215947,0.0809535151298726,2020,H
2020-10-24,West Ham,Man City,0.6790446715359708,0.1654760530872054,0.1554792753768235,0.1250232444366235,0.1856739076986822,0.6893028478646943,2020,D
2020-10-24,Fulham,Crystal Palace,0.3352690448726492,0.3271364522972325,0.3375945028301184,0.3484316689033127,0.306248237304583,0.3453200937921041,2020,A
2020-10-25,Southampton,Everton,0.3656105710386342,0.3307632674137665,0.3036261615475991,0.343077785286894,0.2759902418118581,0.3809319729012478,2020,H
2020-10-25,Wolves,Newcastle,0.2067941961780289,0.2492968013146663,0.5439090025073046,0.5454545454545455,0.2727272727272727,0.1818181818181818,2020,D
2020-10-25,Arsenal,Leicester,0.2186168388940081,0.2689375764975728,0.5124455846084193,0.4985132672369442,0.251573931165581,0.2499128015974747,2020,A
2020-10-26,Brighton,West Brom,0.211051181736169,0.2533655066897774,0.5355833115740535,0.5525358276838583,0.2412812151377328,0.206182957178409,2020,D
2020-10-26,Burnley,Tottenham,0.6083317972780398,0.1930648357804162,0.1986033669415442,0.169555740015271,0.2383204896712567,0.5921237703134723,2020,A
2020-10-30,Wolves,Crystal Palace,0.2687314616051188,0.2600087821465417,0.4712597562483395,0.4722151584427096,0.3035764965387535,0.2242083450185368,2020,H
2020-10-31,Liverpool,West Ham,0.1112614400280227,0.1473229908353197,0.7414155691366578,0.6956762405014592,0.1802132737299018,0.1241104857686389,2020,H
2020-10-31,Sheffield United,Man City,0.6888427941211321,0.1333975680759059,0.1777596378029617,0.1001754493913197,0.1620670270164443,0.7377575235922358,2020,A
2020-10-31,Burnley,Chelsea,0.6521792332623813,0.1509993550949406,0.1968214116426782,0.1552185548617305,0.2111953612845673,0.633586083853702,2020,A
2020-11-01,Newcastle,Everton,0.4492451244410755,0.2614420998397632,0.2893127757191615,0.2555868903293506,0.2800086008852901,0.4644045087853593,2020,H
2020-11-01,Man United,Arsenal,0.2376646463472418,0.2807965531177043,0.4815388005350542,0.475380787211582,0.2605187754486502,0.2641004373397678,2020,A
2020-11-01,Tottenham,Brighton,0.1525652325767175,0.2288125000273567,0.6186222673959257,0.5881704858460601,0.2304860332755451,0.1813434808783948,2020,H
2020-11-01,Aston Villa,Southampton,0.2570084971476675,0.3659232154642816,0.3770682873880509,0.396004205496366,0.2676721087928678,0.3363236857107661,2020,A
2020-11-02,Fulham,West Brom,0.3100680657230322,0.3002297035057765,0.3897022307711911,0.3956834532374101,0.2877697841726619,0.316546762589928,2020,H
2020-11-02,Leeds,Leicester,0.3702754820569939,0.2928234018786911,0.336901116064315,0.3724493880491913,0.2637474491838205,0.3638031627669881,2020,A
2020-11-06,Southampton,Newcastle,0.2119700503194342,0.35899785068452,0.429032098996046,0.4760952430343969,0.2682680963061883,0.2556366606594147,2020,H
2020-11-06,Brighton,Burnley,0.2272603948511383,0.2510016076734917,0.5217379974753699,0.5069137264594599,0.2715296395841701,0.2215566339563699,2020,D
2020-11-07,Everton,Man United,0.3814534839791556,0.2844094619687792,0.3341370540520651,0.3303837765420402,0.2713670217157801,0.3982492017421798,2020,A
2020-11-07,Crystal Palace,Leeds,0.3765193211590849,0.281394294049602,0.3420863847913128,0.330464487281925,0.2804037617366297,0.3891317509814452,2020,H
2020-11-07,Chelsea,Sheffield United,0.1135651950468308,0.1615186907880187,0.7249161141651507,0.6880572931064409,0.194856992240487,0.1170857146530719,2020,H
2020-11-07,West Ham,Fulham,0.2251818521647554,0.265826787683935,0.5089913601513097,0.5170423795733496,0.2536880333515371,0.2292695870751132,2020,H
2020-11-08,Man City,Liverpool,0.2433918994517116,0.2615128196616584,0.4950952808866303,0.4899023094584253,0.2331314995723225,0.2769661909692522,2020,D
2020-11-08,Arsenal,Aston Villa,0.2276913192420632,0.2367619541810378,0.5355467265768988,0.5690532507183441,0.2353362983158199,0.1956104509658358,2020,A
2020-11-08,West Brom,Tottenham,0.6542898580130398,0.1761367910956408,0.1695733508913196,0.1465371399506095,0.2219698387405172,0.6314930213088732,2020,A
2020-11-08,Leicester,Wolves,0.233638939156575,0.3130792314663571,0.4532818293770675,0.4174893582909073,0.2967669395440342,0.2857437021650585,2020,H
2020-11-21,Newcastle,Chelsea,0.6803843915709906,0.1596660268743456,0.1599495815546639,0.1522904772779173,0.2033158255309431,0.6443936971911395,2020,A
2020-11-21,Aston Villa,Brighton,0.2147457176520554,0.3018285528603181,0.4834257294876263,0.4417122764514978,0.2638003873252,0.2944873362233021,2020,A
2020-11-21,Tottenham,Man City,0.4704092144144072,0.2187409440614091,0.3108498415241836,0.2341782853778585,0.2433170142788806,0.5225047003432608,2020,H
2020-11-21,Man United,West Brom,0.1336861543871842,0.1659016743021537,0.7004121713106624,0.7291557460454503,0.1723459036107428,0.0984983503438068,2020,H
2020-11-22,Liverpool,Leicester,0.17461025393223,0.2397063584558749,0.5856833876118948,0.505010073990981,0.2435403895446807,0.2514495364643382,2020,H
2020-11-22,Leeds,Arsenal,0.4587760232612153,0.2312234465235409,0.3100005302152436,0.3110200781404194,0.2528953718757735,0.4360845499838071,2020,D
2020-11-22,Fulham,Everton,0.5206116708139548,0.209051692702003,0.2703366364840425,0.2403402934437004,0.2465839653978009,0.5130757411584987,2020,A
2020-11-22,Sheffield United,West Ham,0.3880541437052504,0.2803882616181796,0.33155759467657,0.3158491388707216,0.2893394375408764,0.394811423588402,2020,A
2020-11-23,Burnley,Crystal Palace,0.3833880439043056,0.2998479688425636,0.3167639872531306,0.3463687150837989,0.3072625698324022,0.3463687150837989,2020,H
2020-11-23,Wolves,Southampton,0.3015434061365354,0.3397903604955686,0.3586662333678959,0.4130693771541144,0.2923260207552194,0.2946046020906662,2020,D
2020-11-27,Crystal Palace,Newcastle,0.2549271077375206,0.295665696790768,0.4494071954717112,0.4515585317412143,0.2939518576610612,0.2544896105977244,2020,A
2020-11-28,West Brom,Sheffield United,0.3511508818223681,0.2879808183075591,0.3608682998700727,0.3684924256910432,0.3012759225094391,0.3302316517995176,2020,H
2020-11-28,Everton,Leeds,0.1945067054031113,0.2953815874384451,0.5101117071584435,0.4867508285120485,0.2531560692018199,0.2600931022861315,2020,A
2020-11-28,Man City,Burnley,0.1090486511024635,0.1353458826119843,0.7556054662855519,0.8119733628344644,0.1266639621032946,0.0613626750622408,2020,H
2020-11-28,Brighton,Liverpool,0.6606505188742366,0.1796852863871231,0.1596641947386406,0.1726726050846316,0.2317926735734604,0.5955347213419079,2020,D
2020-11-29,Southampton,Man United,0.4547295826213744,0.2413734919176445,0.3038969254609812,0.244080569316736,0.2680481700866371,0.4878712605966268,2020,A
2020-11-29,Chelsea,Tottenham,0.267270368928224,0.2822863709114575,0.4504432601603183,0.4592742002979528,0.2722502134212684,0.2684755862807787,2020,D
2020-11-29,Arsenal,Wolves,0.2323534317912347,0.2824781846180714,0.4851683835906941,0.4659820684288034,0.2809597765526608,0.2530581550185358,2020,A
2020-11-30,West Ham,Aston Villa,0.2886466229425364,0.2836029072850273,0.427750469772436,0.4216158099528978,0.2672793364734794,0.3111048535736227,2020,H
2020-11-30,Leicester,Fulham,0.1240518654182299,0.1872267618717225,0.6887213727100471,0.6278575200687839,0.2258176464335275,0.1463248334976886,2020,A
2020-12-05,Chelsea,Leeds,0.1303454778572587,0.1729358049796704,0.6967187171630702,0.625614477664176,0.2129977615514066,0.1613877607844173,2020,H
2020-12-05,West Ham,Man United,0.4301452694213122,0.2598328761152269,0.3100218544634612,0.2636908972855634,0.2674655244260531,0.4688435782883834,2020,A
2020-12-05,Burnley,Everton,0.52018883075922,0.2144959043993469,0.2653152648414332,0.2334927823344854,0.2701572845905615,0.496349933074953,2020,D
2020-12-05,Man City,Fulham,0.1173931560235857,0.1255082578788438,0.7570985860975706,0.8614241717531271,0.0908680830645971,0.0477077451822756,2020,H
2020-12-06,Tottenham,Arsenal,0.2032067409448688,0.3171147686257227,0.4796784904294084,0.4866595517609392,0.263607257203842,0.2497331910352187,2020,H
2020-12-06,Liverpool,Wolves,0.1357362664379784,0.1819703001682869,0.6822934333937344,0.635201417190604,0.2234583956255504,0.1413401871838456,2020,H
2020-12-06,Sheffield United,Leicester,0.4525541334620135,0.2376881606109907,0.3097577059269958,0.2493812046317068,0.2707567364572817,0.4798620589110112,2020,A
2020-12-06,West Brom,Crystal Palace,0.3631931293829841,0.3133801625753094,0.3234267080417061,0.3348144577199357,0.2965815050411829,0.3686040372388812,2020,A
2020-12-07,Brighton,Southampton,0.3269920204933875,0.3329070189723536,0.3401009605342589,0.3816573935204653,0.2805106869667969,0.3378319195127378,2020,A
2020-12-11,Leeds,West Ham,0.288548296567788,0.2703331851468907,0.4411185182853211,0.4352600369081779,0.2593911630515693,0.3053488000402527,2020,A
2020-12-12,Wolves,Aston Villa,0.2941501819243073,0.3048186832388885,0.4010311348368043,0.4120913489155826,0.2893045431915952,0.298604107892822,2020,A
2020-12-12,Newcastle,West Brom,0.3287401640943221,0.2923390388301541,0.3789207970755239,0.3872529245663574,0.2964905203711174,0.3162565550625252,2020,H
2020-12-12,Man United,Man City,0.5203768265340976,0.2312964686114377,0.248326704854465,0.2235652689733328,0.2269678303290009,0.5494669006976662,2020,D
2020-12-12,Everton,Chelsea,0.5601215959257904,0.2311562826757663,0.2087221213984435,0.2211958824247496,0.2286731928742881,0.5501309247009623,2020,H
2020-12-13,Fulham,Liverpool,0.7450374697014296,0.1333896213085425,0.1215729089900274,0.1082550579510319,0.1720582091989115,0.7196867328500565,2020,D
2020-12-13,Arsenal,Burnley,0.1538296944127061,0.2234055554446471,0.6227647501426464,0.6182293165813235,0.2294441663991749,0.1523265170195016,2020,A
2020-12-13,Leicester,Brighton,0.2064574561384635,0.28841516882649,0.5051273750350463,0.4763268467272358,0.2761863593440834,0.2474867939286807,2020,H
2020-12-13,Crystal Palace,Tottenham,0.5639642341560563,0.2296102884587972,0.2064254773851465,0.2048576761424182,0.249373023531236,0.5457693003263457,2020,D
2020-12-13,Southampton,Sheffield United,0.1752186420520182,0.2582431670766664,0.566538190871315,0.5585512805355962,0.251541284082301,0.1899074353821027,2020,H
2020-12-15,Wolves,Chelsea,0.5869456259206676,0.2149643108989714,0.1980900631803609,0.1852957524662218,0.2497433490422377,0.5649608984915404,2020,H
2020-12-15,Man City,West Brom,0.1092470499579756,0.1278048059400109,0.7629481441020134,0.8682128580732237,0.0884921153742682,0.043295026552508,2020,D
2020-12-16,Fulham,Brighton,0.3685440248563859,0.2867455743824731,0.3447104007611408,0.3302285573402186,0.288694587353354,0.3810768553064274,2020,D
2020-12-16,Liverpool,Tottenham,0.2242382805403736,0.2858330801955242,0.4899286392641018,0.5377036399705437,0.2514070695381656,0.2108892904912908,2020,H
2020-12-16,West Ham,Crystal Palace,0.2342970278309225,0.3126295371403697,0.4530734350287077,0.4615697237881477,0.2825274352266179,0.2559028409852342,2020,D
2020-12-16,Arsenal,Southampton,0.2872209045833717,0.3090613893723238,0.4037177060443044,0.4269723006399083,0.2713981531759912,0.3016295461841004,2020,D
2020-12-16,Leeds,Newcastle,0.193698848035967,0.2658647978500808,0.5404363541139522,0.5430918966229178,0.2438565891727751,0.213051514204307,2020,H
2020-12-16,Leicester,Everton,0.2277588226033644,0.3096396246146105,0.4626015527820249,0.4368043408626135,0.2638615371185611,0.2993341220188255,2020,A
2020-12-17,Aston Villa,Burnley,0.1963068386009641,0.2604446907032887,0.5432484706957472,0.5507985356533408,0.2436941207356737,0.2055073436109855,2020,D
2020-12-17,Sheffield United,Man United,0.5070568287333155,0.3185176720376965,0.1744254992289885,0.1408631114522312,0.2087036843884138,0.6504332041593549,2020,A
2020-12-19,Everton,Arsenal,0.2745819311600483,0.3252821526679764,0.4001359161719752,0.4052642514449775,0.2716227192021457,0.3231130293528767,2020,H
2020-12-19,Newcastle,Fulham,0.3202059166309884,0.2982756707182243,0.3815184126507872,0.3766324308581679,0.2925882124996344,0.3307793566421977,2020,D
2020-12-19,Crystal Palace,Liverpool,0.7017352121954638,0.1506034775126689,0.1476613102918673,0.1524687138296137,0.2132703078512557,0.6342609783191305,2020,A
2020-12-19,Southampton,Man City,0.6041700326341499,0.1444586201115597,0.2513713472542901,0.1433843073768929,0.2080870891835126,0.6485286034395944,2020,A
2020-12-20,West Brom,Aston Villa,0.5154392350976261,0.2228755206978835,0.2616852442044906,0.2609652113106537,0.2506291892076913,0.4884055994816548,2020,A
2020-12-20,Man United,Leeds,0.1794854346452825,0.2440849603211662,0.576429605033551,0.5652438846800034,0.2213527760564736,0.213403339263523,2020,H
2020-12-20,Tottenham,Leicester,0.2051280624024602,0.2879125676335351,0.5069593699640047,0.464002946050451,0.2717731541152641,0.2642238998342846,2020,A
2020-12-20,Brighton,Sheffield United,0.2067043185355511,0.2252772586359992,0.5680184228284495,0.5637727693647797,0.2549330761346555,0.1812941545005646,2020,D
2020-12-21,Burnley,Wolves,0.3993644410726544,0.2753889619605338,0.3252465969668117,0.2679805367126625,0.2997022352599092,0.4323172280274282,2020,H
2020-12-21,Chelsea,West Ham,0.1512855038094801,0.2127010096477199,0.6360134865428,0.6564463115583501,0.1947042198480101,0.1488494685936399,2020,H
2020-12-26,Arsenal,Chelsea,0.466463730549675,0.2412453694753494,0.2922908999749755,0.2343789654871863,0.2674054526953324,0.4982155818174811,2020,H
2020-12-26,Leicester,Man United,0.361269788652182,0.2896153630626289,0.3491148482851893,0.3275517520688536,0.263861133611021,0.4085871143201254,2020,D
2020-12-26,Man City,Newcastle,0.0831411982180366,0.1301030027697786,0.7867557990121844,0.8537685522463678,0.1004984196600781,0.0457330280935538,2020,H
2020-12-26,Sheffield United,Everton,0.4603305040962918,0.2590313471645494,0.2806381487391586,0.2227420763339646,0.2638398456481038,0.5134180780179316,2020,A
2020-12-26,Fulham,Southampton,0.3854005201458642,0.2844749151241385,0.330124564729997,0.3022080076917623,0.2884004069262471,0.4093915853819905,2020,D
2020-12-26,Aston Villa,Crystal Palace,0.2185197764505831,0.2605604616960705,0.5209197618533469,0.4934261027628177,0.2549757125048359,0.2515981847323462,2020,H
2020-12-27,Leeds,Burnley,0.1994629850512195,0.2650774409840147,0.5354595739647661,0.5495427965150463,0.2363034025014698,0.2141538009834838,2020,H
2020-12-27,West Ham,Brighton,0.2983596990112852,0.3169696698689069,0.3846706311198079,0.409161673774161,0.284002021013385,0.306836305212454,2020,D
2020-12-27,Liverpool,West Brom,0.0613949023061088,0.0944406995277076,0.8441643981661838,0.848759493372938,0.1018540297792815,0.0493864768477804,2020,D
2020-12-27,Wolves,Tottenham,0.4173722639198977,0.2653596856773953,0.3172680504027068,0.2591190181501007,0.2928818837674241,0.4479990980824753,2020,D
2020-12-28,Chelsea,Aston Villa,0.1999435253988047,0.259657037674332,0.5403994369268633,0.5774670308921477,0.2281802008607077,0.1943527682471446,2020,D
2020-12-28,Crystal Palace,Leicester,0.4406994937682518,0.2523592438092447,0.3069412624225034,0.2515634280967949,0.2675502349367626,0.4808863369664424,2020,D
2020-12-29,Burnley,Sheffield United,0.2905942330810158,0.3333850958081334,0.3760206711108506,0.4065645102448258,0.3013944193738444,0.2920410703813298,2020,H
2020-12-29,Man United,Wolves,0.1198051761533433,0.1929313007761574,0.6872635230704991,0.6143448349759832,0.2266885648223715,0.1589666002016454,2020,H
2020-12-29,Brighton,Arsenal,0.3851310566524024,0.2924049211795486,0.322464022168049,0.2954656351041486,0.2762348017488941,0.4282995631469573,2020,A
2020-12-29,Southampton,West Ham,0.2588143294991032,0.3127348149932925,0.4284508555076043,0.4485318176234978,0.2647180092445209,0.2867501731319812,2020,D
2020-12-29,West Brom,Leeds,0.470127739435388,0.2366679611528266,0.2932042994117854,0.2641004373397677,0.2605187754486502,0.4753807872115819,2020,A
2020-12-30,Newcastle,Liverpool,0.7664114223220575,0.1204474770752392,0.113141100602703,0.091101284308507,0.1620821902851137,0.7468165254063792,2020,D
2021-01-01,Man United,Aston Villa,0.1912180804613049,0.2700484526788317,0.5387334668598632,0.555367774239719,0.2261006186682083,0.2185316070920729,2020,H
2021-01-01,Everton,West Ham,0.2531934361513677,0.2726644168899123,0.47414214695872,0.4479452530656199,0.2719196164935561,0.280135130440824,2020,A
2021-01-02,Tottenham,Leeds,0.1983308725286169,0.2675186614873117,0.5341504659840713,0.5378572360467425,0.2374604905741735,0.2246822733790839,2020,H
2021-01-02,Crystal Palace,Sheffield United,0.2301695777572402,0.2774849594931476,0.492345462749612,0.4861111111111111,0.2708333333333333,0.2430555555555555,2020,H
2021-01-02,Brighton,Wolves,0.3309961621623474,0.3037033766244151,0.3653004612132374,0.3636433140540056,0.294310060863141,0.3420466250828533,2020,D
2021-01-02,West Brom,Arsenal,0.5657099107180479,0.2082710107328132,0.2260190785491393,0.1644104249064783,0.2334494838755277,0.602140091217994,2020,A
2021-01-03,Chelsea,Man City,0.4007464926375976,0.2707926244457542,0.3284608829166482,0.3165335279036966,0.2566488064084026,0.4268176656879009,2020,A
2021-01-03,Newcastle,Leicester,0.5981630893693803,0.1911472746697932,0.2106896359608267,0.1812893380112973,0.2293726345560064,0.5893380274326961,2020,A
2021-01-04,Southampton,Liverpool,0.5995821984369551,0.2035366679402376,0.1968811336228073,0.1951225229293237,0.2216033101167976,0.5832741669538786,2020,H
2021-01-12,Wolves,Everton,0.2848894211787176,0.3585974524698512,0.3565131263514313,0.3875,0.30625,0.30625,2020,A
2021-01-12,Burnley,Man United,0.6593720881908421,0.1818447631180046,0.1587831486911533,0.1334152780881745,0.2111845120625456,0.6554002098492797,2020,A
2021-01-12,Sheffield United,Newcastle,0.2974959108421287,0.3179741558940028,0.3845299332638683,0.3875,0.30625,0.30625,2020,H
2021-01-13,Man City,Brighton,0.0645577497235959,0.127627717580653,0.8078145326957511,0.8114677348568047,0.1261502194297847,0.0623820457134105,2020,H
2021-01-13,Tottenham,Fulham,0.0967980362003247,0.1498389684138731,0.7533629953858023,0.6893589673056821,0.1952406435834212,0.1154003891108966,2020,D
2021-01-14,Arsenal,Crystal Palace,0.1698617369982938,0.2393943338980131,0.5907439291036934,0.6165558736890466,0.2373701734305902,0.1460739528803632,2020,D
2021-01-16,Leicester,Southampton,0.1837056985256902,0.2728727407953952,0.5434215606789146,0.5333053555537579,0.2545607151524958,0.2121339292937464,2020,H
2021-01-16,Fulham,Chelsea,0.6543455762773543,0.1501224994683371,0.1955319242543087,0.1439989015764761,0.2264497380568765,0.6295513603666474,2020,A
2021-01-16,West Ham,Burnley,0.2204501187856919,0.2925682175113103,0.4869816637029979,0.5284663069577206,0.2680059890626569,0.2035277039796226,2020,H
2021-01-16,Wolves,West Brom,0.2008306564257421,0.2476678277876816,0.5515015157865758,0.593966997685358,0.2677518106473531,0.1382811916672888,2020,A
2021-01-16,Leeds,Brighton,0.2516615942066349,0.2791935327870681,0.4691448730062968,0.446136716774325,0.2708344947187792,0.2830287885068958,2020,A
2021-01-17,Sheffield United,Tottenham,0.6001578609283456,0.1730052474047733,0.2268368916668812,0.149055466193525,0.2516269057439081,0.5993176280625667,2020,A
2021-01-17,Liverpool,Man United,0.2256539777096868,0.2654564050054356,0.5088896172848774,0.4816810303607564,0.2503146241914445,0.2680043454477991,2020,D
2021-01-17,Man City,Crystal Palace,0.0621381465430553,0.1107990082887153,0.8270628451682291,0.8222156171547194,0.1171140387077202,0.0606703441375604,2020,H
2021-01-18,Arsenal,Newcastle,0.1397974559660999,0.1757647363917783,0.6844378076421216,0.6648859706318611,0.2082020689628875,0.1269119604052513,2020,H
2021-01-19,Leicester,Chelsea,0.3326723285879549,0.3136611378688264,0.3536665335432187,0.3323907821005554,0.279597022880964,0.3880121950184805,2020,H
2021-01-19,West Ham,West Brom,0.1690481601810308,0.267651255836177,0.563300583982792,0.6036054146872238,0.2312829668468272,0.165111618465949,2020,H
2021-01-20,Man City,Aston Villa,0.090483792708409,0.1541613671274376,0.7553548401641534,0.7698493999485325,0.1491970849215947,0.0809535151298726,2020,H
2021-01-20,Fulham,Man United,0.7043714815107158,0.1455314101864126,0.1500971083028714,0.162087914187065,0.2198207782227827,0.618091307590152,2020,A
2021-01-21,Liverpool,Burnley,0.0714494545811686,0.1307197171733752,0.7978308282454557,0.8105449941270139,0.1269843934095962,0.0624706124633899,2020,A
2021-01-23,Aston Villa,Newcastle,0.1543692261919313,0.2255053025056354,0.620125471302433,0.6480259949805469,0.1998450322178496,0.1521289728016033,2020,H
2021-01-26,Southampton,Arsenal,0.4276454208135017,0.2770380136971047,0.2953165654893936,0.2717731541152642,0.2642238998342847,0.4640029460504511,2020,A
2021-01-26,West Brom,Man City,0.745062808436234,0.130413028370277,0.1245241631934887,0.0616449557548346,0.1294599536890537,0.8088950905561115,2020,A
2021-01-26,Newcastle,Leeds,0.5055108310530262,0.2181286156206828,0.2763605533262914,0.2475119308590169,0.2490289778270571,0.5034590913139259,2020,A
2021-01-26,Crystal Palace,West Ham,0.3969172486921722,0.2943340136113713,0.3087487376964563,0.3073454909541595,0.2931603144485829,0.3994941945972576,2020,A
2021-01-27,Everton,Leicester,0.3016520259453086,0.3482508008548668,0.3500971731998245,0.3374044745387514,0.2888236905856725,0.3737718348755762,2020,D
2021-01-27,Brighton,Fulham,0.227884719491482,0.2889702694820747,0.4831450110264431,0.4597720577435297,0.2805562626424944,0.2596716796139759,2020,D
2021-01-27,Man United,Sheffield United,0.1001697271334584,0.1685268639960684,0.731303408870473,0.7557114847205371,0.1580690392984761,0.0862194759809869,2020,A
2021-01-27,Burnley,Aston Villa,0.442687142747475,0.2478422062473465,0.3094706510051784,0.2493812046317068,0.2707567364572817,0.4798620589110112,2020,H
2021-01-27,Chelsea,Wolves,0.197842584262942,0.2470269334577731,0.5551304822792847,0.594025099589125,0.2290587132474028,0.1769161871634721,2020,D
2021-01-28,Tottenham,Liverpool,0.3847531237266141,0.2676443843323588,0.3476024919410271,0.3035385039201768,0.2619505665652759,0.4345109295145474,2020,A
2021-01-30,Man City,Sheffield United,0.0560142263071863,0.080040764544249,0.8639450091485648,0.8376813810599041,0.1117619188984146,0.0505567000416812,2020,H
2021-01-30,Everton,Newcastle,0.1291858512601885,0.2202300903573705,0.6505840583824408,0.6150206978119456,0.2383205204021289,0.1466587817859255,2020,A
2021-01-30,Crystal Palace,Wolves,0.3705275564315265,0.2810003352624842,0.3484721083059894,0.3293211094798074,0.3016873914148446,0.368991499105348,2020,H
2021-01-30,Southampton,Aston Villa,0.4010240389676985,0.2647083474606229,0.3342676135716784,0.3387751990817131,0.2634918215079991,0.3977329794102877,2020,A
2021-01-30,West Brom,Fulham,0.4219601252845793,0.2667127662863224,0.3113271084290983,0.2885143081144649,0.2975303802430419,0.4139553116424932,2020,D
2021-01-30,Arsenal,Man United,0.320124370673275,0.349843488323764,0.3300321410029611,0.333713396492327,0.282091684935797,0.384194918571876,2020,D
2021-01-31,Chelsea,Burnley,0.1483826314987122,0.1764834521809399,0.6751339163203478,0.712478411881559,0.1849990355144994,0.1025225526039416,2020,H
2021-01-31,Leicester,Leeds,0.196157179813435,0.2680527133001048,0.5357901068864601,0.5256666326375323,0.2384962867130399,0.2358370806494277,2020,A
2021-01-31,West Ham,Liverpool,0.483201651160332,0.2285141486313735,0.2882842002082947,0.2213988181480962,0.2404731293384485,0.5381280525134552,2020,A
2021-01-31,Brighton,Tottenham,0.4066451117558112,0.2696706264935778,0.3236842617506104,0.3021019703102336,0.2840577495654779,0.4138402801242884,2020,H
2021-02-02,Sheffield United,West Brom,0.2457446442837262,0.2713632263119307,0.4828921294043432,0.4806960119108505,0.2876447657040244,0.231659222385125,2020,H
2021-02-02,Wolves,Arsenal,0.4002737421240991,0.2872666647279249,0.3124595931479758,0.2636006228644727,0.2897830790206834,0.4466162981148437,2020,H
2021-02-02,Man United,Southampton,0.1034585575396988,0.1639449094141652,0.7325965330461359,0.6629444147545411,0.2021207210624005,0.1349348641830583,2020,H
2021-02-02,Newcastle,Crystal Palace,0.3500845275960225,0.3129690233657448,0.3369464490382324,0.3387622149837133,0.2964169381107491,0.3648208469055374,2020,A
2021-02-03,Liverpool,Brighton,0.101633840353491,0.1411766559681026,0.7571895036784063,0.7111840030632671,0.1767307414513914,0.1120852554853414,2020,A
2021-02-03,Aston Villa,West Ham,0.2452830231962405,0.3075667524279354,0.4471502243758238,0.4359271958571024,0.2788237852490188,0.2852490188938786,2020,A
2021-02-03,Leeds,Everton,0.3580704213895963,0.2800595962850753,0.3618699823253282,0.3921401749138907,0.2623343626521169,0.3455254624339922,2020,A
2021-02-03,Fulham,Leicester,0.4538064725908945,0.2538651632200527,0.2923283641890527,0.2334927823344854,0.2701572845905615,0.496349933074953,2020,A
2021-02-03,Burnley,Man City,0.7407613991993642,0.1314649514100765,0.1277736493905589,0.071876175153618,0.1412545310046715,0.7868692938417104,2020,A
2021-02-04,Tottenham,Chelsea,0.4241078989387178,0.2658792142277205,0.3100128868335615,0.267795218375051,0.279569098438617,0.4526356831863322,2020,A
2021-02-06,Aston Villa,Arsenal,0.347647822950565,0.2978696897091192,0.3544824873403154,0.365078461015217,0.268447654957047,0.3664738840277359,2020,H
2021-02-06,Burnley,Brighton,0.3777283330895172,0.2897281051380413,0.3325435617724414,0.2673579957311646,0.3013151823483357,0.4313268219204996,2020,D
2021-02-06,Newcastle,Southampton,0.3576664572906387,0.2652642522616247,0.3770692904477365,0.3164016588262266,0.2921301522718896,0.3914681889018837,2020,H
2021-02-06,Fulham,West Ham,0.4804781610090458,0.2460545355584824,0.2734673034324719,0.2646286537033339,0.2761983810665408,0.4591729652301254,2020,D
2021-02-06,Man United,Everton,0.1256211550375313,0.1884981712403895,0.6858806737220787,0.6195135873229047,0.2256799496676295,0.1548064630094657,2020,D
2021-02-07,Liverpool,Man City,0.4510091562614347,0.2499223107820354,0.2990685329565301,0.278538117430343,0.2594962243925027,0.4619656581771543,2020,A
2021-02-07,Sheffield United,Chelsea,0.6005425684437351,0.1974055010594963,0.2020519304967692,0.133497248500759,0.221655256431959,0.644847495067282,2020,A
2021-02-07,Tottenham,West Brom,0.1568266184848138,0.2615206876995656,0.5816526938156199,0.6488428920730367,0.2153743238453695,0.1357827840815937,2020,H
2021-02-07,Wolves,Leicester,0.4052399379342803,0.2817773182365952,0.3129827438291245,0.274888904199249,0.2788676840400979,0.4462434117606532,2020,D
2021-02-08,Leeds,Crystal Palace,0.2069545029218631,0.2733348488737244,0.5197106482044126,0.520835583201941,0.2501061937982822,0.2290582229997768,2020,H
2021-02-13,Leicester,Liverpool,0.399835512276847,0.2346611930636588,0.3655032946594944,0.2673904645060018,0.2751438714873403,0.457465664006658,2020,H
2021-02-13,Crystal Palace,Burnley,0.3022260663505956,0.325548654093688,0.3722252795557165,0.4065672095615387,0.301354623142325,0.2920781672961363,2020,A
2021-02-13,Man City,Tottenham,0.0755210288016594,0.12645108177206,0.7980278894262806,0.7270928853298417,0.168748157203266,0.1041589574668922,2020,H
2021-02-13,Brighton,Aston Villa,0.3554955762167644,0.3185702568987918,0.3259341668844435,0.3485255740683404,0.2753384527969351,0.3761359731347244,2020,D
2021-02-14,Everton,Fulham,0.197711634091997,0.2656783766116355,0.5366099892963669,0.5064342221629938,0.267510267375792,0.2260555104612141,2020,A
2021-02-14,Arsenal,Leeds,0.2076235772090815,0.2711345281008511,0.5212418946900678,0.514351173921719,0.249050680040144,0.2365981460381369,2020,H
2021-02-14,West Brom,Man United,0.7298804055957917,0.1331152088222794,0.1370043855819284,0.1036546096728402,0.1772948662516707,0.719050524075489,2020,D
2021-02-14,Southampton,Wolves,0.3488182222506632,0.293503985847746,0.3576777919015909,0.3932160160234708,0.2960662734244625,0.3107177105520666,2020,A
2021-02-15,Chelsea,Newcastle,0.0885607875785464,0.1724061247492491,0.7390330876722042,0.7776812960349833,0.1432544388681267,0.0790642650968899,2020,H
2021-02-15,West Ham,Sheffield United,0.1652594176966005,0.2277021262742412,0.6070384560291582,0.5616423674790747,0.2530582244932222,0.1852994080277031,2020,H
2021-02-17,Everton,Man City,0.7530592217215275,0.1331061886704831,0.1138345896079894,0.1171149171993203,0.1767593014539265,0.7061257813467532,2020,A
2021-02-17,Burnley,Fulham,0.3412698917727552,0.3128824099531476,0.3458476982740973,0.3495623620296856,0.2976579021220082,0.3527797358483061,2020,D
2021-02-19,Wolves,Leeds,0.3036184161792589,0.2968320330519181,0.3995495507688226,0.4063252455276619,0.2874249684827489,0.3062497859895891,2020,H
2021-02-20,Southampton,Chelsea,0.5181539637859275,0.2625802135451395,0.2192658226689331,0.1954943055264657,0.2522982836629304,0.5522074108106039,2020,D
2021-02-20,Burnley,West Brom,0.2582497078249746,0.2643508852541079,0.4773994069209177,0.4753856641893951,0.2838705345845362,0.2407438012260687,2020,D
2021-02-20,Liverpool,Everton,0.1449952630462057,0.2254357437362432,0.6295689932175509,0.65075613445938,0.2135280848595238,0.1357157806810961,2020,A
2021-02-20,Fulham,Sheffield United,0.2506011384831277,0.3112242551427391,0.4381746063741332,0.436234757509384,0.2964683965528124,0.2672968459378037,2020,H
2021-02-21,West Ham,Tottenham,0.2515237626901392,0.3455096767345639,0.4029665605752969,0.3726657335605166,0.2804572016816242,0.346877064757859,2020,H
2021-02-21,Aston Villa,Leicester,0.3745923413156219,0.2962673781855482,0.3291402804988295,0.3323591744870872,0.2715827086832187,0.396058116829694,2020,A
2021-02-21,Arsenal,Man City,0.7359059127096228,0.1380495613790335,0.1260445259113438,0.1494168438325309,0.2260697070356858,0.6245134491317832,2020,A
2021-02-21,Man United,Newcastle,0.0902232235121702,0.145210933556402,0.7645658429314273,0.7408712720249453,0.1686424643364024,0.0904862636386522,2020,H
2021-02-22,Brighton,Crystal Palace,0.2030581978693392,0.2463131755975309,0.5506286265331298,0.5557196866628358,0.2715046359282669,0.1727756774088971,2020,A
2021-02-23,Leeds,Southampton,0.2908004321260209,0.2913698391228788,0.4178297287511002,0.4178372383768411,0.2755591572494287,0.3066036043737301,2020,H
2021-02-27,Man City,West Ham,0.1135519672686522,0.1159696918762208,0.770478340855127,0.7776812960349833,0.1432544388681267,0.0790642650968899,2020,H
2021-02-27,West Brom,Brighton,0.4627305003196991,0.2360682886917441,0.3012012109885565,0.2287478537041397,0.2794038838719719,0.4918482624238883,2020,H
2021-02-27,Leeds,Aston Villa,0.2545570547849946,0.2850722701685491,0.4603706750464559,0.4314414451963239,0.2672994709719291,0.301259083831747,2020,A
2021-02-27,Newcastle,Wolves,0.3909466212585803,0.2871587199296381,0.3218946588117816,0.2713981531759912,0.3016295461841004,0.4269723006399083,2020,D
2021-02-28,Crystal Palace,Fulham,0.3737812361045253,0.3025564402222154,0.3236623236732592,0.2756122607673962,0.2970785821925751,0.4273091570400287,2020,D
2021-02-28,Leicester,Arsenal,0.2781042589359697,0.3181928288089666,0.4037029122550635,0.3840284236963993,0.2795241259247376,0.336447450378863,2020,A
2021-02-28,Tottenham,Burnley,0.1564828429470569,0.2387584227673528,0.6047587342855905,0.6163472232596978,0.2403426395471584,0.1433101371931437,2020,H
2021-02-28,Chelsea,Man United,0.2470538767502635,0.306899898473428,0.4460462247763081,0.4368809156944749,0.283678186220559,0.2794408980849658,2020,D
2021-02-28,Sheffield United,Liverpool,0.6043777293193479,0.1688156733626776,0.2268065973179748,0.1225539808859713,0.1947472521033331,0.6826987670106954,2020,A
2021-03-01,Everton,Southampton,0.243474658979646,0.2874668702012132,0.4690584708191405,0.4413450515857852,0.2711119602598395,0.2875429881543752,2020,H
2021-03-02,Man City,Wolves,0.0759770344987515,0.1027079161233103,0.8213150493779383,0.7907970896711248,0.1436885766319648,0.0655143336969102,2020,H
2021-03-03,Burnley,Leicester,0.4329246333230878,0.2585843042823436,0.3084910623945684,0.2341497039980536,0.2917524937150272,0.4740978022869191,2020,D
2021-03-03,Sheffield United,Aston Villa,0.4279516005384108,0.256743761052673,0.3153046384089162,0.2526030045016195,0.2764451754794638,0.4709518200189166,2020,H
2021-03-03,Crystal Palace,Man United,0.6370381470799034,0.1535118509064593,0.2094500020136377,0.1272563147544274,0.2056136725484666,0.667130012697106,2020,D
2021-03-04,Liverpool,Chelsea,0.2623125147705983,0.2969745467185281,0.4407129385108737,0.4259703312334891,0.2632391790286527,0.3107904897378581,2020,A
2021-03-04,West Brom,Everton,0.5124436915695076,0.2190862482963232,0.2684700601341693,0.2154527714972751,0.2605665112253559,0.523980717277369,2020,A
2021-03-04,Fulham,Tottenham,0.4840859943023335,0.2203420485740863,0.2955719571235803,0.2401130759747264,0.2671781091077207,0.4927088149175527,2020,A
2021-03-06,Aston Villa,Wolves,0.3062108270212462,0.3129486205732607,0.3808405524054931,0.4039642825233321,0.2933311058400554,0.3027046116366125,2020,D
2021-03-06,Brighton,Leicester,0.3328712028986294,0.3157944090595864,0.3513343880417839,0.3679164880741121,0.2937593812967363,0.3383241306291515,2020,A
2021-03-06,Sheffield United,Southampton,0.4968716316056232,0.2212978122344441,0.2818305561599327,0.2627089648425155,0.2702149352665873,0.4670760998908972,2020,A
2021-03-06,Burnley,Arsenal,0.5839412057386152,0.2054230877851083,0.210635706476277,0.1767877341526891,0.2404740263005548,0.5827382395467561,2020,D
2021-03-07,West Brom,Newcastle,0.3156154632766628,0.3044040759115353,0.3799804608118016,0.3932160160234708,0.2960662734244625,0.3107177105520666,2020,D
2021-03-07,Liverpool,Fulham,0.1383112578684895,0.1757849165863577,0.6859038255451524,0.6880572931064409,0.194856992240487,0.1170857146530719,2020,A
2021-03-07,Man City,Man United,0.1135648339883489,0.1416104886895929,0.744824677322058,0.6435159711374725,0.2184104226373173,0.1380736062252101,2020,A
2021-03-07,Tottenham,Crystal Palace,0.1486186628769809,0.1964621602726702,0.6549191768503487,0.6553704290656281,0.2088742677707774,0.1357553031635944,2020,H
2021-03-08,Chelsea,Everton,0.1473199696398143,0.2441791564632648,0.6085008738969209,0.6113125273019655,0.2368497117181907,0.1518377609798437,2020,H
2021-03-08,West Ham,Leeds,0.2055461176393747,0.2879804838447785,0.5064733985158463,0.4592742002979528,0.2684755862807787,0.2722502134212684,2020,H
2021-03-10,Man City,Southampton,0.0712916596912445,0.117866385474938,0.810841954833818,0.7930831519849828,0.1338734204172594,0.0730434275977577,2020,H
2021-03-12,Newcastle,Aston Villa,0.436009806842574,0.2436220186793127,0.3203681744781133,0.2468772963491435,0.2837391025461846,0.4693836011046718,2020,D
2021-03-13,Leeds,Chelsea,0.5300053794819339,0.2659696064524002,0.2040250140656659,0.2061829571784089,0.2412812151377328,0.5525358276838582,2020,D
2021-03-13,Crystal Palace,West Brom,0.2558937853365241,0.3144661776809658,0.4296400369825101,0.4417122764514978,0.2944873362233021,0.2638003873252001,2020,H
2021-03-13,Everton,Burnley,0.1985907663722913,0.2685931529271972,0.5328160807005115,0.5182625863770978,0.2709772951628825,0.2107601184600197,2020,A
2021-03-13,Fulham,Man City,0.7025043660909107,0.1598649622216744,0.1376306716874144,0.0950679056468906,0.1901358112937813,0.7147962830593281,2020,A
2021-03-14,Arsenal,Tottenham,0.3416897407445636,0.3181230412128575,0.3401872180425787,0.3735144312393889,0.2801358234295416,0.3463497453310696,2020,H
2021-03-14,Man United,West Ham,0.1890301113603297,0.2853737643531255,0.5255961242865443,0.5165182519008304,0.2639944475749564,0.2194873005242131,2020,H
2021-03-14,Leicester,Sheffield United,0.1170026763512883,0.1847562167255035,0.698241106923208,0.6354607892852882,0.224094678439327,0.1404445322753848,2020,H
2021-03-14,Southampton,Brighton,0.3359796994719975,0.2949186057631761,0.3691016947648265,0.3205479651926987,0.304997203874175,0.3744548309331262,2020,A
2021-03-15,Wolves,Liverpool,0.5073631485228283,0.2250413643767657,0.2675954871004062,0.199475917790692,0.2543818687277439,0.5461422134815641,2020,A
2021-03-19,Fulham,Leeds,0.3163019166786934,0.2911442476977296,0.3925538356235766,0.3994973491588853,0.2802242404547443,0.3202784103863702,2020,A
2021-03-20,Brighton,Newcastle,0.1920840632415638,0.2385902442657018,0.5693256924927341,0.5753677967188011,0.2720607009660672,0.1525715023151315,2020,H
2021-03-21,West Ham,Arsenal,0.3408860654375005,0.3254900361832226,0.3336238983792766,0.3431328055802122,0.2682507205517667,0.388616473868021,2020,D
2021-03-21,Aston Villa,Tottenham,0.3946002456906814,0.2768596398321719,0.3285401144771467,0.3279244135677199,0.2839201581276319,0.388155428304648,2020,A
2021-04-03,Chelsea,West Brom,0.0875487430103977,0.1584304886029793,0.7540207683866231,0.7867325214865561,0.149809935434893,0.0634575430785508,2020,A
2021-04-03,Leeds,Sheffield United,0.1726559325527114,0.2217968436112717,0.605547223836017,0.6268446029887512,0.2175566356458565,0.1555987613653922,2020,H
2021-04-03,Leicester,Man City,0.6428341299044383,0.1640650610021375,0.1931008090934245,0.1549968956509709,0.2287311333614527,0.6162719709875762,2020,A
2021-04-03,Arsenal,Liverpool,0.416169992940595,0.273422090418756,0.3104079166406486,0.3053488000402526,0.2593911630515693,0.4352600369081779,2020,A
2021-04-04,Southampton,Burnley,0.2568365826542253,0.2987469117914345,0.4444165055543406,0.4640085743963528,0.283997918681565,0.2519935069220822,2020,H
2021-04-04,Newcastle,Tottenham,0.5776361137370482,0.2323212737878889,0.1900426124750633,0.1725422123138276,0.23434393285739,0.5931138548287823,2020,D
2021-04-04,Man United,Brighton,0.2029461269569976,0.2108575975179244,0.5861962755250782,0.5891420123509454,0.2378651507441895,0.1729928369048651,2020,H
2021-04-04,Aston Villa,Fulham,0.268608680430248,0.2940062201113227,0.437385099458429,0.4230769230769231,0.2884615384615385,0.2884615384615385,2020,H
2021-04-05,Everton,Crystal Palace,0.2198514821007035,0.2936338565933417,0.4865146613059551,0.5302132920475401,0.2750456439152539,0.1947410640372059,2020,D
2021-04-05,Wolves,West Ham,0.3734015551207299,0.2957177634000173,0.3308806814792525,0.3266261771472811,0.2969726733019479,0.376401149550771,2020,A
2021-04-09,Fulham,Wolves,0.2960944046015053,0.3274254513005723,0.3764801440979224,0.3764944621779846,0.3168634700406962,0.306642067781319,2020,A
2021-04-10,Man City,Leeds,0.0746601213197999,0.1141381295490325,0.8112017491311674,0.7429668704230963,0.1619333701627474,0.0950997594141563,2020,A
2021-04-10,Liverpool,Aston Villa,0.1478396998372906,0.1992966228302212,0.6528636773324884,0.6278974520131007,0.2196703264687714,0.1524322215181278,2020,H
2021-04-10,Crystal Palace,Chelsea,0.6943696232521229,0.1379946143317993,0.1676357624160777,0.1331067832305423,0.25119007309307,0.6157031436763876,2020,A
2021-04-11,Sheffield United,Arsenal,0.5969198296572708,0.1856257591654145,0.2174544111773153,0.1518367586390733,0.2447286352094903,0.6034346061514364,2020,A
2021-04-11,Tottenham,Man United,0.3365647588879479,0.3176790945868654,0.3457561465251869,0.330464487281925,0.2804037617366297,0.3891317509814452,2020,A
2021-04-11,Burnley,Newcastle,0.2915688916917674,0.3318391192377777,0.3765919890704552,0.413495488426834,0.3067869752844252,0.2797175362887406,2020,A
2021-04-11,West Ham,Leicester,0.3360933068251922,0.3003127452096335,0.3635939479651746,0.3157579771630321,0.2870527065118474,0.3971893163251204,2020,H
2021-04-12,West Brom,Southampton,0.4117145573355358,0.2723530833702733,0.3159323592941907,0.2630595490663749,0.2962404627933638,0.4406999881402611,2020,H
2021-04-12,Brighton,Everton,0.2773232216194103,0.2918276551634802,0.4308491232171096,0.4230769230769231,0.2884615384615385,0.2884615384615385,2020,D
2021-04-16,Everton,Tottenham,0.4391494364604842,0.2550159654257581,0.3058345981137575,0.2788676840400979,0.274888904199249,0.4462434117606532,2020,D
2021-04-17,Wolves,Sheffield United,0.1904253692168796,0.2404077846916649,0.569166846091455,0.5686206047047059,0.2667254292067624,0.1646539660885316,2020,H
2021-04-17,Newcastle,West Ham,0.4469279853684674,0.2596210497187176,0.2934509649128153,0.2669803709697739,0.2707549981102637,0.4622646309199624,2020,H
2021-04-18,Arsenal,Fulham,0.1887830492147851,0.2488602454765254,0.5623567053086894,0.5539575309097529,0.252659410776221,0.1933830583140262,2020,D
2021-04-18,Man United,Burnley,0.0862555422445143,0.1401868384290693,0.7735576193264165,0.7117079842315163,0.1855037984576308,0.1027882173108529,2020,H
2021-04-19,Leeds,Liverpool,0.501449524419885,0.2440442557675286,0.2545062198125868,0.2108826339985765,0.2191620907606453,0.5699552752407782,2020,D
2021-04-20,Chelsea,Brighton,0.1324371828750993,0.2009314962750021,0.6666313208498983,0.6063842826187045,0.2410664984262819,0.1525492189550135,2020,D
2021-04-21,Tottenham,Southampton,0.1865277154804486,0.2358212150873784,0.5776510694321726,0.5349916035876228,0.2498597631306463,0.2151486332817309,2020,H
2021-04-21,Aston Villa,Man City,0.7173347817632522,0.1343037249465943,0.1483614932901531,0.1120975267210715,0.1998617417192541,0.6880407315596744,2020,A
2021-04-22,Leicester,West Brom,0.1189097441949105,0.1896428249021255,0.691447430902964,0.6088773162517058,0.2348348276505611,0.1562878560977328,2020,H
2021-04-23,Arsenal,Everton,0.2531851768636813,0.2702243663691754,0.4765904567671433,0.4695580341111983,0.2716331833924736,0.2588087824963278,2020,A
2021-04-24,West Ham,Chelsea,0.5282130754674683,0.2231697444174638,0.2486171801150679,0.2000493416855006,0.2569595880252834,0.542991070289216,2020,A
2021-04-24,Liverpool,Newcastle,0.1193878974611176,0.152183367598172,0.7284287349407103,0.7698493999485325,0.1491970849215947,0.0809535151298726,2020,D
2021-04-24,Sheffield United,Brighton,0.4944550739517779,0.2363821907362261,0.2691627353119958,0.1809189276674102,0.2715766192055127,0.547504453127077,2020,H
2021-04-25,Aston Villa,West Brom,0.2204776087250648,0.2568866884128055,0.5226357028621296,0.5103316050595326,0.2636675972756362,0.2260007976648311,2020,D
2021-04-25,Wolves,Burnley,0.2439477615303315,0.267601343771443,0.4884508946982256,0.475951184493898,0.2799712849964106,0.2440775305096913,2020,A
2021-04-25,Leeds,Man United,0.5012482505220585,0.2605967619629218,0.2381549875150199,0.2341815306721988,0.2314686532086667,0.5343498161191345,2020,D
2021-04-26,Leicester,Crystal Palace,0.1082548272445122,0.1574133971452057,0.7343317756102821,0.6643399279737756,0.216840254712288,0.1188198173139364,2020,H
2021-04-30,Southampton,Leicester,0.4922651611256394,0.2345506424960054,0.2731841963783553,0.2499106224167698,0.2515760973823268,0.4985132802009033,2020,D
2021-05-01,Crystal Palace,Man City,0.7376292278679989,0.1388327237831791,0.1235380483488216,0.0950679056468906,0.1901358112937813,0.7147962830593281,2020,A
2021-05-01,Brighton,Leeds,0.2227899670004384,0.2794379115444732,0.4977721214550885,0.4510423786739576,0.2744788106630211,0.2744788106630211,2020,H
2021-05-01,Chelsea,Fulham,0.1089636689274073,0.1668005399313215,0.7242357911412713,0.6575279210602702,0.2197572662729267,0.122714812666803,2020,H
2021-05-01,Everton,Aston Villa,0.241545985544177,0.2754465829645722,0.4830074314912508,0.4818684578288937,0.2607434566821502,0.2573880854889561,2020,A
2021-05-02,Newcastle,Arsenal,0.4777247147439583,0.223561185225254,0.2987141000307877,0.2605187754486502,0.2641004373397677,0.4753807872115819,2020,A
2021-05-02,Tottenham,Sheffield United,0.1095764382795722,0.1727919053364764,0.7176316563839515,0.7468871780249025,0.1658587586731299,0.0872540633019675,2020,H
2021-05-03,Burnley,West Ham,0.4048650653429258,0.2707284422742588,0.3244064923828155,0.3013151823483357,0.2673579957311646,0.4313268219204996,2020,A
2021-05-03,West Brom,Wolves,0.353464141437588,0.3014117656268353,0.3451240929355766,0.3269533931693802,0.3010925861669081,0.3719540206637116,2020,D
2021-05-07,Leicester,Newcastle,0.1004130576209724,0.1561827975395997,0.743404144839428,0.6803939122649956,0.2005371530886302,0.1190689346463742,2020,A
2021-05-08,Leeds,Tottenham,0.4668116409774498,0.2313301667578304,0.3018581922647201,0.2748388464519719,0.2511477842629336,0.4740133692850943,2020,H
2021-05-08,Sheffield United,Crystal Palace,0.3893473990175131,0.2805919919331556,0.3300606090493311,0.3250971503024926,0.2946641178464835,0.3802387318510239,2020,A
2021-05-08,Man City,Chelsea,0.2084424939622689,0.2460553379603,0.5455021680774308,0.497217947224302,0.2785882961102995,0.2241937566653984,2020,A
2021-05-08,Liverpool,Southampton,0.1142232620117352,0.1516016614712501,0.7341750765170145,0.7509869151851072,0.1583194244276461,0.0906936603872467,2020,H
2021-05-09,Arsenal,West Brom,0.175222839302672,0.2237058060709204,0.6010713546264076,0.6561527283062634,0.2083980856243037,0.1354491860694328,2020,H
2021-05-09,West Ham,Everton,0.2425883426564855,0.2884382136526231,0.4689734436908911,0.4226305506899013,0.2755565322153033,0.3018129170947955,2020,A
2021-05-09,Wolves,Brighton,0.3837018509761963,0.2848221302002456,0.3314760188235581,0.2893539581437671,0.2893539581437671,0.4212920837124658,2020,H
2021-05-09,Aston Villa,Man United,0.5603476577625889,0.2231962944637767,0.2164560477736347,0.2184621748322456,0.2465989521095689,0.5349388730581854,2020,A
2021-05-10,Fulham,Burnley,0.2447116645304245,0.2828734999747989,0.4724148354947766,0.4276401564537158,0.2840612777053455,0.2882985658409387,2020,A
2021-05-11,Man United,Leicester,0.262417486698422,0.3278676445579716,0.4097148687436066,0.3800177775455181,0.2836532227002901,0.3363289997541918,2020,A
2021-05-11,Southampton,Crystal Palace,0.2417774889706307,0.275605932460684,0.4826165785686852,0.4592742002979528,0.2684755862807787,0.2722502134212684,2020,H
2021-05-12,Chelsea,Arsenal,0.1937613241812293,0.2473917497188873,0.5588469260998834,0.5666849175247104,0.2435116509759984,0.1898034314992911,2020,A
2021-05-13,Aston Villa,Everton,0.3511080630470797,0.2981664561960189,0.3507254807569012,0.3564117517791639,0.2803873590614805,0.3632008891593556,2020,D
2021-05-13,Man United,Liverpool,0.4183580475506424,0.2538367097989999,0.3278052426503579,0.3110200781404194,0.2528953718757735,0.4360845499838071,2020,A
2021-05-14,Newcastle,Man City,0.6897341572918408,0.1521107454695877,0.1581550972385715,0.0883140972976598,0.1615806700123455,0.7501052326899946,2020,A
2021-05-15,Brighton,West Ham,0.4283050015896469,0.2427787614673124,0.3289162369430404,0.3294770944757794,0.263100704257025,0.4074222012671954,2020,D
2021-05-15,Burnley,Leeds,0.4289070004903591,0.2483026769280958,0.3227903225815452,0.3012642622475919,0.2620399266121085,0.4366958111402994,2020,A
2021-05-15,Southampton,Fulham,0.2403486839525953,0.2630275912893209,0.4966237247580837,0.4753807872115819,0.2641004373397677,0.2605187754486502,2020,H
2021-05-16,Tottenham,Wolves,0.1383512225130322,0.2074335023117374,0.6542152751752304,0.6351508559609548,0.2182758695865171,0.146573274452528,2020,H
2021-05-16,Crystal Palace,Aston Villa,0.4147303555131109,0.2679552480114835,0.3173143964754053,0.3160479784923999,0.2671388687829593,0.4168131527246406,2020,H
2021-05-16,West Brom,Liverpool,0.7030758738889986,0.1579758419165073,0.1389482841944938,0.0792647982261512,0.1410814487297381,0.7796537530441106,2020,A
2021-05-16,Everton,Sheffield United,0.1577478776052212,0.2167203742888403,0.6255317481059383,0.686061121180053,0.2025674281219464,0.1113714506980006,2020,A
2021-05-18,Man United,Fulham,0.0859669567231127,0.1480946918232159,0.7659383514536714,0.7336744540816031,0.1611700191266461,0.1051555267917506,2020,D
2021-05-18,Southampton,Leeds,0.4088837237243521,0.2648345556780463,0.3262817205976015,0.3627434721848639,0.2488047591215484,0.3884517686935875,2020,A
2021-05-18,Brighton,Man City,0.7233893605710888,0.1353708209927423,0.141239818436169,0.1381949871221627,0.2134572989390893,0.6483477139387479,2020,H
2021-05-18,Chelsea,Leicester,0.1712373535657657,0.2748503652384946,0.5539122811957395,0.559194358113619,0.2552191097813302,0.1855865321050507,2020,H
2021-05-19,Burnley,Liverpool,0.7242765049217016,0.1463172294131648,0.1294062656651332,0.088539808420986,0.1411291961539677,0.7703309954250461,2020,A
2021-05-19,Crystal Palace,Arsenal,0.6183781243749187,0.1720347039178074,0.2095871717072744,0.1620522243279556,0.2138660945912578,0.6240816810807864,2020,A
2021-05-19,Newcastle,Sheffield United,0.2157258273194728,0.2541841409565784,0.5300900317239489,0.5489033367273699,0.2506092573736834,0.2004874058989467,2020,H
2021-05-19,Everton,Wolves,0.2317507453181144,0.263756909476141,0.5044923452057444,0.5072816681068903,0.2605920268519812,0.2321263050411283,2020,H
2021-05-19,Tottenham,Aston Villa,0.1232896275464551,0.1787961183216058,0.697914254131939,0.6271051206793378,0.2111104778730801,0.1617844014475821,2020,A
2021-05-19,West Brom,West Ham,0.5771772940469935,0.1888816689834636,0.2339410369695433,0.1857641278860108,0.2231833434651464,0.5910525286488428,2020,A
2021-05-23,Leicester,Tottenham,0.2131711829058776,0.2528223404211125,0.5340064766730098,0.4753856641893951,0.2407438012260687,0.2838705345845362,2020,A
2021-05-23,Leeds,West Brom,0.1286458009461127,0.1831052688854644,0.6882489301684228,0.665885353909671,0.1852347803154654,0.1488798657748637,2020,H
2021-05-23,Arsenal,Brighton,0.1806137989004758,0.2282502363559692,0.591135964743555,0.5943886223592162,0.2250658273422465,0.1805455502985372,2020,H
2021-05-23,Aston Villa,Chelsea,0.7065477463331931,0.1498677336679707,0.1435845199988361,0.1456464712321431,0.2081014186957314,0.6462521100721254,2020,H
2021-05-23,Fulham,Newcastle,0.2552829744464557,0.2492036241582431,0.4955134013953015,0.4577669068472983,0.2499316062990632,0.2923014868536383,2020,A
2021-05-23,Liverpool,Crystal Palace,0.0610005053164513,0.1001265767673763,0.838872917916172,0.8246029895808937,0.1150710306115317,0.0603259798075744,2020,H
2021-05-23,Sheffield United,Burnley,0.4109824392828327,0.2662264765769189,0.3227910841402483,0.3396226415094339,0.2641509433962264,0.3962264150943396,2020,H
2021-05-23,West Ham,Southampton,0.1616699253131139,0.2536648475031713,0.5846652271837146,0.5641192688563353,0.2375497648047808,0.1983309663388837,2020,H
2021-05-23,Wolves,Man United,0.3572789139366344,0.3072197710069367,0.3355013150564286,0.3801914783630866,0.2677793750044258,0.3520291466324875,2020,A
2021-05-23,Man City,Everton,0.100240823688151,0.1366036112527834,0.7631555650590659,0.6624541377904607,0.1907867916836527,0.1467590705258867,2020,H
2021-08-14,Watford,Aston Villa,0.4109294288987891,0.312778166857111,0.2762924042440996,0.2997394911828823,0.2927415250651931,0.4075189837519245,2021,H
2021-08-14,Leicester,Wolves,0.1951410357368925,0.2269549067054768,0.5779040575576305,0.5715396140742526,0.2471996325476096,0.1812607533781376,2021,H
2021-08-14,Chelsea,Crystal Palace,0.1528089386778642,0.1729774878086996,0.674213573513436,0.7525310049701659,0.1655339492734516,0.0819350457563824,2021,H
2021-08-14,Everton,Southampton,0.278685169361592,0.2344055942155487,0.4869092364228591,0.4908431661750246,0.2699299410029498,0.2392268928220255,2021,H
2021-08-14,Burnley,Brighton,0.3966485516961706,0.3054107159857326,0.2979407323180964,0.3016873003194888,0.3064796325878594,0.3918330670926517,2021,A
2021-08-14,Man United,Leeds,0.2195544860962966,0.222936215918543,0.55750929798516,0.6226312939902545,0.2116946399566865,0.165674066053059,2021,H
2021-08-14,Norwich,Liverpool,0.5969216518139985,0.2349421765856873,0.1681361716003142,0.105757734888104,0.1620733312711761,0.73216893384072,2021,A
2021-08-15,Newcastle,West Ham,0.4080814147832496,0.3115294201903332,0.2803891650264173,0.2924872260627524,0.2755282725455091,0.4319845013917384,2021,A
2021-08-15,Tottenham,Man City,0.6329432392958783,0.1878908933450316,0.17916586735909,0.177638008114333,0.2258932850106412,0.5964687068750258,2021,H
2021-08-21,Man City,Norwich,0.1208762087386994,0.1889170674261247,0.6902067238351757,0.8678507523872827,0.0932151638513786,0.0389340837613385,2021,H
2021-08-21,Leeds,Everton,0.3121034179858161,0.3153254917832425,0.3725710902309412,0.403100903043179,0.2797964516985098,0.3171026452583111,2021,D
2021-08-21,Brighton,Watford,0.2007685343117324,0.2391717078041578,0.5600597578841097,0.5532148213807282,0.2808561756170359,0.165929003002236,2021,H
2021-08-21,Liverpool,Burnley,0.0774309830783964,0.1319968513992435,0.7905721655223599,0.7973335433617197,0.1310390837021767,0.0716273729361036,2021,H
2021-08-21,Aston Villa,Newcastle,0.2165221844299749,0.2392480441507997,0.5442297714192251,0.5289966418017555,0.249021604579485,0.2219817536187593,2021,H
2021-08-22,Wolves,Tottenham,0.412002431910057,0.2862255849347841,0.3017719831551584,0.2929913312724224,0.2974993673367109,0.4095093013908669,2021,A
2021-08-22,Southampton,Man United,0.6427538257105126,0.1826661700589976,0.1745800042304896,0.1814172542221497,0.2228034856198759,0.5957792601579742,2021,D
2021-08-22,Arsenal,Chelsea,0.5328256610936896,0.2352223424157794,0.2319519964905312,0.1998197020167935,0.2531049558879384,0.5470753420952681,2021,A
2021-08-23,West Ham,Leicester,0.3443154281587317,0.3122554313590331,0.3434291404822353,0.3728857260726073,0.2715552805280528,0.3555589933993399,2021,H
2021-08-28,Liverpool,Chelsea,0.3277494437961555,0.3296680925989665,0.3425824636048779,0.3870358723416833,0.2831134192719662,0.3298507083863504,2021,D
2021-08-28,West Ham,Crystal Palace,0.1350845017668264,0.1817064355129843,0.683209062720189,0.6097773514248646,0.2378000586897294,0.152422589885406,2021,D
2021-08-28,Norwich,Leicester,0.534860159866722,0.2239279765378457,0.2412118635954322,0.2095375038775634,0.2723643247127798,0.5180981714096569,2021,A
2021-08-28,Newcastle,Southampton,0.3225184715001002,0.2961216957744275,0.381359832725472,0.3808418611645338,0.2760267033897634,0.3431314354457028,2021,D
2021-08-28,Brighton,Everton,0.3054087044723708,0.2999213726166004,0.3946699229110287,0.4093915853819905,0.2929084429905356,0.2976999716274738,2021,A
2021-08-28,Man City,Arsenal,0.1220241481964837,0.1811932298387285,0.696782621964788,0.7630121816168327,0.1557770394979697,0.0812107788851974,2021,H
2021-08-29,Burnley,Leeds,0.4322983980016071,0.2645884635729387,0.3031131384254539,0.3066036043737301,0.2755591572494287,0.4178372383768411,2021,D
2021-08-29,Tottenham,Watford,0.1021262472147486,0.1798878085810472,0.717985944204204,0.6798917617168081,0.205848520787621,0.1142597174955708,2021,H
2021-08-29,Wolves,Man United,0.4950750712864062,0.2463688936893358,0.2585560350242576,0.189862340547272,0.2752347615361313,0.5349028979165965,2021,A
2021-09-11,Arsenal,Norwich,0.1558692569805396,0.2411504872585071,0.6029802557609532,0.6350379894798364,0.2093804792518995,0.1555815312682641,2021,H
2021-09-11,Leicester,Man City,0.6266926899929266,0.1975781737698696,0.1757291362372036,0.165340209914695,0.2302535773292259,0.6044062127560791,2021,A
2021-09-11,Crystal Palace,Tottenham,0.4353212869529148,0.3055174288113351,0.2591612842357504,0.2211935330010428,0.2798093566505552,0.498997110348402,2021,H
2021-09-11,Southampton,West Ham,0.4605503241203044,0.2643076908529517,0.2751419850267441,0.3260265815276723,0.2724418141857447,0.4015316042865829,2021,D
2021-09-11,Chelsea,Aston Villa,0.0937523469315796,0.1245537667265011,0.781693886341919,0.7365547431641658,0.1727470485802877,0.0906982082555464,2021,H
2021-09-11,Man United,Newcastle,0.0766198216351664,0.1140496294580139,0.80933054890682,0.8022580170638423,0.1318279886241051,0.0659139943120525,2021,H
2021-09-11,Watford,Wolves,0.389272249956808,0.2764881177702572,0.3342396322729343,0.2848350085227525,0.2958092109020706,0.4193557805751768,2021,A
2021-09-12,Leeds,Liverpool,0.5294138047344497,0.2800146429222443,0.1905715523433063,0.218085600718439,0.2379739476074316,0.5439404516741293,2021,A
2021-09-13,Everton,Burnley,0.228138652734002,0.2523524948194975,0.5195088524465006,0.5503438195051699,0.2548220165096541,0.194834163985176,2021,H
2021-09-17,Newcastle,Leeds,0.4590061819042894,0.2421603335327818,0.2988334845629289,0.3205369189069383,0.2648754383922105,0.4145876427008512,2021,D
2021-09-18,Norwich,Watford,0.2697086205778953,0.3024120728452595,0.4278793065768452,0.4414517465721134,0.2833818836875772,0.2751663697403094,2021,A
2021-09-18,Aston Villa,Everton,0.3206514761164043,0.3077519002865205,0.3715966235970754,0.3999019484887526,0.2835441630847461,0.3165538884265012,2021,H
2021-09-18,Man City,Southampton,0.0664705792730265,0.1346308539650783,0.7988985667618952,0.8402122547789006,0.1075332641681413,0.0522544810529581,2021,D
2021-09-18,Burnley,Arsenal,0.4906982003351764,0.2337977760886816,0.2755040235761418,0.246905360772455,0.2717892711001263,0.4813053681274186,2021,A
2021-09-18,Liverpool,Crystal Palace,0.0857060253898955,0.1146201464066806,0.799673828203424,0.7868692938417104,0.1412545310046715,0.071876175153618,2021,H
2021-09-19,Brighton,Leicester,0.3165458867347322,0.327850285023576,0.3556038282416918,0.3495412932082149,0.2976221182254327,0.3528365885663523,2021,H
2021-09-19,West Ham,Man United,0.5300536389088433,0.2475692620535116,0.2223770990376453,0.218085600718439,0.2379739476074316,0.5439404516741293,2021,A
2021-09-19,Tottenham,Chelsea,0.5493435300698765,0.2314499756797599,0.2192064942503637,0.1905260975320774,0.252366166948934,0.5571077355189886,2021,A
2021-09-25,Chelsea,Man City,0.2778710728023854,0.3257074998379831,0.3964214273596312,0.357039635651853,0.2944491636464764,0.3485112007016706,2021,A
2021-09-25,Brentford,Liverpool,0.652638911284623,0.1702161824495732,0.1771449062658036,0.1381949871221627,0.2134572989390893,0.6483477139387479,2021,D
2021-09-25,Man United,Aston Villa,0.1055582436758661,0.1327400565607323,0.7617016997634016,0.6907924631183545,0.186090999969707,0.1231165369119384,2021,A
2021-09-25,Watford,Newcastle,0.2731392470050268,0.2875465111723508,0.4393142418226218,0.4276401564537158,0.2840612777053455,0.2882985658409387,2021,D
2021-09-25,Everton,Norwich,0.1413727551537001,0.2001371620201898,0.6584900828261098,0.5916467563975024,0.2466676869793925,0.1616855566231049,2021,H
2021-09-25,Leicester,Burnley,0.1737974683734029,0.2154183438562451,0.6107841877703517,0.6045340050377834,0.2372795969773299,0.1581863979848866,2021,D
2021-09-25,Leeds,West Ham,0.4245595434114774,0.2535989491358472,0.3218415074526752,0.3172480855718974,0.2643734046432478,0.4183785097848547,2021,A
2021-09-26,Southampton,Wolves,0.3251356636205721,0.3047255954857721,0.3701387408936555,0.3606219031712153,0.2969382307435654,0.3424398660852191,2021,A
2021-09-26,Arsenal,Tottenham,0.286380883919704,0.2858418236069109,0.4277772924733847,0.4267355335202554,0.2896006995457828,0.2836637669339618,2021,H
2021-09-27,Crystal Palace,Brighton,0.3986258513529098,0.2953515754875052,0.3060225731595851,0.3157974413936647,0.2983728575882751,0.3858297010180602,2021,D
2021-10-02,Man United,Everton,0.1355554725075408,0.1822339075293358,0.6822106199631232,0.6446083403839908,0.2215972559937765,0.1337944036222327,2021,D
2021-10-02,Burnley,Norwich,0.2072978449863775,0.2706766258349933,0.5220255291786292,0.5153546553190191,0.2686198102563435,0.2160255344246373,2021,D
2021-10-02,Chelsea,Southampton,0.10665160903235,0.1509404838344062,0.7424079071332436,0.6970057866003609,0.1945652322140451,0.1084289811855939,2021,H
2021-10-02,Leeds,Watford,0.2031346312914333,0.258220329029111,0.5386450396794553,0.5479395975951438,0.2514504951700957,0.2006099072347604,2021,H
2021-10-02,Wolves,Newcastle,0.1921900921172274,0.2574359273472318,0.5503739805355407,0.5817032735094829,0.2270697589216417,0.1912269675688753,2021,H
2021-10-02,Brighton,Arsenal,0.3915931971822899,0.2777657729346237,0.3306410298830861,0.3187685844949597,0.2940541827706849,0.3871772327343555,2021,D
2021-10-03,Crystal Palace,Leicester,0.3952209618686895,0.2768403253255039,0.327938712805806,0.3021586777637336,0.2841159222016027,0.4137254000346636,2021,D
2021-10-03,Tottenham,Aston Villa,0.266606606282182,0.2919762702671161,0.4414171234507018,0.4479507129841205,0.2721270933965811,0.2799221936192982,2021,H
2021-10-03,West Ham,Brentford,0.1976138087631557,0.2639819646749037,0.5384042265619408,0.5365650300627073,0.2629731326419189,0.2004618372953739,2021,A
2021-10-03,Liverpool,Man City,0.3500861140876536,0.323542097246608,0.3263717886657387,0.3356029759080742,0.2680246289238661,0.3963723951680595,2021,D
2021-10-16,Watford,Liverpool,0.719012645148829,0.1465921803318244,0.1343951745193463,0.1151241921497101,0.1766383954387476,0.7082374124115423,2021,A
2021-10-16,Aston Villa,Wolves,0.2501386141808311,0.2962184974022103,0.4536428884169581,0.4403731535089717,0.2891119093355169,0.2705149371555112,2021,A
2021-10-16,Leicester,Man United,0.4451229154664308,0.2709840530108799,0.2838930315226895,0.2625834096368176,0.2678585562519839,0.4695580341111984,2021,H
2021-10-16,Man City,Burnley,0.0634470501549908,0.1079254141134564,0.828627535731553,0.8438328099003197,0.1085901354458067,0.0475770546538734,2021,H
2021-10-16,Norwich,Brighton,0.4053385466397216,0.2750467856826925,0.3196146676775857,0.2646286537033339,0.2761983810665408,0.4591729652301254,2021,D
2021-10-16,Southampton,Leeds,0.3309186736138125,0.2967225537414431,0.3723587726447445,0.4052284284678993,0.271977012751269,0.3227945587808317,2021,H
2021-10-16,Brentford,Chelsea,0.5958727779294197,0.2296672872611176,0.174459934809462,0.1407601520066665,0.2449505821412866,0.6142892658520468,2021,A
2021-10-17,Newcastle,Tottenham,0.5049220531548558,0.2365901168083644,0.2584878300367796,0.2730816990088516,0.2616851206488496,0.4652331803422987,2021,A
2021-10-17,Everton,West Ham,0.3248149342591055,0.2938405402889322,0.3813445254519621,0.383230257898944,0.2749758088266229,0.3417939332744331,2021,A
2021-10-18,Arsenal,Crystal Palace,0.1620653280721045,0.2276768832834747,0.6102577886444207,0.5908739085075203,0.247119125213087,0.1620069662793925,2021,D
2021-10-22,Arsenal,Aston Villa,0.2418244100516937,0.2617879417791022,0.4963876481692035,0.5077014677411087,0.2613512366116434,0.2309472956472479,2021,H
2021-10-23,Chelsea,Norwich,0.0807645237899393,0.1010402142545927,0.818195261955468,0.8218508248825771,0.125747603515623,0.0524015716017998,2021,H
2021-10-23,Everton,Watford,0.1922396142777575,0.2449976319591131,0.5627627537631293,0.583299869840704,0.2403054823494719,0.1763946478098239,2021,A
2021-10-23,Crystal Palace,Newcastle,0.2651914263299128,0.267698450433356,0.4671101232367311,0.4913516807011371,0.2626814206664215,0.2459668986324413,2021,D
2021-10-23,Southampton,Burnley,0.2417370201542989,0.2716944172066029,0.486568562639098,0.4845663599862801,0.2699726862780703,0.2454609537356495,2021,D
2021-10-23,Leeds,Wolves,0.3311178444398556,0.2938633273844659,0.3750188281756784,0.4215248727390023,0.2664484680650905,0.3120266591959071,2021,D
2021-10-23,Brighton,Man City,0.6672655907039924,0.1300229839018575,0.2027114253941502,0.1325756359818856,0.1952220958006232,0.6722022682174911,2021,A
2021-10-24,Brentford,Leicester,0.354849429202964,0.2909043684144429,0.3542462023825928,0.3502580867854011,0.2918138283732795,0.3579280848413192,2021,A
2021-10-24,West Ham,Tottenham,0.3035727546048181,0.3063982292445364,0.3900290161506455,0.4029160504183131,0.2703913820886956,0.3266925674929913,2021,H
2021-10-24,Man United,Liverpool,0.4475748365540059,0.2827814046337549,0.2696437588122393,0.3096121708062006,0.2659885898691869,0.4243992393246124,2021,A
2021-10-30,Leicester,Arsenal,0.3420765582274419,0.3261694661160984,0.3317539756564596,0.3861429371092237,0.2740989730259985,0.3397580898647776,2021,A
2021-10-30,Burnley,Brentford,0.3552835283427153,0.2932478930113373,0.351468578645947,0.3587510050924685,0.2924758168660608,0.3487731780414707,2021,H
2021-10-30,Liverpool,Brighton,0.0946748130025078,0.1484252489571645,0.7568999380403278,0.7651214502353259,0.149422258519751,0.085456291244923,2021,D
2021-10-30,Man City,Crystal Palace,0.0702680600714144,0.0955187866110889,0.8342131533174968,0.8270795661121222,0.1228627344997698,0.050057699388108,2021,A
2021-10-30,Newcastle,Chelsea,0.7137178875628838,0.1552834222502479,0.1309986901868683,0.1100431685928545,0.1947722585222681,0.6951845728848773,2021,A
2021-10-30,Watford,Southampton,0.3779660802198703,0.2880039029613053,0.3340300168188237,0.3007620111030429,0.2828424908345025,0.4163954980624546,2021,A
2021-10-30,Tottenham,Man United,0.4257294632285191,0.2602594160890839,0.314011120682397,0.3304137644212388,0.2634131955247099,0.4061730400540514,2021,A
2021-10-31,Norwich,Leeds,0.4275096620278813,0.2570922594301576,0.315398078541961,0.2785145888594165,0.2705570291777188,0.4509283819628648,2021,A
2021-10-31,Aston Villa,West Ham,0.3823975167466135,0.3022551912478452,0.3153472920055417,0.3473498495492337,0.2665429920023283,0.386107158448438,2021,A
2021-11-01,Wolves,Everton,0.2810370118526307,0.2847188936900947,0.4342440944572744,0.4264866356370144,0.2942220804098731,0.2792912839531126,2021,H
2021-11-05,Southampton,Aston Villa,0.2633475078254882,0.2571295296513816,0.47952296252313,0.4806174692997652,0.2623185895214998,0.257063941178735,2021,H
2021-11-06,Brentford,Norwich,0.1950565707166966,0.258743707828535,0.5461997214547685,0.5853790122255844,0.2424725708427141,0.1721484169317015,2021,A
2021-11-06,Crystal Palace,Wolves,0.34093659963016,0.3152929368731917,0.3437704634966484,0.3897048936557277,0.2953040837149704,0.3149910226293018,2021,H
2021-11-06,Brighton,Newcastle,0.1984277017162019,0.2369559680984786,0.5646163301853196,0.5882316396742165,0.2427043787687361,0.1690639815570472,2021,D
2021-11-06,Chelsea,Burnley,0.0874109389095403,0.1213803898845706,0.7912086712058891,0.7642447642447643,0.1592176592176592,0.0765375765375765,2021,D
2021-11-06,Man United,Man City,0.4928875840932997,0.2524246418644987,0.2546877740422015,0.2073996835973943,0.2399407538286811,0.5526595625739246,2021,A
2021-11-07,Leeds,Leicester,0.3931596252035785,0.2754978121783619,0.3313425626180592,0.3452536140241648,0.2711928711792516,0.3835535147965834,2021,D
2021-11-07,West Ham,Liverpool,0.576743084366598,0.1925922438552224,0.2306646717781795,0.2056321615847737,0.2319701467691368,0.5623976916460894,2021,H
2021-11-07,Arsenal,Watford,0.1152074247631174,0.1580984188758158,0.7266941563610665,0.6859029241092082,0.1992496536913311,0.1148474221994607,2021,H
2021-11-07,Everton,Tottenham,0.4160764450266777,0.2694597799581855,0.3144637750151363,0.3126817485399669,0.2908935855625762,0.3964246658974569,2021,D
2021-11-20,Burnley,Crystal Palace,0.3648591107930424,0.3106979208296667,0.3244429683772907,0.3500869104086261,0.2931237663141148,0.3567893232772589,2021,D
2021-11-20,Aston Villa,Brighton,0.3435774051713859,0.2959180879775692,0.3605045068510446,0.3889607718762699,0.2858086712191641,0.325230556904566,2021,H
2021-11-20,Newcastle,Brentford,0.3373742790495705,0.2759061590585492,0.3867195618918801,0.3645117070646558,0.2798172932365129,0.3556709996988311,2021,D
2021-11-20,Leicester,Chelsea,0.5723016465627643,0.2459171224639129,0.1817812309733225,0.1988814710915163,0.2584831341768338,0.5426353947316499,2021,A
2021-11-20,Watford,Man United,0.6885972227949521,0.1387707499130169,0.172632027292031,0.1519275008713837,0.205130707563611,0.6429417915650053,2021,H
2021-11-20,Wolves,West Ham,0.3988321327621855,0.3202779333980595,0.2808899338397546,0.3201255177064098,0.2904989468018967,0.3893755354916934,2021,H
2021-11-20,Norwich,Southampton,0.4693957218441529,0.2418029139201496,0.2888013642356977,0.2627089648425155,0.2702149352665873,0.4670760998908972,2021,H
2021-11-20,Liverpool,Arsenal,0.1128011009792674,0.1847048122780529,0.7024940867426794,0.6494730269863547,0.1985782668324519,0.1519487061811933,2021,H
2021-11-21,Man City,Everton,0.0592117364652852,0.0924962317281436,0.8482920318065713,0.8285849422775948,0.1191053155907501,0.052309742131655,2021,H
2021-11-21,Tottenham,Leeds,0.1854785547430845,0.2526471109602868,0.5618743342966286,0.5592377554747412,0.2350368287729361,0.2057254157523228,2021,H
2021-11-27,Arsenal,Newcastle,0.1228511109481092,0.1703692039811823,0.706779685070708,0.6570355104412258,0.1955517977911142,0.1474126917676599,2021,H
2021-11-27,Crystal Palace,Aston Villa,0.286937789555034,0.2953080610147059,0.4177541494302598,0.4302749232617109,0.2784131856399306,0.2913118910983585,2021,A
2021-11-27,Liverpool,Southampton,0.1307707411343718,0.1472529661093179,0.7219762927563099,0.739006365114192,0.1582716144011906,0.1027220204846173,2021,H
2021-11-27,Norwich,Wolves,0.416973565062485,0.2868602537938553,0.2961661811436595,0.2704244011825513,0.2786399151298192,0.4509356836876295,2021,D
2021-11-27,Brighton,Leeds,0.2373412089579299,0.2864550478099479,0.4762037432321222,0.4714106092067522,0.2753427119086948,0.2532466788845529,2021,D
2021-11-28,Brentford,Everton,0.2633735124786387,0.3074144201861354,0.4292120673352256,0.426574325641426,0.2942977820234813,0.2791278923350925,2021,H
2021-11-28,Leicester,Watford,0.1699635624660891,0.2318694619513989,0.598166975582512,0.593874596543932,0.2339126337042982,0.1722127697517697,2021,H
2021-11-28,Man City,West Ham,0.1026123924685711,0.1279704711660232,0.7694171363654059,0.7298184195750803,0.1728279851679358,0.0973535952569838,2021,H
2021-11-28,Chelsea,Man United,0.1332687389299916,0.1917990527029277,0.6749322083670805,0.602844736344947,0.2317142793089429,0.1654409843461101,2021,D
2021-11-30,Leeds,Crystal Palace,0.3286551523634338,0.3009318891142936,0.3704129585222725,0.3935472480910977,0.2862161804298893,0.3202365714790131,2021,H
2021-11-30,Newcastle,Norwich,0.2506515957792452,0.2604500268015829,0.4888983774191717,0.4876732509993722,0.2665589311684905,0.2457678178321372,2021,D
2021-12-01,Everton,Liverpool,0.6754661896597806,0.1721588608721075,0.1523749494681114,0.1281708424317339,0.1844988720153027,0.6873302855529634,2021,A
2021-12-01,Wolves,Burnley,0.197469813266176,0.2677747136072185,0.5347554731266053,0.511293669135136,0.2702552251142862,0.2184511057505777,2021,D
2021-12-01,Aston Villa,Man City,0.6987113455222255,0.1646900689719213,0.1365985855058533,0.1086018456576539,0.185376507959011,0.7060216463833351,2021,A
2021-12-01,Watford,Chelsea,0.7018903931950081,0.1789550249036212,0.1191545819013709,0.0971504087043105,0.1802895829094806,0.7225600083862089,2021,A
2021-12-01,West Ham,Brighton,0.2716881176923798,0.277715710788,0.45059617151962,0.4850281972196095,0.2627236068272884,0.252248195953102,2021,D
2021-12-01,Southampton,Leicester,0.3404277232172502,0.2959893633730838,0.3635829134096661,0.4038272452731597,0.2693675123001441,0.3268052424266962,2021,D
2021-12-02,Man United,Arsenal,0.3046641781782477,0.2665426522850066,0.4287931695367458,0.4801726660813579,0.25804799531753,0.2617793386011121,2021,H
2021-12-02,Tottenham,Brentford,0.1844592319457156,0.2482122112992608,0.5673285567550235,0.5818229821286469,0.2336613094751142,0.1845157083962388,2021,H
2021-12-04,West Ham,Chelsea,0.5443691637133373,0.2288939824448117,0.226736853841851,0.2025906154055111,0.2594384727551583,0.5379709118393305,2021,H
2021-12-04,Newcastle,Burnley,0.2912040302468116,0.3161064942247488,0.3926894755284396,0.4163954980624545,0.2828424908345024,0.3007620111030429,2021,H
2021-12-04,Southampton,Brighton,0.3105310535528803,0.3159007690965251,0.3735681773505941,0.3862205661289402,0.2957001209424698,0.3180793129285899,2021,D
2021-12-04,Wolves,Liverpool,0.6388844088335044,0.1756783646657621,0.1854372265007335,0.1250485268637631,0.2002637200536153,0.6746877530826216,2021,A
2021-12-04,Watford,Man City,0.7260104106297369,0.1610206285919682,0.1129689607782949,0.0701857352972289,0.1311928417116515,0.7986214229911195,2021,A
2021-12-05,Aston Villa,Leicester,0.3328113809127451,0.3041481106516972,0.3630405084355576,0.4008068086336654,0.2754073870090848,0.3237858043572497,2021,H
2021-12-05,Man United,Crystal Palace,0.1626264435949456,0.2189807903475469,0.6183927660575071,0.6221557415320027,0.2224317988727548,0.1554124595952424,2021,H
2021-12-05,Tottenham,Norwich,0.1495383273022116,0.1764247215755078,0.6740369511222805,0.6880572931064409,0.194856992240487,0.1170857146530719,2021,H
2021-12-05,Leeds,Brentford,0.2311448467896149,0.2740353754991576,0.4948197777112277,0.4981068459441639,0.2591921636337682,0.242700990422068,2021,D
2021-12-06,Everton,Arsenal,0.4060673277679313,0.27673232372459,0.3172003485074784,0.2876767238822911,0.2709762786597923,0.4413469974579166,2021,H
2021-12-10,Brentford,Watford,0.2331825938287866,0.2844137737061451,0.4824036324650679,0.4418016194331984,0.2790991902834008,0.2790991902834008,2021,H
2021-12-11,Chelsea,Leeds,0.0944913655212592,0.1271679476119427,0.778340686866798,0.7442761267503831,0.1687417944554117,0.086982078794205,2021,H
2021-12-11,Liverpool,Aston Villa,0.0945755242870498,0.1352903626406354,0.7701341130723148,0.7747135457541987,0.1436383613247527,0.0816480929210484,2021,H
2021-12-11,Norwich,Man United,0.6567828122297864,0.1386174474569867,0.2045997403132267,0.1405540167801319,0.2082601179101941,0.6511858653096738,2021,A
2021-12-11,Man City,Wolves,0.0672879514933568,0.0953204920571986,0.8373915564494446,0.8242661985559129,0.1209167161320665,0.0548170853120206,2021,H
2021-12-11,Arsenal,Southampton,0.1586147060749036,0.2269065560105709,0.6144787379145251,0.581889749088417,0.2370800644671983,0.1810301864443847,2021,H
2021-12-12,Burnley,West Ham,0.4630710557141867,0.2490797489181649,0.2878491953676486,0.262531328320802,0.262531328320802,0.474937343358396,2021,D
2021-12-12,Leicester,Newcastle,0.1876667836196546,0.2380287522799262,0.574304464100419,0.5669046708764036,0.2337901215760858,0.1993052075475107,2021,H
2021-12-12,Crystal Palace,Everton,0.2838170558959114,0.3102605145624131,0.4059224295416754,0.4157082127705692,0.2932709603172059,0.2910208269122249,2021,H
2021-12-14,Norwich,Aston Villa,0.3887663341370168,0.2826799777035978,0.3285536881593849,0.2878242891129489,0.2900334201880593,0.4221422906989917,2021,A
2021-12-14,Man City,Leeds,0.0527871187504888,0.0831658665687401,0.8640470146807705,0.8332501778935223,0.1101438839586295,0.0566059381478481,2021,H
2021-12-15,Brighton,Wolves,0.274354825620395,0.3093267210919631,0.4163184532876418,0.4243596363435189,0.3096082209969203,0.2660321426595607,2021,A
2021-12-15,Crystal Palace,Southampton,0.2616583346834704,0.2805216589192227,0.4578200063973066,0.4413450515857852,0.2875429881543752,0.2711119602598395,2021,D
2021-12-15,Arsenal,West Ham,0.2834649259961469,0.2886282485265791,0.4279068254772737,0.4456079237291455,0.262998399273014,0.2913936769978404,2021,H
2021-12-16,Liverpool,Newcastle,0.0711535515803357,0.085540203756199,0.843306244663465,0.8482584241755811,0.1041291162563433,0.0476124595680755,2021,H
2021-12-16,Chelsea,Everton,0.0947847783803552,0.1874597377595305,0.7177554838601138,0.7754828195149823,0.1496781203233451,0.0748390601616725,2021,D
2021-12-18,Leeds,Arsenal,0.5008519228431776,0.2400724731313006,0.259075604025522,0.2412014763115973,0.2475488835829551,0.5112496401054475,2021,A
2021-12-19,Newcastle,Man City,0.7495124743573656,0.1456343164838925,0.1048532091587417,0.0717122239096601,0.1266578104167948,0.801629965673545,2021,A
2021-12-19,Wolves,Chelsea,0.644590464497639,0.1552372557771289,0.2001722797252317,0.1436463564263759,0.2377556699596493,0.6185979736139748,2021,D
2021-12-19,Tottenham,Liverpool,0.604300183464715,0.1758323354933176,0.2198674810419671,0.1806070221377391,0.2075572963351306,0.6118356815271303,2021,D
2021-12-26,Tottenham,Crystal Palace,0.1881829810887582,0.2411449625884675,0.5706720563227737,0.554841647851076,0.2464646768876693,0.1986936752612545,2021,H
2021-12-26,West Ham,Southampton,0.1929115839753817,0.2481330557611006,0.5589553602635171,0.5155109015681137,0.2531582770204542,0.231330821411432,2021,A
2021-12-26,Aston Villa,Chelsea,0.6040200637276691,0.1984614120286671,0.1975185242436636,0.1760800421118187,0.2506036274487997,0.5733163304393815,2021,A
2021-12-26,Brighton,Brentford,0.2105255132324716,0.2569634669744229,0.5325110197931053,0.4944369174934764,0.2744850831863947,0.2310779993201288,2021,H
2021-12-26,Norwich,Arsenal,0.6810961012630924,0.1623006974263294,0.1566032013105782,0.1295494134655362,0.1997635000097586,0.6706870865247052,2021,A
2021-12-26,Man City,Leicester,0.0897963623841557,0.1023317834673161,0.8078718541485281,0.8054967581753789,0.1227500848393325,0.0717531569852886,2021,H
2021-12-27,Newcastle,Man United,0.6503204979708821,0.1706668028932658,0.179012699135852,0.1509465389891094,0.2015417115956219,0.6475117494152687,2021,D
2021-12-28,Watford,West Ham,0.4495915943812086,0.252187807098185,0.2982205985206064,0.2840832980860963,0.2680726839161113,0.4478440179977924,2021,A
2021-12-28,Leicester,Liverpool,0.6610812861816615,0.1965398001612903,0.1423789136570482,0.1226487968322865,0.1688435759701673,0.7085076271975461,2021,H
2021-12-28,Crystal Palace,Norwich,0.2097046567429443,0.238932984231829,0.5513623590252269,0.5731021598888306,0.2581973624876912,0.168700477623478,2021,H
2021-12-28,Southampton,Tottenham,0.4383787500665667,0.2906346097232671,0.2709866402101666,0.2615652536318171,0.2706150273874732,0.4678197189807097,2021,D
2021-12-29,Brentford,Man City,0.6904471702427741,0.1650133060648112,0.1445395236924143,0.0558401335984754,0.1191050197618071,0.8250548466397174,2021,A
2021-12-29,Chelsea,Brighton,0.1282490582481566,0.1484416472718953,0.723309294479948,0.6631284012933879,0.2133708997194751,0.123500698987137,2021,D
2021-12-30,Man United,Burnley,0.139223270605477,0.1680659717919056,0.6927107576026172,0.7005049218540087,0.1905373387442904,0.1089577394017007,2021,H
2022-01-01,Crystal Palace,West Ham,0.4185210121008549,0.2732605741036982,0.3082184137954469,0.3003374439007559,0.2742075281521813,0.4254550279470628,2021,A
2022-01-01,Watford,Tottenham,0.5822962715592458,0.2257484243345973,0.191955304106157,0.1848051753002654,0.2253868444185296,0.5898079802812048,2021,A
2022-01-01,Arsenal,Man City,0.6049158943218473,0.1610218518789267,0.2340622537992258,0.1617026438747727,0.2031547705490977,0.6351425855761296,2021,A
2022-01-02,Brentford,Aston Villa,0.3956121650234926,0.272959323754741,0.331428511221766,0.3176684972651284,0.2885666127361725,0.3937648899986989,2021,H
2022-01-02,Everton,Brighton,0.3573226597308065,0.3066374839902973,0.3360398562788957,0.3382393611131469,0.3057506986460746,0.3560099402407785,2021,A
2022-01-02,Leeds,Burnley,0.2650369663145737,0.2688247220526124,0.4661383116328139,0.4709784261203215,0.2689812133497429,0.2600403605299355,2021,H
2022-01-02,Chelsea,Liverpool,0.3663147111428544,0.289577686769573,0.3441076020875727,0.3131862693547289,0.2705374320303365,0.4162762986149345,2021,D
2022-01-03,Man United,Wolves,0.1462495100744522,0.193260763761139,0.6604897261644084,0.6160139955275319,0.2224580613631528,0.1615279431093153,2021,A
2022-01-11,Southampton,Brentford,0.2285360605730193,0.2837936191226189,0.4876703203043617,0.4658363914553787,0.2774061378403761,0.2567574707042451,2021,H
2022-01-12,West Ham,Norwich,0.1189539189980772,0.173150715242789,0.7078953657591339,0.732033894530554,0.1757935447473128,0.0921725607221331,2021,H
2022-01-14,Brighton,Crystal Palace,0.253606639741053,0.2632349851335532,0.4831583751253935,0.463628618436823,0.2925197880595903,0.2438515935035866,2021,D
2022-01-15,Wolves,Southampton,0.2891825591846559,0.2888340503499551,0.4219833904653886,0.4210749509209001,0.2960683248662579,0.2828567242128421,2021,H
2022-01-15,Norwich,Everton,0.5071189849968006,0.2220173429040134,0.2708636720991859,0.2577611424701219,0.2745205815134802,0.4677182760163978,2021,H
2022-01-15,Man City,Chelsea,0.2218088218866415,0.1562814468537975,0.6219097312595608,0.5699464840858992,0.2402731615367048,0.1897803543773958,2021,H
2022-01-15,Aston Villa,Man United,0.4148605207472352,0.2766790792669554,0.3084603999858094,0.322508073063805,0.2702775154347082,0.4072144115014867,2021,D
2022-01-15,Newcastle,Watford,0.2580588660827679,0.2615143275028056,0.480426806414426,0.4735879919176369,0.2668623111709804,0.2595496969113826,2021,D
2022-01-16,Liverpool,Brentford,0.0981337953235705,0.1388031938007379,0.7630630108756914,0.7292866746803102,0.1730374901564511,0.0976758351632386,2021,H
2022-01-16,West Ham,Leeds,0.179548379600471,0.2171090934750225,0.6033425269245065,0.5898079802812048,0.2253868444185296,0.1848051753002654,2021,A
2022-01-18,Brighton,Chelsea,0.5533087682111917,0.2131199439559173,0.233571287832891,0.2048267826936746,0.2541303108427417,0.5410429064635837,2021,D
2022-01-19,Leicester,Tottenham,0.4164856366833877,0.2969338514289573,0.2865805118876553,0.3102574500671283,0.2784456929576244,0.4112968569752471,2021,A
2022-01-19,Brentford,Man United,0.4952108144125896,0.2455547208405794,0.259234464746831,0.2052086097979083,0.2635567522656427,0.531234637936449,2021,A
2022-01-21,Watford,Norwich,0.2250589773881103,0.2590256485516859,0.5159153740602038,0.4695580341111983,0.2678585562519839,0.2625834096368176,2021,A
2022-01-22,Southampton,Man City,0.7714324025039471,0.1240998812276544,0.1044677162683984,0.0977375796084815,0.1494370334136511,0.7528253869778673,2021,D
2022-01-22,Man United,West Ham,0.235913335683343,0.2528014370319862,0.5112852272846706,0.508486183710502,0.2488787441217992,0.2426350721676987,2021,H
2022-01-22,Leeds,Newcastle,0.2827022256390938,0.2573390365388697,0.4599587378220364,0.4858787087369796,0.2632633848583315,0.2508579064046888,2021,A
2022-01-22,Brentford,Wolves,0.3605196431292363,0.3130897070310613,0.3263906498397019,0.305615876462782,0.3267885148992641,0.3675956086379539,2021,A
2022-01-22,Everton,Aston Villa,0.365870545411327,0.3031691961231482,0.3309602584655245,0.3532354122843685,0.2883687815661806,0.3583958061494509,2021,A
2022-01-23,Leicester,Brighton,0.3283534701357733,0.3311888179020595,0.3404577119621667,0.3791000399556411,0.285198677386738,0.3357012826576209,2021,D
2022-01-23,Chelsea,Tottenham,0.1729070422236633,0.2268819015749143,0.6002110562014221,0.5719369019723457,0.2338941492669496,0.1941689487607047,2021,H
2022-01-23,Crystal Palace,Liverpool,0.693911440669621,0.1574539545086044,0.1486346048217744,0.1576727146970046,0.227997059109886,0.6143302261931094,2021,A
2022-01-23,Arsenal,Burnley,0.1311389186815315,0.1775406496024544,0.6913204317160138,0.6949109562674445,0.1996946468067636,0.1053943969257919,2021,D
2022-02-05,Burnley,Watford,0.25157682800944,0.2960956768068468,0.4523274951837128,0.4358000418517054,0.2894406287056197,0.2747593294426748,2021,D
2022-02-08,Newcastle,Everton,0.3223324450005033,0.278926149956385,0.3987414050431116,0.3856049302283243,0.2841881087745685,0.3302069609971072,2021,H
2022-02-08,West Ham,Watford,0.1375018188656404,0.2022172356401412,0.6602809454942183,0.6053384527757784,0.2304391736576985,0.164222373566523,2021,H
2022-02-08,Burnley,Man United,0.632179946400614,0.1959577894979653,0.1718622641014208,0.1686196042946504,0.2369945154677013,0.5943858802376483,2021,D
2022-02-09,Aston Villa,Leeds,0.1896218911877442,0.2561385128699949,0.5542395959422605,0.5244152663013655,0.2422121662783022,0.2333725674203322,2021,D
2022-02-09,Tottenham,Southampton,0.1676204392416915,0.2254680088579555,0.6069115519003528,0.5946278180977451,0.2334765580678801,0.1718956238343747,2021,A
2022-02-09,Norwich,Crystal Palace,0.4420491740556385,0.2591978586762746,0.2987529672680867,0.2741723526642208,0.2909790445418184,0.4348486027939607,2021,D
2022-02-09,Man City,Brentford,0.0591470035891406,0.103730850087424,0.8371221463234353,0.8610044869370128,0.0976295118159868,0.0413660012470003,2021,H
2022-02-10,Liverpool,Leicester,0.1068252706346178,0.1385665074572348,0.7546082219081471,0.7535660121745691,0.1489903071045294,0.0974436807209014,2021,H
2022-02-10,Wolves,Arsenal,0.4193757391711129,0.2890426282913483,0.2915816325375387,0.2672968459378036,0.2964683965528124,0.4362347575093839,2021,A
2022-02-12,Watford,Brighton,0.4498919691752375,0.2585780179906644,0.2915300128340977,0.2668454391487814,0.2830178900062833,0.4501366708449352,2021,A
2022-02-12,Everton,Leeds,0.3833822411534844,0.2500268842510775,0.3665908745954381,0.4237385056143431,0.2620373365371286,0.3142241578485282,2021,H
2022-02-12,Norwich,Man City,0.6959434147910728,0.1518781490199087,0.1521784361890183,0.0581342610968497,0.12510781294335,0.8167579259598002,2021,A
2022-02-12,Man United,Southampton,0.1674668805542942,0.2492467869744805,0.5832863324712251,0.6006167896019303,0.2274303067399693,0.1719529036581002,2021,D
2022-02-12,Brentford,Crystal Palace,0.3533691964579217,0.3018862816071483,0.3447445219349299,0.3644859883505792,0.3055417289596065,0.3299722826898141,2021,D
2022-02-13,Leicester,West Ham,0.4210140579508051,0.2768704858949895,0.3021154561542056,0.3357546196744811,0.2645320885998496,0.3997132917256691,2021,D
2022-02-13,Tottenham,Wolves,0.1892377149971538,0.2678777649725601,0.5428845200302862,0.5680481279065599,0.2589856900299495,0.1729661820634905,2021,A
2022-02-13,Newcastle,Aston Villa,0.3558498252750487,0.2952263665853749,0.3489238081395759,0.3474084601752037,0.2826346818659333,0.3699568579588629,2021,H
2022-02-13,Burnley,Liverpool,0.6947127822981044,0.1634731409735934,0.1418140767283022,0.0953262736752082,0.175147390228378,0.7295263360964137,2021,A
2022-02-15,Man United,Brighton,0.2051078355403485,0.2827480560996815,0.5121441083599699,0.5488521629971537,0.2534400067951268,0.1977078302077193,2021,H
2022-02-19,Brighton,Burnley,0.2028631064315898,0.2378949110498362,0.5592419825185744,0.571936588499677,0.2631454754725845,0.1649179360277383,2021,A
2022-02-19,West Ham,Newcastle,0.1891362304249638,0.2588546212812104,0.5520091482938255,0.5592532133499775,0.2455822439265285,0.1951645427234941,2021,D
2022-02-19,Arsenal,Brentford,0.110871000987322,0.1584466288632466,0.7306823701494309,0.6544846897088689,0.2183893666198239,0.1271259436713073,2021,H
2022-02-19,Aston Villa,Watford,0.2156085372596387,0.2429558653938088,0.5414355973465524,0.5757660831919362,0.2522102975604008,0.1720236192476628,2021,A
2022-02-19,Liverpool,Norwich,0.0625252722843726,0.0811769827282969,0.8562977449873305,0.8529784482296067,0.1056717403349702,0.0413498114354231,2021,H
2022-02-19,Crystal Palace,Chelsea,0.6377828739482924,0.1867940643824667,0.1754230616692407,0.1723817074200725,0.249499839686947,0.5781184528929804,2021,A
2022-02-19,Southampton,Everton,0.2643031760937835,0.2744897779189284,0.4612070459872878,0.4571296549835706,0.2791535460021905,0.2637167990142387,2021,H
2022-02-19,Man City,Tottenham,0.0946441663776011,0.1472065771182027,0.7581492565041964,0.750369723866618,0.1622678964792757,0.0873623796541062,2021,A
2022-02-20,Wolves,Leicester,0.2953822502034968,0.2861091870415607,0.4185085627549422,0.4173515733739472,0.2969870075243923,0.2856614191016604,2021,H
2022-02-20,Leeds,Man United,0.5077187355101414,0.2469849703083688,0.2452962941814901,0.2425347930577847,0.2489172876119369,0.5085479193302784,2021,A
2022-02-23,Liverpool,Leeds,0.0729715981788219,0.1024609189023711,0.8245674829188061,0.8214005649901932,0.1139781997369616,0.0646212352728451,2021,H
2022-02-23,Burnley,Tottenham,0.5945659308638108,0.1947340339904624,0.2107000351457268,0.2083982079528107,0.2528693707157922,0.5387324213313971,2021,H
2022-02-23,Watford,Crystal Palace,0.3737183443570331,0.290587959616176,0.3356936960267906,0.2956977282990133,0.2886884225003763,0.4156138492006104,2021,A
2022-02-24,Arsenal,Wolves,0.2060986092863326,0.2613484589889753,0.5325529317246919,0.5800753212378726,0.2512298680615591,0.1686948107005682,2021,H
2022-02-25,Southampton,Norwich,0.149118070152859,0.2080645412437917,0.6428173886033488,0.6214749851983828,0.2171454856011718,0.1613795292004452,2021,H
2022-02-26,Everton,Man City,0.7268407150031144,0.1545688340197312,0.1185904509771544,0.0974903532641301,0.1689543181880863,0.7335553285477834,2021,A
2022-02-26,Man United,Watford,0.1120530180290073,0.152304807508269,0.7356421744627234,0.7197149465337016,0.1727006488045175,0.1075844046617806,2021,D
2022-02-26,Brighton,Aston Villa,0.2758271990043439,0.2909637738165155,0.4332090271791403,0.4321280379371666,0.2880853586247777,0.2797866034380557,2021,A
2022-02-26,Brentford,Newcastle,0.3268243794662874,0.3111142015677173,0.3620614189659951,0.3827727274596145,0.2960484172700323,0.321178855270353,2021,A
2022-02-26,Crystal Palace,Burnley,0.2554228935496436,0.2715406159856803,0.4730364904646759,0.4982605017018301,0.2706890190427254,0.2310504792554445,2021,D
2022-02-26,Leeds,Tottenham,0.5629194252285366,0.216003925250932,0.2210766495205312,0.2306587342401752,0.2556493221764067,0.5136919435834182,2021,A
2022-02-27,West Ham,Wolves,0.2610656016189986,0.2775523419410333,0.4613820564399679,0.4607554249271306,0.2906791484674437,0.2485654266054257,2021,H
2022-03-01,Burnley,Leicester,0.3790969558345544,0.2715619405357128,0.3493411036297326,0.3318859053248264,0.2781216474596107,0.3899924472155628,2021,A
2022-03-05,Liverpool,West Ham,0.0908291506434221,0.1245490766091665,0.7846217727474115,0.7359759860160351,0.1644739759244371,0.0995500380595277,2021,H
2022-03-05,Leicester,Leeds,0.2127527925178471,0.2605984047391851,0.5266488027429677,0.529853727939815,0.2393999044992545,0.2307463675609304,2021,H
2022-03-05,Aston Villa,Southampton,0.3225174774568317,0.3219731377274833,0.355509384815685,0.4114736413866774,0.2703969643398165,0.3181293942735061,2021,H
2022-03-05,Norwich,Brentford,0.3920989172036164,0.2825732118508215,0.3253278709455617,0.3242469201607436,0.3033277640213407,0.3724253158179158,2021,A
2022-03-05,Burnley,Chelsea,0.6823606214128775,0.1569740788281897,0.1606652997589326,0.1361996643453185,0.2251414746903289,0.6386588609643524,2021,A
2022-03-05,Wolves,Crystal Palace,0.2927748336396833,0.3051159958998932,0.4021091704604233,0.4117577642534972,0.3054976960590463,0.2827445396874565,2021,A
2022-03-05,Newcastle,Brighton,0.3251428723062283,0.2929256891056032,0.3819314385881681,0.3494763943343624,0.2925187763810927,0.3580048292845448,2021,H
2022-03-06,Watford,Arsenal,0.688579166738121,0.1586477465422681,0.1527730867196107,0.1580082135921052,0.2400475132573756,0.6019442731505191,2021,A
2022-03-06,Man City,Man United,0.1135328970284848,0.1481212667368941,0.7383458362346208,0.6831574516616784,0.1981302474367588,0.1187123009015626,2021,H
2022-03-07,Tottenham,Everton,0.1630411960175952,0.2291390998578876,0.6078197041245168,0.5896854333910522,0.243534285015522,0.1667802815934257,2021,H
2022-03-10,Wolves,Watford,0.2371178732184556,0.2728399187886209,0.4900422079929235,0.5286718581008003,0.2683382603888768,0.2029898815103227,2021,H
2022-03-10,Leeds,Aston Villa,0.4184502328401334,0.2712167159995324,0.3103330511603343,0.3506637604367948,0.2667553353576563,0.3825809042055488,2021,A
2022-03-10,Norwich,Chelsea,0.7061170824152226,0.163282833821692,0.1306000837630854,0.0820407367682067,0.1846856488705623,0.7332736143612308,2021,A
2022-03-10,Southampton,Newcastle,0.2701386878086296,0.2819605029735649,0.4479008092178055,0.4755555319012342,0.2540584439884334,0.2703860241103323,2021,A
2022-03-12,Brentford,Burnley,0.2556116156603448,0.3059079535427061,0.438480430796949,0.4312494488591968,0.3089029908660493,0.259847560274754,2021,H
2022-03-12,Man United,Tottenham,0.2846735468920452,0.3005131424892659,0.4148133106186886,0.4384037890313699,0.2694459537781641,0.2921502571904658,2021,H
2022-03-12,Brighton,Liverpool,0.6607934978965492,0.1753144691477089,0.1638920329557417,0.1604596633298615,0.2134806568105796,0.6260596798595588,2021,A
2022-03-13,Leeds,Norwich,0.1955975258409589,0.2477526520772946,0.5566498220817465,0.6100540073939644,0.2217605037310644,0.1681854888749711,2021,H
2022-03-13,Chelsea,Newcastle,0.1157150373855594,0.1644548218213995,0.7198301407930411,0.7306689117802431,0.1809275400598697,0.0884035481598873,2021,H
2022-03-13,Everton,Wolves,0.3138145677065206,0.3103365769087458,0.3758488553847335,0.4130406635486094,0.2968729769255629,0.2900863595258276,2021,A
2022-03-13,Southampton,Watford,0.188256442429074,0.2496733278154733,0.5620702297554525,0.5985479504569579,0.2286144273838831,0.1728376221591589,2021,A
2022-03-13,West Ham,Aston Villa,0.2876693580909112,0.3152673099601682,0.3970633319489204,0.4156511033536966,0.2886797157461663,0.2956691809001371,2021,H
2022-03-13,Arsenal,Leicester,0.1174038738429702,0.1711873528510107,0.7114087733060187,0.6338057893038814,0.2082727905628476,0.1579214201332709,2021,H
2022-03-14,Crystal Palace,Man City,0.7149466084177489,0.1529495913854463,0.1321038001968047,0.0976382643672561,0.1816117164952912,0.7207500191374526,2021,D
2022-03-16,Brighton,Tottenham,0.432591153094673,0.2715496495890236,0.2958591973163031,0.2900334201880593,0.2878242891129489,0.4221422906989917,2021,A
2022-03-16,Arsenal,Liverpool,0.4925134388771399,0.2360979316016486,0.2713886295212118,0.2729538453139749,0.2353736003752857,0.4916725543107394,2021,A
2022-03-17,Everton,Newcastle,0.3074618129112364,0.3253148593136444,0.367223327775119,0.4057404362932116,0.2868072176802186,0.3074523460265697,2021,H
2022-03-18,Wolves,Leeds,0.2523979191953632,0.2743640528044631,0.4732380280001734,0.4509283819628646,0.2705570291777188,0.2785145888594164,2021,A
2022-03-19,Aston Villa,Arsenal,0.3912862096658223,0.3026995355262965,0.306014254807881,0.3215326111480803,0.2791568253931987,0.3993105634587209,2021,A
2022-03-20,Tottenham,West Ham,0.2154901311170752,0.2469017001277271,0.5376081687551975,0.5451849631116557,0.2426875048880314,0.2121275320003128,2021,H
2022-03-20,Leicester,Brentford,0.2474446567159677,0.2974286664829774,0.4551266768010547,0.4415584415584415,0.2792207792207792,0.2792207792207792,2021,H
2022-04-02,Man United,Leicester,0.128781922556818,0.1940265840014831,0.6771914934416985,0.6300829965046533,0.2084334229944908,0.1614835805008558,2021,D
2022-04-02,Wolves,Aston Villa,0.3792210349264479,0.3086447017527675,0.3121342633207843,0.3212519468156573,0.3107145403406312,0.3680335128437115,2021,H
2022-04-02,Chelsea,Brentford,0.1066745415654386,0.1447085082123546,0.7486169502222065,0.7131596536073113,0.1904119908837001,0.0964283555089886,2021,A
2022-04-02,Leeds,Southampton,0.4359945168726019,0.2674782440676542,0.2965272390597439,0.3961479452749565,0.2571481101094247,0.3467039446156187,2021,D
2022-04-02,Brighton,Norwich,0.2037227110399278,0.2405613534091773,0.5557159355508948,0.6314600603383984,0.236005389329986,0.1325345503316156,2021,D
2022-04-02,Liverpool,Watford,0.0605189184033642,0.0843165725296124,0.8551645090670233,0.8509762684237567,0.1003256232246955,0.0486981083515476,2021,H
2022-04-02,Burnley,Man City,0.7219983587417359,0.1702872383718197,0.1077144028864443,0.0682626069987729,0.1491881690294672,0.7825492239717599,2021,A
2022-04-03,West Ham,Everton,0.2207179145914206,0.2548190833415036,0.5244630020670757,0.5355195855480537,0.2520712425549732,0.2124091718969731,2021,H
2022-04-03,Tottenham,Newcastle,0.1615729704586087,0.191127867242745,0.6472991622986461,0.6314197960425905,0.2194627473520147,0.1491174566053947,2021,H
2022-04-04,Crystal Palace,Arsenal,0.4644219797554156,0.2730703591821999,0.2625076610623845,0.2327670782660336,0.2813953765507452,0.4858375451832212,2021,H
2022-04-06,Burnley,Everton,0.336095185953649,0.2961206263825266,0.3677841876638244,0.3702215057308714,0.2985510119218611,0.3312274823472675,2021,H
2022-04-08,Newcastle,Wolves,0.2957146622715548,0.302295777724809,0.4019895600036361,0.4167349154119397,0.3074846258595707,0.2757804587284895,2021,H
2022-04-09,Everton,Man United,0.5917279547633014,0.192319622724056,0.2159524225126426,0.2184800806463793,0.2477455688834481,0.5337743504701726,2021,H
2022-04-09,Arsenal,Brighton,0.1678535848807664,0.2331981012642522,0.598948313854981,0.5891805435140063,0.2426230978504588,0.1681963586355346,2021,A
2022-04-09,Southampton,Chelsea,0.4722558441159596,0.2558353873330982,0.2719087685509423,0.2451322383525165,0.2552341567745888,0.4996336048728945,2021,A
2022-04-09,Watford,Leeds,0.3751164293454203,0.2894700591860596,0.3354135114685198,0.3527425189770184,0.2735565964743522,0.3737008845486292,2021,A
2022-04-09,Aston Villa,Tottenham,0.4974406329401442,0.2450814668266166,0.2574779002332392,0.3004131929449587,0.2743252180208622,0.4252615890341791,2021,A
2022-04-10,Man City,Liverpool,0.2512164629403667,0.2558049188312447,0.4929786182283887,0.4732312376109266,0.2523899933924942,0.2743787689965792,2021,D
2022-04-10,Norwich,Burnley,0.3896734596274784,0.273197291099243,0.337129249273278,0.3279831103587313,0.2934174373331596,0.378599452308109,2021,H
2022-04-10,Brentford,West Ham,0.3636321834192983,0.2966769394966675,0.3396908770840339,0.3531160886202442,0.2937678227595116,0.3531160886202442,2021,H
2022-04-10,Leicester,Crystal Palace,0.3184723110300048,0.3332356317735633,0.3482920571964316,0.3934390297252699,0.2801471931475519,0.3264137771271782,2021,H
2022-04-16,Southampton,Arsenal,0.4988985158159405,0.2163014747882738,0.2848000093957858,0.2459753078234802,0.2594587577891903,0.4945659343873294,2021,H
2022-04-16,Watford,Brentford,0.371363033783793,0.3166179367038523,0.3120190295123546,0.3419698924599368,0.2893491205864595,0.3686809869536037,2021,A
2022-04-16,Man United,Norwich,0.1092443907731823,0.1572428154527007,0.7335127937741162,0.7697181062205904,0.1462219924466136,0.0840599013327959,2021,H
2022-04-16,Tottenham,Brighton,0.1328478928548498,0.169857551358114,0.697294555787036,0.6206938300304732,0.2276107039861185,0.1516954659834082,2021,A
2022-04-17,Newcastle,Leicester,0.2834833981675897,0.3030553465386708,0.4134612552937393,0.4303874092009685,0.2826876513317191,0.2869249394673123,2021,H
2022-04-17,West Ham,Burnley,0.1911245898417793,0.2494323843220333,0.5594430258361875,0.5568778222083841,0.2532294443395759,0.18989273345204,2021,D
2022-04-19,Liverpool,Man United,0.1065376003468641,0.1524541687711282,0.7410082308820074,0.6764601288595097,0.1887315914986193,0.1348082796418709,2021,H
2022-04-20,Man City,Brighton,0.0761024596764742,0.1037684757207274,0.8201290646027987,0.8090856462947955,0.1352310005411864,0.0556833531640179,2021,H
2022-04-20,Chelsea,Arsenal,0.2394487997576301,0.2624339872552302,0.4981172129871393,0.5161330833236528,0.2623676506895236,0.2214992659868236,2021,A
2022-04-20,Everton,Leicester,0.2933678271004922,0.3025474577081749,0.4040847151913327,0.4184608933592705,0.2863866297838282,0.2951524768569012,2021,D
2022-04-20,Newcastle,Crystal Palace,0.3052259720705472,0.3106069508954941,0.3841670770339581,0.4155932973484173,0.2866041264864743,0.2978025761651082,2021,H
2022-04-21,Burnley,Southampton,0.355750263109873,0.2974415379545934,0.346808198935533,0.3476961173461986,0.2893084461529316,0.3629954365008697,2021,H
2022-04-23,Norwich,Newcastle,0.4091800485748729,0.2713874445924727,0.3194325068326539,0.2697023215933344,0.2860479168414153,0.4442497615652503,2021,A
2022-04-23,Leicester,Aston Villa,0.3263436838847912,0.3060522817284822,0.3676040343867263,0.3436559302743678,0.2820813980785632,0.374262671647069,2021,D
2022-04-23,Man City,Watford,0.0550037805317408,0.1080543312980048,0.8369418881702542,0.863624832343302,0.0970922049031048,0.0392829627535931,2021,H
2022-04-23,Arsenal,Man United,0.2501581114647851,0.3027235175375013,0.447118370997713,0.4604248728251617,0.2659327309435679,0.2736423962312701,2021,H
2022-04-23,Brentford,Tottenham,0.4213924538524463,0.3211280964808286,0.2574794496667254,0.2216864621848871,0.270080703728661,0.5082328340864518,2021,D
2022-04-24,Brighton,Southampton,0.2582013381713937,0.2929644351898561,0.4488342266387499,0.4423194672827814,0.2859504332923978,0.2717300994248208,2021,D
2022-04-24,Burnley,Wolves,0.3438864877020058,0.3130034961453093,0.3431100161526844,0.3537450331631128,0.3154082598125015,0.3308467070243855,2021,H
2022-04-24,Chelsea,West Ham,0.1399797612781647,0.1811062417077318,0.6789139970141034,0.6257977198733644,0.2223054903041404,0.151896789822495,2021,H
2022-04-24,Liverpool,Everton,0.0721342531163114,0.1032529713088665,0.8246127755748219,0.8011618190962697,0.1332783694693072,0.065559811434423,2021,H
2022-04-25,Crystal Palace,Leeds,0.2464615905572673,0.2712252247176583,0.4823131847250741,0.4653377847604085,0.2654654359780047,0.2691967792615868,2021,D
2022-04-28,Man United,Chelsea,0.4154506452402555,0.2819451923995945,0.3026041623601499,0.2967132982560667,0.2662540342035134,0.4370326675404198,2021,D
2022-04-30,Southampton,Crystal Palace,0.3217839531862592,0.3126427811479817,0.3655732656657589,0.4002470654306989,0.2880529521507362,0.3116999824185649,2021,A
2022-04-30,Aston Villa,Norwich,0.1883058346598902,0.1965063592380288,0.6151878061020808,0.6818844599251974,0.2058407666779509,0.1122747733968515,2021,H
2022-04-30,Newcastle,Liverpool,0.641610457489349,0.2032454466409491,0.155144095869702,0.1191723162297909,0.1949295319476557,0.6858981518225535,2021,A
2022-04-30,Watford,Burnley,0.3654428463037181,0.3060220447632057,0.3285351089330761,0.3620252316291353,0.2924400329694852,0.3455347354013796,2021,A
2022-04-30,Wolves,Brighton,0.3389535170556585,0.312222257684115,0.3488242252602261,0.3515191510465741,0.3064134856905594,0.3420673632628663,2021,A
2022-04-30,Leeds,Man City,0.6907330338292984,0.1635082126213434,0.1457587535493582,0.1059382413934887,0.1656418781354442,0.7284198804710671,2021,A
2022-05-01,West Ham,Arsenal,0.5854509579439745,0.1915510836884857,0.2229979583675395,0.21508345470079,0.2531455169877116,0.5317710283114985,2021,A
2022-05-01,Everton,Chelsea,0.5524083869143132,0.2272361815920913,0.2203554314935951,0.1935806735260835,0.2598612916398404,0.5465580348340761,2021,H
2022-05-01,Tottenham,Leicester,0.1126798010480415,0.1604228176620367,0.7268973812899218,0.6556261394207683,0.203373463205624,0.1410003973736076,2021,H
2022-05-02,Man United,Brentford,0.1939609454946487,0.2442767186712207,0.5617623358341305,0.5449741954491717,0.242552615018361,0.2124731895324672,2021,H
2022-05-07,Brentford,Southampton,0.2838424262830396,0.2612953638894315,0.4548622098275289,0.4386427398179444,0.273390086057526,0.2879671741245295,2021,H
2022-05-07,Burnley,Aston Villa,0.3922662956072351,0.2799790457877132,0.3277546586050511,0.321540748015481,0.2873622749619368,0.3910969770225823,2021,A
2022-05-07,Chelsea,Wolves,0.104898458575971,0.1488807019256142,0.7462208394984147,0.7051810365441802,0.19363723489188,0.1011817285639398,2021,D
2022-05-07,Crystal Palace,Watford,0.1967856520233294,0.2417079140739694,0.5615064339027014,0.5697494757753008,0.2450612515174925,0.1851892727072067,2021,H
2022-05-07,Brighton,Man United,0.3948263611971248,0.2843867359829854,0.3207869028198898,0.3383390089872228,0.2788378058014564,0.3828231852113206,2021,H
2022-05-07,Liverpool,Tottenham,0.1121040855141114,0.1378686350235649,0.7500272794623234,0.6629846958353667,0.193493430568843,0.1435218735957903,2021,D
2022-05-08,Arsenal,Leeds,0.1068558627343725,0.1454934695800887,0.7476506676855387,0.6615221316116985,0.2003683933175251,0.1381094750707763,2021,H
2022-05-08,Leicester,Everton,0.3316603052862515,0.3092467672950574,0.3590929274186908,0.3755613901748083,0.2829343668146957,0.3415042430104961,2021,A
2022-05-08,Norwich,West Ham,0.5482793043557787,0.2154993273832947,0.2362213682609267,0.2121547544687439,0.24841967201436,0.539425573516896,2021,A
2022-05-08,Man City,Newcastle,0.0840810018887754,0.1057803621476979,0.8101386359635266,0.8166229644187548,0.1268038193531138,0.0565732162281311,2021,H
2022-05-10,Aston Villa,Liverpool,0.6431386367058964,0.1870068193098065,0.169854543984297,0.1307278374755309,0.2025379744172266,0.6667341881072426,2021,A
2022-05-11,Watford,Everton,0.5415645515026588,0.224318749927641,0.2341166985697003,0.2268714782266672,0.2614942859377773,0.5116342358355555,2021,D
2022-05-11,Leeds,Chelsea,0.5692990593289367,0.2207352847103114,0.2099656559607518,0.1988361477563633,0.2304741579082942,0.5706896943353423,2021,A
2022-05-11,Leicester,Norwich,0.1837488961684578,0.204138107433163,0.6121129963983791,0.6573849641987282,0.2039316988960199,0.1386833369052518,2021,H
2022-05-11,Wolves,Man City,0.7173176571093276,0.1475784123488371,0.1351039305418351,0.082628604653679,0.1615415952607986,0.7558298000855224,2021,A
2022-05-12,Tottenham,Arsenal,0.2605182667461457,0.2908499314825887,0.4486318017712655,0.4629304367308068,0.2619890969275271,0.2750804663416659,2021,H
2022-05-15,Everton,Brentford,0.2573042497031395,0.2941223343264704,0.44857341597039,0.4574656640066579,0.2673904645060017,0.2751438714873403,2021,A
2022-05-15,Leeds,Brighton,0.3596519744900492,0.3176343943185248,0.322713631191426,0.3627637457424691,0.2744725085150617,0.3627637457424691,2021,D
2022-05-15,West Ham,Man City,0.7399731568873615,0.1396255563487742,0.1204012867638642,0.1248662864334174,0.1903609257899789,0.6847727877766034,2021,D
2022-05-15,Tottenham,Burnley,0.1202698321437983,0.1569079482203074,0.7228222196358942,0.712952784656228,0.181292978111856,0.105754237231916,2021,H
2022-05-15,Watford,Leicester,0.4654771476879091,0.2476484399271065,0.2868744123849843,0.258261534166827,0.2651530345367768,0.4765854312963962,2021,A
2022-05-15,Aston Villa,Crystal Palace,0.2551257105366918,0.2808037507842607,0.4640705386790474,0.4678197189807097,0.2706150273874732,0.261565253631817,2021,D
2022-05-15,Wolves,Norwich,0.1780144291497372,0.2327936372585179,0.5891919335917449,0.6517455225009785,0.2075734766564805,0.1406810008425408,2021,D
2022-05-16,Newcastle,Arsenal,0.5125338241317886,0.2286380634526408,0.2588281124155709,0.2270785265354361,0.2623410687176138,0.5105804047469501,2021,H
2022-05-17,Southampton,Liverpool,0.7224096359335355,0.1451219024019473,0.1324684616645172,0.1236428223476915,0.1754881281234237,0.7008690495288847,2021,A
2022-05-19,Everton,Crystal Palace,0.2326508448052741,0.2751464081618489,0.4922027470328768,0.4941824716588993,0.2783127189596019,0.2275048093814986,2021,H
2022-05-19,Aston Villa,Burnley,0.2547250506092285,0.2884728845742852,0.4568020648164863,0.4700004438404869,0.2705259948331228,0.2594735613263902,2021,D
2022-05-19,Chelsea,Leicester,0.1208159236812051,0.1583395768816881,0.7208444994371067,0.6843411770666948,0.200251529152566,0.1154072937807391,2021,D
2022-05-22,Brentford,Leeds,0.421548616548995,0.243312119770215,0.33513926368079,0.39070699120936,0.2562211165845801,0.3530718922060599,2021,A
2022-05-22,Chelsea,Watford,0.1103108210583693,0.1556602800635898,0.7340288988780402,0.8098937403613969,0.1274232818168597,0.0626829778217432,2021,H
2022-05-22,Brighton,West Ham,0.3398334949380783,0.288050954278451,0.3721155507834706,0.4012338180769602,0.2705452794090068,0.328220902514033,2021,H
2022-05-22,Arsenal,Everton,0.1527801950005307,0.1741408238066504,0.6730789811928183,0.6917074722946892,0.1944995455103724,0.1137929821949383,2021,H
2022-05-22,Burnley,Newcastle,0.2969345686747454,0.3081562040082392,0.3949092273170152,0.4293965645885962,0.2777486026240695,0.2928548327873341,2021,A
2022-05-22,Man City,Aston Villa,0.0938218813597232,0.0889080557324713,0.8172700629078052,0.8205345263952575,0.1194880229701548,0.0599774506345876,2021,H
2022-05-22,Crystal Palace,Man United,0.4209529627512649,0.2499260845503966,0.3291209526983384,0.3146111547525529,0.2659073055773763,0.4194815396700707,2021,H
2022-05-22,Norwich,Tottenham,0.724192840629979,0.1389741348296249,0.1368330245403962,0.0929345329500859,0.1458059350841963,0.7612595319657178,2021,A
2022-05-22,Liverpool,Wolves,0.0644727582442328,0.0982152566757338,0.837311985080033,0.8206773586148437,0.116407836275128,0.0629148051100281,2021,H
2022-05-22,Leicester,Southampton,0.2322561278694874,0.2385842569831192,0.5291596151473931,0.5114426049031001,0.239565600604601,0.2489917944922987,2021,H
2022-08-05,Crystal Palace,Arsenal,0.5136923853354716,0.23699227311682,0.2493153415477081,0.2225164793487296,0.2673426860757938,0.5101408345754765,2022,A
2022-08-06,Tottenham,Southampton,0.1810130019979552,0.2447659488150805,0.5742210491869644,0.7094994908744738,0.1769629299006443,0.1135375792248819,2022,H
2022-08-06,Everton,Chelsea,0.5922347386256908,0.2075969228798998,0.2001683384944093,0.1706787086067694,0.2407867811135403,0.5885345102796902,2022,A
2022-08-06,Bournemouth,Aston Villa,0.4646772083969543,0.2500537879460719,0.2852690036569733,0.2523899933924942,0.2743787689965791,0.4732312376109266,2022,H
2022-08-06,Fulham,Liverpool,0.7223112077636137,0.1448028365591956,0.1328859556771909,0.090365984413729,0.1612070689442703,0.7484269466420006,2022,D
2022-08-06,Leeds,Wolves,0.319471789454753,0.2975638337316603,0.3829643768135866,0.4133135343047307,0.2806237459706233,0.3060627197246459,2022,H
2022-08-07,Leicester,Brentford,0.2889490638689782,0.2723135432092431,0.4387373929217786,0.4743986663491307,0.2582757799476066,0.2673255537032627,2022,D
2022-08-07,Man United,Brighton,0.2190836935890379,0.2248233150104774,0.5560929914004845,0.5890197883366096,0.2344568073412131,0.1765234043221771,2022,A
2022-08-07,West Ham,Man City,0.70974421513085,0.1608198114000195,0.1294359734691308,0.1201758312575254,0.189219833872188,0.6906043348702865,2022,A
2022-08-13,Man City,Bournemouth,0.1117800187870599,0.1483829030840718,0.739837078128868,0.8969537309580187,0.0749629554451629,0.0280833135968182,2022,H
2022-08-13,Brighton,Newcastle,0.2781967073308402,0.3143682501062969,0.4074350425628626,0.3951466142983802,0.2939598316427044,0.3108935540589154,2022,D
2022-08-13,Arsenal,Leicester,0.1425292636695269,0.1847755671387957,0.672695169191677,0.6214864475790047,0.2171326439243394,0.1613809084966558,2022,H
2022-08-13,Southampton,Leeds,0.3227571038017784,0.2909668459501244,0.3862760502480973,0.4205073364046321,0.2742857258823283,0.3052069377130394,2022,D
2022-08-13,Brentford,Man United,0.4487272565032236,0.2513471371322284,0.299925606364548,0.2546675821221471,0.271029970137401,0.4743024477404518,2022,H
2022-08-13,Wolves,Fulham,0.2951400492810906,0.2928897120596582,0.4119702386592511,0.4084978078364481,0.2899717255143781,0.3015304666491737,2022,D
2022-08-13,Aston Villa,Everton,0.2177102146470529,0.2707700018055539,0.5115197835473934,0.5281969817315331,0.2716441620333598,0.2001588562351072,2022,H
2022-08-14,Chelsea,Tottenham,0.2994997732572851,0.2983897518326807,0.4021104749100341,0.4208441928047525,0.2784998334737333,0.3006559737215142,2022,D
2022-08-15,Liverpool,Crystal Palace,0.1121803707440458,0.1525312702735926,0.7352883589823617,0.7979862889298235,0.1406776816255596,0.0613360294446168,2022,D
2022-08-20,Bournemouth,Arsenal,0.654409694471496,0.173378843309293,0.1722114622192111,0.1246240501998038,0.2028554191215915,0.6725205306786046,2022,A
2022-08-20,Tottenham,Wolves,0.1168809383366929,0.2296336605356121,0.6534854011276953,0.6778996872507128,0.1980478518576202,0.1240524608916669,2022,H
2022-08-20,Crystal Palace,Aston Villa,0.3214336509030364,0.2970273954672113,0.3815389536297525,0.3785336470656008,0.2934455156006457,0.3280208373337535,2022,H
2022-08-20,Fulham,Brentford,0.3017089493961497,0.3196936484802761,0.3785974021235745,0.3931892093703706,0.282850352398375,0.3239604382312543,2022,H
2022-08-20,Leicester,Southampton,0.2082795387792494,0.2553335568753479,0.5363869043454026,0.5146987139613812,0.2442506293295869,0.2410506567090318,2022,A
2022-08-21,Newcastle,Man City,0.6914764216513831,0.1651574112756873,0.1433661670729293,0.1219296773315007,0.1888489516203095,0.6892213710481897,2022,D
2022-08-21,West Ham,Brighton,0.297605939343471,0.3135627045251927,0.3888313561313366,0.4161655864546251,0.2784441049216404,0.3053903086237346,2022,A
2022-08-21,Leeds,Chelsea,0.6024066643807106,0.1991141663082308,0.1984791693110588,0.1656510946974943,0.2158198037215413,0.6185291015809644,2022,H
2022-08-22,Man United,Liverpool,0.60687331269119,0.2150427482734561,0.1780839390353537,0.1892272781867965,0.2174934831199199,0.5932792386932835,2022,H
2022-08-27,Southampton,Man United,0.523827226483543,0.2094539087255911,0.2667188647908655,0.2267705645791526,0.2411433807488857,0.5320860546719616,2022,A
2022-08-27,Brentford,Everton,0.2478781630553602,0.2792702676832788,0.4728515692613608,0.472433334797698,0.2739094144005623,0.2536572508017396,2022,D
2022-08-27,Brighton,Leeds,0.2462692901728586,0.2711029650516331,0.4826277447755085,0.4927932788654231,0.251792045629721,0.2554146755048558,2022,H
2022-08-27,Chelsea,Leicester,0.1491583032990042,0.2072246074096656,0.6436170892913302,0.6731101933847394,0.1941175464516748,0.1327722601635856,2022,H
2022-08-27,Liverpool,Bournemouth,0.103762192979189,0.1334877888862582,0.7627500181345529,0.871474750738207,0.0935702266047693,0.0349550226570235,2022,H
2022-08-27,Man City,Crystal Palace,0.0643731578794028,0.0936645082907509,0.8419623338298464,0.7976421215256859,0.1281973505594693,0.0741605279148447,2022,H
2022-08-27,Arsenal,Fulham,0.093087278501875,0.1379435649450479,0.7689691565530772,0.7306861395192079,0.1651986054565166,0.1041152550242754,2022,H
2022-08-28,Aston Villa,West Ham,0.2757216201116934,0.2812358107511488,0.4430425691371581,0.4209209725598738,0.2784414453097247,0.3006375821304016,2022,A
2022-08-28,Wolves,Newcastle,0.3584869049328508,0.326031982256725,0.3154811128104241,0.3553802199262483,0.2925351317231985,0.3520846483505531,2022,D
2022-08-30,Fulham,Brighton,0.4256817139640463,0.2879380209401687,0.2863802650957849,0.3042084168336673,0.2857715430861723,0.4100200400801603,2022,H
2022-08-30,Crystal Palace,Brentford,0.2443564596144174,0.2710841446493146,0.4845593957362682,0.4554176876266707,0.2821186850762495,0.2624636272970797,2022,D
2022-08-30,Leeds,Everton,0.2610571787318802,0.291036586414793,0.4479062348533267,0.4442497615652503,0.2697023215933344,0.2860479168414153,2022,D
2022-08-30,Southampton,Chelsea,0.5688173770279601,0.222593040888196,0.2085895820838433,0.1837417556941769,0.2352842155831038,0.5809740287227192,2022,H
2022-08-31,Arsenal,Aston Villa,0.1022473446028579,0.201436805138841,0.6963158502583009,0.6458702915003971,0.2088385483353054,0.1452911601642975,2022,H
2022-08-31,Bournemouth,Wolves,0.452961904209703,0.2571835226647322,0.2898545731255648,0.2661628402882311,0.2822939215178208,0.451543238193948,2022,D
2022-08-31,West Ham,Tottenham,0.4842435003643858,0.2549988272903862,0.2607576723452272,0.2673772091349453,0.2529083104654656,0.4797144803995889,2022,D
2022-08-31,Liverpool,Newcastle,0.1429636428695984,0.1693296874901123,0.6877066696402894,0.7237165861839586,0.1733460124444179,0.1029374013716234,2022,H
2022-09-01,Leicester,Man United,0.4997552629444418,0.2520557889256778,0.24818894812988,0.2788766212953232,0.252848136641093,0.4682752420635837,2022,A
2022-09-03,Everton,Liverpool,0.6864365034810817,0.1627657721320107,0.1507977243869075,0.1324444796117529,0.1936290024792952,0.6739265179089517,2022,D
2022-09-03,Brentford,Leeds,0.2595916166002363,0.277886469884318,0.4625219135154459,0.4487200049349207,0.2655110727283942,0.2857689223366849,2022,H
2022-09-03,Chelsea,West Ham,0.1668162529902186,0.2324130136359109,0.6007707333738704,0.6197340761616785,0.2181729536463555,0.1620929701919659,2022,H
2022-09-03,Newcastle,Crystal Palace,0.2557727147321994,0.283516169966339,0.4607111153014618,0.4732312376109266,0.2743787689965791,0.2523899933924942,2022,D
2022-09-03,Wolves,Southampton,0.2620932997740541,0.2871735210643558,0.4507331791615899,0.4340748043461743,0.2776524200288732,0.2882727756249525,2022,H
2022-09-03,Tottenham,Fulham,0.1229126460748333,0.1798239018556983,0.6972634520694687,0.6412640952634707,0.2093269829731839,0.1494089217633453,2022,H
2022-09-03,Aston Villa,Man City,0.7603713295513138,0.1365467826947093,0.103081887753977,0.1182082335296282,0.1760378427249422,0.7057539237454296,2022,D
2022-09-03,Nott'm Forest,Bournemouth,0.2238741983850586,0.2975946248476628,0.4785311767672786,0.4779676126298461,0.273648259728534,0.2483841276416199,2022,A
2022-09-04,Brighton,Leicester,0.2112503018996315,0.3011487438391843,0.4876009542611839,0.5101073110357324,0.2665539013460816,0.2233387876181861,2022,H
2022-09-04,Man United,Arsenal,0.3434285810127134,0.3272100119330484,0.3293614070542384,0.3726248308134594,0.2687783944853056,0.3585967747012349,2022,H
2022-09-16,Nott'm Forest,Fulham,0.3751714151771514,0.2952537826120099,0.3295748022108388,0.3453241615404043,0.2835571248428209,0.3711187136167748,2022,A
2022-09-16,Aston Villa,Southampton,0.2602148256482247,0.2958153777376431,0.4439697966141323,0.4623473541383989,0.2706919945725916,0.2669606512890095,2022,H
2022-09-17,Wolves,Man City,0.6814898865468584,0.1649475194748354,0.1535625939783062,0.1026712441186125,0.1811330561330561,0.7161956997483312,2022,A
2022-09-17,Newcastle,Bournemouth,0.159502552521448,0.2348896583113777,0.6056077891671744,0.6540836647701407,0.2172841942926649,0.1286321409371943,2022,D
2022-09-17,Tottenham,Leicester,0.127089496148629,0.1795865265229553,0.6933239773284163,0.6489277725487561,0.2105300365589731,0.1405421908922706,2022,H
2022-09-18,Everton,West Ham,0.4084230791399271,0.2745825459159315,0.3169943749441412,0.3212950797390358,0.2893371692642261,0.3893677509967379,2022,H
2022-09-18,Brentford,Arsenal,0.4941063280809888,0.2772373606684922,0.2286563112505187,0.2255738641513787,0.2509826487981608,0.5234434870504605,2022,A
2022-10-01,Crystal Palace,Chelsea,0.564683510126996,0.1998647825940478,0.2354517072789558,0.2247540417965751,0.262213048762671,0.513032909440754,2022,A
2022-10-01,Arsenal,Tottenham,0.2335703235494584,0.2825050735257622,0.4839246029247795,0.4624441445327232,0.2545152245379095,0.2830406309293672,2022,H
2022-10-01,Bournemouth,Brentford,0.4133598941677907,0.2649323423590463,0.321707763473163,0.2867019429516329,0.2782695328648201,0.4350285241835468,2022,D
2022-10-01,Fulham,Newcastle,0.3772777300131092,0.2917199502010477,0.3310023197858428,0.3157242248041414,0.2785801983565954,0.4056955768392631,2022,A
2022-10-01,Liverpool,Brighton,0.1469504541462691,0.1770133067761282,0.6760362390776028,0.7053167317370974,0.1800160767363702,0.1146671915265322,2022,D
2022-10-01,Southampton,Everton,0.2653137348370368,0.3090399892095687,0.4256462759533946,0.4378844839371155,0.2810577580314422,0.2810577580314422,2022,A
2022-10-01,West Ham,Wolves,0.2302686690114609,0.2795805467993048,0.490150784189234,0.4931794984751984,0.2733666938638753,0.2334538076609262,2022,H
2022-10-02,Leeds,Aston Villa,0.3176155505751308,0.2993752800537728,0.3830091693710962,0.400249344419087,0.2778087475987751,0.3219419079821378,2022,D
2022-10-02,Man City,Man United,0.0997703725239951,0.1540353850771142,0.7461942423988908,0.7079257174075961,0.1680991630015812,0.1239751195908225,2022,H
2022-10-03,Leicester,Nott'm Forest,0.1726832798227794,0.2754740405065948,0.5518426796706258,0.5450124917232064,0.2401086187664565,0.214878889510337,2022,H
2022-10-08,Brighton,Tottenham,0.2971472917758014,0.3616840406035349,0.3411686676206636,0.3473488957312851,0.2742694282707708,0.378381675997944,2022,A
2022-10-08,Chelsea,Wolves,0.1126960003624839,0.1665608834619923,0.7207431161755238,0.6786526761992164,0.2048126168836388,0.1165347069171446,2022,H
2022-10-08,Bournemouth,Leicester,0.4305349588344366,0.2621765513979441,0.3072884897676193,0.2728510534067866,0.2687451567348345,0.4584037898583789,2022,H
2022-10-08,Newcastle,Brentford,0.1895901912012515,0.2286368469962197,0.5817729618025286,0.5221937096986446,0.2494137386498223,0.2283925516515331,2022,H
2022-10-08,Man City,Southampton,0.0903890014777565,0.1016092944336061,0.8080017040886373,0.8551096311235675,0.0930536369446242,0.0518367319318081,2022,H
2022-10-09,Crystal Palace,Leeds,0.2658023746673799,0.2941868186981536,0.4400108066344666,0.4621631879556505,0.2669508869485685,0.2708859250957809,2022,H
2022-10-09,West Ham,Fulham,0.1838390051595456,0.2443378213394934,0.5718231735009611,0.5445918840549406,0.2486237199587489,0.2067843959863103,2022,H
2022-10-09,Arsenal,Liverpool,0.3757346444552296,0.2788966112122944,0.3453687443324756,0.377024122971093,0.2582891206009907,0.3646867564279162,2022,H
2022-10-09,Everton,Man United,0.4380692418186162,0.2542300895137217,0.3077006686676615,0.2669803709697739,0.2707549981102637,0.4622646309199624,2022,A
2022-10-10,Nott'm Forest,Aston Villa,0.4275699923742922,0.2709100231125093,0.3015199845131984,0.2897064258936586,0.2790439041132055,0.4312496699931358,2022,D
2022-10-14,Brentford,Brighton,0.437539165036848,0.2717908557225479,0.2906699792406038,0.3102955743195801,0.2783017858008711,0.4114026398795486,2022,H
2022-10-15,Fulham,Bournemouth,0.214786549932375,0.2435117382726601,0.541701711794965,0.5090788416579803,0.2542050273914132,0.2367161309506064,2022,D
2022-10-15,Leicester,Crystal Palace,0.3050747298154608,0.2773496886479946,0.4175755815365444,0.4178372383768411,0.2755591572494287,0.3066036043737301,2022,D
2022-10-15,Tottenham,Everton,0.11845932212264,0.1711324472558206,0.7104082306215396,0.6367225248664845,0.2139221694676407,0.1493553056658748,2022,H
2022-10-15,Wolves,Nott'm Forest,0.2145406416633516,0.2410595133629499,0.5443998449736984,0.560008609253451,0.2507132564017018,0.1892781343448472,2022,H
2022-10-16,Liverpool,Man City,0.5433229767404999,0.2395140167716209,0.2171630064878786,0.2662747167773373,0.2362844132411964,0.4974408699814662,2022,H
2022-10-16,Southampton,West Ham,0.4109337455416366,0.2876464726229188,0.3014197818354445,0.3252938547156744,0.2816427375028857,0.3930634077814399,2022,D
2022-10-16,Man United,Newcastle,0.271013481526873,0.2317051378536775,0.49728138061945,0.4782566910852035,0.2519039255008334,0.2698393834139631,2022,D
2022-10-16,Aston Villa,Chelsea,0.5147363436264671,0.2411463876504098,0.2441172687231224,0.2189136728981164,0.2544773250747478,0.5266090020271357,2022,A
2022-10-16,Leeds,Arsenal,0.6578107847982478,0.2012181210116919,0.1409710941900599,0.1656017613669314,0.221175574056872,0.6132226645761966,2022,A
2022-10-18,Brighton,Nott'm Forest,0.1280643572445917,0.1939826495246383,0.6779529932307699,0.6712431829028902,0.1985490142043242,0.1302078028927856,2022,D
2022-10-18,Crystal Palace,Wolves,0.2702410971880406,0.296290414258735,0.4334684885532243,0.418835684482416,0.3039936419630439,0.27717067355454,2022,H
2022-10-19,Liverpool,West Ham,0.1302641984930895,0.1825428983625421,0.6871929031443684,0.6664526002240865,0.1931790233104692,0.1403683764654442,2022,H
2022-10-19,Bournemouth,Southampton,0.3371431802613712,0.2972926004013512,0.3655642193372776,0.3539893850046596,0.2852892838462498,0.3607213311490905,2022,A
2022-10-19,Man United,Tottenham,0.3099971001989015,0.3461931218507522,0.3438097779503464,0.3913832256948509,0.2657015592549582,0.3429152150501908,2022,H
2022-10-19,Brentford,Chelsea,0.534559819398369,0.2733595356151149,0.1920806449865158,0.1992154952506697,0.2490193690633372,0.551765135685993,2022,D
2022-10-19,Newcastle,Everton,0.1778566533152117,0.2262995572873594,0.5958437893974289,0.579449279106284,0.2445559977059599,0.1759947231877561,2022,H
2022-10-20,Fulham,Aston Villa,0.3867648924228248,0.3061886496129972,0.3070464579641776,0.3311226316538669,0.284231170022208,0.3846461983239251,2022,H
2022-10-20,Leicester,Leeds,0.3018710819399049,0.2711103683479072,0.4270185497121879,0.4199318171204408,0.2624573857002755,0.3176107971792836,2022,H
2022-10-22,Nott'm Forest,Liverpool,0.6548030093576439,0.1722492285459618,0.1729477620963936,0.0864954425000075,0.1553838412641966,0.7581207162357959,2022,H
2022-10-22,Everton,Crystal Palace,0.3193991040276754,0.3170298198226132,0.3635710761497113,0.3765242488429576,0.296898103567133,0.3265776475899092,2022,H
2022-10-22,Man City,Brighton,0.0837410426438915,0.1195839526961875,0.796675004659921,0.7931637723946968,0.133621110153485,0.0732151174518181,2022,H
2022-10-22,Chelsea,Man United,0.2299171526868219,0.3047573963182099,0.4653254509949682,0.4557273488761691,0.2701469356414909,0.2741257154823397,2022,D
2022-10-23,Tottenham,Newcastle,0.2563493226137068,0.2948979478262349,0.4487527295600582,0.4604248728251617,0.2659327309435679,0.2736423962312701,2022,A
2022-10-23,Aston Villa,Brentford,0.2517953345257812,0.2751837422723348,0.4730209232018841,0.4575358851674641,0.2712320574162679,0.2712320574162679,2022,H
2022-10-23,Leeds,Fulham,0.2352671521501339,0.2791036093272305,0.4856292385226357,0.4621631879556505,0.2669508869485685,0.2708859250957809,2022,A
2022-10-23,Southampton,Arsenal,0.6571560708998712,0.2009896689110561,0.1418542601890724,0.1688149479986898,0.230791984746473,0.6003930672548372,2022,D
2022-10-23,Wolves,Leicester,0.268275891017519,0.297643960103132,0.4340801488793492,0.4211037699183831,0.2850757870190439,0.2938204430625729,2022,A
2022-10-24,West Ham,Bournemouth,0.1772253127792648,0.2347588421297071,0.5880158450910281,0.6089336108776473,0.2303312858709099,0.1607351032514428,2022,H
2022-10-29,Fulham,Everton,0.2982631734457437,0.3105452139643938,0.3911916125898623,0.403100903043179,0.2797964516985098,0.3171026452583111,2022,D
2022-10-29,Leicester,Man City,0.6728739501558002,0.1685443480551458,0.1585817017890538,0.0989567972792882,0.1492297826010837,0.751813420119628,2022,A
2022-10-29,Bournemouth,Tottenham,0.5722440034185934,0.2253662030459201,0.2023897935354861,0.1898034314992911,0.2435116509759984,0.5666849175247104,2022,A
2022-10-29,Brentford,Wolves,0.255795398074218,0.2949197503798704,0.4492848515459114,0.4358023226313334,0.2747894655001677,0.2894082118684988,2022,D
2022-10-29,Brighton,Chelsea,0.4296537475507675,0.2843742360544103,0.2859720163948216,0.3175767726790153,0.2862924692326799,0.3961307580883048,2022,H
2022-10-29,Crystal Palace,Southampton,0.2336777112663467,0.2761437386092906,0.4901785501243625,0.4993065187239944,0.2635228848821082,0.2371705963938973,2022,H
2022-10-29,Newcastle,Aston Villa,0.2155235505672822,0.237713033623045,0.5467634158096726,0.5235651088109561,0.2550709316206459,0.2213639595683982,2022,H
2022-10-29,Liverpool,Leeds,0.1264491675838525,0.1862892225232497,0.6872616098928976,0.7346938775510204,0.1591836734693877,0.1061224489795918,2022,A
2022-10-30,Man United,West Ham,0.2044213614698352,0.2393707826142864,0.5562078559158785,0.5640343947391291,0.2354746634903869,0.200490941770484,2022,H
2022-10-30,Arsenal,Nott'm Forest,0.0819192845627418,0.1357744945937626,0.7823062208434957,0.7899149619206994,0.1379324476623066,0.0721525904169939,2022,H
2022-11-05,Man City,Fulham,0.0775703703687543,0.097556710342582,0.8248729192886635,0.8508341867278106,0.0990113975692545,0.0501544157029348,2022,H
2022-11-05,Everton,Leicester,0.2987903044817683,0.3030396496708307,0.3981700458474006,0.3946276574858973,0.2870019327170162,0.3183704097970865,2022,A
2022-11-05,Leeds,Bournemouth,0.1891533912848225,0.248069141199562,0.5627774675156155,0.5436640817548668,0.2481964425837149,0.2081394756614181,2022,H
2022-11-05,Nott'm Forest,Brentford,0.39419107769715,0.2640772479445001,0.3417316743583503,0.344839801003948,0.2831534910624407,0.3720067079336112,2022,D
2022-11-05,Wolves,Brighton,0.4082089851862654,0.2745534451490757,0.3172375696646587,0.2886509005217976,0.2864627167143578,0.4248863827638444,2022,A
2022-11-06,Chelsea,Arsenal,0.3009587152420063,0.383928115377991,0.3151131693800027,0.3711340206185567,0.2783505154639175,0.3505154639175257,2022,A
2022-11-06,Aston Villa,Man United,0.4488851146976013,0.2679991387220096,0.2831157465803885,0.2835130859936727,0.2643874029335634,0.4520995110727638,2022,H
2022-11-06,Southampton,Newcastle,0.4854443842538455,0.2676749431649908,0.2468806725811629,0.2394760723220812,0.262726447743281,0.4977974799346377,2022,A
2022-11-06,West Ham,Crystal Palace,0.2358042143632389,0.275097526086899,0.489098259549862,0.4963948529593018,0.2734408509379545,0.2301642961027436,2022,A
2022-11-06,Tottenham,Liverpool,0.4610239339648629,0.2218017605158226,0.3171743055193141,0.2913936769978404,0.262998399273014,0.4456079237291455,2022,A
2022-11-12,Bournemouth,Everton,0.3847473136392455,0.2912320307354898,0.3240206556252644,0.3363654395874224,0.294626189527836,0.3690083708847415,2022,H
2022-11-12,Liverpool,Southampton,0.1218196545341707,0.1484449243835522,0.7297354210822771,0.7664484834904712,0.1468038103774181,0.0867477061321107,2022,H
2022-11-12,Man City,Brentford,0.0583400186637926,0.0869034248187997,0.8547565565174078,0.8335419274092615,0.1121270635913939,0.0543310089993444,2022,A
2022-11-12,Nott'm Forest,Crystal Palace,0.3874365889952071,0.2781600102158675,0.3344034007889254,0.3099877450980392,0.3001838235294117,0.389828431372549,2022,H
2022-11-12,West Ham,Leicester,0.2420576319795359,0.3000583330696555,0.4578840349508083,0.4676751924043016,0.2745728168425409,0.2577519907531575,2022,A
2022-11-12,Tottenham,Leeds,0.1644666805585197,0.2306674829937924,0.6048658364476881,0.5805168861839332,0.2252678451837862,0.1942152686322806,2022,H
2022-11-12,Newcastle,Chelsea,0.2808789783846699,0.2840696859209963,0.4350513356943337,0.4067151175361791,0.278102288654916,0.3151825938089048,2022,H
2022-11-12,Wolves,Arsenal,0.6542432868520242,0.2084773945061985,0.1372793186417778,0.1616249757431784,0.2259967456692301,0.6123782785875914,2022,A
2022-11-13,Brighton,Aston Villa,0.2146509560326666,0.2714898198279292,0.513859224139404,0.513843724110757,0.2610580348267507,0.2250982410624923,2022,A
2022-11-13,Fulham,Man United,0.5243461271488713,0.2190281343543658,0.2566257384967624,0.24263505238808,0.248826370934821,0.5085385766770989,2022,A
2022-12-26,Southampton,Brighton,0.4485492783344667,0.2552254727699476,0.2962252488955855,0.2819293888140297,0.2737138748667619,0.4443567363192084,2022,A
2022-12-26,Everton,Wolves,0.3133471864025237,0.3010512561903881,0.3856015574070882,0.4101756495425978,0.2902781519839923,0.2995461984734099,2022,A
2022-12-26,Brentford,Tottenham,0.483195003809196,0.2426208075365599,0.2741841886542441,0.2471855865628935,0.2603962657716361,0.4924181476654702,2022,D
2022-12-26,Crystal Palace,Fulham,0.273008878179897,0.2739682298611432,0.4530228919589598,0.4604522313281627,0.2698543188939132,0.2696934497779238,2022,A
2022-12-26,Arsenal,West Ham,0.1454829906301767,0.1756645625596905,0.6788524468101335,0.6321945829952762,0.2190050518459386,0.1488003651587852,2022,H
2022-12-26,Leicester,Newcastle,0.422635958426206,0.2886906421710147,0.288673399402779,0.2937504386226996,0.2706690650602418,0.4355804963170585,2022,A
2022-12-26,Aston Villa,Liverpool,0.5652564156330476,0.2163829895437067,0.2183605948232454,0.2057515256132301,0.2348519354561553,0.5593965389306146,2022,A
2022-12-27,Chelsea,Bournemouth,0.1576486771172155,0.2086776475149691,0.6336736753678155,0.7265117201494447,0.173032140846512,0.1004561390040431,2022,H
2022-12-27,Man United,Nott'm Forest,0.1278552045408428,0.1603592839107802,0.7117855115483772,0.7332241035660939,0.1732956602095303,0.0934802362243757,2022,H
2022-12-28,Leeds,Man City,0.6788686830994949,0.1818448306316985,0.1392864862688066,0.1033242285809706,0.1591749265457205,0.7375008448733088,2022,A
2022-12-30,Liverpool,Leicester,0.1159218668354257,0.1601635998708191,0.7239145332937552,0.7360180505517968,0.1623002007310611,0.101681748717142,2022,H
2022-12-30,West Ham,Brentford,0.2465441355220014,0.2732056873421409,0.4802501771358581,0.4671052631578947,0.2664473684210526,0.2664473684210526,2022,A
2022-12-31,Newcastle,Leeds,0.1133533160906811,0.2329432502063465,0.6537034337029719,0.6514043391483559,0.2050773218088403,0.1435183390428037,2022,D
2022-12-31,Man City,Everton,0.0654555932639054,0.097225520250517,0.8373188864855777,0.8418236352887011,0.110488353637464,0.0476880110738348,2022,D
2022-12-31,Brighton,Arsenal,0.4429726569699874,0.2882855096774937,0.2687418333525185,0.2785145888594165,0.2705570291777188,0.4509283819628648,2022,A
2022-12-31,Bournemouth,Crystal Palace,0.3794960271618399,0.2931594642640592,0.3273445085741005,0.334167865871218,0.2882494889629107,0.3775826451658713,2022,A
2022-12-31,Fulham,Southampton,0.2721366867648601,0.2827352521123152,0.4451280611228244,0.4806174692997652,0.2623185895214998,0.257063941178735,2022,H
2022-12-31,Wolves,Man United,0.4541241930624042,0.2587384089868618,0.2871373979507337,0.2397868870038156,0.2630717973896526,0.4971413156065317,2022,A
2023-01-01,Tottenham,Aston Villa,0.1816496004164564,0.2346610061092215,0.5836893934743221,0.5701671063846647,0.2366212793711135,0.1932116142442217,2022,A
2023-01-01,Nott'm Forest,Chelsea,0.5245667215317587,0.2445846490485416,0.2308486294196995,0.1895944916600355,0.2494664363947835,0.560939071945181,2022,D
2023-01-02,Brentford,Liverpool,0.6264885766123564,0.2113394229385317,0.1621720004491118,0.1714779456678338,0.2160839210800934,0.6124381332520727,2022,H
2023-01-03,Arsenal,Newcastle,0.2697810612539586,0.2362792864039247,0.4939396523421164,0.5265406342670882,0.2563062152292723,0.2171531505036394,2022,D
2023-01-03,Everton,Brighton,0.4188100144320706,0.2880294433503165,0.2931605422176124,0.2701705090839281,0.2741060053404073,0.4557234855756645,2022,A
2023-01-03,Leicester,Fulham,0.2874958865615091,0.2805972581023665,0.4319068553361243,0.4341512991776612,0.2660089916680426,0.2998397091542961,2022,A
2023-01-03,Man United,Bournemouth,0.1010754860947756,0.1653172140120686,0.7336072998931562,0.7426356454414068,0.1662747121841914,0.0910896423744019,2022,H
2023-01-04,Southampton,Nott'm Forest,0.2240305223211571,0.3004915396142095,0.4754779380646333,0.4760609983719559,0.2746316853474972,0.2493073162805469,2022,A
2023-01-04,Leeds,West Ham,0.387563818300233,0.2790729453586926,0.3333632363410743,0.363289435881836,0.2698721523693639,0.3668384117488001,2022,D
2023-01-04,Aston Villa,Wolves,0.2608935785187428,0.2888299864310386,0.4502764350502184,0.4814811977075608,0.2677985840816451,0.2507202182107941,2022,D
2023-01-04,Crystal Palace,Tottenham,0.4244469868140051,0.2546395267150865,0.3209134864709079,0.2833672677179362,0.2751511994416746,0.4414815328403892,2022,A
2023-01-05,Chelsea,Man City,0.5926072700759067,0.2176781471304067,0.1897145827936859,0.1897916141902294,0.240266593655392,0.5699417921543786,2022,A
2023-01-12,Fulham,Chelsea,0.4482851702414808,0.2438382675419389,0.3078765622165803,0.2875429881543752,0.2711119602598395,0.4413450515857852,2022,H
2023-01-13,Aston Villa,Leeds,0.2291069380970422,0.269015159962184,0.5018779019407735,0.4933405004470375,0.2668447270723891,0.2398147724805733,2022,H
2023-01-14,Nott'm Forest,Leicester,0.36685782130475,0.292769491758171,0.3403726869370791,0.3497258514793425,0.2819529749740001,0.3683211735466571,2022,H
2023-01-14,Wolves,West Ham,0.3652828321782848,0.2826052378118219,0.3521119300098933,0.3588158024367016,0.2870464024169977,0.3541377951463006,2022,H
2023-01-14,Brentford,Bournemouth,0.197803020214543,0.2271018889784885,0.5750950908069687,0.5805954477094116,0.2380404215703339,0.1813641307202544,2022,H
2023-01-14,Man United,Man City,0.5026979013661194,0.2327611899334589,0.2645409087004212,0.2253924788444631,0.2528435988492891,0.5217639223062478,2022,H
2023-01-14,Brighton,Liverpool,0.506470881110404,0.2431976058363741,0.2503315130532216,0.2831017136474629,0.2598698664367939,0.4570284199157431,2022,H
2023-01-14,Everton,Southampton,0.2471497401373358,0.3060013538755946,0.4468489059870694,0.4248895434462445,0.288659793814433,0.2864506627393225,2022,A
2023-01-15,Chelsea,Crystal Palace,0.19783323193859,0.2440469854404261,0.558119782620984,0.5815910682530729,0.2424843976179514,0.1759245341289756,2022,H
2023-01-15,Newcastle,Fulham,0.1506761913670938,0.2163367148355184,0.6329870937973878,0.6257977198733644,0.2223054903041404,0.151896789822495,2022,H
2023-01-15,Tottenham,Arsenal,0.4755413005387037,0.2710915129081799,0.2533671865531158,0.2962404627933638,0.2630595490663749,0.4406999881402611,2022,A
2023-01-18,Crystal Palace,Man United,0.5240466287131591,0.2561306281050071,0.2198227431818331,0.214533051249946,0.2594542549976253,0.5260126937524287,2022,D
2023-01-19,Man City,Tottenham,0.1381263494486855,0.1956209564806248,0.6662526940706897,0.6969332834497772,0.1857238085665218,0.1173429079837007,2022,H
2023-01-21,Liverpool,Chelsea,0.2154654922748048,0.237160337388904,0.547374170336291,0.5084064319491799,0.2521618980391917,0.2394316700116282,2022,D
2023-01-21,Bournemouth,Nott'm Forest,0.3887989097108657,0.2935335803298957,0.3176675099592385,0.3478496510537429,0.301005126316819,0.3511452226294381,2022,D
2023-01-21,Leicester,Brighton,0.4695953933606825,0.2476681889005011,0.2827364177388159,0.2679985269747744,0.2679985269747744,0.4640029460504511,2022,D
2023-01-21,Southampton,Aston Villa,0.3880153607467825,0.3118309533751013,0.3001536858781159,0.3343616149604179,0.2857401544853862,0.3798982305541958,2022,A
2023-01-21,West Ham,Everton,0.2168286799895533,0.268805538306765,0.5143657817036815,0.5361045783727282,0.2568970054741271,0.2069984161531447,2022,H
2023-01-21,Crystal Palace,Newcastle,0.4350804787688503,0.3093972488297248,0.2555222724014244,0.2227450594836669,0.2701753041350684,0.5070796363812646,2022,D
2023-01-22,Man City,Wolves,0.06836105882181,0.0952272092917676,0.8364117318864224,0.7983294009058235,0.1254217953046615,0.0762488037895149,2022,H
2023-01-22,Leeds,Brentford,0.3787127029973451,0.2992981231995267,0.3219891738031282,0.4028344733404408,0.2646364341955013,0.3325290924640579,2022,D
2023-01-22,Arsenal,Man United,0.2217988775957534,0.2319876959583853,0.5462134264458612,0.5162791865604797,0.2525925071612312,0.2311283062782891,2022,H
2023-01-23,Fulham,Tottenham,0.4342109178902253,0.2247638930775087,0.3410251890322657,0.2947235481530382,0.2617533170149835,0.4435231348319781,2022,A
2023-02-03,Chelsea,Fulham,0.2068558267795741,0.2161388947779383,0.577005278442488,0.5762604397686371,0.2392572759705682,0.1844822842607948,2022,D
2023-02-04,Newcastle,West Ham,0.161424904877425,0.2203564412079362,0.6182186539146386,0.5868099844355197,0.2486071102264173,0.1645829053380629,2022,D
2023-02-04,Wolves,Liverpool,0.5606705106846676,0.1885281543740671,0.2508013349412652,0.2397384794337818,0.2525285682692808,0.5077329522969375,2022,H
2023-02-04,Man United,Crystal Palace,0.1051941359092792,0.1654285509458861,0.7293773131448346,0.6790922380657545,0.200153501745696,0.1207542601885496,2022,H
2023-02-04,Brighton,Bournemouth,0.1326959925592148,0.2084448949860004,0.6588591124547848,0.7067719250132225,0.1849174322709553,0.108310642715822,2022,H
2023-02-04,Brentford,Southampton,0.2347063277928872,0.2438460095668624,0.5214476626402506,0.50681358129896,0.2625373349829144,0.2306490837181254,2022,H
2023-02-04,Aston Villa,Leicester,0.275406360339306,0.273805933223648,0.4507877064370459,0.4800756625349486,0.2670869924044804,0.252837345060571,2022,A
2023-02-04,Everton,Arsenal,0.628900472155301,0.1792979835469782,0.1918015442977211,0.119107988773348,0.2053604764231642,0.6755315348034878,2022,H
2023-02-05,Tottenham,Man City,0.4937393059175299,0.2717420052651484,0.2345186888173213,0.218978755901158,0.2313597426620851,0.5496615014367568,2022,H
2023-02-05,Nott'm Forest,Leeds,0.3405781407205749,0.2955128449282255,0.3639090143511995,0.362199969957956,0.2870100135189197,0.3507900165231241,2022,H
2023-02-08,Man United,Leeds,0.1228040181564694,0.1748099357610684,0.7023860460824625,0.6480337486643519,0.197437723443046,0.154528527892602,2022,D
2023-02-11,West Ham,Chelsea,0.3957525560090022,0.2654512902826847,0.3387961537083129,0.287172996747148,0.2916399413570348,0.4211870618958171,2022,D
2023-02-11,Southampton,Wolves,0.4010431690216772,0.2806447812899612,0.3183120496883613,0.3281490385621614,0.3005896794927031,0.3712612819451355,2022,A
2023-02-11,Leicester,Tottenham,0.4404332795930614,0.2570661387665276,0.3025005816404104,0.2836565139065196,0.2639160211923349,0.4524274649011455,2022,H
2023-02-11,Fulham,Nott'm Forest,0.2322525954690917,0.2658612728753427,0.5018861316555655,0.5021993094074817,0.2719098410859686,0.2258908495065495,2022,H
2023-02-11,Crystal Palace,Brighton,0.4326092445243188,0.2764563976941533,0.2909343577815275,0.2565123385647715,0.2749746920245167,0.4685129694107117,2022,D
2023-02-11,Arsenal,Brentford,0.1147628919961726,0.152644424230877,0.7325926837729503,0.6628406259025736,0.205791381782787,0.1313679923146393,2022,D
2023-02-11,Bournemouth,Newcastle,0.6942779114886751,0.1572705816256859,0.148451506885639,0.1485623547113381,0.2366752143606783,0.6147624309279835,2022,D
2023-02-12,Leeds,Man United,0.4847758683965943,0.234107470809871,0.2811166607935342,0.2509147217209511,0.2492492467553941,0.4998360315236547,2022,A
2023-02-12,Man City,Aston Villa,0.0794105944505854,0.1237201559411882,0.7968692496082257,0.769232931992152,0.1473349974762003,0.0834320705316477,2022,H
2023-02-13,Liverpool,Everton,0.1623529113376786,0.2440858574192404,0.5935612312430809,0.6257977198733644,0.2223054903041404,0.151896789822495,2022,H
2023-02-15,Arsenal,Man City,0.3307206567199183,0.3730332392840491,0.2962461039960322,0.3285083185529948,0.2737895517758836,0.3977021296711215,2022,A
2023-02-18,Brighton,Fulham,0.200936504988566,0.228909697281395,0.5701537977300388,0.5752596756530807,0.2435541002736636,0.1811862240732556,2022,A
2023-02-18,Chelsea,Southampton,0.1728831513107528,0.2042878927955641,0.6228289558936837,0.6866332182489793,0.2041868258904765,0.1091799558605442,2022,A
2023-02-18,Brentford,Crystal Palace,0.2392997387900524,0.2516061365229368,0.5090941246870109,0.5134345643122489,0.271359252438961,0.2152061832487902,2022,D
2023-02-18,Aston Villa,Arsenal,0.5832075668666041,0.2002630624972413,0.2165293706361542,0.1998824221046443,0.2498530276308054,0.5502645502645502,2022,A
2023-02-18,Everton,Leeds,0.3054250944963383,0.3043209738735905,0.3902539316300714,0.3946276574858973,0.2870019327170162,0.3183704097970865,2022,H
2023-02-18,Nott'm Forest,Man City,0.682543264637092,0.1827062153919536,0.1347505199709542,0.1026138638811676,0.1715591142580121,0.7258270218608204,2022,D
2023-02-18,Wolves,Bournemouth,0.2124949027434524,0.2251149274093459,0.5623901698472019,0.5729498045186684,0.2572982233906248,0.1697519720907068,2022,A
2023-02-18,Newcastle,Liverpool,0.3205432333098576,0.2896007294659175,0.3898560372242248,0.3823612136553809,0.2703582603804099,0.3472805259642091,2022,A
2023-02-19,Man United,Leicester,0.1582499064836277,0.2362588276141664,0.6054912659022057,0.5937507186378468,0.2241647173995853,0.1820845639625678,2022,H
2023-02-19,Tottenham,West Ham,0.2025657874403776,0.2700286379124478,0.5274055746471743,0.5367449312743593,0.2588519901605639,0.2044030785650766,2022,H
2023-02-24,Fulham,Wolves,0.2809307960574153,0.3258998738436063,0.393169330098978,0.3786047971515356,0.3005070173661336,0.3208881854823308,2022,D
2023-02-25,Bournemouth,Man City,0.7327829468030235,0.1465284230311444,0.1206886301658317,0.0950456298592341,0.1652967475812767,0.7396576225594891,2022,A
2023-02-25,West Ham,Nott'm Forest,0.218150321249447,0.2642846790755411,0.5175649996750121,0.5424835302699588,0.2637072716590077,0.1938091980710334,2022,H
2023-02-25,Crystal Palace,Liverpool,0.5937050916059857,0.1945291582501968,0.211765750143817,0.2030966084553009,0.2466072470556126,0.5502961444890864,2022,D
2023-02-25,Leicester,Arsenal,0.5774570586644596,0.2237754572821051,0.1987674840534348,0.2033369019335257,0.2376012748619309,0.5590618232045435,2022,A
2023-02-25,Everton,Aston Villa,0.3196896736246192,0.2951539013899575,0.3851564249854232,0.3838291636067176,0.2968572511951581,0.3193135851981241,2022,A
2023-02-25,Leeds,Southampton,0.2310924910701185,0.290206720998405,0.4787007879314762,0.4825404555314185,0.2708839592602068,0.2465755852083745,2022,H
2023-02-26,Tottenham,Chelsea,0.302262423168682,0.306798355856535,0.3909392209747826,0.3798473795288289,0.2899268816781679,0.3302257387930031,2022,H
2023-03-01,Arsenal,Everton,0.1176032690907478,0.173307901311647,0.7090888295976052,0.705430259241143,0.1954940306133936,0.0990757101454633,2022,H
2023-03-01,Liverpool,Wolves,0.1326446593549171,0.185326171559763,0.6820291690853203,0.641322447076585,0.2060252766892754,0.1526522762341396,2022,H
2023-03-04,Man City,Newcastle,0.1043975844032959,0.1554815189111034,0.7401208966856008,0.6561494805790038,0.2084041504782232,0.135446368942773,2022,H
2023-03-04,Arsenal,Bournemouth,0.0834900816728957,0.12392584729619,0.7925840710309141,0.7847660146468656,0.1414365165061216,0.0737974688470128,2022,H
2023-03-04,Aston Villa,Crystal Palace,0.2738691717867317,0.2842767254795645,0.4418541027337035,0.4620482101437166,0.2870299487256421,0.2509218411306411,2022,H
2023-03-04,Chelsea,Leeds,0.2027010567547222,0.2310754018468765,0.5662235413984011,0.58660592801866,0.2406119622740255,0.1727821097073144,2022,H
2023-03-04,Wolves,Tottenham,0.4255869224357952,0.2839233221259597,0.2904897554382447,0.2884879279011979,0.2820624559581648,0.4294496161406371,2022,H
2023-03-04,Southampton,Leicester,0.3869087924232011,0.2887280117074905,0.3243631958693085,0.3479796019724968,0.2873310228595777,0.3646893751679254,2022,H
2023-03-04,Brighton,West Ham,0.2170582071443996,0.2485165828971227,0.5344252099584775,0.5277081592871067,0.2623843559516074,0.2099074847612859,2022,H
2023-03-05,Nott'm Forest,Everton,0.3158765010143207,0.3034179166066264,0.3807055823790527,0.3539476558024915,0.3155906201879424,0.3304617240095661,2022,D
2023-03-05,Liverpool,Man United,0.2982426674405703,0.3324147720268764,0.3693425605325534,0.400624796988746,0.2643030053096068,0.3350721977016473,2022,H
2023-03-06,Brentford,Fulham,0.2458929289078936,0.2918397605832004,0.4622673105089059,0.4775968580701987,0.2619632234944919,0.2604399184353093,2022,H
2023-03-11,Tottenham,Nott'm Forest,0.1254138883211838,0.1665372255530407,0.7080488861257759,0.6673314596836242,0.20089223986616,0.1317763004502157,2022,H
2023-03-11,Leicester,Chelsea,0.4584490033635909,0.2445255683512051,0.2970254282852036,0.2525335508865519,0.2687522100726021,0.478714239040846,2022,A
2023-03-11,Crystal Palace,Man City,0.7098209137346262,0.1627885402597747,0.127390546005599,0.1038294148956272,0.194435922845763,0.7017346622586098,2022,A
2023-03-11,Everton,Brentford,0.3489701419282165,0.3099637828188153,0.3410660752529685,0.3540313295906411,0.2983882824481007,0.3475803879612581,2022,H
2023-03-11,Bournemouth,Liverpool,0.6845802883147115,0.1631836315056649,0.1522360801796236,0.1336513097787127,0.1949494689199889,0.6713992213012983,2022,H
2023-03-11,Leeds,Brighton,0.4676959482318356,0.2354380280896168,0.2968660236785474,0.2470302198282443,0.2661041435540823,0.4868656366176732,2022,D
2023-03-12,Newcastle,Wolves,0.1762372397147078,0.2264118129735516,0.5973509473117405,0.5725763487169577,0.2510328986137417,0.1763907526693005,2022,H
2023-03-12,Man United,Southampton,0.1028881250535721,0.1425347954433095,0.7545770795031183,0.7044586376837918,0.1863664586488044,0.1091749036674037,2022,D
2023-03-12,Fulham,Arsenal,0.6483960403062362,0.181701242741758,0.1699027169520052,0.1656139059299268,0.2347041614535819,0.5996819326164913,2022,A
2023-03-12,West Ham,Aston Villa,0.2562105397483567,0.2777622189192885,0.4660272413323547,0.4303874092009685,0.2869249394673123,0.2826876513317191,2022,D
2023-03-15,Brighton,Crystal Palace,0.1450021717841591,0.1931428929318861,0.661854935283955,0.6517969675279716,0.221637670855594,0.1265653616164344,2022,H
2023-03-15,Southampton,Brentford,0.3793803725068796,0.280982910882146,0.3396367166109745,0.3278409944296521,0.2893149360455471,0.3828440695248009,2022,A
2023-03-17,Nott'm Forest,Newcastle,0.5861208565400412,0.2007789512777203,0.2131001921822381,0.1754539718960786,0.248033831325897,0.5765121967780245,2022,A
2023-03-18,Brentford,Leicester,0.2478460775219451,0.2923371056634511,0.4598168168146039,0.4912976072893482,0.2620283761884048,0.2466740165222469,2022,D
2023-03-18,Chelsea,Everton,0.1645212450801002,0.2292292164194621,0.6062495385004378,0.6427401793867593,0.229998341783711,0.1272614788295296,2022,D
2023-03-18,Aston Villa,Bournemouth,0.2174710004131079,0.2278079199855034,0.5547210796013889,0.5627433097885151,0.2470559746360892,0.1902007155753957,2022,H
2023-03-18,Southampton,Tottenham,0.5185704616599192,0.2296179401562828,0.2518115981837977,0.2064727743679261,0.2620126884021247,0.5315145372299492,2022,D
2023-03-18,Wolves,Leeds,0.2775842256683588,0.3132372849859221,0.4091784893457191,0.4238218287038122,0.2946532666144545,0.2815249046817331,2022,A
2023-03-19,Arsenal,Crystal Palace,0.101349261728195,0.1572083036897066,0.7414424345820982,0.759109194556927,0.1694502359683528,0.0714405694747201,2022,H
2023-04-01,Man City,Liverpool,0.1970894953180681,0.2277257444720988,0.5751847602098329,0.5866767412682665,0.2283399849923529,0.1849832737393807,2022,H
2023-04-01,Chelsea,Aston Villa,0.1846667138366832,0.2218392593135675,0.5934940268497493,0.5687593685615571,0.2508624618266215,0.1803781696118214,2022,A
2023-04-01,Bournemouth,Fulham,0.3787097562575031,0.2947886541087293,0.3265015896337675,0.3744079051854824,0.2909181541475737,0.3346739406669438,2022,H
2023-04-01,Arsenal,Leeds,0.0910613018646912,0.1337792843881731,0.7751594137471362,0.7375523311286967,0.1620273445360694,0.1004203243352337,2022,H
2023-04-01,Crystal Palace,Leicester,0.3130002534809522,0.278816036339481,0.4081837101795668,0.3793917986875411,0.2918398451442624,0.3287683561681964,2022,H
2023-04-01,Brighton,Brentford,0.1897578702682175,0.2195666196869662,0.5906755100448161,0.5706824101249891,0.239850516143813,0.1894670737311978,2022,D
2023-04-01,Nott'm Forest,Wolves,0.3948128768009643,0.2705735079155423,0.3346136152834932,0.3248318337284039,0.3063303469524601,0.3688378193191359,2022,D
2023-04-02,Newcastle,Man United,0.2961638182817928,0.3229403134569352,0.3808958682612722,0.3911385082468535,0.2789474855556878,0.3299140061974587,2022,H
2023-04-02,West Ham,Southampton,0.2149401353365883,0.2663752848732338,0.5186845797901778,0.5454362200136398,0.265842847861641,0.1887209321247193,2022,H
2023-04-03,Everton,Tottenham,0.4141947905105207,0.2864107179258332,0.2993944915636455,0.2782695328648201,0.2867019429516329,0.4350285241835468,2022,D
2023-04-04,Leeds,Nott'm Forest,0.2179170250301368,0.2644806110506304,0.5176023639192331,0.5484201842471204,0.2574543594943534,0.1941254562585262,2022,H
2023-04-04,Leicester,Aston Villa,0.3337709199144932,0.3317884252175585,0.3344406548679483,0.3726851851851851,0.2851430976430976,0.3421717171717171,2022,A
2023-04-04,Chelsea,Liverpool,0.2805118494950049,0.2813366790871868,0.4381514714178083,0.4293212034243383,0.2777960728039836,0.292882723771678,2022,D
2023-04-04,Bournemouth,Brighton,0.5997478770202614,0.2050358467539067,0.195216276225832,0.1609925114136825,0.2250932251985218,0.6139142633877956,2022,A
2023-04-05,West Ham,Newcastle,0.4035767597640382,0.2799041775381012,0.31651906269786,0.2714585998880376,0.281716883711932,0.4468245164000304,2022,A
2023-04-05,Man United,Brentford,0.1808192174244572,0.2242903231928447,0.5948904593826984,0.5763497306655694,0.2306813870692286,0.192968882265202,2022,H
2023-04-08,Man United,Everton,0.1460132360104714,0.2052273353524075,0.6487594286371211,0.634814534614239,0.2191787188372526,0.1460067465485083,2022,H
2023-04-08,Leicester,Bournemouth,0.2391696613063626,0.2589846001542231,0.5018457385394143,0.5146909271853339,0.2542264973072073,0.2310825755074587,2022,A
2023-04-08,Fulham,West Ham,0.3733692343283983,0.2924757854668656,0.334154980204736,0.349642917950317,0.2929798284436302,0.3573772536060529,2022,A
2023-04-08,Aston Villa,Nott'm Forest,0.1880476316321824,0.2105816182464984,0.6013707501213194,0.5923090942227082,0.2312739201749589,0.1764169856023327,2022,H
2023-04-08,Tottenham,Brighton,0.3269055295615803,0.3415146158301881,0.3315798546082316,0.372870518836892,0.2716628065811641,0.3554666745819437,2022,H
2023-04-08,Southampton,Man City,0.7495622144647985,0.1469929418367118,0.1034448436984896,0.0826624823759494,0.1581616409696639,0.7591758766543867,2022,A
2023-04-08,Wolves,Chelsea,0.4453980908221408,0.2523157054515746,0.3022862037262844,0.2313378988040205,0.2748366671452709,0.4938254340507086,2022,H
2023-04-08,Brentford,Newcastle,0.4401107506702369,0.2778484084892969,0.2820408408404657,0.2692222046277785,0.2769318699154807,0.4538459254567408,2022,A
2023-04-09,Leeds,Crystal Palace,0.2718779984270358,0.2840575216533557,0.4440644799196085,0.4573332071353247,0.2790857791875473,0.263581013677128,2022,A
2023-04-09,Liverpool,Arsenal,0.4521150952203907,0.2885612669668915,0.2593236378127174,0.3412562483687338,0.2606973063872947,0.3980464452439713,2022,D
2023-04-15,Tottenham,Bournemouth,0.1123890090784089,0.1634143764662378,0.7241966144553534,0.6545061670849273,0.2078897219061644,0.1376041110089083,2022,A
2023-04-15,Wolves,Brentford,0.3255451059236128,0.29271562881718,0.381739265259207,0.3887618190567252,0.2970321903297774,0.3142059906134973,2022,H
2023-04-15,Man City,Leicester,0.0709947522770705,0.090191469224964,0.8388137784979652,0.8274703211528294,0.1136664401642536,0.058863238682917,2022,H
2023-04-15,Aston Villa,Newcastle,0.4638816256335198,0.2654266765899782,0.2706916977765015,0.265210651354351,0.2810503979428662,0.4537389507027827,2022,H
2023-04-15,Chelsea,Brighton,0.3638383849611372,0.305763124165811,0.3303984908730516,0.362038261700269,0.2826554227438927,0.3553063155558382,2022,A
2023-04-15,Everton,Fulham,0.2550551763988072,0.2811268127546626,0.4638180108465301,0.4624441445327232,0.2830406309293672,0.2545152245379095,2022,A
2023-04-15,Southampton,Crystal Palace,0.3890660311676205,0.2961870356508658,0.3147469331815135,0.3414578508372975,0.3008972940375,0.3576448551252024,2022,A
2023-04-16,West Ham,Arsenal,0.6717080364895551,0.1828061691936865,0.1454857943167581,0.1618130270831336,0.2290070558870593,0.609179917029807,2022,D
2023-04-16,Nott'm Forest,Man United,0.5584631392754534,0.2240438562181884,0.2174930045063576,0.1807744137813761,0.2398164644079265,0.5794091218106974,2022,A
2023-04-17,Leeds,Liverpool,0.5287004248780487,0.2271210871487316,0.2441784879732196,0.2222488015579499,0.2283816404608601,0.5493695579811899,2022,A
2023-04-21,Arsenal,Southampton,0.0785443998560971,0.1761606661581631,0.7452949339857396,0.7933794466403161,0.1360079051383399,0.0706126482213438,2022,D
2023-04-22,Fulham,Leeds,0.2909369676690286,0.2966671043344999,0.4123959279964716,0.4114026398795487,0.2783017858008711,0.3102955743195802,2022,H
2023-04-22,Brentford,Aston Villa,0.3545545541202749,0.3290942264476887,0.3163512194320362,0.3817432782076536,0.2884976818858469,0.3297590399064994,2022,D
2023-04-22,Crystal Palace,Everton,0.2622766748346619,0.2786539626310836,0.4590693625342544,0.4574446600050931,0.2907949781314446,0.2517603618634624,2022,D
2023-04-22,Leicester,Wolves,0.3266672336889196,0.3012862420373517,0.3720465242737285,0.3958127916913166,0.2888625955871075,0.3153246127215758,2022,H
2023-04-22,Liverpool,Nott'm Forest,0.0947763625037576,0.1734386864296275,0.7317849510666146,0.8166878555631044,0.125347800238494,0.0579643441984016,2022,H
2023-04-23,Bournemouth,West Ham,0.3507388803375121,0.3170875935613265,0.3321735261011611,0.332747202100053,0.2930225334896349,0.3742302644103119,2022,A
2023-04-23,Newcastle,Tottenham,0.1977737304154274,0.2244564272055969,0.5777698423789756,0.517521519124085,0.2542493194279209,0.228229161447994,2022,H
2023-04-25,Leeds,Leicester,0.3445359553268816,0.2770528447003876,0.378411199972731,0.415242060815764,0.2698882796234935,0.3148696595607424,2022,D
2023-04-25,Wolves,Crystal Palace,0.3264141875293467,0.3172695661815408,0.3563162462891128,0.3854185843702069,0.2998229050607907,0.3147585105690024,2022,H
2023-04-25,Aston Villa,Fulham,0.1948109973821201,0.2377257175265128,0.567463285091367,0.5316389692525062,0.2437260310838996,0.2246349996635941,2022,H
2023-04-26,Man City,Arsenal,0.2010047948866736,0.1794745845358511,0.6195206205774751,0.6109176049881047,0.2128224771685962,0.176259917843299,2022,H
2023-04-26,West Ham,Liverpool,0.5092604953527701,0.2144367674877249,0.2763027371595045,0.2458716001412928,0.2492273048392794,0.5049010950194277,2022,A
2023-04-26,Nott'm Forest,Brighton,0.6419941884388878,0.1867535796588403,0.1712522319022722,0.1580122733365678,0.2223317527945383,0.6196559738688936,2022,H
2023-04-26,Chelsea,Brentford,0.1911571547970968,0.2485590018912309,0.5602838433116724,0.5592532133499775,0.2455822439265285,0.1951645427234941,2022,A
2023-04-27,Everton,Newcastle,0.5576127130037772,0.2352767872307845,0.2071104997654376,0.2033588820328961,0.2610537799832276,0.5355873379838763,2022,A
2023-04-27,Southampton,Bournemouth,0.2835995486424764,0.2809050579421928,0.4354953934153308,0.4208441928047525,0.2784998334737333,0.3006559737215142,2022,A
2023-04-27,Tottenham,Man United,0.3957788598694678,0.3102297815167702,0.2939913586137616,0.3355488979290861,0.267033213111528,0.3974178889593859,2022,D
2023-04-29,Brighton,Wolves,0.1708197590456977,0.2316716306937965,0.5975086102605058,0.6340391980175715,0.2196440639783735,0.1463167380040549,2022,H
2023-04-29,Brentford,Nott'm Forest,0.2002390401345911,0.2364567674401848,0.563304192425224,0.5775963485993215,0.2460941869090437,0.1763094644916347,2022,H
2023-04-29,Crystal Palace,West Ham,0.3321533224949447,0.2970078468330795,0.3708388306719757,0.3620867387802731,0.2936044213497982,0.3443088398699286,2022,H
2023-04-30,Bournemouth,Leeds,0.3455548748121099,0.2942909280654016,0.3601541971224887,0.372621642138257,0.2754579180645003,0.3519204397972426,2022,H
2023-04-30,Fulham,Man City,0.7771670826898158,0.1324696409051983,0.0903632764049859,0.0831980394891374,0.1559523590246914,0.7608496014861711,2022,A
2023-04-30,Man United,Aston Villa,0.2088792899005161,0.2297529920933306,0.5613677180061533,0.5438439271437975,0.245800709005298,0.2103553638509044,2022,H
2023-04-30,Newcastle,Southampton,0.1160722286667009,0.173745936612904,0.7101818347203951,0.7225600083862088,0.1802895829094806,0.0971504087043105,2022,H
2023-04-30,Liverpool,Tottenham,0.1562611659839558,0.2058727266963521,0.6378661073196921,0.6234010407956339,0.211262830773181,0.1653361284311851,2022,H
2023-05-01,Leicester,Everton,0.2618142700326318,0.2947321773943675,0.4434535525730006,0.4677182760163978,0.2745205815134802,0.2577611424701219,2022,D
2023-05-02,Arsenal,Chelsea,0.174324017297558,0.2225242732878704,0.6031517094145713,0.5931138548287823,0.23434393285739,0.1725422123138276,2022,H
2023-05-03,Liverpool,Fulham,0.0961969101655895,0.1839361348050459,0.7198669550293646,0.7539788895060496,0.1579341411548576,0.0880869693390926,2022,H
2023-05-03,Man City,West Ham,0.1017009503224762,0.1518583328648339,0.7464407168126899,0.7906174516908213,0.1360986564009662,0.0732838919082125,2022,H
2023-05-04,Brighton,Man United,0.2447459963102335,0.2897329489054485,0.465521054784318,0.4771720764247061,0.2585637439808596,0.2642641795944342,2022,H
2023-05-06,Bournemouth,Chelsea,0.4273942935309946,0.2669687809729907,0.3056369254960142,0.286405640418651,0.2739950045201637,0.4395993550611853,2022,A
2023-05-06,Wolves,Aston Villa,0.3820755359792638,0.310678442095604,0.3072460219251323,0.3295145131165486,0.2915416091870382,0.3789438776964129,2022,H
2023-05-06,Tottenham,Crystal Palace,0.2346337975222483,0.2140387713053144,0.5513274311724371,0.5244152663013655,0.2452302749302137,0.2303544587684207,2022,H
2023-05-06,Man City,Leeds,0.0520293969168692,0.0804326056359565,0.8675379974471739,0.8234687062817785,0.1145676427653813,0.0619636509528401,2022,H
2023-05-06,Liverpool,Brentford,0.1163055008053036,0.1886163507614424,0.6950781484332539,0.6495458399956123,0.1929515548599128,0.1575026051444747,2022,H
2023-05-07,Newcastle,Arsenal,0.3417217312561717,0.2944203773899081,0.3638578913539205,0.3816858827027999,0.2571074503382079,0.3612066669589922,2022,A
2023-05-07,West Ham,Man United,0.5094340068375824,0.227996777912098,0.2625692152503191,0.2790184338122243,0.2582192857187208,0.462762280469055,2022,H
2023-05-08,Fulham,Leicester,0.3771646440531757,0.3009624830543579,0.3218728728924663,0.3562226128401215,0.2751574396513797,0.3686199475084988,2022,H
2023-05-08,Brighton,Everton,0.1115316793226511,0.2019787172534743,0.6864896034238747,0.7090595938963726,0.1768535216883411,0.1140868844152863,2022,A
2023-05-08,Nott'm Forest,Southampton,0.2307372071685842,0.2827807436850891,0.4864820491463267,0.455622250507837,0.2702590727629624,0.2741186767292004,2022,H
2023-05-13,Chelsea,Nott'm Forest,0.1746352371455963,0.2478748234338431,0.5774899394205608,0.630964457670701,0.2144461777514887,0.1545893645778103,2022,D
2023-05-13,Leeds,Newcastle,0.5231391773153706,0.2283988405449977,0.2484619821396315,0.2144808897147264,0.2253802355492549,0.5601388747360186,2022,D
2023-05-13,Aston Villa,Tottenham,0.3126480910630555,0.2901076181382659,0.3972442907986783,0.4145453647628151,0.2657215013068184,0.3197331339303665,2022,H
2023-05-13,Crystal Palace,Bournemouth,0.2135703518064117,0.2297392294146515,0.5566904187789365,0.5102904452722175,0.262209810783191,0.2274997439445915,2022,H
2023-05-13,Southampton,Fulham,0.3905178481427673,0.292499148310802,0.3169830035464305,0.338890641820409,0.2849609302498236,0.3761484279297672,2022,A
2023-05-13,Man United,Wolves,0.1372084781389618,0.150443190265526,0.7123483315955126,0.6879003941152191,0.1884843619868096,0.1236152438979713,2022,H
2023-05-14,Brentford,West Ham,0.2405857621985435,0.2712038221194081,0.4882104156820487,0.4701492537313433,0.2686567164179104,0.2611940298507463,2022,H
2023-05-14,Everton,Man City,0.7635805246209086,0.1337323754940388,0.1026870998850527,0.1086461454512969,0.1903943521185591,0.7009595024301439,2022,A
2023-05-14,Arsenal,Brighton,0.1929491124920905,0.2244145362576801,0.5826363512502293,0.5409308875067521,0.2309741892622077,0.2280949232310401,2022,A
2023-05-15,Leicester,Liverpool,0.6355395801368643,0.2061002404389567,0.1583601794241792,0.1806319389448158,0.2172625134025225,0.6021055476526616,2022,A
2023-05-18,Newcastle,Brighton,0.2130948468204575,0.2635951934240823,0.5233099597554601,0.4800496758194267,0.2528296291093277,0.2671206950712456,2022,H
2023-05-20,Bournemouth,Man United,0.6584273638077981,0.1529203276493137,0.1886523085428878,0.1588059844853275,0.2038499688025646,0.6373440467121079,2022,A
2023-05-20,Fulham,Crystal Palace,0.3395201617758825,0.2916718443232347,0.3688079939008828,0.3930893004498104,0.278592251852386,0.3283184476978035,2022,D
2023-05-20,Tottenham,Brentford,0.2184760210211905,0.2522363224358889,0.5292876565429206,0.515152441719914,0.2478870886687258,0.23696046961136,2022,A
2023-05-20,Nott'm Forest,Arsenal,0.6457040798990206,0.1851268724923108,0.1691690476086684,0.1802854685342157,0.2168491112080565,0.6028654202577278,2022,H
2023-05-20,Liverpool,Aston Villa,0.1271495130333997,0.1731755265716963,0.6996749603949044,0.6501673886546775,0.1948122975769633,0.1550203137683592,2022,D
2023-05-20,Wolves,Everton,0.3573144149478711,0.3103308847881493,0.3323547002639798,0.3482067341760577,0.2832994262463711,0.368493839577571,2022,D
2023-05-21,West Ham,Leeds,0.3145884916383224,0.2969309173312182,0.3884805910304589,0.3992712582089912,0.2709176692641141,0.3298110725268947,2022,H
2023-05-21,Brighton,Southampton,0.0995175722472764,0.1702947135638537,0.7301877141888692,0.7789377759748315,0.1382744878870214,0.0827877361381472,2022,H
2023-05-21,Man City,Chelsea,0.0880427393861383,0.124331271374012,0.7876259892398497,0.7588463330722479,0.1549211290786329,0.086232537849119,2022,H
2023-05-22,Newcastle,Leicester,0.1085195702217145,0.195423496491283,0.6960569332870027,0.6924234661201486,0.1766030485461765,0.1309734853336749,2022,D
2023-05-24,Brighton,Man City,0.6148929067713208,0.1875599788697859,0.197547114358893,0.2394868072213922,0.2245461831058937,0.535967009672714,2022,D
2023-05-25,Man United,Chelsea,0.1872632106799004,0.227212127355886,0.5855246619642138,0.581541105396724,0.2249877876633447,0.1934711069399313,2022,H
2023-05-28,Aston Villa,Brighton,0.2387527133808688,0.2589045886547368,0.5023426979643945,0.4695548063720292,0.2540076357181929,0.276437557909778,2022,H
2023-05-28,Chelsea,Newcastle,0.4011427468945147,0.2982892747594041,0.3005679783460809,0.3326319899353607,0.2707939537795075,0.3965740562851317,2022,D
2023-05-28,Arsenal,Wolves,0.1197527820783569,0.1614698098624169,0.7187774080592263,0.6976546444858567,0.1813881960425773,0.1209571594715661,2022,H
2023-05-28,Crystal Palace,Nott'm Forest,0.1937557996374273,0.2488313118068696,0.5574128885557029,0.5640886162643666,0.2375966399311968,0.1983147438044365,2022,D
2023-05-28,Brentford,Man City,0.4971176054819541,0.2784634611191113,0.2244189333989341,0.2489761731597822,0.2395673384913205,0.5114564883488973,2022,H
2023-05-28,Leeds,Tottenham,0.4577141206659235,0.2422395047348652,0.3000463745992114,0.3455503604053656,0.2511229441452652,0.403326695449369,2022,A
2023-05-28,Southampton,Liverpool,0.7038107781446478,0.1665018453195143,0.1296873765358382,0.1430376541929083,0.1944391231232515,0.6625232226838402,2022,D
2023-05-28,Everton,Bournemouth,0.2015168921173309,0.2093840526233611,0.5890990552593081,0.641666847131689,0.211742317604002,0.1465908352643091,2022,H
2023-05-28,Leicester,West Ham,0.2619537839221848,0.2567359159654788,0.4813103001123366,0.4874301256358729,0.2475399926688806,0.2650298816952463,2022,H
2023-05-28,Man United,Fulham,0.137408869949565,0.1950436325716236,0.6675474974788116,0.6274942461477483,0.211669360940622,0.1608363929116296,2022,H
2023-08-11,Burnley,Man City,0.6711621741968249,0.1668128550075142,0.1620249707956609,0.1134031901268048,0.1764827870848786,0.7101140227883165,2023,A
2023-08-12,Sheffield United,Crystal Palace,0.4114754168583575,0.2792574905073303,0.309267092634312,0.3153246127215758,0.2888625955871075,0.3958127916913166,2023,A
2023-08-12,Everton,Fulham,0.325563993227802,0.2741548633139214,0.400281143458277,0.4312496699931358,0.2790439041132055,0.2897064258936586,2023,A
2023-08-12,Bournemouth,West Ham,0.400916344317421,0.2769973799056414,0.3220862757769374,0.3526490363065889,0.2774361272971761,0.3699148363962349,2023,D
2023-08-12,Arsenal,Nott'm Forest,0.1391341589739248,0.1550357099788709,0.7058301310472045,0.8069000164367486,0.1309161093448291,0.0621838742184223,2023,H
2023-08-12,Newcastle,Aston Villa,0.2064625746200001,0.2390658109976009,0.5544716143823986,0.542911148102726,0.2470766105932903,0.2100122413039835,2023,H
2023-08-13,Brentford,Tottenham,0.428283572542482,0.2735316048079952,0.2981848226495229,0.345887442160845,0.26944936886339,0.384663188975765,2023,D
2023-08-13,Chelsea,Liverpool,0.4244908112981796,0.2879487604621327,0.2875604282396872,0.3311824174196415,0.2698222267725043,0.3989953558078541,2023,D
2023-08-14,Man United,Wolves,0.1493421020169411,0.1674496670248336,0.6832082309582255,0.7266737715015392,0.1699518208521281,0.1033744076463326,2023,H
2023-08-18,Nott'm Forest,Sheffield United,0.2315336465441889,0.2854898555448747,0.4829764979109361,0.4878901963275691,0.278376477428692,0.2337333262437388,2023,H
2023-08-19,Man City,Newcastle,0.1861032982772425,0.214834729810498,0.5990619719122593,0.5673687072801524,0.2375811830639443,0.1950501096559032,2023,H
2023-08-19,Tottenham,Man United,0.4367871139520657,0.2771446540806021,0.286068231967332,0.3361832714815872,0.2614758778190122,0.4023408506994005,2023,H
2023-08-19,Liverpool,Bournemouth,0.1133308669955734,0.164189943120585,0.7224791898838413,0.7851069372443795,0.1415229114022976,0.0733701513533227,2023,H
2023-08-19,Fulham,Brentford,0.3288054401099811,0.3160484434559504,0.3551461164340683,0.3544174604219238,0.2830513402570205,0.3625311993210556,2023,A
2023-08-19,Wolves,Brighton,0.5049999565680606,0.2305557901705574,0.2644442532613824,0.2444575816974473,0.2507012536515479,0.5048411646510048,2023,A
2023-08-20,Aston Villa,Everton,0.1734016644092486,0.2187380017150379,0.6078603338757138,0.5618219635417037,0.2389566884761641,0.1992213479821322,2023,H
2023-08-20,West Ham,Chelsea,0.4690841955802399,0.228097919450564,0.302817884969196,0.2528083928055396,0.2671128149039604,0.4800787922904999,2023,H
2023-08-21,Crystal Palace,Arsenal,0.5752458680376492,0.1924290662986617,0.2323250656636889,0.1684636473095143,0.2338996469938704,0.5976367056966152,2023,A
2023-08-26,Bournemouth,Tottenham,0.489150608721218,0.2328281280473656,0.2780212632314169,0.2596485574017333,0.247494756984217,0.4928566856140496,2023,A
2023-08-26,Arsenal,Fulham,0.0883111465027136,0.1379260349665745,0.7737628185307114,0.7867841969058118,0.1385195785196591,0.0746962245745289,2023,D
2023-08-26,Brentford,Crystal Palace,0.2622488108608991,0.2730063740371519,0.4647448151019489,0.4497261957769962,0.2810449253853815,0.2692288788376222,2023,D
2023-08-26,Everton,Wolves,0.2945242861248884,0.2809456905831736,0.4245300232919377,0.4119876758613268,0.2871429256003186,0.3008693985383546,2023,A
2023-08-26,Man United,Nott'm Forest,0.1188103460861098,0.1771825257805911,0.7040071281332994,0.7255035328459263,0.1612429196780886,0.1132535474759851,2023,H
2023-08-26,Brighton,West Ham,0.1222558150004159,0.1627195793124581,0.7150246056871261,0.6210566461917713,0.2026375760105618,0.1763057777976668,2023,A
2023-08-27,Burnley,Aston Villa,0.4493232609697198,0.275722762258084,0.2749539767721961,0.2833818836875772,0.2751663697403094,0.4414517465721134,2023,A
2023-08-27,Sheffield United,Man City,0.7561190872427607,0.1332124119251691,0.1106685008320703,0.0662848846096615,0.127458040454035,0.8062570749363034,2023,A
2023-08-27,Newcastle,Liverpool,0.3412332119203881,0.2663694411796042,0.3923973469000081,0.4319800823953028,0.2485440252592424,0.3194758923454547,2023,A
2023-09-02,Brentford,Bournemouth,0.187599501682763,0.2216191970328945,0.5907813012843426,0.5598103050818046,0.2405009710201673,0.1996887238980281,2023,D
2023-09-02,Burnley,Tottenham,0.4875512953372873,0.2541099900031395,0.2583387146595735,0.2541253828171742,0.2379421581428883,0.5079324590399374,2023,A
2023-09-02,Sheffield United,Everton,0.4133911453314177,0.2866298578029803,0.2999789968656024,0.3204407169087075,0.2977469997139417,0.3818122833773508,2023,D
2023-09-02,Man City,Fulham,0.0672644154394605,0.0924913788627491,0.8402442056977893,0.8227412315561724,0.1162740218063752,0.0609847466374523,2023,H
2023-09-02,Chelsea,Nott'm Forest,0.155149093915923,0.2098793945674661,0.6349715115166108,0.683438965995627,0.199835350199188,0.1167256838051848,2023,A
2023-09-02,Brighton,Newcastle,0.4423663783177483,0.2539265174233804,0.3037071042588712,0.3710342544187425,0.2505342028237501,0.3784315427575072,2023,H
2023-09-03,Crystal Palace,Wolves,0.2352279663388099,0.2686504546686932,0.4961215789924972,0.4961446873805953,0.2821992493373854,0.2216560632820192,2023,H
2023-09-03,Liverpool,Aston Villa,0.1878977086137097,0.217544363181933,0.5945579282043575,0.5734356317257872,0.2132821841371064,0.2132821841371064,2023,H
2023-09-03,Arsenal,Man United,0.1879325184162003,0.2288118215062846,0.5832556600775152,0.540018652573611,0.2424834569436426,0.2174978904827463,2023,H
2023-09-16,Aston Villa,Crystal Palace,0.2437790390778783,0.2617194901973048,0.4945014707248172,0.4971413156065318,0.2630717973896526,0.2397868870038156,2023,H
2023-09-16,Wolves,Liverpool,0.6848010386590296,0.1756136897291365,0.1395852716118337,0.1548444039607581,0.1935669534932908,0.6515886425459512,2023,A
2023-09-16,Man United,Brighton,0.3201536987316695,0.2722964807523901,0.4075498205159401,0.4382005731021017,0.2385550609729048,0.3232443659249936,2023,A
2023-09-16,Tottenham,Sheffield United,0.0838172956934261,0.13705415061198,0.7791285536945941,0.7417257728690605,0.1660806060354242,0.0921936210955153,2023,H
2023-09-16,West Ham,Man City,0.646260090396489,0.1699413728344567,0.1837985367690543,0.1440189765486024,0.2090096736092632,0.6469713498421342,2023,A
2023-09-16,Newcastle,Brentford,0.1829929862154747,0.2228145607051081,0.5941924530794174,0.6139142633877956,0.2250932251985218,0.1609925114136825,2023,H
2023-09-17,Bournemouth,Chelsea,0.5524731528984486,0.2104384705295666,0.2370883765719849,0.222003330104705,0.2445795455354312,0.5334171243598638,2023,D
2023-09-17,Everton,Arsenal,0.6112336750872217,0.1939514607058499,0.1948148642069282,0.1614464638257083,0.2106786686895746,0.6278748674847172,2023,A
2023-09-18,Nott'm Forest,Burnley,0.2671776615855543,0.2769015385375012,0.4559207998769445,0.4307084510540474,0.2707310263768298,0.2985605225691229,2023,D
2023-09-23,Brentford,Everton,0.2129482914382555,0.2346063830635536,0.5524453254981904,0.5299810057515437,0.2522976115645751,0.2177213826838812,2023,A
2023-09-23,Burnley,Man United,0.593176445717225,0.1961172663161537,0.2107062879666211,0.2219662568416499,0.2309622197673785,0.5470715233909716,2023,A
2023-09-23,Man City,Nott'm Forest,0.0652823633583657,0.0863302275822635,0.8483874090593703,0.8287128727011868,0.1133374778297664,0.0579496494690467,2023,H
2023-09-23,Crystal Palace,Fulham,0.2371915937535329,0.2615010270348764,0.5013073792115906,0.4984923432333763,0.2738666160935726,0.2276410406730509,2023,D
2023-09-24,Arsenal,Tottenham,0.1678468075090868,0.213686629746969,0.6184665627439441,0.5571376888263924,0.2214311555868038,0.2214311555868038,2023,D
2023-09-24,Brighton,Bournemouth,0.1089318218823098,0.1923279836350276,0.6987401944826627,0.6955967000680419,0.1760895158674656,0.1283137840644924,2023,H
2023-09-24,Chelsea,Aston Villa,0.2376963521081292,0.2461227831000985,0.5161808647917725,0.4998360315236547,0.2509147217209511,0.2492492467553941,2023,A
2023-09-24,Liverpool,West Ham,0.1057953610232952,0.1486457988716991,0.7455588401050056,0.6778148129421695,0.1846075460984081,0.1375776409594225,2023,H
2023-09-24,Sheffield United,Newcastle,0.6121237944399315,0.1775403020945527,0.2103359034655155,0.138050491602384,0.2030030672015943,0.6589464411960216,2023,A
2023-09-30,Man United,Crystal Palace,0.1579653652695793,0.2209951736395749,0.6210394610908461,0.6102722850464338,0.2252195337671363,0.1645081811864299,2023,A
2023-09-30,Tottenham,Liverpool,0.4468998933103421,0.2588887251215076,0.2942113815681504,0.3253262719878949,0.2358615471912237,0.4388121808208814,2023,H
2023-09-30,West Ham,Sheffield United,0.1256235438831251,0.2030654493553834,0.671311006761491,0.6529446900876338,0.2088183536005901,0.1382369563117761,2023,H
2023-09-30,Newcastle,Burnley,0.1296221852952725,0.1783695290358174,0.6920082856689094,0.7271924498534856,0.1687915483133261,0.1040160018331882,2023,H
2023-09-30,Wolves,Man City,0.7425152930156073,0.155020882938748,0.1024638240456447,0.1137106207015111,0.1690309889821603,0.7172583903163284,2023,H
2023-09-30,Everton,Luton,0.1800060253130729,0.2509020278896021,0.5690919467973252,0.5982880298339779,0.2463282416894633,0.1553837284765586,2023,A
2023-09-30,Aston Villa,Brighton,0.3766163184309574,0.2949754686939244,0.328408212875118,0.3796927103486355,0.2481881301329067,0.3721191595184578,2023,H
2023-09-30,Bournemouth,Arsenal,0.6175154318820042,0.1940637284453046,0.1884208396726914,0.1684912682595785,0.2082264448750349,0.6232822868653866,2023,A
2023-10-01,Nott'm Forest,Brentford,0.3641127813409816,0.2979040862517657,0.3379831324072528,0.3442660225688393,0.2983475023963053,0.3573864750348553,2023,D
2023-10-02,Fulham,Chelsea,0.4359395684841907,0.2508514450959965,0.3132089864198127,0.2669803709697739,0.2707549981102637,0.4622646309199624,2023,A
2023-10-03,Luton,Burnley,0.3791494775705469,0.2746900719948651,0.3461604504345877,0.3275381448046216,0.3088309741129669,0.3636308810824115,2023,A
2023-10-07,Man United,Brentford,0.1843110453900258,0.2301090339147772,0.5855799206951968,0.5752509700983244,0.2259744982557192,0.1987745316459564,2023,H
2023-10-07,Fulham,Sheffield United,0.1810288969987664,0.2420366076342656,0.5769344953669682,0.5904432671813048,0.2461517064617059,0.1634050263569892,2023,H
2023-10-07,Crystal Palace,Nott'm Forest,0.2762470599878974,0.2850921532298461,0.4386607867822563,0.429617243790472,0.3001398473839418,0.270242908825586,2023,D
2023-10-07,Burnley,Chelsea,0.5366616463863584,0.2308509476878599,0.232487405925782,0.2042444566490141,0.2452341323234421,0.5505214110275438,2023,A
2023-10-07,Luton,Tottenham,0.6480334345058981,0.1881683249691893,0.1637982405249131,0.1542442943054646,0.1988418762088601,0.6469138294856753,2023,A
2023-10-07,Everton,Bournemouth,0.2681453687120178,0.273650021994297,0.4582046092936852,0.4876177425442884,0.2613938403092101,0.2509884171465014,2023,H
2023-10-08,Brighton,Liverpool,0.4464347370809387,0.2500877206811669,0.3034775422378947,0.3193663419877341,0.2437743312371982,0.4368593267750676,2023,D
2023-10-08,West Ham,Newcastle,0.5125933813573493,0.2256178994570327,0.2617887191856179,0.2994329837715018,0.2566935371158904,0.4438734791126077,2023,D
2023-10-08,Wolves,Aston Villa,0.4084954561635323,0.3053705512150423,0.2861339926214251,0.274052489767498,0.2703216043206446,0.4556259059118573,2023,D
2023-10-08,Arsenal,Man City,0.3731528912479626,0.3126080789189612,0.3142390298330761,0.328530709517779,0.2779648398010241,0.393504450681197,2023,H
2023-10-21,Newcastle,Crystal Palace,0.1476548656341081,0.2049009991121845,0.6474441352537074,0.6496194769065217,0.2148945273904362,0.1354859957030421,2023,H
2023-10-21,Man City,Brighton,0.1137550548609045,0.1803232563409176,0.7059216887981782,0.6739584949146364,0.1803633857919032,0.1456781192934603,2023,H
2023-10-21,Brentford,Burnley,0.2097300063337501,0.2611212378579554,0.5291487558082949,0.5230717518584818,0.2584169096437812,0.218511338497737,2023,H
2023-10-21,Bournemouth,Wolves,0.3112935113761216,0.3021571431396368,0.3865493454842414,0.3987238819073282,0.278523808151162,0.3227523099415096,2023,A
2023-10-21,Liverpool,Everton,0.1034171996143541,0.1503735859040221,0.746209214481624,0.7034987304347127,0.1723921171369623,0.124109152428325,2023,H
2023-10-21,Sheffield United,Man United,0.5965749298091407,0.2059120711115231,0.197512999079336,0.1405181134203549,0.1899604031683687,0.6695214834112764,2023,A
2023-10-21,Chelsea,Arsenal,0.4228155698395998,0.2778047253834762,0.2993797047769237,0.2992227598253384,0.2771930796272201,0.4235841605474414,2023,D
2023-10-21,Nott'm Forest,Luton,0.2105050353951754,0.2388604620571545,0.5506345025476699,0.5732389193856879,0.2537498317166179,0.173011248897694,2023,D
2023-10-22,Aston Villa,West Ham,0.2353729397432596,0.2566645526355547,0.5079625076211858,0.5004893236315171,0.2571029960119528,0.2424076803565299,2023,H
2023-10-23,Tottenham,Fulham,0.1222433344801119,0.1696471492401599,0.708109516279728,0.6308579668348955,0.2080028839221341,0.1611391492429704,2023,H
2023-10-27,Crystal Palace,Tottenham,0.5403008311494348,0.260995985302113,0.1987031835484519,0.2098635805016843,0.2535401857048321,0.5365962337934835,2023,A
2023-10-28,Chelsea,Brentford,0.1903863327830516,0.2303144275378111,0.5792992396791365,0.5837855429538368,0.2349807547250838,0.1812337023210793,2023,A
2023-10-28,Arsenal,Sheffield United,0.0762923651648077,0.1307684369282983,0.792939197906894,0.8430061502784076,0.1075032795846036,0.0494905701369887,2023,H
2023-10-28,Bournemouth,Burnley,0.2984486527012122,0.2681294348724863,0.4334219124263013,0.4449393458043935,0.2663782918032953,0.2886823623923112,2023,H
2023-10-28,Wolves,Newcastle,0.5575592289231007,0.2186764261237122,0.2237643449531875,0.2220908733464268,0.2398074326174373,0.5381016940361358,2023,D
2023-10-29,West Ham,Everton,0.2750949582951899,0.2873315045463938,0.4375735371584161,0.4449393458043935,0.2663782918032953,0.2886823623923112,2023,A
2023-10-29,Aston Villa,Luton,0.0909993041671169,0.1613959439115886,0.7476047519212945,0.7582986783488355,0.1487545368930087,0.0929467847581558,2023,H
2023-10-29,Brighton,Fulham,0.1586306643986391,0.1944697695544709,0.6468995660468897,0.6140491798293816,0.2145979302286845,0.1713528899419338,2023,D
2023-10-29,Liverpool,Nott'm Forest,0.0931199948001078,0.1460364387187167,0.7608435664811752,0.747649004461801,0.1598037260170407,0.0925472695211582,2023,H
2023-10-29,Man United,Man City,0.5929021032474706,0.2076209163392461,0.1994769804132832,0.1938687436771017,0.2422995729313731,0.5638316833915251,2023,A
2023-11-04,Brentford,West Ham,0.2738955629024955,0.2664135085907442,0.4596909285067604,0.4621631879556505,0.2631762598080787,0.2746605522362706,2023,H
2023-11-04,Newcastle,Arsenal,0.3386704323128841,0.3434189888686277,0.3179105788184886,0.3379363482850578,0.2870186673556578,0.3750449843592842,2023,H
2023-11-04,Everton,Brighton,0.4627507202521027,0.2329092928450844,0.3043399869028129,0.3057915057915057,0.2633204633204633,0.4308880308880308,2023,D
2023-11-04,Burnley,Crystal Palace,0.3822348920051855,0.2838628022658153,0.3339023057289993,0.3447711636476608,0.2940112286934834,0.3612176076588558,2023,A
2023-11-04,Man City,Bournemouth,0.07222989292698,0.1264164027916534,0.801353704281366,0.8673456840724649,0.0848409705713583,0.0478133453561767,2023,H
2023-11-04,Sheffield United,Wolves,0.48588457031297,0.2670852730499781,0.2470301566370519,0.2564004096262161,0.2671530977982591,0.4764464925755248,2023,H
2023-11-04,Fulham,Man United,0.448613231107478,0.2423807457479218,0.3090060231446003,0.2975957948947915,0.2645295954620368,0.4378746096431716,2023,A
2023-11-05,Nott'm Forest,Aston Villa,0.4903245950650669,0.270088522347498,0.2395868825874349,0.2350838288710837,0.2535982384159788,0.5113179327129375,2023,H
2023-11-05,Luton,Liverpool,0.6937724990054018,0.1611275506004887,0.1450999503941093,0.0848163373797288,0.1461091471350731,0.7690745154851981,2023,D
2023-11-06,Tottenham,Chelsea,0.2506874774243141,0.2460951085654259,0.5032174140102601,0.4608123750394612,0.2569293907187204,0.2822582342418184,2023,A
2023-11-11,Crystal Palace,Everton,0.3115738614887623,0.3012276460208177,0.3871984924904191,0.3897048936557277,0.2953040837149704,0.3149910226293018,2023,A
2023-11-11,Wolves,Tottenham,0.4697401676693779,0.2483163629341775,0.2819434693964444,0.3074190718693435,0.2593995086783999,0.4331814194522567,2023,H
2023-11-11,Bournemouth,Newcastle,0.5455842009974166,0.2400085265142711,0.2144072724883124,0.1996269533149907,0.2413091668887653,0.559063879796244,2023,H
2023-11-11,Arsenal,Burnley,0.072300498241584,0.1658609727905775,0.7618385289678384,0.8034890035297312,0.1342248167254955,0.0622861797447732,2023,H
2023-11-11,Man United,Luton,0.1522923070441933,0.1919325592343542,0.655775133721452,0.7119674016441158,0.1817102778527111,0.1063223205031732,2023,H
2023-11-12,Chelsea,Man City,0.5656007182956067,0.2231353451856931,0.2112639365187,0.1939751791355352,0.2567998048058054,0.5492250160586593,2023,D
2023-11-12,West Ham,Nott'm Forest,0.2186488810038038,0.260680516711504,0.5206706022846923,0.5060817472101551,0.2614758706456811,0.2324423821441638,2023,H
2023-11-12,Liverpool,Brentford,0.1138330930604268,0.1713259355917992,0.7148409713477746,0.6721999777555332,0.1882159937715493,0.1395840284729173,2023,H
2023-11-12,Brighton,Sheffield United,0.1592840608428029,0.2031863512964189,0.6375295878607778,0.767726832371041,0.155996826126968,0.0762763415019909,2023,D
2023-11-12,Aston Villa,Fulham,0.1542949929558313,0.2098181364601445,0.6358868705840239,0.6010300819360213,0.2274031492204237,0.1715667688435551,2023,H
2023-11-25,Sheffield United,Bournemouth,0.433443498561918,0.2624450932089716,0.3041114082291106,0.3001734696575494,0.2701084853953318,0.4297180449471188,2023,A
2023-11-25,Nott'm Forest,Brighton,0.4823513297217154,0.2386775734483599,0.2789710968299251,0.3044470713656323,0.2619308354213731,0.4336220932129945,2023,A
2023-11-25,Brentford,Arsenal,0.5638428259882284,0.2295582303363773,0.206598943675394,0.2095808383233532,0.2514970059880239,0.5389221556886227,2023,A
2023-11-25,Newcastle,Chelsea,0.3553207012498148,0.3047411985062622,0.3399381002439231,0.3734458143275276,0.2693943236637793,0.357159862008693,2023,H
2023-11-25,Burnley,West Ham,0.4884868999709138,0.2437376143603428,0.2677754856687431,0.2765163441554096,0.2648711826112282,0.4586124732333623,2023,A
2023-11-25,Man City,Liverpool,0.1708474636078346,0.1925577342341132,0.6365948021580522,0.5490205459789756,0.2254897270105122,0.2254897270105122,2023,D
2023-11-25,Luton,Crystal Palace,0.4171559926569937,0.2734600766379393,0.3093839307050673,0.266955297536063,0.2871162039747985,0.4459284984891383,2023,H
2023-11-26,Tottenham,Aston Villa,0.323818198734104,0.2730357033366172,0.4031460979292788,0.4108233291180762,0.2486562255188355,0.3405204453630881,2023,A
2023-11-26,Everton,Man United,0.3966782305752675,0.2936719700145974,0.3096497994101349,0.3471875565201664,0.2742629770302044,0.3785494664496292,2023,A
2023-11-27,Fulham,Wolves,0.3176581725820497,0.3061649069087864,0.3761769205091633,0.3992073934465741,0.2860917174063933,0.3147008891470326,2023,H
2023-12-02,Nott'm Forest,Everton,0.3938477085979153,0.28370043183015,0.3224518595719352,0.3439026021807478,0.2887930073360537,0.3673043904831984,2023,A
2023-12-02,Burnley,Sheffield United,0.222471948055236,0.2545194086980795,0.5230086432466847,0.5260126937524287,0.2594542549976253,0.214533051249946,2023,H
2023-12-02,Newcastle,Man United,0.2224159223367044,0.2530314131773899,0.5245526644859055,0.4960159559055056,0.2519774530726585,0.2520065910218358,2023,H
2023-12-02,Arsenal,Wolves,0.0823687430722596,0.1250521527407072,0.7925791041870321,0.7507344287010085,0.1647660515145916,0.0844995197843998,2023,H
2023-12-02,Brentford,Luton,0.1465966768240162,0.2263136097576452,0.6270897134183384,0.6478147556477205,0.2071738714635647,0.1450113728887146,2023,H
2023-12-03,Chelsea,Brighton,0.205176379705476,0.2232655140868825,0.5715581062076412,0.550815817031207,0.2276387814233069,0.2215454015454862,2023,H
2023-12-03,Man City,Tottenham,0.1189872050289668,0.1573201326951189,0.7236926622759142,0.7343346436389548,0.1584923425225915,0.1071730138384536,2023,D
2023-12-03,Bournemouth,Aston Villa,0.441996679253674,0.2654000393061903,0.2926032814401355,0.2821509407451625,0.2392782446278876,0.4785708146269496,2023,D
2023-12-03,Liverpool,Fulham,0.100299972557027,0.1616581622970078,0.7380418651459649,0.7562247635339662,0.1483557071209184,0.0954195293451154,2023,H
2023-12-03,West Ham,Crystal Palace,0.275944291169026,0.2812695398970263,0.4427861689339479,0.4763502252955481,0.2708401346213688,0.252809640083083,2023,D
2023-12-05,Wolves,Burnley,0.2403321675699578,0.2550830555787501,0.504584776851292,0.5116751269035532,0.2629441624365482,0.2253807106598984,2023,H
2023-12-05,Luton,Arsenal,0.7133696841176057,0.1577082871016843,0.1289220287807103,0.06221229933669,0.1416974280331006,0.7960902726302092,2023,A
2023-12-06,Sheffield United,Liverpool,0.7513457969618448,0.1485237594569003,0.1001304435812546,0.0778991001920938,0.127186331007987,0.7949145687999191,2023,A
2023-12-06,Aston Villa,Man City,0.5272973924039879,0.1953636613388539,0.2773389462571594,0.2144456811027758,0.2277401500349527,0.5578141688622715,2023,H
2023-12-06,Man United,Chelsea,0.3875617250671307,0.269449642551005,0.3429886323818644,0.3338139137240934,0.271093666597014,0.3950924196788926,2023,H
2023-12-06,Brighton,Brentford,0.2398645666070315,0.253782029959172,0.5063534034337963,0.4968354278519101,0.2490716962422732,0.2540928759058167,2023,H
2023-12-06,Crystal Palace,Bournemouth,0.2807350891129335,0.2919288014015622,0.4273361094855042,0.4252627225098808,0.2742830662704127,0.3004542112197065,2023,A
2023-12-06,Fulham,Nott'm Forest,0.2567392725434743,0.2929169433886357,0.4503437840678901,0.4705514502366789,0.2767949707274582,0.2526535790358628,2023,H
2023-12-07,Everton,Newcastle,0.4119712022627837,0.2696094990401916,0.3184192986970247,0.3020633769999482,0.2836043079790814,0.4143323150209703,2023,H
2023-12-07,Tottenham,West Ham,0.1902387594106271,0.2246355910354416,0.5851256495539316,0.5371996511592939,0.2284560791507533,0.2343442696899527,2023,A
2023-12-09,Crystal Palace,Liverpool,0.6707521206942438,0.1819155337209163,0.14733234558484,0.1578472354170625,0.2128538856165685,0.6292988789663692,2023,A
2023-12-09,Brighton,Burnley,0.1519644901276507,0.2057758797953278,0.6422596300770215,0.638655462184874,0.2016806722689075,0.1596638655462185,2023,D
2023-12-09,Man United,Bournemouth,0.1645991072894387,0.2146269262928107,0.6207739664177512,0.6121505310621198,0.2150063656405842,0.1728431032972958,2023,A
2023-12-09,Sheffield United,Brentford,0.5724454558685953,0.2015772778669234,0.2259772662644812,0.2182521403872394,0.2502288651030875,0.531518994509673,2023,H
2023-12-09,Wolves,Nott'm Forest,0.218331288628395,0.2576366674896234,0.5240320438819822,0.5134180780179316,0.2638398456481037,0.2227420763339646,2023,D
2023-12-09,Aston Villa,Arsenal,0.4802539894783545,0.2383984156977681,0.2813475948238774,0.2831088521493153,0.2598312319077095,0.457059915942975,2023,H
2023-12-10,Fulham,West Ham,0.3286738886838367,0.2919736017227669,0.3793525095933961,0.3992495242142017,0.2709202345187651,0.3298302412670332,2023,H
2023-12-10,Everton,Chelsea,0.4365994584172804,0.2446329731108585,0.3187675684718615,0.3129261770686958,0.2665788274369128,0.4204949954943913,2023,H
2023-12-10,Luton,Man City,0.5999842339191139,0.1805393638629636,0.219476402217923,0.0577045515802254,0.1153465973603814,0.8269488510593932,2023,A
2023-12-10,Tottenham,Newcastle,0.3213752786230213,0.2450366866788367,0.433588034698142,0.4403660358662818,0.2491544676611857,0.3104794964725323,2023,H
2023-12-15,Nott'm Forest,Tottenham,0.5411856616549084,0.2229776345754894,0.2358367037696024,0.2202632734970651,0.2309971726483382,0.5487395538545967,2023,A
2023-12-16,Newcastle,Fulham,0.2284025389233527,0.2289688151664158,0.5426286459102317,0.5148637317696573,0.2472373704581669,0.2378988977721758,2023,H
2023-12-16,Burnley,Everton,0.4325634179082853,0.2796336942537787,0.2878028878379362,0.2706745985230336,0.2784696987457508,0.4508557027312155,2023,A
2023-12-16,Chelsea,Sheffield United,0.1473697890642484,0.1818499710104597,0.6707802399252916,0.777233626813834,0.146476276977964,0.0762900962082019,2023,H
2023-12-16,Man City,Crystal Palace,0.101819339679646,0.1322102908586888,0.7659703694616643,0.8099880874923466,0.121405962427117,0.0686059500805363,2023,D
2023-12-17,Liverpool,Man United,0.0856180266805952,0.1253056384505443,0.7890763348688604,0.7256140103621156,0.1578214959884778,0.1165644936494065,2023,D
2023-12-17,West Ham,Wolves,0.290524479537068,0.2888153276962828,0.4206601927666489,0.4365553322693768,0.2712537442008527,0.2921909235297705,2023,H
2023-12-17,Brentford,Aston Villa,0.4525340505147931,0.278972932225428,0.2684930172597787,0.2994329837715018,0.2566935371158904,0.4438734791126077,2023,A
2023-12-17,Arsenal,Brighton,0.1037948430631046,0.1736545647881596,0.7225505921487365,0.6488170950059821,0.1970104436203387,0.1541724613736792,2023,H
2023-12-21,Crystal Palace,Brighton,0.4191032074681699,0.2667902973768543,0.3141064951549759,0.2867877836793819,0.2764063254466441,0.4368058908739739,2023,D
2023-12-22,Aston Villa,Sheffield United,0.0885394999063693,0.1853568295139567,0.726103670579674,0.7690745154851981,0.1461091471350731,0.0848163373797288,2023,D
2023-12-23,West Ham,Man United,0.3996093456517466,0.2564134462066238,0.3439772081416293,0.3682888540031397,0.2634222919937206,0.3682888540031397,2023,H
2023-12-23,Fulham,Burnley,0.1974482850942535,0.2367601726112585,0.5657915422944877,0.5697434839690001,0.245044215538213,0.1852123004927868,2023,A
2023-12-23,Luton,Newcastle,0.5408496671806234,0.2352108323087201,0.2239395005106566,0.1940397259897614,0.2277950491352517,0.5781652248749869,2023,H
2023-12-23,Nott'm Forest,Bournemouth,0.3949726546597344,0.3163785921765312,0.2886487531637346,0.3417301134587359,0.2788781100150541,0.37939177652621,2023,A
2023-12-23,Tottenham,Everton,0.2090823890808046,0.2286813639471783,0.5622362469720174,0.5312323378473085,0.230065787986345,0.2387018741663464,2023,H
2023-12-23,Liverpool,Arsenal,0.3091892809823083,0.3177167472748373,0.3730939717428541,0.3997519869229468,0.2626085057212107,0.3376395073558423,2023,D
2023-12-24,Wolves,Chelsea,0.501782069636536,0.2260953956223918,0.2721225347410724,0.2571082594200163,0.2571082594200163,0.4857834811599673,2023,H
2023-12-26,Newcastle,Nott'm Forest,0.1363360491395232,0.2208636365197204,0.6428003143407564,0.6262576353265292,0.2169483725149639,0.1567939921585069,2023,A
2023-12-26,Sheffield United,Luton,0.291950158458012,0.2976877453687492,0.4103620961732382,0.4044985110886735,0.2871312958397614,0.3083701930715651,2023,A
2023-12-26,Man United,Aston Villa,0.3435677010514309,0.3253152276939699,0.331117071254599,0.3742240678335513,0.2660373285719076,0.3597386035945412,2023,H
2023-12-26,Burnley,Liverpool,0.6683603281197792,0.1812101941701601,0.1504294777100604,0.1405133673461344,0.1804307412365991,0.6790558914172664,2023,A
2023-12-26,Bournemouth,Fulham,0.3245915440822999,0.2778158015125149,0.3975926544051856,0.4341871895035344,0.2660098031912696,0.299803007305196,2023,H
2023-12-27,Everton,Man City,0.6143516830977515,0.1685480024400926,0.2171003144621558,0.1678424014313387,0.2330263949495374,0.5991312036191239,2023,A
2023-12-27,Chelsea,Crystal Palace,0.1797322992460799,0.2337861818313343,0.5864815189225862,0.5706824101249891,0.239850516143813,0.1894670737311978,2023,H
2023-12-27,Brentford,Wolves,0.2406446189673664,0.2754852653935053,0.4838701156391283,0.4888606277522793,0.2723652068905556,0.238774165357165,2023,A
2023-12-28,Brighton,Tottenham,0.4114230593779913,0.2792627948493482,0.3093141457726609,0.3839753013069704,0.254345411961501,0.3616792867315285,2023,H
2023-12-28,Arsenal,West Ham,0.0974516600634019,0.1392596239835485,0.7632887159530494,0.7121400183411921,0.1722084044352337,0.115651577223574,2023,A
2023-12-30,Nott'm Forest,Man United,0.4738820608979472,0.2409256697063864,0.2851922693956665,0.296097934200459,0.2631981637337414,0.4407039020657995,2023,H
2023-12-30,Wolves,Everton,0.3403692855340032,0.311899252860344,0.3477314616056526,0.3660044343676015,0.2829784169057133,0.3510171487266851,2023,H
2023-12-30,Man City,Sheffield United,0.0687917827578753,0.1220112637774538,0.8091969534646702,0.8817656052879645,0.0833297205587331,0.0349046741533022,2023,H
2023-12-30,Aston Villa,Burnley,0.1085679307248288,0.1589768029064592,0.7324552663687117,0.690994085653548,0.1848296810495303,0.1241762332969216,2023,H
2023-12-30,Luton,Chelsea,0.5880253323122323,0.1963066505487973,0.2156680171389701,0.1551047522249564,0.220191351061514,0.6247038967135294,2023,A
2023-12-30,Crystal Palace,Brentford,0.2671127356517363,0.3010613261902664,0.4318259381579971,0.4294496161406371,0.2884879279011979,0.2820624559581648,2023,H
2023-12-31,Tottenham,Bournemouth,0.2128975615689602,0.2261827774539708,0.5609196609770692,0.5393258426966292,0.2247191011235955,0.2359550561797752,2023,H
2023-12-31,Fulham,Arsenal,0.6379797292777826,0.1819547917806674,0.1800654789415504,0.1759031600843617,0.2202308700727932,0.603865969842845,2023,H
2024-01-01,Liverpool,Newcastle,0.1056909363614834,0.1614556183675551,0.7328534452709614,0.650034833624382,0.2036218865264993,0.1463432798491185,2023,H
2024-01-02,West Ham,Brighton,0.359799954164235,0.2784314810204708,0.3617685648152938,0.3935635735247271,0.2562051244464114,0.3502313020288613,2023,D
2024-01-12,Burnley,Luton,0.229377718508482,0.2671990758620188,0.503423205629499,0.4719167321288295,0.2659073055773763,0.2621759622937942,2023,D
2024-01-13,Chelsea,Fulham,0.1695898775444176,0.2170275450549541,0.6133825774006278,0.5967575199558905,0.2225169400593212,0.1807255399847881,2023,H
2024-01-13,Newcastle,Man City,0.6161047943529229,0.1884436474566662,0.1954515581904111,0.1759173936064713,0.2182561584305805,0.605826447962948,2023,A
2024-01-14,Everton,Aston Villa,0.3998630853846135,0.3108559300804588,0.2892809845349271,0.3382946323665822,0.2668936676767052,0.3948116999567126,2023,D
2024-01-14,Man United,Tottenham,0.3297732392494846,0.2803638365590661,0.3898629241914492,0.4348062912220627,0.2473268988301999,0.3178668099477374,2023,D
2024-01-20,Arsenal,Crystal Palace,0.1278161992784436,0.1505073729935338,0.721676427728022,0.7324222496801047,0.1693688274454574,0.0982089228744379,2023,H
2024-01-20,Brentford,Nott'm Forest,0.2397431353311419,0.2618937345860731,0.4983631300827853,0.4928070316433077,0.2628160081030294,0.2443769602536627,2023,H
2024-01-21,Sheffield United,West Ham,0.4294249994761214,0.287601330793092,0.2829736697307867,0.2794408980849658,0.283678186220559,0.4368809156944749,2023,D
2024-01-21,Bournemouth,Liverpool,0.5568858000304026,0.2152674540203787,0.2278467459492189,0.2206780307848874,0.2182110600250786,0.561110909190034,2023,A
2024-01-22,Brighton,Wolves,0.2047583223979728,0.2384276948981502,0.5568139827038773,0.5769367032198753,0.2238849840573441,0.1991783127227805,2023,D
2024-01-30,Nott'm Forest,Arsenal,0.6743649937434287,0.1701862882863678,0.1554487179702034,0.1269621039552702,0.1904431559329053,0.6825947401118244,2023,A
2024-01-30,Fulham,Everton,0.316923276264416,0.2986128979863672,0.3844638257492165,0.3895496256631725,0.2929269808354003,0.3175233935014271,2023,D
2024-01-30,Luton,Brighton,0.5291370192856203,0.2240015249057258,0.2468614558086544,0.2266848403560417,0.2323372641920256,0.5409778954519326,2023,H
2024-01-30,Crystal Palace,Sheffield United,0.1977861442352702,0.2338302305911707,0.5683836251735589,0.5830961111689266,0.257964288468703,0.1589396003623703,2023,H
2024-01-30,Aston Villa,Newcastle,0.2210887725353422,0.2488553530280122,0.5300558744366461,0.5162370535303373,0.238759637257781,0.2450033092118816,2023,A
2024-01-31,Liverpool,Chelsea,0.145977300603091,0.1792101968808364,0.6748125025160728,0.5993998454388845,0.216290920334848,0.1843092342262673,2023,H
2024-01-31,Man City,Burnley,0.0739030387998625,0.1091782663782755,0.8169186948218613,0.8736536200553722,0.0829848864110441,0.0433614935335836,2023,H
2024-01-31,Tottenham,Brentford,0.154750515312111,0.2229542562970368,0.6222952283908519,0.590782361820085,0.2186914120221838,0.190526226157731,2023,H
2024-02-01,West Ham,Bournemouth,0.3530762667216716,0.2698947141169744,0.3770290191613541,0.3998159500352976,0.2549052022000305,0.345278847764672,2023,D
2024-02-01,Wolves,Man United,0.4365157359276168,0.245837589212241,0.3176466748601425,0.3549459962085454,0.2626894119644313,0.3823645918270233,2023,A
2024-02-03,Brighton,Crystal Palace,0.1786537728914691,0.2335006806760812,0.5878455464324497,0.5643992644375095,0.2370301227858469,0.1985706127766436,2023,H
2024-02-03,Sheffield United,Aston Villa,0.596249788206229,0.1973689555847738,0.2063812562089972,0.1851273442117726,0.2258100761213787,0.5890625796668486,2023,A
2024-02-03,Everton,Tottenham,0.454208320082875,0.2537723385817053,0.2920193413354197,0.3268586151691015,0.262995297178307,0.4101460876525915,2023,D
2024-02-03,Burnley,Fulham,0.399184566160866,0.277425863096527,0.323389570742607,0.3272670340446516,0.2776882672465831,0.3950446987087652,2023,D
2024-02-03,Newcastle,Luton,0.1589900537572997,0.234322290508047,0.6066876557346536,0.6598945582840727,0.1976207806263775,0.1424846610895498,2023,D
2024-02-04,Arsenal,Liverpool,0.272993666505528,0.3056512534303756,0.4213550800640963,0.4248495167749826,0.2625386699920862,0.3126118132329312,2023,H
2024-02-04,Bournemouth,Nott'm Forest,0.1737255007161329,0.234286858442684,0.591987640841183,0.5621930124818227,0.228961150461244,0.2088458370569333,2023,D
2024-02-04,Chelsea,Wolves,0.1878285442428175,0.2294702515291738,0.5827012042280086,0.5866428332377469,0.2319503073543356,0.1814068594079174,2023,A
2024-02-04,Man United,West Ham,0.2290779480946134,0.233916332428045,0.5370057194773417,0.5759831982044616,0.2289816832501809,0.1950351185453573,2023,H
2024-02-05,Brentford,Man City,0.6578041416248659,0.185326356616451,0.1568695017586839,0.1370617837841806,0.1972545771084758,0.6656836391073434,2023,A
2024-02-10,Man City,Everton,0.073837948880448,0.1111195443971583,0.8150425067223928,0.7943007112911757,0.1276194791028938,0.0780798096059303,2023,H
2024-02-10,Tottenham,Brighton,0.2141347055635352,0.2290466332845468,0.5568186611519179,0.5190958498023716,0.2282732213438735,0.2526309288537549,2023,H
2024-02-10,Liverpool,Burnley,0.0633152485555214,0.1176544457558864,0.8190303056885917,0.8199110449850893,0.1199119903290693,0.0601769646858414,2023,H
2024-02-10,Nott'm Forest,Newcastle,0.4812566846997511,0.2201838903603106,0.2985594249399387,0.2866211985752737,0.2574826274424866,0.4558961739822396,2023,A
2024-02-10,Fulham,Bournemouth,0.3311793749478057,0.286503468774981,0.382317156277213,0.4016895763106494,0.2684846577698101,0.3298257659195405,2023,H
2024-02-10,Luton,Sheffield United,0.2152198467685411,0.2451638498872534,0.5396163033442053,0.5419276170412521,0.252899554619251,0.2051728283394969,2023,A
2024-02-10,Wolves,Brentford,0.2813962904125566,0.2661620868992256,0.452441622688218,0.4475234432377995,0.2641157856530622,0.2883607711091382,2023,A
2024-02-11,West Ham,Arsenal,0.6339284321507335,0.1871410070098497,0.1789305608394174,0.165292271989606,0.2224914628377469,0.612216265172647,2023,A
2024-02-11,Aston Villa,Man United,0.2928466846771145,0.2743215994690042,0.4328317158538811,0.4411346172089934,0.2529171805331562,0.3059482022578503,2023,A
2024-02-12,Crystal Palace,Chelsea,0.5600953767552764,0.193263684327852,0.2466409389168718,0.229707839012426,0.2577692333558293,0.5125229276317447,2023,A
2024-02-17,Fulham,Aston Villa,0.4611453500609145,0.2310792660026865,0.3077753839363993,0.3256012690262219,0.2521821503138713,0.4222165806599067,2023,A
2024-02-17,Newcastle,Bournemouth,0.2271116780299451,0.2413810608858243,0.5315072610842307,0.5229938176349664,0.2287466998527533,0.2482594825122802,2023,D
2024-02-17,Man City,Chelsea,0.1131795426517895,0.1671917687356764,0.7196286886125344,0.7072963996514385,0.1723178564927523,0.1203857438558091,2023,D
2024-02-17,Tottenham,Wolves,0.1495478190482256,0.1970696038387163,0.6533825771130585,0.6105603891965623,0.2047180567970219,0.1847215540064158,2023,A
2024-02-17,Burnley,Arsenal,0.7054276761847345,0.1670365578394879,0.1275357659757772,0.0990783327648821,0.1656033511616252,0.7353183160734925,2023,A
2024-02-17,Brentford,Liverpool,0.5976913920543678,0.2134508651287791,0.1888577428168537,0.1816365897130578,0.2179966857896845,0.6003667244972577,2023,A
2024-02-17,Nott'm Forest,West Ham,0.3332302141027509,0.2826417353492422,0.3841280505480071,0.3965740562851317,0.2707939537795075,0.3326319899353607,2023,H
2024-02-18,Luton,Man United,0.4942175131969611,0.2489761296461779,0.2568063571568613,0.2425394080418662,0.2393568861082691,0.5181037058498645,2023,A
2024-02-18,Sheffield United,Brighton,0.5888694441136842,0.1985297188953599,0.2126008369909557,0.1940117156866014,0.2277960335967441,0.5781922507166545,2023,A
2024-02-19,Everton,Crystal Palace,0.2088327623514368,0.2302971534912359,0.5608700841573272,0.5486617859574112,0.2665977953207294,0.1847404187218592,2023,D
2024-02-20,Man City,Brentford,0.0770314916823673,0.1509366162281208,0.7720318920895116,0.8064642856144872,0.1213890156603219,0.0721466987251908,2023,H
2024-02-21,Liverpool,Luton,0.0757726564405187,0.1355804255835161,0.788646917975965,0.7972305863330766,0.129487804476501,0.0732816091904224,2023,H
2024-02-24,Bournemouth,Man City,0.6902311148052034,0.1830704142496872,0.1266984709451087,0.1408830264554204,0.1854206616647739,0.6736963118798056,2023,A
2024-02-24,Man United,Fulham,0.1496066185577022,0.1816366859155829,0.6687566955267152,0.6068786255382113,0.216915920907513,0.1762054535542756,2023,A
2024-02-24,Arsenal,Newcastle,0.123371658787257,0.2398944916981416,0.6367338495146018,0.6939511688194331,0.1810771324812633,0.1249716986993036,2023,H
2024-02-24,Brighton,Everton,0.2221766481977227,0.2472130246082259,0.5306103271940515,0.5128786357856826,0.2519715220869607,0.2351498421273567,2023,D
2024-02-24,Crystal Palace,Burnley,0.2726499332012661,0.2865526210593975,0.4407974457393362,0.4809982929152787,0.2753367816018465,0.2436649254828747,2023,H
2024-02-24,Aston Villa,Nott'm Forest,0.1334316473787605,0.1913276134699586,0.6752407391512807,0.6187690631441956,0.2117479410963557,0.1694829957594487,2023,H
2024-02-25,Wolves,Sheffield United,0.1371954320191517,0.2249086453789174,0.6378959226019307,0.6562736945641102,0.2022605553179491,0.1414657501179407,2023,H
2024-02-26,West Ham,Brentford,0.3736696646459306,0.2853275812233047,0.3410027541307643,0.3837962060964594,0.2676234081368781,0.3485803857666626,2023,H
2024-03-02,Nott'm Forest,Liverpool,0.6389661920684967,0.1919712118434988,0.1690625960880048,0.1652720813855286,0.2126722637799881,0.6220556548344832,2023,A
2024-03-02,Luton,Aston Villa,0.513285475113388,0.2514560230456885,0.235258501840924,0.2261194262374247,0.2295329083534497,0.5443476654091255,2023,A
2024-03-02,Newcastle,Wolves,0.238870013312544,0.2421561175988453,0.5189738690886108,0.497319242684898,0.2430571867041864,0.2596235706109155,2023,H
2024-03-02,Tottenham,Crystal Palace,0.1174130826624499,0.1721534402595777,0.7104334770779728,0.6386115631247155,0.2125916379131904,0.1487967989620941,2023,H
2024-03-02,Everton,West Ham,0.2736983339393387,0.272761903971553,0.4535397620891083,0.4621631879556505,0.2708859250957809,0.2669508869485685,2023,A
2024-03-02,Fulham,Brighton,0.3848984573246405,0.2757227085137787,0.3393788341615807,0.3655322073040056,0.2638858632122824,0.3705819294837119,2023,H
2024-03-02,Brentford,Chelsea,0.4910804168824673,0.2340414561394288,0.2748781269781039,0.3110200781404194,0.2528953718757735,0.4360845499838071,2023,D
2024-03-03,Man City,Man United,0.0965941725653826,0.157139278829669,0.7462665486049483,0.75226905537911,0.1575894385948666,0.0901415060260232,2023,H
2024-03-03,Burnley,Bournemouth,0.4989926844135558,0.2361952502372862,0.2648120653491581,0.2541930368575679,0.2577399321785831,0.4880670309638489,2023,A
2024-03-04,Sheffield United,Arsenal,0.7493459334750312,0.1434843465143545,0.1071697200106139,0.0590216061988194,0.1300578743579973,0.8109205194431832,2023,A
2024-03-09,Man United,Everton,0.215695115092812,0.2269093373981763,0.5573955475090113,0.5145358680582235,0.2507144493216178,0.2347496826201585,2023,H
2024-03-09,Bournemouth,Sheffield United,0.1515909222038369,0.2442264911596466,0.6041825866365166,0.7028735086093881,0.1793971268773505,0.1177293645132613,2023,D
2024-03-09,Crystal Palace,Luton,0.1786953458118499,0.2435199701734277,0.5777846840147225,0.534012180591603,0.2473353833798418,0.218652436028555,2023,D
2024-03-09,Wolves,Fulham,0.3445460768806761,0.3189983656078802,0.3364555575114437,0.3784586361803486,0.2742998636301926,0.3472415001894587,2023,H
2024-03-09,Arsenal,Brentford,0.111195450739031,0.1690542933283897,0.7197502559325796,0.7782352684131182,0.1387240927265179,0.083040638860364,2023,H
2024-03-10,Aston Villa,Tottenham,0.3282566560361817,0.2576257643919759,0.4141175795718425,0.3998673798478747,0.2364158806659887,0.3637167394861365,2023,A
2024-03-10,Brighton,Nott'm Forest,0.1979066290190081,0.2394383367295151,0.5626550342514768,0.536077982096482,0.2364589904146232,0.2274630274888947,2023,H
2024-03-10,West Ham,Burnley,0.1679373548314399,0.2087215305427453,0.623341114625815,0.571243395341992,0.2341473626629825,0.1946092419950254,2023,D
2024-03-10,Liverpool,Man City,0.4227672405911922,0.2790713036384369,0.2981614557703709,0.3197789705421745,0.2515102966062548,0.4287107328515707,2023,D
2024-03-11,Chelsea,Newcastle,0.2362070933585162,0.2495075661624903,0.5142853404789934,0.5006397624461658,0.2365390598939214,0.2628211776599127,2023,H
2024-03-13,Bournemouth,Luton,0.1617238082395416,0.234902872409203,0.6033733193512554,0.6321947631071436,0.2028848639083842,0.1649203729844722,2023,H
2024-03-16,Burnley,Brentford,0.485616279010417,0.2302247037953034,0.2841590171942799,0.2944873362233021,0.2638003873252,0.4417122764514978,2023,H
2024-03-16,Luton,Nott'm Forest,0.418775804264173,0.2674550084390656,0.3137691872967618,0.3452159716553484,0.2674071243725793,0.3873769039720721,2023,D
2024-03-16,Fulham,Tottenham,0.491852453051921,0.224421934677306,0.283725612270773,0.2766652193122264,0.2473437967506915,0.475990983937082,2023,H
2024-03-17,West Ham,Aston Villa,0.4096763972317839,0.2625773822482866,0.327746220519929,0.3589017138792121,0.2543694363360897,0.386728849784698,2023,D
2024-03-30,Newcastle,West Ham,0.2322077033908335,0.2442592352389266,0.5235330613702397,0.5164298186253624,0.231863496996583,0.2517066843780545,2023,H
2024-03-30,Bournemouth,Everton,0.2961974893113529,0.279653087890538,0.4241494227981092,0.4378746096431716,0.2645295954620368,0.2975957948947915,2023,H
2024-03-30,Chelsea,Burnley,0.1198915624343147,0.1638957485547978,0.7162126890108871,0.7349759011630084,0.1620645843475089,0.1029595144894828,2023,D
2024-03-30,Nott'm Forest,Crystal Palace,0.2800364057444898,0.2876938943089557,0.4322696999465544,0.4302749232617109,0.2826504737755239,0.2870746029627652,2023,D
2024-03-30,Sheffield United,Fulham,0.5496579064377936,0.2327163096676208,0.2176257838945858,0.2128249009744725,0.2397710606472667,0.5474040383782606,2023,D
2024-03-30,Tottenham,Luton,0.0839844478667001,0.1505832862964447,0.7654322658368554,0.7879858044518476,0.125341427987779,0.0866727675603732,2023,H
2024-03-30,Aston Villa,Wolves,0.1688228779413901,0.1974602058377197,0.63371691622089,0.5832619919014438,0.2222307012582515,0.1945073068403047,2023,H
2024-03-30,Brentford,Man United,0.4846984267352914,0.2452480332856977,0.2700535399790112,0.3155682158815618,0.2491328020117593,0.4352989821066788,2023,D
2024-03-31,Liverpool,Brighton,0.0994551300882736,0.1448239556250781,0.755720914286648,0.6927734737155433,0.1731737060007071,0.1340528202837495,2023,H
2024-03-31,Man City,Arsenal,0.2693490840105907,0.2810656239644443,0.449585292024965,0.4931537686304139,0.2560373000051051,0.250808931364481,2023,D
2024-04-02,West Ham,Tottenham,0.4722998015572899,0.2234035541012454,0.3042966443414646,0.2916675215253413,0.2283943018540175,0.4799381766206411,2023,D
2024-04-02,Nott'm Forest,Fulham,0.3678333996637372,0.300016836677514,0.3321497636587493,0.3546501553964721,0.2790252512803187,0.3663245933232092,2023,H
2024-04-02,Bournemouth,Crystal Palace,0.2555095579062282,0.2736445160752312,0.4708459260185401,0.4814250139757077,0.2558189764699903,0.2627560095543019,2023,H
2024-04-02,Burnley,Wolves,0.3505924928728287,0.2990595077252549,0.3503479994019161,0.3835215952517861,0.2713577130027077,0.3451206917455062,2023,D
2024-04-02,Newcastle,Everton,0.279594998586461,0.2641821938483825,0.4562228075651565,0.4743024477404519,0.2546675821221471,0.271029970137401,2023,D
2024-04-03,Arsenal,Luton,0.0728081240431555,0.1141181286177947,0.8130737473390494,0.8596867430647435,0.0927159733030897,0.0475972836321667,2023,H
2024-04-03,Brentford,Brighton,0.4081102441593417,0.2707490953062166,0.3211406605344417,0.3983758376225036,0.2522146549001697,0.3494095074773267,2023,D
2024-04-03,Man City,Aston Villa,0.1199877099875835,0.1732406296174231,0.7067716603949935,0.7298847031259634,0.1581416856772921,0.1119736111967445,2023,H
2024-04-04,Liverpool,Sheffield United,0.0707846268307661,0.1039193918990709,0.8252959812701625,0.8768261761045755,0.0796450443294989,0.0435287795659254,2023,H
2024-04-04,Chelsea,Man United,0.2824230779767961,0.2437887694997314,0.4737881525234721,0.4758002560819462,0.2379001280409731,0.2862996158770806,2023,H
2024-04-06,Wolves,West Ham,0.3443643515040788,0.2785512808008684,0.3770843676950526,0.3825740844844202,0.266741788467716,0.3506841270478638,2023,A
2024-04-06,Aston Villa,Brentford,0.1741103581576897,0.2118713895967119,0.6140182522455979,0.567761879822298,0.2320635429296613,0.2001745772480407,2023,D
2024-04-06,Luton,Bournemouth,0.4925547592485584,0.25857653581888,0.2488687049325616,0.2539646324141739,0.2427450173212284,0.5032903502645977,2023,H
2024-04-06,Fulham,Newcastle,0.4019078020513781,0.2416314688951185,0.3564607290535033,0.4011336838779282,0.2523687730142513,0.3464975431078204,2023,A
2024-04-06,Everton,Burnley,0.192280669461291,0.2253979915815329,0.5823213389571764,0.5764993716607888,0.2378059908100753,0.1856946375291358,2023,H
2024-04-06,Crystal Palace,Man City,0.6925190935907598,0.1725217926542392,0.1349591137550006,0.1031238498343761,0.1774475524475524,0.7194285977180714,2023,A
2024-04-06,Brighton,Arsenal,0.5725639308773328,0.2496652791572112,0.1777707899654559,0.1901515085454355,0.2229611194007511,0.5868873720538132,2023,A
2024-04-07,Tottenham,Nott'm Forest,0.1109698114671176,0.1664220997411518,0.7226080887917309,0.6793482158652444,0.1770364668250864,0.1436153173096692,2023,H
2024-04-07,Sheffield United,Chelsea,0.6172217448606845,0.2058113115866472,0.1769669435526683,0.1382369679805959,0.1854835431374408,0.6762794888819632,2023,D
2024-04-07,Man United,Liverpool,0.570062572207796,0.2219566441197548,0.2079807836724487,0.2045420136934574,0.2100706937211009,0.5853872925854418,2023,D
2024-04-13,Nott'm Forest,Wolves,0.2617025953557273,0.2885580969635471,0.4497393076807259,0.4451648186975115,0.2742162514552997,0.2806189298471887,2023,D
2024-04-13,Man City,Luton,0.0736736333289451,0.1099312178886156,0.8163951487824395,0.8633841497589956,0.0888045062212756,0.0478113440197287,2023,H
2024-04-13,Bournemouth,Man United,0.4109148384750347,0.2475147730637431,0.3415703884612223,0.3954429794124451,0.241822808235022,0.3627342123525329,2023,D
2024-04-13,Brentford,Sheffield United,0.192223550381222,0.2430234062320885,0.5647530433866893,0.6658161439423207,0.1904166931552,0.1437671629024793,2023,H
2024-04-13,Burnley,Brighton,0.5196856279526063,0.2229656550997089,0.2573487169476855,0.2671128149039604,0.2528083928055396,0.4800787922904999,2023,D
2024-04-13,Newcastle,Tottenham,0.4163562829433817,0.2651193421137945,0.3185243749428234,0.3510110644792064,0.2369324685234643,0.4120564669973293,2023,H
2024-04-14,Liverpool,Crystal Palace,0.0902228752922852,0.1510121038661215,0.7587650208415928,0.7844242061013702,0.1361531329886083,0.0794226609100215,2023,A
2024-04-14,West Ham,Fulham,0.3451336749637063,0.2833501805914629,0.3715161444448309,0.4047077973001705,0.2629880937028375,0.332304108996992,2023,A
2024-04-14,Arsenal,Aston Villa,0.0956372937546481,0.1373831759703985,0.7669795302749526,0.7413077185302495,0.1622149969158853,0.0964772845538652,2023,A
2024-04-15,Chelsea,Everton,0.1837201580627296,0.2315925552516596,0.5846872866856103,0.5639249734516933,0.2255560482146414,0.2105189783336652,2023,H
2024-04-20,Luton,Brentford,0.4967560056940117,0.233833602417638,0.2694103918883508,0.3104818410670056,0.2541675685947515,0.4353505903382428,2023,A
2024-04-20,Sheffield United,Burnley,0.4911672775418821,0.2492878329555355,0.2595448895025823,0.3442152834476403,0.262942230411392,0.3928424861409677,2023,A
2024-04-20,Wolves,Arsenal,0.7084417394006265,0.1608219329241849,0.1307363276751889,0.1188152929614035,0.1999235594598201,0.6812611475787762,2023,A
2024-04-21,Aston Villa,Bournemouth,0.2281331047724399,0.2316982452680679,0.5401686499594923,0.5074255377734931,0.2318141164262395,0.2607603458002673,2023,H
2024-04-21,Everton,Nott'm Forest,0.2558811910961023,0.2776647470281142,0.4664540618757831,0.4622646309199624,0.2707549981102636,0.2669803709697739,2023,H
2024-04-21,Crystal Palace,West Ham,0.2696845554574728,0.2739103143933867,0.4564051301491406,0.4458787759385455,0.2668654637940025,0.2872557602674519,2023,H
2024-04-21,Fulham,Liverpool,0.5977470496732541,0.1720959378077456,0.2301570125190007,0.1847082304235774,0.2047765716227053,0.6105151979537172,2023,A
2024-04-23,Arsenal,Chelsea,0.1241671875691278,0.1774804638552566,0.6983523485756161,0.655839893276301,0.1928252664122097,0.1513348403114892,2023,H
2024-04-24,Wolves,Bournemouth,0.3972598339980047,0.2744648227229593,0.328275343279036,0.3554982346197077,0.2641400677788083,0.3803616976014838,2023,A
2024-04-24,Crystal Palace,Newcastle,0.4285454223253557,0.279169157801764,0.2922854198728803,0.3436754176610978,0.2625298329355608,0.3937947494033412,2023,H
2024-04-24,Everton,Liverpool,0.6784601107775221,0.1819962841044785,0.139543605117999,0.1377279429010439,0.1932576224072958,0.6690144346916601,2023,H
2024-04-24,Man United,Sheffield United,0.1196368970546124,0.1843315155635884,0.6960315873817987,0.7283894064555235,0.1523569297945692,0.1192536637499072,2023,H
2024-04-25,Brighton,Man City,0.6990858425262216,0.1695422890025844,0.1313718684711936,0.1448172698032264,0.1922058278928293,0.6629769023039442,2023,A
2024-04-27,Man United,Burnley,0.1399259202556072,0.1851354016532445,0.6749386780911482,0.6287425707879291,0.1992113034796478,0.1720461257324231,2023,D
2024-04-27,Newcastle,Sheffield United,0.094141926285788,0.1663559887140867,0.7395020850001254,0.7754327781545355,0.1382134167238429,0.0863538051216217,2023,H
2024-04-27,Aston Villa,Chelsea,0.3104695618018401,0.2500417852307085,0.4394886529674512,0.4369648742427623,0.2472301262162997,0.3158049995409379,2023,D
2024-04-27,Everton,Brentford,0.295152749590224,0.3140187048868533,0.3908285455229226,0.404418736170944,0.269723521754193,0.325857742074863,2023,H
2024-04-27,Fulham,Crystal Palace,0.2667357706336289,0.2786815140758516,0.4545827152905194,0.4623473541383989,0.2669606512890095,0.2706919945725916,2023,D
2024-04-27,West Ham,Liverpool,0.6466233452975406,0.1669491552960843,0.186427499406375,0.1732655667768312,0.1956035129761544,0.6311309202470143,2023,D
2024-04-27,Wolves,Luton,0.2561547081368747,0.2465624481071433,0.4972828437559815,0.4782065495921947,0.2518270137401635,0.2699664366676417,2023,H
2024-04-28,Nott'm Forest,Man City,0.7183444293628353,0.1663755482040208,0.1152800224331439,0.1119040501492083,0.1614933221565698,0.7266026276942219,2023,A
2024-04-28,Tottenham,Arsenal,0.5477415248402451,0.2435906007545294,0.2086678744052252,0.22594200979362,0.2286811718950165,0.5453768183113634,2023,A
2024-04-28,Bournemouth,Brighton,0.361680429894805,0.252603238634663,0.3857163314705317,0.4165104507080392,0.2509774029335935,0.3325121463583672,2023,H
2024-05-02,Chelsea,Tottenham,0.3275576615358784,0.256753615967338,0.4156887224967837,0.4331295380876154,0.2416801237345067,0.3251903381778777,2023,H
2024-05-03,Luton,Everton,0.4089122213488425,0.2927492287735738,0.2983385498775842,0.3646516189908621,0.2671210766785856,0.3682273043305523,2023,D
2024-05-04,Burnley,Newcastle,0.4812876480010296,0.2394883025675367,0.279224049431434,0.2821509407451625,0.2392782446278876,0.4785708146269496,2023,A
2024-05-04,Sheffield United,Nott'm Forest,0.563183380583409,0.2177195104301794,0.2190971089864113,0.1996111471160077,0.2257507020954849,0.5746381507885073,2023,A
2024-05-04,Brentford,Fulham,0.310871061534732,0.2617212670422557,0.4274076714230121,0.4511974851525075,0.2527041652161593,0.2960983496313331,2023,D
2024-05-04,Man City,Wolves,0.0680327208676364,0.0835125423848173,0.8484547367475459,0.873144209377082,0.0833294877522403,0.0435263028706775,2023,H
2024-05-04,Arsenal,Bournemouth,0.0780629722411874,0.1116654368696993,0.8102715908891124,0.7889435429122872,0.1294646362714549,0.0815918208162579,2023,H
2024-05-05,Brighton,Aston Villa,0.4610981779519196,0.2517561985588518,0.2871456234892289,0.349941411021855,0.2526357110759709,0.397422877902174,2023,H
2024-05-05,Chelsea,West Ham,0.1780578219219157,0.2109654913996161,0.6109766866784683,0.581828885400314,0.209085557299843,0.209085557299843,2023,H
2024-05-05,Liverpool,Tottenham,0.1557717712874832,0.1971757613879977,0.6470524673245189,0.6434834980311546,0.1740472457439879,0.1824692562248575,2023,H
2024-05-06,Crystal Palace,Man United,0.3856622622137987,0.2566480582584566,0.3576896795277448,0.3982756567698055,0.2555273130823686,0.3461970301478257,2023,H
2024-05-11,Nott'm Forest,Chelsea,0.4680482063143992,0.256860621939067,0.2750911717465336,0.2821065415472733,0.2454630528938691,0.4724304055588574,2023,A
2024-05-11,Wolves,Crystal Palace,0.4061120882350302,0.2923657451661879,0.3015221665987821,0.3367863024512406,0.2707410496761687,0.3924726478725907,2023,A
2024-05-11,West Ham,Luton,0.2116163068771505,0.2428340987231552,0.545549594399694,0.5259258103156983,0.2281467405936267,0.245927449090675,2023,H
2024-05-11,Tottenham,Burnley,0.1260451946128394,0.1797729894846044,0.6941818159025555,0.7068511715696015,0.1618764931151882,0.1312723353152101,2023,H
2024-05-11,Newcastle,Brighton,0.1562122074996239,0.2137130338817571,0.630074758618619,0.6012667861989844,0.1993666069005077,0.1993666069005077,2023,D
2024-05-11,Everton,Sheffield United,0.1486716105549552,0.251911397384455,0.5994169920605895,0.6744984995498216,0.1941505840187107,0.1313509164314675,2023,H
2024-05-11,Bournemouth,Brentford,0.2519006466824374,0.2642710243326513,0.4838283289849114,0.4875970402717127,0.2407417515769044,0.2716612081513828,2023,A
2024-05-11,Fulham,Man City,0.7799184259660258,0.1324564323898222,0.0876251416441517,0.0799451807281753,0.1360629237529712,0.7839918955188534,2023,A
2024-05-12,Man United,Arsenal,0.679181228496307,0.1892064293564376,0.1316123421472555,0.1377391461813572,0.1762180270722984,0.6860428267463443,2023,A
2024-05-13,Aston Villa,Liverpool,0.5175827148596113,0.2015793719008829,0.2808379132395068,0.2308555420728253,0.2143352975184681,0.5548091604087066,2023,D
2024-05-14,Tottenham,Man City,0.596529672719084,0.2109524651129525,0.1925178621679633,0.1436263736263736,0.1620054945054945,0.6943681318681318,2023,A
2024-05-15,Man United,Newcastle,0.4555322689964455,0.2539322528990826,0.2905354781044717,0.3510617717931784,0.2369139563294745,0.4120242718773471,2023,H
2024-05-15,Brighton,Chelsea,0.4636922319779229,0.2463078878483889,0.2899998801736881,0.2933455593154166,0.2374549616243261,0.4691994790602571,2023,A
2024-05-19,Brentford,Newcastle,0.4616881190798355,0.2261508878565282,0.3121609930636366,0.3249894558143201,0.2416588261183406,0.4333517180673392,2023,A
2024-05-19,Chelsea,Bournemouth,0.1169656400639698,0.1783450400361706,0.7046893198998595,0.6528107774669584,0.1854297803116258,0.1617594422214158,2023,H
2024-05-19,Brighton,Man United,0.3385365486213007,0.2613792917730331,0.4000841596056663,0.4380685920770756,0.2354618682414281,0.3264695396814963,2023,A
2024-05-19,Burnley,Nott'm Forest,0.4662104583397394,0.2519525507340015,0.2818369909262594,0.3297707290676439,0.2631134593598654,0.4071158115724905,2023,A
2024-05-19,Arsenal,Everton,0.0793470403155044,0.1182011462397281,0.802451813444767,0.8066432820744422,0.1209083537734403,0.0724483641521173,2023,H
2024-05-19,Crystal Palace,Aston Villa,0.2182787583329243,0.2373417283128174,0.5443795133542587,0.5081217534794868,0.2249340451886651,0.2669442013318479,2023,H
2024-05-19,Sheffield United,Tottenham,0.5130247490849211,0.2639066412649549,0.2230686096501238,0.1325750835305046,0.1573908784317092,0.7100340380377861,2023,A
2024-05-19,Man City,West Ham,0.0637793005489546,0.0837906602527692,0.8524300391982758,0.8715316698645286,0.0812649205731242,0.0472034095623472,2023,H
2024-05-19,Luton,Fulham,0.4967311153643971,0.2470993679089025,0.2561695167267009,0.3277538751367656,0.2424494220818222,0.4297967027814121,2023,A
2024-05-19,Liverpool,Wolves,0.0742244194320499,0.1278455318897981,0.7979300486781518,0.8164468048150871,0.1175970149620359,0.0659561802228768,2023,H
2024-08-16,Man United,Fulham,0.1902756992817782,0.2106887057395394,0.5990355949786824,0.5962988046757496,0.2219720358040219,0.1817291595202284,2024,H
2024-08-17,Everton,Brighton,0.3807395455981709,0.2715402130086759,0.3477202413931531,0.3574229407287579,0.2817183869337535,0.3608586723374886,2024,A
2024-08-17,Arsenal,Wolves,0.1504805858973123,0.1515907252043498,0.6979286888983377,0.8009639744417953,0.1270859476372054,0.0719500779209993,2024,H
2024-08-17,West Ham,Aston Villa,0.4025289320655738,0.2744907411579862,0.3229803267764397,0.3876438632769864,0.2638131847301713,0.3485429519928423,2024,A
2024-08-17,Nott'm Forest,Bournemouth,0.3513802269792844,0.2929804271055518,0.3556393459151638,0.3883495145631068,0.2718446601941747,0.3398058252427184,2024,D
2024-08-17,Newcastle,Southampton,0.1633631049963774,0.2270506071918278,0.609586287811795,0.7020833308954855,0.1770855352835979,0.1208311338209167,2024,H
2024-08-18,Brentford,Crystal Palace,0.3688217630410531,0.297435584030114,0.333742652928833,0.3940441718851176,0.2781488272130241,0.3278070009018583,2024,H
2024-08-18,Chelsea,Man City,0.579769403799631,0.2067622441416451,0.2134683520587236,0.2376261788242213,0.2375917330028775,0.5247820881729013,2024,A
2024-08-19,Leicester,Tottenham,0.6312340314596778,0.1798717730333958,0.1888941955069263,0.1911435733257198,0.2207200615770436,0.5881363650972364,2024,D
2024-08-24,Crystal Palace,West Ham,0.3019427070352978,0.2657475963386801,0.4323096966260222,0.4390592347665455,0.2659478418746817,0.2949929233587728,2024,A
2024-08-24,Fulham,Leicester,0.2080581097337156,0.2376454781031298,0.5542964121631542,0.5257302509157408,0.2523505204395555,0.2219192286447036,2024,H
2024-08-24,Brighton,Man United,0.3469167801885012,0.295543588287289,0.3575396315242098,0.3806297218160787,0.2554683354393412,0.36390194274458,2024,H
2024-08-24,Aston Villa,Arsenal,0.5442209886649507,0.2491852243149476,0.2065937870201013,0.2217435872461588,0.245579489041385,0.532676923712456,2024,A
2024-08-24,Tottenham,Everton,0.1555992463253274,0.1892996524088317,0.6551011012658406,0.6617455318412897,0.1948858816923762,0.143368586466334,2024,H
2024-08-24,Southampton,Nott'm Forest,0.3399843511351976,0.2877044396023638,0.3723112092624389,0.3765756904458284,0.2838687307866955,0.339555578767476,2024,A
2024-08-25,Bournemouth,Newcastle,0.4637168303972611,0.2671679505166154,0.2691152190861234,0.3218652950310559,0.2466032608695652,0.4315314440993789,2024,D
2024-08-25,Wolves,Chelsea,0.5236892017797843,0.2443104439969985,0.2320003542232171,0.218085600718439,0.2379739476074316,0.5439404516741293,2024,A
2024-08-25,Liverpool,Brentford,0.0973408942840294,0.1576433635981084,0.7450157421178619,0.7575278663932218,0.1536346317761566,0.0888375018306214,2024,H
2024-08-31,West Ham,Man City,0.7481442864091785,0.1402050245023063,0.1116506890885156,0.1338891107729485,0.1775274139160064,0.6885834753110449,2024,A
2024-08-31,Nott'm Forest,Wolves,0.2579102898819503,0.3042133406901877,0.4378763694278618,0.4692673738475266,0.2634579161296719,0.2672747100228017,2024,D
2024-08-31,Leicester,Aston Villa,0.5499646262991891,0.2067348362555682,0.2433005374452429,0.213140523969974,0.2401304098015321,0.546729066228494,2024,A
2024-08-31,Brentford,Southampton,0.2135563801316702,0.2364318206793863,0.5500117991889433,0.5406415033704483,0.2425955463841755,0.2167629502453761,2024,H
2024-08-31,Arsenal,Brighton,0.1478185977123668,0.1384572352217699,0.7137241670658631,0.7103701797916886,0.1737047357505012,0.1159250844578102,2024,D
2024-08-31,Everton,Bournemouth,0.3620503632743539,0.2909270514163189,0.3470225853093271,0.3518329163195365,0.2793160927980368,0.3688509908824268,2024,A
2024-09-01,Chelsea,Crystal Palace,0.1871903062202772,0.2313298968905834,0.5814797968891393,0.5929191584078382,0.2173467109016537,0.1897341306905082,2024,D
2024-09-01,Newcastle,Tottenham,0.3836179133122065,0.2759989203539504,0.3403831663338434,0.3847804099256618,0.2380589534604202,0.3771606366139179,2024,H
2024-09-01,Man United,Liverpool,0.5161929802577402,0.2485257146510537,0.2352813050912057,0.2576655159303851,0.2297591989489978,0.5125752851206169,2024,A
2024-09-14,Crystal Palace,Leicester,0.1873546793597506,0.2171548294457078,0.5954904911945414,0.5876763484405915,0.2351099109744605,0.1772137405849479,2024,D
2024-09-14,Fulham,West Ham,0.3058624241614007,0.2986917496944586,0.395445826144141,0.3960827506943779,0.2770500909874533,0.3268671583181687,2024,D
2024-09-14,Southampton,Man United,0.562711038962029,0.2208797885428882,0.216409172495083,0.2105708004199656,0.2368921504724613,0.552537049107573,2024,A
2024-09-14,Liverpool,Nott'm Forest,0.0762806424777832,0.1156195697372739,0.8080997877849424,0.7796537530441107,0.1410814487297381,0.0792647982261512,2024,A
2024-09-14,Man City,Brentford,0.0731898687737014,0.0938114390349124,0.8329986921913859,0.8050361908710766,0.12118456233632,0.0737792467926033,2024,H
2024-09-14,Bournemouth,Chelsea,0.4883552688409778,0.2429274163552384,0.2687173148037839,0.2837719360997578,0.2468722328998176,0.4693558310004244,2024,A
2024-09-14,Aston Villa,Everton,0.1247177751704799,0.2072067459868019,0.668075478842718,0.6326755029030556,0.2183889507946748,0.1489355463022696,2024,H
2024-09-15,Wolves,Newcastle,0.453580072025683,0.2694516934000088,0.2769682345743084,0.2873114399457827,0.2616180520959096,0.4510705079583077,2024,A
2024-09-15,Tottenham,Arsenal,0.4053990091292179,0.289896662150501,0.3047043287202808,0.3190072654161144,0.2638083998224215,0.417184334761464,2024,A
2024-09-21,Aston Villa,Wolves,0.1625291425720877,0.2366520530579967,0.6008188043699152,0.6000868023059778,0.2198849597385957,0.1800282379554266,2024,H
2024-09-21,Liverpool,Bournemouth,0.0997556602682428,0.1583536969144245,0.7418906428173325,0.7423361527011492,0.1508515532416785,0.1068122940571723,2024,H
2024-09-21,Crystal Palace,Man United,0.414505164589001,0.2904400101213101,0.295054825289689,0.338619059372978,0.2557748926754301,0.4056060479515918,2024,D
2024-09-21,Tottenham,Brentford,0.1941714921111764,0.2093259158728674,0.5965025920159559,0.6198973556336105,0.2065404584677702,0.1735621858986192,2024,H
2024-09-21,Fulham,Newcastle,0.4045571624096516,0.2849967598637063,0.3104460777266417,0.3252696660188781,0.2729011470187798,0.4018291869623421,2024,H
2024-09-21,West Ham,Chelsea,0.480688405998449,0.2452893607293876,0.2740222332721639,0.2733683791435649,0.2483521587825881,0.4782794620738468,2024,A
2024-09-21,Leicester,Everton,0.305417641354134,0.2996384299659902,0.3949439286798759,0.3800224873130118,0.2792975867493549,0.3406799259376333,2024,D
2024-09-22,Man City,Arsenal,0.238389606638211,0.2632769276005685,0.4983334657612204,0.5275257108287961,0.263762855414398,0.2087114337568058,2024,D
2024-09-22,Brighton,Nott'm Forest,0.1953037054925825,0.2485270298658817,0.5561692646415354,0.5394227277267658,0.2521989504628938,0.2083783218103403,2024,D
2024-09-28,Wolves,Liverpool,0.7040485702676108,0.1708085401118136,0.1251428896205752,0.1212673132397069,0.1739647190517503,0.7047679677085426,2024,A
2024-09-28,Nott'm Forest,Fulham,0.3139269213172361,0.2836046820695566,0.4024683966132075,0.398190684428035,0.2865758645580786,0.3152334510138864,2024,A
2024-09-28,Everton,Crystal Palace,0.3669331485006081,0.2960032696418337,0.3370635818575582,0.3510171487266851,0.2829784169057133,0.3660044343676015,2024,H
2024-09-28,Chelsea,Brighton,0.1848816834474443,0.2161603288709248,0.59895798768163,0.5523816206133076,0.2289666272612071,0.2186517521254851,2024,H
2024-09-28,Brentford,West Ham,0.2879892297824959,0.2806063121910314,0.4314044580264726,0.4313268219204996,0.2673579957311646,0.3013151823483358,2024,D
2024-09-28,Arsenal,Leicester,0.0675324802997438,0.1020663859099446,0.8304011337903117,0.8121117125029814,0.1217176851341835,0.066170602362835,2024,H
2024-09-28,Newcastle,Man City,0.5907615867167941,0.2048734818113294,0.204364931471876,0.1860641632791089,0.2201094837214024,0.5938263529994886,2024,D
2024-09-29,Ipswich,Aston Villa,0.4564661245753798,0.2627598605333825,0.2807740148912378,0.2399887304637143,0.2544523597178129,0.5055589098184728,2024,D
2024-09-29,Man United,Tottenham,0.3744590745890485,0.2641425130222434,0.3613984123887082,0.408882432602174,0.2485763256966787,0.3425412417011472,2024,A
2024-09-30,Bournemouth,Southampton,0.2120211384378876,0.2360499567620668,0.5519289048000455,0.5788260350133513,0.2301613734322428,0.1910125915544059,2024,H
2024-10-05,Leicester,Bournemouth,0.4910615166248497,0.2362106094200377,0.2727278739551127,0.305427148273425,0.2541895216579157,0.4403833300686592,2024,H
2024-10-05,Everton,Newcastle,0.4321458302673696,0.2727782332603805,0.2950759364722496,0.3024425806903148,0.2645907452553978,0.4329666740542873,2024,D
2024-10-05,Crystal Palace,Liverpool,0.6846720450567046,0.1721493008616246,0.1431786540816709,0.1582577132486388,0.2087114337568058,0.6330308529945554,2024,A
2024-10-05,Arsenal,Southampton,0.0778775663808508,0.1098050772647564,0.8123173563543926,0.8400658853498539,0.1036002846913911,0.0563338299587549,2024,H
2024-10-05,Brentford,Wolves,0.280815587405085,0.27469732920463,0.4444870833902855,0.4670038201935828,0.2626432572593574,0.2703529225470596,2024,H
2024-10-05,Man City,Fulham,0.0897687586873486,0.1352373379402212,0.7749939033724299,0.7673097967275978,0.1389989927447214,0.0936912105276807,2024,H
2024-10-05,West Ham,Ipswich,0.2030990612498815,0.2420042562804836,0.5548966824696345,0.527715832875653,0.2467753545138114,0.2255088126105355,2024,H
2024-10-06,Aston Villa,Man United,0.2964253423691996,0.2658853628224015,0.4376892948083988,0.4303005231130565,0.2541457599373687,0.3155537169495748,2024,D
2024-10-06,Chelsea,Nott'm Forest,0.1058203963250314,0.1571437806847421,0.7370358229902262,0.6428087442608891,0.2084142358383458,0.1487770199007651,2024,D
2024-10-06,Brighton,Tottenham,0.4697699737665913,0.2548717909586129,0.2753582352747957,0.3321338855319438,0.2386991649127571,0.429166949555299,2024,H
2024-10-19,Man United,Brentford,0.1960523578224423,0.2254204208536491,0.5785272213239083,0.5609973285841497,0.2270703472840606,0.2119323241317898,2024,H
2024-10-19,Newcastle,Brighton,0.2310568698071167,0.2509758977967226,0.5179672323961604,0.4792549824251128,0.2540784330146781,0.2666665845602091,2024,A
2024-10-19,Tottenham,West Ham,0.1602113564972577,0.2067095138784695,0.6330791296242726,0.6331046071978714,0.1939037483078934,0.1729916444942351,2024,H
2024-10-19,Bournemouth,Arsenal,0.6172637839668486,0.2161719720937092,0.1665642439394418,0.1928896018278805,0.236299396645464,0.5708110015266554,2024,H
2024-10-19,Fulham,Aston Villa,0.3178209630852972,0.3095521586301252,0.3726268782845778,0.3919736864903577,0.2715558815545532,0.3364704319550892,2024,A
2024-10-19,Ipswich,Everton,0.2978163867085732,0.2995302195726703,0.4026533937187569,0.3962009810306669,0.2827194992918895,0.3210795196774436,2024,A
2024-10-19,Southampton,Leicester,0.2936979087830311,0.2993330751827905,0.4069690160341787,0.4077556737751829,0.2708318547214061,0.321412471503411,2024,A
2024-10-20,Wolves,Man City,0.6683973252754406,0.2258463359303393,0.1057563387942201,0.113177518281331,0.1632594374613198,0.7235630442573491,2024,A
2024-10-20,Liverpool,Chelsea,0.1580887253778018,0.2004481776714722,0.6414630969507256,0.5774264350554739,0.2281871442908591,0.1943864206536669,2024,H
2024-10-21,Nott'm Forest,Crystal Palace,0.2948534859231079,0.3034383785749711,0.4017081355019216,0.40678833945263,0.2817717863272729,0.3114398742200971,2024,H
2024-10-25,Leicester,Nott'm Forest,0.4059072304079719,0.2658262045436775,0.3282665650483501,0.3158491388707216,0.2893394375408764,0.394811423588402,2024,A
2024-10-26,Aston Villa,Bournemouth,0.20429377837101,0.2254001341914791,0.5703060874375105,0.5101814132072633,0.2433180324295697,0.2465005543631669,2024,D
2024-10-26,Brentford,Ipswich,0.1971486994525884,0.2349808091056584,0.5678704914417533,0.5743937823234049,0.2242792361603497,0.2013269815162453,2024,H
2024-10-26,Brighton,Wolves,0.1651787816910422,0.2234825578908968,0.6113386604180611,0.5851385224082468,0.2148114800524114,0.2000499975393417,2024,D
2024-10-26,Man City,Southampton,0.0707812707045922,0.0953402516001295,0.8338784776952779,0.8558139656645116,0.0910402801145646,0.0531457542209237,2024,H
2024-10-26,Everton,Fulham,0.3627346739390921,0.2828737526680893,0.3543915733928184,0.3446209848050648,0.2894008695566296,0.3659781456383054,2024,D
2024-10-27,Arsenal,Liverpool,0.2790337600214214,0.3506496697553388,0.3703165702232398,0.3849203391910935,0.2866121300907358,0.3284675307181707,2024,D
2024-10-27,West Ham,Man United,0.4636636960602757,0.2526580525607412,0.2836782513789829,0.3314921607826472,0.254143476066101,0.4143643631512517,2024,H
2024-10-27,Crystal Palace,Tottenham,0.5666149006900665,0.2076517665488874,0.225733332761046,0.2404930631799581,0.2404930631799581,0.5190138736400838,2024,H
2024-10-27,Chelsea,Newcastle,0.1911684118488212,0.2239685340518584,0.58486305409932,0.5378031627913245,0.2293916775463252,0.2328051596623502,2024,H
2024-11-02,Wolves,Crystal Palace,0.3414676593268075,0.2837331565522705,0.3747991841209223,0.3788174698170897,0.2812886868599144,0.339893843322996,2024,D
2024-11-02,Southampton,Everton,0.3773578250239381,0.2866445593912566,0.3359976155848054,0.3660916028085497,0.2748287146473501,0.3590796825441001,2024,H
2024-11-02,Nott'm Forest,West Ham,0.2542176219320264,0.2768108605869889,0.468971517480985,0.4432272293649891,0.2722681551813504,0.2845046154536604,2024,H
2024-11-02,Liverpool,Brighton,0.0930783287105585,0.1411976007601388,0.7657240705293025,0.6793276555846388,0.1863441028245497,0.1343282415908114,2024,H
2024-11-02,Ipswich,Leicester,0.294352119718718,0.2866218960945304,0.4190259841867515,0.4221789883268482,0.2714007782101167,0.306420233463035,2024,D
2024-11-02,Bournemouth,Man City,0.6308708096705677,0.2089802507857652,0.1601489395436671,0.1767523821011304,0.218499458090391,0.6047481598084785,2024,H
2024-11-02,Newcastle,Arsenal,0.4565669072309554,0.2526916176811202,0.2907414750879242,0.2532135740822387,0.2566125631008896,0.4901738628168716,2024,H
2024-11-03,Tottenham,Aston Villa,0.2107326812963744,0.2096750753727264,0.5795922433308991,0.5017638664507516,0.2376964954446074,0.2605396381046411,2024,H
2024-11-03,Man United,Chelsea,0.3627706320950432,0.2961359634891761,0.3410934044157807,0.3694837848932676,0.2610324302134647,0.3694837848932676,2024,D
2024-11-04,Fulham,Brentford,0.2655413823941725,0.2575009079646109,0.4769577096412167,0.4687473596797045,0.2600826994601039,0.2711699408601915,2024,H
2024-11-09,Wolves,Southampton,0.239858745139193,0.2430196819608051,0.5171215729000019,0.4911092956963082,0.2544453521518459,0.2544453521518459,2024,H
2024-11-09,Brighton,Man City,0.5562291062817725,0.2148328391168275,0.2289380546013996,0.2254486555520433,0.2318178108523515,0.5427335335956052,2024,H
2024-11-09,Liverpool,Aston Villa,0.0999798100704631,0.1572004679091641,0.7428197220203725,0.6651038736224482,0.1856652472308974,0.1492308791466545,2024,H
2024-11-09,West Ham,Everton,0.2784633966405772,0.2918555250806741,0.4296810782787487,0.4415584415584415,0.2792207792207792,0.2792207792207792,2024,D
2024-11-09,Crystal Palace,Fulham,0.353451283356458,0.2946553635760194,0.3518933530675227,0.3599694171036555,0.2764583791823818,0.3635722037139626,2024,A
2024-11-09,Brentford,Bournemouth,0.338119002906864,0.3075865958215613,0.3542944012715747,0.3874919650621998,0.2673460127802775,0.3451620221575225,2024,H
2024-11-10,Nott'm Forest,Newcastle,0.3269600063252724,0.2919763484986779,0.3810636451760498,0.3536587744275851,0.2893571790771151,0.3569840464952998,2024,A
2024-11-10,Tottenham,Ipswich,0.1138725233016631,0.1974122496858039,0.6887152270125331,0.7565059383526523,0.1433332219221366,0.100160839725211,2024,A
2024-11-10,Man United,Leicester,0.1593110718260054,0.2104994989319815,0.6301894292420129,0.6872894848821719,0.1765761472422726,0.1361343678755553,2024,H
2024-11-10,Chelsea,Arsenal,0.3370532947465316,0.2889594080266929,0.3739872972267755,0.3451606445801221,0.2750975878290461,0.3797417675908318,2024,D
2024-11-23,Leicester,Chelsea,0.7363869913768794,0.1364961155719295,0.127116893051191,0.1461122262263145,0.1988958878669871,0.6549918859066983,2024,A
2024-11-23,Man City,Tottenham,0.1115602578934405,0.1733066115727803,0.7151331305337791,0.6355114860764643,0.1989572932895661,0.1655312206339695,2024,A
2024-11-23,Aston Villa,Crystal Palace,0.1922377143484517,0.2274559566683498,0.5803063289831984,0.5893059213152285,0.2329774984699356,0.1777165802148359,2024,D
2024-11-23,Bournemouth,Brighton,0.3319943060109304,0.2948217030887299,0.37318399090034,0.400411878077587,0.2641315482943578,0.3354565736280551,2024,A
2024-11-23,Everton,Brentford,0.3068962182355486,0.2922186913320259,0.4008850904324257,0.3929121449894872,0.2802093887720459,0.3268784662384668,2024,D
2024-11-23,Arsenal,Nott'm Forest,0.1187284181528292,0.16744900934718,0.7138225724999906,0.6958047312134822,0.1963734611155561,0.1078218076709617,2024,H
2024-11-23,Fulham,Wolves,0.1779545035962151,0.2322186491844856,0.5898268472192992,0.5779931678267968,0.2369492821970994,0.1850575499761038,2024,A
2024-11-24,Southampton,Liverpool,0.7587123126980765,0.1471440341611778,0.0941436531407458,0.0912177642804289,0.1594714492617716,0.7493107864577994,2024,A
2024-11-24,Ipswich,Man United,0.5664076558265367,0.203177019404063,0.2304153247694003,0.1890092379965516,0.2312847791121193,0.5797059828913289,2024,D
2024-11-25,Newcastle,West Ham,0.1481786268162222,0.202394730432569,0.6494266427512084,0.6308052244717499,0.210968443159,0.15822633236925,2024,A
2024-11-29,Brighton,Southampton,0.1119558408540886,0.1648169745272217,0.7232271846186897,0.6880423726979593,0.1853578307256162,0.1265997965764245,2024,D
2024-11-30,Nott'm Forest,Ipswich,0.181371005282149,0.2318310227290954,0.5867979719887552,0.5517726740268404,0.2490151810961997,0.1992121448769598,2024,H
2024-11-30,Brentford,Leicester,0.1974689959421416,0.2358197308242145,0.5667112732336438,0.5690134235840015,0.2283013278669562,0.2026852485490422,2024,H
2024-11-30,West Ham,Arsenal,0.6695019257970362,0.1545403771170761,0.1759576970858879,0.1411771497975855,0.2114471994222058,0.6473756507802086,2024,A
2024-11-30,Crystal Palace,Newcastle,0.4241146196901112,0.2684151489457396,0.3074702313641489,0.3244415857835078,0.2673756484102586,0.4081827658062335,2024,D
2024-11-30,Wolves,Bournemouth,0.4025679091382211,0.2852845979808531,0.312147492880926,0.3486311101447428,0.2637067055546599,0.3876621843005972,2024,A
2024-12-01,Tottenham,Fulham,0.1779388928141202,0.2144727430992984,0.6075883640865808,0.5590313541662184,0.2153437120913691,0.2256249337424124,2024,D
2024-12-01,Liverpool,Man City,0.2555916740941798,0.2505081839981652,0.4939001419076554,0.451894745360123,0.2583170300979146,0.2897882245419624,2024,H
2024-12-01,Chelsea,Aston Villa,0.1867476828667987,0.2104577912374273,0.6027945258957736,0.5520305984179077,0.2322209415868805,0.2157484599952118,2024,H
2024-12-01,Man United,Everton,0.1654150542238247,0.2094882707360374,0.6250966750401373,0.6258045538240558,0.218863439152467,0.1553320070234772,2024,H
2024-12-03,Ipswich,Crystal Palace,0.4139962560199539,0.262490306786125,0.3235134371939211,0.3165538884265012,0.2835441630847461,0.3999019484887526,2024,A
2024-12-03,Leicester,West Ham,0.4163459298699774,0.2706353986749052,0.3130186714551172,0.3274477445216216,0.2792936644449125,0.3932585910334658,2024,H
2024-12-04,Man City,Nott'm Forest,0.1309563979025959,0.1851061938146886,0.6839374082827154,0.696956447385948,0.1906949481432279,0.112348604470824,2024,H
2024-12-04,Newcastle,Liverpool,0.533508477433987,0.2553656918675963,0.2111258306984166,0.2257497913568034,0.2370372809246436,0.5372129277185529,2024,D
2024-12-04,Everton,Wolves,0.2824307504806425,0.2612011017084292,0.4563681478109284,0.4509283819628647,0.2745358090185676,0.2745358090185676,2024,H
2024-12-04,Arsenal,Man United,0.1143160813253909,0.1693071861957542,0.7163767324788546,0.6511894021518259,0.2082399677988684,0.1405706300493057,2024,H
2024-12-04,Aston Villa,Brentford,0.2125190726886496,0.2209468694556539,0.5665340578556959,0.5313042093817875,0.2456617702802996,0.2230340203379129,2024,H
2024-12-04,Southampton,Chelsea,0.6840775578875007,0.1610766391125335,0.1548458029999658,0.115156256373663,0.1766288498321683,0.7082148937941686,2024,A
2024-12-05,Fulham,Brighton,0.316826399669973,0.2902509205125115,0.3929226798175156,0.408124398622003,0.2635590830858578,0.328316518292139,2024,H
2024-12-05,Bournemouth,Tottenham,0.4207255519316857,0.2486283743403042,0.3306460737280101,0.356774833561291,0.2486243189426956,0.3946008474960132,2024,H
2024-12-07,Aston Villa,Southampton,0.1473885326778197,0.2081128344802375,0.6444986328419425,0.6946181191234398,0.1765175072931814,0.1288643735833786,2024,H
2024-12-07,Brentford,Newcastle,0.4469780827755257,0.232040598630712,0.3209813185937626,0.3357260950914902,0.2559243478030182,0.4083495571054915,2024,H
2024-12-07,Crystal Palace,Man City,0.6257846081709186,0.1915107581668866,0.1827046336621947,0.1729564875051426,0.2230725850265232,0.603970927468334,2024,D
2024-12-07,Man United,Nott'm Forest,0.1966919203827106,0.2353488329377075,0.5679592466795813,0.5739974590940573,0.2405334237024019,0.1854691172035407,2024,A
2024-12-08,Fulham,Arsenal,0.5835070816490007,0.2083344358669327,0.2081584824840666,0.1817032868814722,0.2232859561141859,0.5950107570043419,2024,D
2024-12-08,Ipswich,Bournemouth,0.4684457263718578,0.2437968476336917,0.2877574259944506,0.2745205815134802,0.2577611424701219,0.4677182760163978,2024,A
2024-12-08,Tottenham,Chelsea,0.4733542984102241,0.2381911643984905,0.2884545371912849,0.2937754630767479,0.2412258762032162,0.4649986607200358,2024,A
2024-12-08,Leicester,Brighton,0.5821844080969154,0.2001551896500489,0.2176604022530359,0.2102126731037371,0.2397748224694093,0.5500125044268536,2024,D
2024-12-09,West Ham,Wolves,0.1981137311416947,0.2330398549207856,0.5688464139375198,0.4971579387096251,0.2489776150073274,0.2538644462830475,2024,H
2024-12-14,Arsenal,Everton,0.0863060644614377,0.1410842718290686,0.772609663709493,0.775395743735946,0.146728450807214,0.0778758054568398,2024,D
2024-12-14,Liverpool,Fulham,0.0942014675682186,0.1246855835015844,0.7811129489301968,0.7202071325732482,0.1690505158993632,0.1107423515273885,2024,D
2024-12-14,Newcastle,Leicester,0.1515643837536859,0.1893118324339723,0.659123783812342,0.7248848233910098,0.1661083166146587,0.1090068599943315,2024,H
2024-12-14,Wolves,Ipswich,0.2148737358121643,0.2453117077851691,0.5398145564026664,0.5029355543418896,0.2501365374112507,0.2469279082468596,2024,A
2024-12-14,Nott'm Forest,Aston Villa,0.3108748412217169,0.3076518567726852,0.381473302005598,0.3625311993210556,0.2830513402570205,0.3544174604219238,2024,H
2024-12-15,Brighton,Crystal Palace,0.1994149050460201,0.2352950220930217,0.5652900728609577,0.5085479193302784,0.2489172876119369,0.2425347930577847,2024,A
2024-12-15,Man City,Man United,0.1786340643615125,0.2081554847686505,0.6132104508698368,0.6070175631009578,0.2081263692851891,0.1848560676138529,2024,A
2024-12-15,Chelsea,Brentford,0.1120437216971219,0.1647735698720387,0.7231827084308393,0.7155036478831489,0.1592001511246871,0.125296200992164,2024,H
2024-12-15,Southampton,Tottenham,0.5635169212391111,0.2169536507692435,0.2195294279916458,0.2231000689286157,0.2155506937106995,0.5613492373606848,2024,A
2024-12-16,Bournemouth,West Ham,0.1772554505262128,0.2176998614729217,0.6050446880008651,0.5588734679608593,0.2325492477488506,0.20857728429029,2024,D
2024-12-21,Crystal Palace,Arsenal,0.6409503669750422,0.1822147053814102,0.1768349276435478,0.1594414057836535,0.2301752216957211,0.6103833725206254,2024,A
2024-12-21,Ipswich,Newcastle,0.5145826450310702,0.2240778750307648,0.2613394799381653,0.2055481996940083,0.2453735382945692,0.5490782620114224,2024,A
2024-12-21,West Ham,Brighton,0.4431505920314562,0.2458460530238918,0.3110033549446521,0.3340641687697226,0.2586692898167193,0.4072665414135581,2024,D
2024-12-21,Aston Villa,Man City,0.5077342096818626,0.2135731773766865,0.2786926129414508,0.292386414719483,0.255110800595603,0.4525027846849141,2024,H
2024-12-21,Brentford,Nott'm Forest,0.2785813471045595,0.2995348693701024,0.4218837835253386,0.4145479769329798,0.2656792837701998,0.3197727392968203,2024,A
2024-12-22,Everton,Chelsea,0.5867178948652956,0.2381064719452781,0.1751756331894259,0.1856395106411156,0.2291802883421354,0.5851802010167491,2024,D
2024-12-22,Fulham,Southampton,0.1602309260288962,0.2417311698689357,0.5980379041021685,0.6667441968609933,0.1949994440871644,0.1382563590518423,2024,D
2024-12-22,Leicester,Wolves,0.321507179693548,0.2815949491136626,0.3968978711927897,0.3787691569997972,0.2706600520074507,0.3505707909927522,2024,A
2024-12-22,Man United,Bournemouth,0.2043301927422756,0.2339172975990849,0.561752509658639,0.5223527866224135,0.2462745684385438,0.2313726449390427,2024,A
2024-12-22,Tottenham,Liverpool,0.5422896474274959,0.2349107551203356,0.2227995974521684,0.2223514190797591,0.229384436772523,0.5482641441477177,2024,A
2024-12-26,Man City,Everton,0.1502330087193116,0.1781858362332014,0.6715811550474868,0.7071619074908803,0.1722949293011671,0.1205431632079526,2024,D
2024-12-26,Nott'm Forest,Tottenham,0.2980461038657259,0.2858041250613171,0.4161497710729571,0.4094879448455972,0.2521812734190721,0.3383307817353305,2024,H
2024-12-26,Wolves,Man United,0.541579972506323,0.2052782886012365,0.2531417388924407,0.2503616080032874,0.2569601017502645,0.492678290246448,2024,H
2024-12-26,Southampton,West Ham,0.4689941630200234,0.2402849048170767,0.2907209321628996,0.2942988342692273,0.2658743979420202,0.4398267677887525,2024,A
2024-12-26,Liverpool,Leicester,0.0536731270593009,0.1472098561650209,0.7991170167756779,0.8817644050136484,0.0766388342941801,0.0415967606921714,2024,H
2024-12-26,Newcastle,Aston Villa,0.2200234587832497,0.2392384443057947,0.5407380969109552,0.499284885139175,0.247081404309774,0.253633710551051,2024,H
2024-12-26,Chelsea,Fulham,0.1088765871018664,0.1561107729191344,0.7350126399789988,0.6416435247340746,0.1995497894187963,0.1588066858471289,2024,A
2024-12-26,Bournemouth,Crystal Palace,0.2165733043253956,0.2460049867401905,0.5374217089344137,0.4999134049186006,0.253333910633876,0.2467526844475234,2024,D
2024-12-27,Arsenal,Ipswich,0.0665044185365375,0.1100337049492856,0.8234618765141763,0.8300707110737012,0.1092043284740622,0.0607249604522364,2024,H
2024-12-27,Brighton,Brentford,0.1812896864040432,0.2366980415164481,0.5820122720795085,0.5832947365265208,0.2171567822543723,0.1995484812191069,2024,D
2024-12-29,West Ham,Liverpool,0.6729933465355923,0.1793184324229992,0.1476882210414083,0.1360806871010952,0.1859454206392982,0.6779738922596066,2024,A
2024-12-29,Fulham,Bournemouth,0.2928782639496748,0.2975049782405422,0.4096167578097831,0.4081225663959477,0.2635643391039074,0.3283130945001448,2024,D
2024-12-29,Tottenham,Wolves,0.1798973053858233,0.2270125291671873,0.5930901654469892,0.5913667606286442,0.1932028806425454,0.2154303587288102,2024,D
2024-12-29,Crystal Palace,Southampton,0.187610335302641,0.2358792667263207,0.5765103979710381,0.5952730990035591,0.2331722099690767,0.171554691027364,2024,H
2024-12-29,Leicester,Man City,0.6532991478391692,0.1710060157250226,0.1756948364358082,0.1232633430967636,0.1697408730167353,0.7069957838865011,2024,A
2024-12-29,Everton,Nott'm Forest,0.3276238926175899,0.3180205288175908,0.3543555785648191,0.3648208469055374,0.2964169381107491,0.3387622149837133,2024,A
2024-12-30,Aston Villa,Brighton,0.225195661955478,0.2481323796793362,0.526671958365185,0.4899051183462229,0.248154266750486,0.2619406149032908,2024,D
2024-12-30,Ipswich,Chelsea,0.632229209820148,0.1940351595460282,0.1737356306338238,0.142703618610934,0.1939759256797235,0.6633204557093424,2024,H
2024-12-30,Man United,Newcastle,0.3922535435060922,0.288291928018998,0.3194545284749097,0.3533919165293901,0.2687950480374759,0.377813035433134,2024,A
2025-01-01,Brentford,Arsenal,0.7054505645620687,0.1550799191007037,0.139469516337228,0.1494499831482396,0.2004684002768085,0.6500816165749519,2024,A
2025-01-04,Brighton,Arsenal,0.5450579169668466,0.2441659919350845,0.2107760910980687,0.2180029126698422,0.245797063885172,0.5362000234449857,2024,D
2025-01-04,Aston Villa,Leicester,0.1561042085735949,0.2080166243023772,0.6358791671240279,0.7173967501590606,0.1734795777657365,0.1091236720752028,2024,H
2025-01-04,Crystal Palace,Chelsea,0.5195589838893243,0.2101921232063458,0.2702488929043298,0.2540722051255026,0.2523386910724087,0.4935891038020887,2024,D
2025-01-04,Tottenham,Newcastle,0.4308085973439312,0.2577287472991602,0.3114626553569084,0.3313969032531907,0.2466391837649322,0.421963912981877,2024,A
2025-01-04,Man City,West Ham,0.1545562510535483,0.1700821743308947,0.6753615746155566,0.7242879525488221,0.1549997202171115,0.1207123272340663,2024,H
2025-01-04,Southampton,Brentford,0.4312477048071764,0.2494143976124216,0.319337897580402,0.3384442025355657,0.272476304279082,0.3890794931853522,2024,A
2025-01-04,Bournemouth,Everton,0.1930572830510778,0.2432442072026511,0.5636985097462706,0.5440137858304999,0.2555759485592215,0.2004102656102785,2024,H
2025-01-05,Fulham,Ipswich,0.1530014512398265,0.2175377953638213,0.629460753396352,0.6134283499197928,0.2212127035800892,0.165358946500118,2024,D
2025-01-05,Liverpool,Man United,0.0896354999968842,0.1869577152269683,0.7234067847761473,0.7357445177308919,0.1550409920520971,0.109214490217011,2024,D
2025-01-06,Wolves,Nott'm Forest,0.4065875017596511,0.3005118175082957,0.2929006807320528,0.2976999716274738,0.2929084429905356,0.4093915853819905,2024,A
2025-01-14,Nott'm Forest,Liverpool,0.5227441034672803,0.1917905635340747,0.2854653329986449,0.1861333346738725,0.2325137956372727,0.5813528696888547,2024,D
2025-01-14,West Ham,Fulham,0.4171593986322016,0.2831878958981687,0.2996527054696296,0.3205471813505054,0.2804613913054519,0.3989914273440426,2024,H
2025-01-14,Brentford,Man City,0.5565604026215862,0.2168360527264828,0.2266035446519309,0.2045239116017658,0.2174560721869787,0.5780200162112554,2024,D
2025-01-14,Chelsea,Bournemouth,0.1335659565103418,0.1862931634735908,0.6801408800160673,0.6416435247340746,0.1995497894187963,0.1588066858471289,2024,D
2025-01-15,Everton,Aston Villa,0.4278727207798203,0.2559723862467416,0.3161548929734379,0.2991158380383976,0.2943196517167766,0.4065645102448258,2024,A
2025-01-15,Leicester,Crystal Palace,0.5208551193813789,0.2369212494322122,0.2422236311864088,0.2482191783882543,0.2600360525312946,0.4917447690804509,2024,A
2025-01-15,Newcastle,Wolves,0.1120248557165105,0.1574381940840368,0.7305369501994525,0.7042207060924228,0.1741345745973991,0.121644719310178,2024,H
2025-01-15,Arsenal,Tottenham,0.1073216646257167,0.1761919526069793,0.7164863827673039,0.675542714895629,0.1807821213511897,0.1436751637531811,2024,H
2025-01-16,Man United,Southampton,0.1693745880851284,0.2176448414311576,0.6129805704837138,0.7385574905651069,0.1594038664456101,0.1020386429892829,2024,H
2025-01-16,Ipswich,Brighton,0.4851270842763431,0.2342436797248644,0.2806292359987926,0.244242916212081,0.2557282412347783,0.5000288425531407,2024,A
2025-01-18,Arsenal,Aston Villa,0.1217594340071354,0.1803581772622683,0.6978823887305957,0.6368703781185772,0.2218683658215824,0.1412612560598403,2024,D
2025-01-18,West Ham,Crystal Palace,0.3441094996552188,0.2865936217983534,0.3692968785464275,0.3686199475084988,0.2751574396513797,0.3562226128401215,2024,A
2025-01-18,Brentford,Liverpool,0.7038181011873051,0.1666391606773104,0.1295427381353844,0.1526699093690639,0.1859043720076391,0.6614257186232969,2024,A
2025-01-18,Newcastle,Bournemouth,0.1792603705642967,0.2008523987850015,0.6198872306507013,0.5803642618533743,0.2259113419847958,0.19372439616183,2024,A
2025-01-18,Leicester,Fulham,0.5555868044943365,0.2042734672795921,0.2401397282260713,0.2287058430663883,0.2569952532629113,0.5142989036707004,2024,A
2025-01-19,Everton,Tottenham,0.4064543238581964,0.2356069917974458,0.357938684344358,0.3356945677747165,0.2718714873228403,0.3924339449024431,2024,H
2025-01-19,Man United,Brighton,0.2870113602123141,0.2617356825104659,0.45125295727722,0.457059915942975,0.2598312319077096,0.2831088521493153,2024,A
2025-01-19,Nott'm Forest,Southampton,0.1131956932617419,0.1869975471931267,0.6998067595451316,0.6805829390766132,0.1988195205733791,0.1205975403500075,2024,H
2025-01-19,Ipswich,Man City,0.6124735792575521,0.1811533102157747,0.2063731105266732,0.1226088255661594,0.176705140810521,0.7006860336233195,2024,A
2025-01-20,Chelsea,Wolves,0.1215947756693345,0.1959469751794778,0.6824582491511876,0.702844927361536,0.1649963505810614,0.1321587220574026,2024,H
2025-01-25,Bournemouth,Nott'm Forest,0.2237024620387776,0.2953623818895159,0.4809351560717064,0.4638054162719549,0.2605438644187086,0.2756507193093365,2024,H
2025-01-25,Brighton,Everton,0.1947964687297427,0.2309585748227596,0.5742449564474973,0.575437923296349,0.2467546219791909,0.17780745472446,2024,A
2025-01-25,Liverpool,Ipswich,0.0523439266005182,0.1015546263456634,0.846101447053818,0.8626655402824976,0.0823566943488633,0.054977765368639,2024,H
2025-01-25,Southampton,Newcastle,0.6358010487106566,0.2276251179709796,0.1365738333183636,0.1440534209577935,0.1817181344217657,0.6742284446204406,2024,A
2025-01-25,Wolves,Arsenal,0.7041319838930974,0.160512579685827,0.1353554364210754,0.1387008147307643,0.2062099442718962,0.6550892409973393,2024,A
2025-01-25,Man City,Chelsea,0.2447120241191828,0.2431722128117533,0.5121157630690637,0.4750243170447485,0.239237871306048,0.2857378116492035,2024,H
2025-01-26,Tottenham,Leicester,0.1569612677975188,0.2048279225570936,0.6382108096453877,0.6596762584724001,0.1774533791946065,0.1628703623329933,2024,A
2025-01-26,Fulham,Man United,0.2911932650302816,0.2857228843677655,0.4230838506019529,0.4114026398795487,0.2783017858008711,0.3102955743195802,2024,A
2025-01-26,Crystal Palace,Brentford,0.2857506527105501,0.2526377906506894,0.4616115566387605,0.4624441445327232,0.2545152245379095,0.2830406309293672,2024,A
2025-01-26,Aston Villa,West Ham,0.1542174672683661,0.2286507353078491,0.6171317974237849,0.6159629802543035,0.2190687364620787,0.1649682832836176,2024,D
2025-02-01,Ipswich,Southampton,0.23355949162595,0.2955061323949118,0.4709343759791384,0.4866595517609392,0.263607257203842,0.2497331910352187,2024,A
2025-02-01,Nott'm Forest,Brighton,0.2960881590022612,0.2870680221261374,0.4168438188716014,0.3929677319730066,0.2711248432111441,0.3359074248158493,2024,H
2025-02-01,Newcastle,Fulham,0.179396628008671,0.2086224559950782,0.6119809159962505,0.5583380500028645,0.2379884093651544,0.2036735406319809,2024,A
2025-02-01,Wolves,Aston Villa,0.451744381108964,0.2638585089320794,0.2843971099589565,0.2836565139065196,0.2639160211923349,0.4524274649011455,2024,H
2025-02-01,Everton,Leicester,0.2122748001474244,0.2455179869002757,0.5422072129523,0.5338288939362654,0.257932411039989,0.2082386950237456,2024,H
2025-02-01,Bournemouth,Liverpool,0.50908566941324,0.2119264069675111,0.2789879236192485,0.2090700642357993,0.2230690948468158,0.5678608409173849,2024,A
2025-02-02,Brentford,Tottenham,0.3168081542631398,0.2528254818877962,0.4303663638490639,0.4534642693751693,0.2441730681250912,0.3023626624997393,2024,A
2025-02-02,Man United,Crystal Palace,0.2650694754665648,0.2875261518858044,0.4474043726476309,0.4703527275055122,0.2720872939035101,0.2575599785909774,2024,A
2025-02-02,Arsenal,Man City,0.2301526975892674,0.2839871783775626,0.4858601240331701,0.4813835899793151,0.2678234888531372,0.2507929211675477,2024,H
2025-02-03,Chelsea,West Ham,0.1158588129385484,0.1894412597813654,0.6946999272800863,0.6936619744510377,0.181771303161751,0.1245667223872113,2024,H
2025-02-12,Everton,Liverpool,0.6933547681003133,0.167803531807178,0.1388417000925088,0.126984126984127,0.2116402116402116,0.6613756613756615,2024,D
2025-02-14,Brighton,Chelsea,0.4078288374082741,0.2841930937873959,0.3079780688043299,0.3506261180679785,0.2629695885509839,0.3864042933810375,2024,H
2025-02-15,Fulham,Nott'm Forest,0.2903342335708178,0.3037154580714574,0.4059503083577253,0.4322033898305084,0.2796610169491525,0.288135593220339,2024,H
2025-02-15,Leicester,Arsenal,0.723347965931722,0.158575473566758,0.1180765605015197,0.1099991729385493,0.1869985939955339,0.7030022330659168,2024,A
2025-02-15,Aston Villa,Ipswich,0.137067250063703,0.2277864040273,0.6351463459089972,0.6690140845070423,0.1971830985915492,0.1338028169014084,2024,D
2025-02-15,Man City,Newcastle,0.2214364120164317,0.2515207924880403,0.5270427954955276,0.4865718799368089,0.2259083728278041,0.2875197472353871,2024,H
2025-02-15,Southampton,Bournemouth,0.6469640263143422,0.1954394432443429,0.1575965304413147,0.1578947368421052,0.2105263157894737,0.6315789473684211,2024,A
2025-02-15,Crystal Palace,Everton,0.2262990763142458,0.2704651985402301,0.5032357251455241,0.5292652552926526,0.2801992528019925,0.1905354919053549,2024,A
2025-02-15,West Ham,Brentford,0.3272732111030307,0.2935582226719068,0.3791685662250627,0.4050632911392404,0.2644163150492264,0.330520393811533,2024,A
2025-02-16,Liverpool,Wolves,0.0602241528638255,0.100811985819621,0.8389638613165529,0.8067226890756303,0.1159663865546218,0.0773109243697478,2024,H
2025-02-16,Tottenham,Man United,0.3734254646538703,0.2815354424855377,0.3450390928605922,0.3863319112124727,0.2524035153254822,0.3612645734620451,2024,H
2025-02-19,Aston Villa,Liverpool,0.5029929317140897,0.2603983302503747,0.2366087380355356,0.2435372791695778,0.2374488471903383,0.5190138736400838,2024,D
2025-02-21,Leicester,Brentford,0.5252838696229092,0.2341154443388446,0.2406006860382461,0.2609477241676853,0.2472136334220176,0.4918386424102969,2024,A
2025-02-22,Bournemouth,Wolves,0.1560505287840504,0.1988288792548344,0.6451205919611148,0.6179775280898876,0.2101123595505617,0.1719101123595505,2024,A
2025-02-22,Arsenal,West Ham,0.0903396099570656,0.1386922303214115,0.7709681597215223,0.7470119521912351,0.158117529880478,0.0948705179282868,2024,A
2025-02-22,Everton,Man United,0.3018445208059623,0.2792487152203175,0.4189067639737205,0.3783122706889523,0.2955564614757439,0.3261312678353036,2024,D
2025-02-22,Aston Villa,Chelsea,0.3478035907424751,0.2852688247240946,0.3669275845334304,0.3590576766856215,0.2777416734362307,0.3632006498781478,2024,H
2025-02-22,Ipswich,Tottenham,0.4638601925384864,0.2492730939047095,0.2868667135568039,0.2327322218441647,0.2650561415447431,0.5022116366110921,2024,A
2025-02-22,Southampton,Brighton,0.6472110445908137,0.1717459735197574,0.1810429818894289,0.1578685877530741,0.2310272015898646,0.6111042106570612,2024,A
2025-02-22,Fulham,Crystal Palace,0.2495365401078163,0.2901440170190402,0.4603194428731434,0.4636078864934587,0.2795282845034089,0.2568638290031325,2024,A
2025-02-23,Newcastle,Nott'm Forest,0.1802993202917076,0.2186828606974921,0.6010178190108,0.5256916996047432,0.2490118577075098,0.225296442687747,2024,H
2025-02-23,Man City,Liverpool,0.3645395388335978,0.2641605151386925,0.3712999460277097,0.3291753291753291,0.2494802494802494,0.4213444213444213,2024,A
2025-02-25,Chelsea,Southampton,0.1375019206160044,0.1977209026955138,0.6647771766884819,0.8088978766430739,0.1183013144590495,0.0728008088978766,2024,H
2025-02-25,Wolves,Fulham,0.3291407152653417,0.3018780751510537,0.3689812095836045,0.3575297941495124,0.284940411700975,0.3575297941495124,2024,A
2025-02-25,Brighton,Bournemouth,0.2441341163016476,0.2714173062378466,0.4844485774605058,0.4689603590127151,0.2468212415856395,0.2842183994016455,2024,H
2025-02-25,Crystal Palace,Aston Villa,0.3192627123712209,0.2909931422571093,0.3897441453716696,0.3852691218130311,0.2776203966005666,0.3371104815864023,2024,H
2025-02-26,Man United,Ipswich,0.1994275326295174,0.248256272458913,0.5523161949115694,0.6217557060086298,0.2196965889591694,0.1585477050322006,2024,H
2025-02-26,Liverpool,Newcastle,0.1099431775694978,0.2106462201426093,0.6794106022878931,0.6272727272727273,0.2090909090909091,0.1636363636363636,2024,H
2025-02-26,Brentford,Everton,0.2805028921212377,0.2622023386766328,0.4572947692021292,0.473491773308958,0.2559414990859232,0.2705667276051188,2024,D
2025-02-26,Nott'm Forest,Arsenal,0.4058490429723374,0.267060945848255,0.3270900111794075,0.2448979591836734,0.2653061224489795,0.4897959183673468,2024,D
2025-02-26,Tottenham,Man City,0.4780715011178077,0.2438093452566707,0.2781191536255215,0.2909090909090909,0.2363636363636363,0.4727272727272727,2024,A
2025-02-27,West Ham,Leicester,0.1973082227209614,0.2555719569093391,0.5471198203696999,0.5848930481283423,0.2256016042780748,0.1895053475935829,2024,H
2025-03-08,Crystal Palace,Ipswich,0.1441082542136319,0.216997913152594,0.6388938326337743,0.6505067104902768,0.1985757326759792,0.1509175568337442,2024,H
2025-03-08,Liverpool,Southampton,0.0553574839974138,0.1028705728089992,0.8417719431935867,0.8473736372646186,0.1035678889990089,0.0490584737363726,2024,H
2025-03-08,Brentford,Aston Villa,0.3584286886382918,0.235736581555165,0.4058347298065431,0.4277950310559006,0.2476708074534161,0.3245341614906832,2024,A
2025-03-08,Wolves,Everton,0.3198223203108337,0.3065710582025064,0.3736066214866599,0.3647654845563001,0.3059323418859291,0.3293021735577709,2024,D
2025-03-08,Nott'm Forest,Man City,0.5094376180738707,0.2363941746731515,0.2541682072529778,0.2364720920323818,0.2522368981678739,0.5112910097997444,2024,H
2025-03-08,Brighton,Fulham,0.2470010714575751,0.2633918771205878,0.4896070514218369,0.4850444624090542,0.2627324171382377,0.2522231204527081,2024,H
2025-03-09,Man United,Arsenal,0.5497236990530311,0.2402605516155872,0.2100157493313814,0.1659693165969316,0.2726638772663877,0.5613668061366807,2024,D
2025-03-09,Tottenham,Bournemouth,0.4267778505973627,0.2609126430481068,0.3123095063545306,0.3519585253456221,0.2436635944700461,0.4043778801843318,2024,D
2025-03-09,Chelsea,Leicester,0.1022518512261327,0.1743704594789743,0.7233776892948931,0.802675585284281,0.1183946488294314,0.0789297658862876,2024,H
2025-03-10,West Ham,Newcastle,0.4101759406529555,0.2579689915974221,0.3318550677496221,0.2912772585669781,0.2784267912772585,0.4302959501557631,2024,A
2025-03-15,Everton,West Ham,0.2654225101948055,0.2831240433263289,0.4514534464788656,0.461623820972813,0.2957277603107083,0.2426484187164787,2024,D
2025-03-15,Ipswich,Nott'm Forest,0.4400719640587137,0.2775769406824413,0.2823510952588451,0.253393665158371,0.2714932126696832,0.4751131221719457,2024,A
2025-03-15,Man City,Brighton,0.1755618481114589,0.2056563061360697,0.618781845752471,0.5692192187805826,0.2195372044719567,0.2112435767474606,2024,D
2025-03-15,Southampton,Wolves,0.4614382507107271,0.2514405886761194,0.2871211606131533,0.2539208364451082,0.2763256161314414,0.4697535474234503,2024,A
2025-03-15,Bournemouth,Brentford,0.2017145154101274,0.2238632077458844,0.5744222768439882,0.5483028720626633,0.2258485639686684,0.2258485639686684,2024,A
2025-03-16,Arsenal,Chelsea,0.2204706066204972,0.2401794414609623,0.5393499519185404,0.5263157894736842,0.2631578947368421,0.2105263157894736,2024,H
2025-03-16,Fulham,Tottenham,0.271790034989657,0.2551547140774508,0.4730552509328921,0.4787234042553192,0.2553191489361702,0.2659574468085107,2024,H
2025-03-16,Leicester,Man United,0.5204016748754404,0.2166948444833135,0.2629034806412458,0.2107601184600197,0.2709772951628825,0.5182625863770978,2024,A
2025-04-01,Arsenal,Fulham,0.117274390862731,0.1854001931157709,0.6973254160214977,0.643819671016857,0.2200584556824361,0.1361218733007069,2024,H
2025-04-01,Wolves,West Ham,0.3046191515947085,0.2964726314399876,0.3989082169653044,0.3783122706889523,0.2955564614757439,0.3261312678353036,2024,H
2025-04-01,Nott'm Forest,Man United,0.2910987021605699,0.2980547656276024,0.4108465322118277,0.4134954884268341,0.2797175362887407,0.3067869752844253,2024,H
2025-04-02,Liverpool,Everton,0.1157463259448666,0.1389118071059466,0.7453418669491865,0.6934812760055478,0.188626907073509,0.1178918169209431,2024,H
2025-04-02,Southampton,Crystal Palace,0.6044460685347374,0.2002366726772691,0.1953172587879936,0.1649473486776881,0.2495913828675544,0.5854612684547574,2024,D
2025-04-02,Newcastle,Brentford,0.2009345653700402,0.2204264442105053,0.5786389904194543,0.5503745604647607,0.2115884421342302,0.238036997401009,2024,H
2025-04-02,Man City,Leicester,0.078371842735146,0.1552666582525619,0.7663614990122919,0.7874015748031497,0.1181102362204724,0.0944881889763779,2024,H
2025-04-02,Brighton,Aston Villa,0.2873185857180544,0.2426489689109773,0.4700324453709683,0.4607779125081615,0.2485775580636134,0.2906445294282249,2024,A
2025-04-02,Bournemouth,Ipswich,0.1574944817380604,0.2524781296380154,0.5900273886239242,0.6942607775720708,0.1798466014281936,0.1258926209997355,2024,A
2025-04-03,Chelsea,Tottenham,0.1752099288567609,0.2039898386161165,0.6208002325271222,0.5769230769230769,0.2115384615384615,0.2115384615384615,2024,H
2025-04-05,Ipswich,Wolves,0.3540315087000164,0.2954247965160487,0.3505436947839348,0.34997031547485,0.2907445697791062,0.3592851147460438,2024,A
2025-04-05,Everton,Arsenal,0.4753190071912774,0.2598704361434493,0.2648105566652731,0.1780821917808219,0.2876712328767123,0.5342465753424658,2024,D
2025-04-05,Aston Villa,Nott'm Forest,0.241630850477331,0.2747805815740586,0.4835885679486102,0.4833968426782798,0.2618399564507349,0.2547632008709852,2024,H
2025-04-05,Crystal Palace,Brighton,0.334152238866601,0.2731497005443742,0.3926980605890249,0.4012738853503184,0.2619426751592356,0.3367834394904458,2024,H
2025-04-05,West Ham,Bournemouth,0.3898260968572486,0.2701735959871376,0.3400003071556138,0.3163064833005893,0.2711198428290766,0.4125736738703339,2024,D
2025-04-06,Brentford,Chelsea,0.4486985158278573,0.2631337309088145,0.2881677532633279,0.296097934200459,0.2631981637337414,0.4407039020657995,2024,D
2025-04-06,Fulham,Liverpool,0.496336689092171,0.2738192217302895,0.2298440891775393,0.2107601184600197,0.2709772951628825,0.5182625863770978,2024,H
2025-04-06,Tottenham,Southampton,0.1586875884341271,0.236944059349343,0.60436835221653,0.6834257312177403,0.1714777289237239,0.1450965398585356,2024,H
2025-04-06,Man United,Man City,0.440965593445883,0.2523315218743261,0.3067028846797905,0.2806236080178174,0.2650334075723831,0.4543429844097996,2024,D
2025-04-07,Leicester,Newcastle,0.558564948990968,0.2453141458829023,0.1961209051261296,0.1441023738872403,0.2230155786350148,0.6328820474777448,2024,A
2025-04-12,Arsenal,Brentford,0.1645447265226169,0.1996084500514432,0.6358468234259395,0.5918858330143802,0.2187107004210181,0.1894034665646017,2024,D
2025-04-12,Southampton,Aston Villa,0.6418983799669766,0.1743271710421934,0.1837744489908299,0.1587417702999268,0.226773957571324,0.6144842721287491,2024,A
2025-04-12,Brighton,Leicester,0.1224772929654481,0.1826747767947941,0.694847930239758,0.744047619047619,0.159970238095238,0.0959821428571428,2024,D
2025-04-12,Nott'm Forest,Everton,0.2526728853512905,0.2880363179308146,0.459290796717895,0.4537346711259755,0.2887402452619844,0.2575250836120401,2024,A
2025-04-12,Man City,Crystal Palace,0.141241061815396,0.2136275619910877,0.6451313761935158,0.6342525399129173,0.2002902757619738,0.1654571843251088,2024,H
2025-04-13,Wolves,Tottenham,0.3117513510414684,0.2748066607449896,0.4134419882135423,0.4308880308880309,0.2633204633204634,0.3057915057915058,2024,H
2025-04-13,Newcastle,Man United,0.1732860097669695,0.2151863689719289,0.6115276212611014,0.5746381507885073,0.2257507020954849,0.1996111471160077,2024,H
2025-04-13,Liverpool,West Ham,0.0899267684620205,0.1342019891554076,0.7758712423825714,0.7250755287009064,0.1570996978851964,0.1178247734138973,2024,H
2025-04-13,Chelsea,Ipswich,0.104629584100384,0.1824306011962092,0.7129398147034071,0.751404937803877,0.1363263244301319,0.112268737765991,2024,D
2025-04-14,Bournemouth,Fulham,0.2808987580059959,0.2609321189006667,0.4581691230933373,0.4413450515857852,0.2711119602598395,0.2875429881543752,2024,H
2025-04-16,Newcastle,Crystal Palace,0.1967557502084363,0.2217386967725449,0.5815055530190185,0.5674708261793209,0.2429939178767861,0.1895352559438931,2024,H
2025-04-19,West Ham,Southampton,0.1803648030505552,0.2447759533056119,0.5748592436438329,0.6371481479804588,0.2177781198639905,0.1450737321555506,2024,D
2025-04-19,Crystal Palace,Bournemouth,0.3609764775130558,0.2730616278445466,0.3659618946423977,0.3828316115075915,0.2605381800537775,0.3566302084386309,2024,D
2025-04-19,Everton,Man City,0.4759150205848066,0.2335633637824709,0.2905216156327225,0.2522099548839085,0.2592157869640171,0.4885742581520741,2024,A
2025-04-19,Brentford,Brighton,0.3887144868078136,0.2551039127154086,0.3561816004767778,0.3917654769707442,0.2507299052612763,0.3575046177679795,2024,H
2025-04-19,Aston Villa,Newcastle,0.297652203805105,0.3174624900159511,0.3848853061789439,0.4039991838400326,0.2581105896755764,0.3378902264843909,2024,H
2025-04-20,Fulham,Chelsea,0.4317215587187483,0.2636979350366984,0.3045805062445529,0.3473831402317219,0.2534958050339592,0.3991210547343188,2024,A
2025-04-20,Ipswich,Arsenal,0.6755093641975043,0.166821018887398,0.1576696169150976,0.1177570093457943,0.2093457943925233,0.6728971962616822,2024,A
2025-04-20,Leicester,Liverpool,0.7528104385054155,0.1480074860955556,0.0991820753990288,0.0849156411826939,0.1494515284815412,0.7656328303357648,2024,A
2025-04-20,Man United,Wolves,0.2619464041362657,0.2810461705897648,0.4570074252739692,0.4736842105263157,0.2631578947368421,0.2631578947368421,2024,A
2025-04-21,Tottenham,Nott'm Forest,0.3650706792502562,0.2895019089461575,0.3454274118035861,0.3828316115075915,0.2605381800537775,0.3566302084386309,2024,A
2025-04-22,Man City,Aston Villa,0.2043780614003909,0.2387183933050013,0.5569035452946072,0.5261599210266535,0.2309970384995064,0.2428430404738401,2024,H
2025-04-23,Arsenal,Crystal Palace,0.0997746605168414,0.1599780312208727,0.7402473082622859,0.6750355281856939,0.1989578398863097,0.1260066319279962,2024,D
2025-04-26,Newcastle,Ipswich,0.0636121049552124,0.1493922004594842,0.786995694585303,0.8012162051113485,0.1260580162708521,0.0727257786177993,2024,H
2025-04-26,Southampton,Fulham,0.6033476319935025,0.1945677642059228,0.2020846038005747,0.1787709497206703,0.2346368715083799,0.5865921787709497,2024,A
2025-04-26,Wolves,Leicester,0.1763863148283073,0.2088332872006291,0.6147803979710635,0.6261180679785332,0.2236135957066189,0.1502683363148479,2024,H
2025-04-26,Chelsea,Everton,0.1565254977139807,0.2107759474566143,0.6326985548294047,0.6075949367088608,0.2354430379746835,0.1569620253164557,2024,H
2025-04-26,Brighton,West Ham,0.1814078428247347,0.2265645251299234,0.5920276320453415,0.5716905706876048,0.2273150602495952,0.2009943690627999,2024,H
2025-04-27,Liverpool,Tottenham,0.0875918743460927,0.1328070336972752,0.7796010919566317,0.7564469914040115,0.157593123209169,0.0859598853868194,2024,H
2025-04-27,Bournemouth,Man United,0.2136096401627817,0.2293182977896045,0.5570720620476137,0.5590930268675262,0.2334213387171921,0.2074856344152818,2024,D
2025-05-01,Nott'm Forest,Brentford,0.2668103584086944,0.2751132153518447,0.4580764262394609,0.4394012554321583,0.269917914051183,0.2906808305166586,2024,A
2025-05-02,Man City,Wolves,0.1189759740848928,0.1912935215539618,0.6897305043611452,0.6750355281856939,0.1989578398863097,0.1260066319279962,2024,H
2025-05-03,Aston Villa,Fulham,0.198623915366276,0.2399643427289001,0.5614117419048236,0.536097212294496,0.2530378842030021,0.2108649035025017,2024,H
2025-05-03,Arsenal,Bournemouth,0.2748978815247074,0.2714027651688132,0.4536993533064795,0.4636078864934587,0.2568638290031325,0.2795282845034089,2024,A
2025-05-03,Everton,Ipswich,0.1694461403913152,0.2377903535091045,0.5927635060995806,0.6418691631412705,0.2149446389272153,0.1431861979315142,2024,D
2025-05-03,Leicester,Southampton,0.3285666508317459,0.2749012014943709,0.3965321476738835,0.4102564102564102,0.2621082621082621,0.3276353276353276,2024,H
2025-05-04,Brentford,Man United,0.1971208317017107,0.2190022755227562,0.5838768927755323,0.5714914533049666,0.2299904629154134,0.19851808377962,2024,H
2025-05-04,Brighton,Newcastle,0.4242450523080969,0.2965124063985749,0.279242541293328,0.3299728576967816,0.2568437378829002,0.4131834044203179,2024,D
2025-05-04,West Ham,Tottenham,0.31355231098593,0.2504335926250696,0.4360140963890007,0.4517280240420736,0.2563861758076634,0.291885800150263,2024,D
2025-05-04,Chelsea,Liverpool,0.2633464046057754,0.3011027902358,0.4355508051584246,0.439632042928325,0.2554618627826753,0.3049060942889996,2024,H
2025-05-05,Crystal Palace,Nott'm Forest,0.3019338691044785,0.2858232175741197,0.4122429133214018,0.4228527011270889,0.2798289933929265,0.2973183054799844,2024,D
2025-05-10,Fulham,Everton,0.2241400118297055,0.2674839369291927,0.5083760512411014,0.5155333917379877,0.2759619920479817,0.2085046162140306,2024,A
2025-05-10,Ipswich,Brentford,0.5480328987492967,0.2402997424293657,0.2116673588213372,0.1893830703012912,0.236728837876614,0.5738880918220947,2024,A
2025-05-10,Southampton,Man City,0.7279539287751586,0.1689542777010622,0.103091793523779,0.0859598853868194,0.1260744985673352,0.7879656160458453,2024,D
2025-05-10,Wolves,Brighton,0.3454849265042075,0.283272582241558,0.3712424912542347,0.3507014028056112,0.2705410821643286,0.3787575150300601,2024,A
2025-05-10,Bournemouth,Aston Villa,0.3271656805568249,0.2944689582249277,0.3783653612182474,0.3937947494033413,0.2625298329355609,0.3436754176610979,2024,A
2025-05-11,Liverpool,Arsenal,0.2240888648214357,0.2529319546718738,0.5229791805066901,0.4736842105263157,0.2631578947368421,0.2631578947368421,2024,D
2025-05-11,Tottenham,Crystal Palace,0.3892934690477332,0.2699160974479733,0.3407904335042938,0.3593818631953041,0.262548416723236,0.3780697200814599,2024,A
2025-05-11,Man United,West Ham,0.2487708397214663,0.2570729636064987,0.4941561966720347,0.4993065187239944,0.2635228848821082,0.2371705963938973,2024,A
2025-05-11,Nott'm Forest,Leicester,0.1493469224398473,0.1991384242471106,0.6515146533130418,0.7044320516583504,0.1784561197534487,0.1171118285882007,2024,D
2025-05-11,Newcastle,Chelsea,0.2486784899812882,0.2673459792914408,0.4839755307272708,0.4469434832756632,0.2502883506343714,0.3027681660899654,2024,H
2025-05-16,Aston Villa,Tottenham,0.0978288897724642,0.2095769452764017,0.6925941649511341,0.730136005726557,0.1581961345740873,0.1116678596993557,2024,H
2025-05-16,Chelsea,Man United,0.1116007425133402,0.2044412670424885,0.6839579904441712,0.6585879873551107,0.1896733403582719,0.1517386722866175,2024,H
2025-05-18,West Ham,Nott'm Forest,0.3678797218706975,0.2883060916030758,0.3438141865262267,0.3434343434343433,0.2861952861952861,0.3703703703703703,2024,A
2025-05-18,Brentford,Fulham,0.2397091380941189,0.2250963144561345,0.5351945474497464,0.4949762030671601,0.242411422527763,0.2626123744050766,2024,A
2025-05-18,Leicester,Ipswich,0.3084992274929433,0.2693454741970058,0.4221552983100513,0.4111855061047657,0.2627018511224891,0.3261126427727451,2024,H
2025-05-18,Arsenal,Newcastle,0.2300760748274422,0.2532865107844996,0.5166374143880583,0.4868421052631579,0.256578947368421,0.256578947368421,2024,H
2025-05-18,Everton,Southampton,0.1605464458086939,0.2268987636816394,0.6125547905096664,0.6750355281856939,0.1989578398863097,0.1260066319279962,2024,H
2025-05-19,Brighton,Liverpool,0.3762481981071143,0.276911436768334,0.3468403651245515,0.3630346735157562,0.2517040403042576,0.3852612861799862,2024,H
2025-05-20,Crystal Palace,Wolves,0.2749931852696554,0.2887981744741612,0.4362086402561834,0.4192972007147111,0.2858844550327576,0.2948183442525313,2024,H
2025-05-20,Man City,Bournemouth,0.1500388519563728,0.1797388502676934,0.6702222977759337,0.6144269091716742,0.219944967486396,0.1656281233419295,2024,H
2025-05-25,Man United,Aston Villa,0.5104657891974212,0.2585814996798927,0.2309527111226858,0.2184354636399791,0.2251965613240737,0.556367975035947,2024,H
2025-05-25,Fulham,Man City,0.6009927205358517,0.2116864512541152,0.1873208282100328,0.1881298992161254,0.2239641657334826,0.5879059350503919,2024,A
2025-05-25,Bournemouth,Leicester,0.168168945120725,0.1886932940362823,0.6431377608429925,0.7093184979137691,0.1796940194714881,0.1109874826147427,2024,H
2025-05-25,Ipswich,West Ham,0.498873253951089,0.2350111647513775,0.2661155812975335,0.3171471927162367,0.2503793626707132,0.4324734446130501,2024,A
2025-05-25,Liverpool,Crystal Palace,0.1077374266511726,0.1505030264868509,0.7417595468619758,0.6771344455348381,0.1579980372914622,0.1648675171736997,2024,D
2025-05-25,Tottenham,Brighton,0.5327276137341914,0.2390884137819966,0.2281839724838122,0.2251965613240737,0.2184354636399791,0.556367975035947,2024,A
2025-05-25,Newcastle,Everton,0.1025577892822184,0.1483649595066978,0.7490772512110836,0.7151598592626587,0.1729386568762429,0.1119014838610983,2024,A
2025-05-25,Nott'm Forest,Chelsea,0.4108517580851418,0.2717795234488958,0.3173687184659625,0.3160919540229885,0.2528735632183908,0.4310344827586207,2024,A
2025-05-25,Southampton,Arsenal,0.6825573289355166,0.1679878791157291,0.149454791948754,0.1116678596993557,0.1581961345740873,0.730136005726557,2024,A
2025-05-25,Wolves,Brentford,0.4118201673164461,0.2760198930214454,0.3121599396621087,0.3531359563693027,0.2576938059992208,0.3891702376314764,2024,D
2025-08-15,Liverpool,Bournemouth,0.1233769694393456,0.1735088161147197,0.703114214445935,0.7181753474960468,0.163843829998908,0.1179808225050451,2025,H
2025-08-16,Aston Villa,Newcastle,0.3367759992290323,0.2679246420682112,0.3952993587027565,0.4116152781559766,0.2637967490504325,0.3245879727935908,2025,D
2025-08-16,Brighton,Fulham,0.2650257313697351,0.2566630939728911,0.4783111746573737,0.4971413156065318,0.2630717973896526,0.2397868870038156,2025,D
2025-08-16,Sunderland,West Ham,0.4568644671155397,0.2696579864302181,0.2734775464542422,0.2990415110343811,0.2791427610925031,0.4218157278731157,2025,H
2025-08-16,Tottenham,Burnley,0.1878796810749428,0.2024831033822122,0.6096372155428448,0.6858298701369305,0.1989294218565425,0.1152407080065269,2025,H
2025-08-16,Wolves,Man City,0.6743719563513337,0.1871608443145982,0.1384671993340678,0.145973887297408,0.2027611239344281,0.651264988768164,2025,A
2025-08-17,Chelsea,Crystal Palace,0.2087981145275231,0.2317596115086531,0.5594422739638233,0.5849385308808286,0.2208677787930335,0.1941936903261378,2025,D
2025-08-17,Nott'm Forest,Brentford,0.3205892627855092,0.2636093031833646,0.4158014340311261,0.438621544430673,0.2848386053780244,0.2765398501913024,2025,H
2025-08-17,Man United,Arsenal,0.4921339615945168,0.2473423665244065,0.2605236718810765,0.2692572944297082,0.2652785145888594,0.4654641909814324,2025,A
2025-08-18,Leeds,Everton,0.3717021401970123,0.2893420020703348,0.3389558577326531,0.3947662581016135,0.2880897707824037,0.3171439711159827,2025,H
2025-08-22,West Ham,Chelsea,0.5818698185474426,0.2122965316582893,0.2058336497942678,0.2030966084553009,0.2466072470556126,0.5502961444890864,2025,A
2025-08-23,Arsenal,Leeds,0.1040298185776936,0.1783331679719112,0.7176370134503949,0.74920496891495,0.155415151488056,0.0953798795969938,2025,H
2025-08-23,Bournemouth,Wolves,0.1976432678749917,0.2376816819466292,0.5646750501783785,0.5287722086568427,0.2458774464847699,0.2253503448583874,2025,H
2025-08-23,Brentford,Aston Villa,0.4363768402542505,0.2627281396816709,0.3008950200640786,0.3046497931007194,0.2660709529846305,0.42927925391465,2025,H
2025-08-23,Burnley,Sunderland,0.2927799260765363,0.2948960521296991,0.4123240217937647,0.421945814203847,0.2965272162566249,0.2815269695395281,2025,H
2025-08-23,Man City,Tottenham,0.1264340384851105,0.1749820107057438,0.6985839508091454,0.6409402098295666,0.2077996956253775,0.1512600945450559,2025,A
2025-08-24,Crystal Palace,Nott'm Forest,0.323201069252847,0.2884444750864792,0.388354455660674,0.4027782282856984,0.2868269201428458,0.3103948515714557,2025,D
2025-08-24,Everton,Brighton,0.4285044081688889,0.2771869756639282,0.2943086161671829,0.3122012369189562,0.2860028121737714,0.4017959509072724,2025,H
2025-08-24,Fulham,Man United,0.4375717707333435,0.2420277502492818,0.3204004790173747,0.2886851251559402,0.2663582744317348,0.4449566004123249,2025,D
2025-08-25,Newcastle,Liverpool,0.457367353881134,0.2345936990880447,0.3080389470308209,0.2846381339498778,0.2457436393911919,0.4696182266589304,2025,A
2025-08-30,Leeds,Newcastle,0.4452055859191383,0.2648308659148257,0.2899635481660361,0.2806189298471887,0.2742162514552997,0.4451648186975115,2025,D
2025-08-30,Tottenham,Bournemouth,0.1887570827383593,0.2095345346966296,0.6017083825650109,0.5500557891889037,0.2315631538420901,0.2183810569690061,2025,A
2025-08-30,Wolves,Everton,0.3842321776000518,0.3026108961378535,0.3131569262620944,0.3560539623849729,0.2976221182254327,0.3463239193895944,2025,A
2025-08-30,Man United,Burnley,0.1709278339805527,0.1931044571681334,0.635967708851314,0.7033652414439144,0.1801924281121615,0.116442330443924,2025,H
2025-08-30,Sunderland,Brentford,0.4244324240291351,0.2714154298769919,0.3041521460938731,0.321540748015481,0.2873622749619368,0.3910969770225823,2025,H
2025-08-30,Chelsea,Fulham,0.1777497983351927,0.2019882782571931,0.620261923407614,0.607379767694036,0.2132985866058199,0.1793216457001439,2025,H
2025-08-31,Aston Villa,Crystal Palace,0.2294413694335758,0.272731352211706,0.4978272783547182,0.5006067452173378,0.2629460416165705,0.2364472131660916,2025,A
2025-08-31,Liverpool,Arsenal,0.2605652277738002,0.2703712587336584,0.4690635134925411,0.4362347575093839,0.2672968459378036,0.2964683965528124,2025,H
2025-08-31,Brighton,Man City,0.5221434149503122,0.2235749668230861,0.2542816182266017,0.2468381976446492,0.2436123911930363,0.5095494111623142,2025,H
2025-08-31,Nott'm Forest,West Ham,0.2010581447566376,0.2460790948033322,0.5528627604400299,0.5577819213431556,0.253755275139902,0.1884628035169423,2025,A
2025-09-13,Fulham,Leeds,0.2292050063211448,0.2702550695410206,0.5005399241378345,0.4914749146805778,0.2696011300423332,0.2389239552770888,2025,H
2025-09-13,Brentford,Chelsea,0.5011612919474745,0.2736429625102189,0.2251957455423062,0.2128532267160556,0.2428383178826995,0.5443084554012448,2025,D
2025-09-13,West Ham,Tottenham,0.4394155684184621,0.2636545014603186,0.2969299301212191,0.2825882267731363,0.2666630452496061,0.4507487279772575,2025,A
2025-09-13,Newcastle,Wolves,0.1520740634686755,0.2269384582119817,0.6209874783193429,0.6644734077395125,0.2025952688500518,0.1329313234104356,2025,H
2025-09-13,Bournemouth,Brighton,0.2968933854633777,0.2741197548394759,0.4289868596971463,0.3980980503231619,0.2701033939810251,0.3317985556958129,2025,H
2025-09-13,Arsenal,Nott'm Forest,0.1061640277132032,0.1566815107271838,0.7371544615596128,0.6868703230032167,0.1942174392172249,0.1189122377795583,2025,H
2025-09-13,Everton,Aston Villa,0.278907433202039,0.311083939631509,0.4100086271664525,0.3850094596426165,0.2880305559940401,0.3269599843633433,2025,D
2025-09-13,Crystal Palace,Sunderland,0.2066537564314833,0.2388433644393253,0.5545028791291912,0.5713670280629857,0.2553624917383291,0.1732704801986851,2025,D
2025-09-14,Burnley,Liverpool,0.7543089212691708,0.1316681116771874,0.1140229670536414,0.1164861871981562,0.1720458815558495,0.7114679312459942,2025,A
2025-09-14,Man City,Man United,0.1945386166723545,0.2362388977211557,0.5692224856064897,0.5364423728237351,0.2360274353677612,0.2275301918085036,2025,H
2025-09-20,Brighton,Tottenham,0.2986064723092104,0.2706490297332148,0.4307444979575751,0.4214398852851219,0.2598182664120837,0.3187418483027944,2025,D
2025-09-20,Burnley,Nott'm Forest,0.4333209475012144,0.2599528837880019,0.3067261687107835,0.2854691377580653,0.2832811922487988,0.4312496699931358,2025,D
2025-09-20,Man United,Chelsea,0.3991695869253223,0.2838137727448939,0.3170166403297834,0.3594013951725704,0.2515802150807732,0.3890183897466563,2025,H
2025-09-20,Liverpool,Everton,0.1203044633313624,0.1871066964912423,0.6925888401773952,0.6487442819967244,0.2026371555928778,0.1486185624103977,2025,H
2025-09-20,Fulham,Brentford,0.27521749684203,0.2771637359814132,0.4476187671765567,0.4684582812243471,0.2749788171747623,0.2565629016008904,2025,H
2025-09-20,West Ham,Crystal Palace,0.4133652694445765,0.2784836337003871,0.3081510968550364,0.3281871424214623,0.2749647795372505,0.3968480780412871,2025,A
2025-09-20,Wolves,Leeds,0.3893277450624555,0.256995088800238,0.3536771661373066,0.3560539623849729,0.2976221182254327,0.3463239193895944,2025,A
2025-09-21,Bournemouth,Newcastle,0.3111199091293189,0.2994271186425756,0.3894529722281056,0.3784586361803486,0.2742998636301926,0.3472415001894587,2025,D
2025-09-21,Sunderland,Aston Villa,0.4396607984715631,0.2634612164522653,0.2968779850761716,0.2745358090185676,0.2745358090185676,0.4509283819628648,2025,D
2025-09-21,Arsenal,Man City,0.2042553078209792,0.2438373316168686,0.5519073605621518,0.5061819696198824,0.2485909626639595,0.2452270677161582,2025,D
2025-09-27,Chelsea,Brighton,0.2088276256882059,0.2298831691591841,0.5612892051526095,0.5082791444463558,0.2442691668100235,0.2474516887436206,2025,A
2025-09-27,Brentford,Man United,0.5131759161070035,0.2230411900545523,0.2637828938384443,0.2777244027788678,0.2501441124970568,0.4721314847240753,2025,H
2025-09-27,Leeds,Bournemouth,0.3999856718309699,0.2793562265831444,0.3206581015858856,0.3155085292343905,0.2887899194377301,0.3957015513278794,2025,D
2025-09-27,Tottenham,Wolves,0.1621461102507639,0.2308164588793212,0.6070374308699147,0.6343600122808011,0.210745402896719,0.1548945848224798,2025,D
2025-09-27,Man City,Burnley,0.1068939417181997,0.1497759683424434,0.7433300899393563,0.8105493817622667,0.1269861875496133,0.06246443068812,2025,H
2025-09-27,Nott'm Forest,Sunderland,0.2081923117664617,0.2457492946858381,0.5460583935477,0.5358951814095678,0.2539249095740542,0.210179909016378,2025,A
2025-09-27,Crystal Palace,Liverpool,0.4388306037081378,0.2512134997594289,0.3099558965324331,0.2508278145695364,0.2508278145695364,0.4983443708609271,2025,H
2025-09-28,Newcastle,Arsenal,0.4173420568101501,0.2758018751159176,0.3068560680739318,0.2666630452496061,0.2825882267731363,0.4507487279772575,2025,A
2025-09-28,Aston Villa,Fulham,0.2816283731588436,0.2890258750166897,0.429345751824467,0.4163963445707725,0.3008026597684782,0.2828009956607491,2025,H
2025-09-29,Everton,West Ham,0.2085269845316385,0.2407808267528538,0.5506921887155075,0.5523357438980613,0.2542856275875019,0.1933786285144367,2025,D
2025-10-03,Bournemouth,Fulham,0.2530423064505058,0.2653308020414257,0.4816268915080684,0.4861111111111111,0.2708333333333333,0.2430555555555555,2025,H
2025-10-04,Leeds,Tottenham,0.3935438109642731,0.2717966550420276,0.3346595339936991,0.3472805259642091,0.2703582603804099,0.3823612136553809,2025,A
2025-10-04,Arsenal,West Ham,0.0828329285842681,0.1633371850286791,0.7538298863870526,0.7963526935306932,0.1430769430359998,0.0605703634333069,2025,H
2025-10-04,Man United,Sunderland,0.1812483190156857,0.2164141426712938,0.6023375383130203,0.6299852264887118,0.2051266988506985,0.1648880746605896,2025,H
2025-10-04,Chelsea,Liverpool,0.3938341577648293,0.3024818954015441,0.3036839468336264,0.3302675511887359,0.256115031877416,0.413617416933848,2025,H
2025-10-05,Wolves,Brighton,0.4973523257009673,0.2318477319966476,0.2707999423023848,0.2608429416887803,0.2608257645675915,0.4783312937436282,2025,D
2025-10-05,Brentford,Man City,0.5564761999507418,0.2359082920250302,0.2076155080242284,0.2033353250554836,0.2153327396263181,0.581331935318198,2025,A
2025-10-05,Newcastle,Nott'm Forest,0.1754002865948154,0.2196596558021098,0.6049400576030745,0.5987533422659317,0.2287075313230791,0.1725391264109892,2025,H
2025-10-05,Aston Villa,Burnley,0.1821490728596751,0.2254772937473233,0.5923736333930011,0.5951444295268189,0.2365716869687929,0.1682838835043882,2025,H
2025-10-05,Everton,Crystal Palace,0.3051170506755979,0.321943315506986,0.3729396338174162,0.3836698510551993,0.2944116471967248,0.3219185017480758,2025,H
2025-10-18,Fulham,Arsenal,0.7019637019230731,0.1598780159747522,0.1381582821021742,0.1607390180832694,0.2302397384019349,0.6090212435147957,2025,A
2025-10-18,Sunderland,Wolves,0.3077681795401634,0.2926172014433625,0.3996146190164741,0.3831593686354378,0.3109661405295315,0.3058744908350306,2025,H
2025-10-18,Man City,Everton,0.0982010843856217,0.1605478130329932,0.7412511025813849,0.6738067896726337,0.1932854741960659,0.1329077361313002,2025,H
2025-10-18,Burnley,Leeds,0.4441475526689606,0.2640587820158408,0.2917936653151982,0.2932690771266226,0.2909904957911758,0.4157404270822015,2025,H
2025-10-18,Brighton,Newcastle,0.3528224119834195,0.2944208914629745,0.3527566965536061,0.3616226136055431,0.2781190178013813,0.3602583685930755,2025,H
2025-10-18,Nott'm Forest,Chelsea,0.4803634727431092,0.2443802294428826,0.275256297814008,0.2555353063181971,0.2538440703212957,0.4906206233605072,2025,A
2025-10-18,Crystal Palace,Bournemouth,0.2654184485672344,0.2741197125493308,0.4604618388834348,0.4245658173190896,0.2777987324158993,0.297635450265011,2025,D
2025-10-19,Tottenham,Aston Villa,0.2770485674770975,0.259755215603329,0.4631962169195736,0.4604248728251617,0.2659327309435679,0.2736423962312701,2025,A
2025-10-19,Liverpool,Man United,0.1701216913943547,0.2116705809684685,0.6182077276371766,0.5922969440360527,0.2136372535095026,0.1940658024544446,2025,A
2025-10-20,West Ham,Brentford,0.3495423386893594,0.2865745153175575,0.3638831459930831,0.3782372470506909,0.2887530288743103,0.3330097240749987,2025,A
2025-10-24,Leeds,West Ham,0.2137133075378709,0.257097321338347,0.5291893711237822,0.5272563856026087,0.2674010283851009,0.2053425860122904,2025,H
2025-10-25,Chelsea,Sunderland,0.1169913941507258,0.1613064157694393,0.721702190079835,0.6930284492276599,0.1948641351438723,0.1121074156284678,2025,A
2025-10-25,Newcastle,Fulham,0.188397235239937,0.2351126037018647,0.5764901610581978,0.5834497408047543,0.2400613067572929,0.1764889524379527,2025,H
2025-10-25,Man United,Brighton,0.2641772472294308,0.2307989371914192,0.5050238155791494,0.4771854809556782,0.2496263367711804,0.2731881822731412,2025,H
2025-10-25,Brentford,Liverpool,0.556464112885608,0.2211130516286133,0.2224228354857784,0.2253405065060171,0.2259757506710101,0.5486837428229727,2025,H
2025-10-26,Everton,Tottenham,0.3109033865854792,0.2937204984310576,0.3953761149834631,0.4030420874145821,0.2785732074777259,0.3183847051076919,2025,A
2025-10-26,Bournemouth,Nott'm Forest,0.1954877627033579,0.2339747555326244,0.5705374817640173,0.5266119202665179,0.2511023372709033,0.2222857424625787,2025,H
2025-10-26,Wolves,Burnley,0.2536911331292071,0.2658640114993952,0.4804448553713979,0.4819494244552779,0.2869579643098175,0.2310926112349044,2025,A
2025-10-26,Arsenal,Crystal Palace,0.0939733659469811,0.1475659441416436,0.7584606899113747,0.674253904742216,0.1994363848517044,0.1263097104060794,2025,H
2025-10-26,Aston Villa,Man City,0.4930515942839577,0.2724915629724805,0.2344568427435616,0.2282463393769732,0.2514722833608284,0.5202813772621986,2025,H
2025-11-01,Tottenham,Chelsea,0.3541818574993564,0.2798477087340807,0.3659704337665628,0.3472805259642091,0.2703582603804099,0.3823612136553809,2025,A
2025-11-01,Nott'm Forest,Man United,0.4514270320717549,0.2855808553244979,0.2629921126037471,0.2820504638563014,0.2571476199272797,0.4608019162164188,2025,D
2025-11-01,Crystal Palace,Brentford,0.2469924338265115,0.2496573981675285,0.5033501680059598,0.4921057969773967,0.2624484517043622,0.245445751318241,2025,H
2025-11-01,Fulham,Wolves,0.2118291129625582,0.2609817640244815,0.5271891230129603,0.5136396293573138,0.2739711246144457,0.2123892460282405,2025,H
2025-11-01,Burnley,Arsenal,0.7573119067153554,0.1418561884258228,0.1008319048588212,0.0930323082956326,0.1623229419803497,0.7446447497240176,2025,A
2025-11-01,Brighton,Leeds,0.2005291468292462,0.2355680331261908,0.5639028200445629,0.5134998850315136,0.2502956900420695,0.2362044249264168,2025,H
2025-11-01,Liverpool,Aston Villa,0.1842296996785084,0.2246003475125231,0.5911699528089681,0.5807283964988894,0.2161592866896131,0.2031123168114975,2025,H
2025-11-02,West Ham,Newcastle,0.5851919666195581,0.2117653936364987,0.2030426397439431,0.1882391247181198,0.236016170170289,0.5757447051115911,2025,H
2025-11-02,Man City,Bournemouth,0.1574305249531611,0.2320188037238038,0.6105506713230351,0.6321947631071436,0.2028848639083842,0.1649203729844722,2025,H
2025-11-03,Sunderland,Everton,0.3541502482178727,0.2901366725391448,0.3557130792429824,0.3436010284469901,0.2998920313658032,0.3565069401872066,2025,D
2025-11-08,Sunderland,Arsenal,0.7013093932450866,0.1713386599523678,0.1273519468025452,0.1202957999891758,0.1972547514695687,0.6824494485412553,2025,D
2025-11-08,Chelsea,Wolves,0.1339474419268309,0.2053288204536511,0.660723737619518,0.6920577294228114,0.1893623939434271,0.1185798766337614,2025,H
2025-11-08,West Ham,Burnley,0.2287701287588475,0.2559832432998885,0.5152466279412636,0.4914749146805778,0.2696011300423332,0.2389239552770888,2025,H
2025-11-08,Everton,Fulham,0.2865447145892848,0.2839248036709484,0.4295304817397669,0.434071908940306,0.2882634766575114,0.2776646144021825,2025,H
2025-11-08,Tottenham,Man United,0.3377288856160081,0.2936999053838317,0.3685712090001599,0.3607046081865498,0.2620063081202665,0.3772890836931837,2025,D
2025-11-09,Aston Villa,Bournemouth,0.3065086442641894,0.2688632697588269,0.4246280859769835,0.4348486027939607,0.2741723526642208,0.2909790445418184,2025,H
2025-11-09,Nott'm Forest,Leeds,0.2812509923399166,0.2931568009761241,0.4255922066839595,0.4239517503859131,0.2880345984408787,0.2880136511732081,2025,H
2025-11-09,Crystal Palace,Brighton,0.2916851401126574,0.286725792248037,0.4215890676393056,0.4216158099528978,0.2672793364734794,0.3111048535736227,2025,D
2025-11-09,Brentford,Newcastle,0.411610906871101,0.2683345196400795,0.3200545734888195,0.3404772957482149,0.2738869046849854,0.3856357995667996,2025,H
2025-11-09,Man City,Liverpool,0.2026426738490768,0.2260613817448699,0.5712959444060532,0.4995666642805978,0.2403379826444721,0.26009535307493,2025,H
2025-11-22,Fulham,Sunderland,0.2640645429624409,0.2862046460136545,0.4497308110239047,0.4509055926753781,0.2913543829594751,0.2577400243651467,2025,H
2025-11-22,Liverpool,Nott'm Forest,0.1341593851707191,0.200308795874256,0.6655318189550253,0.6590024619792676,0.1947903953063918,0.1462071427143407,2025,A
2025-11-22,Wolves,Crystal Palace,0.5027970170047468,0.2292467581796295,0.2679562248156237,0.2528373450605709,0.2670869924044804,0.4800756625349485,2025,A
2025-11-22,Burnley,Chelsea,0.709443267664902,0.1587620962436851,0.1317946360914129,0.1487244053802435,0.2130227749670905,0.6382528196526658,2025,A
2025-11-22,Bournemouth,West Ham,0.1641645132573145,0.231654885310519,0.6041806014321665,0.5796555541372301,0.2270181181279056,0.1933263277348643,2025,D
2025-11-22,Brighton,Brentford,0.2472139481190069,0.2502689037184837,0.5025171481625094,0.4945418947932132,0.2601882687186395,0.2452698364881474,2025,H
2025-11-22,Newcastle,Man City,0.478275971835287,0.2706897813322541,0.2510342468324588,0.2702345971035401,0.2487258831243211,0.4810395197721387,2025,H
2025-11-23,Arsenal,Tottenham,0.0927608471392334,0.1385741954466337,0.7686649574141322,0.6739449034384873,0.2032993386106638,0.1227557579508488,2025,H
2025-11-23,Leeds,Aston Villa,0.4345345209688884,0.2763079281939451,0.2891575508371665,0.3097117929643319,0.288333838601728,0.40195436843394,2025,A
2025-11-24,Man United,Everton,0.1893404737736614,0.2472754213520512,0.5633841048742871,0.5452355483040854,0.2426826846807071,0.2120817670152073,2025,A
2025-11-29,Brentford,Burnley,0.1519348808390258,0.2318232979472673,0.6162418212137071,0.6458376305036372,0.2133377812698681,0.1408245882264946,2025,H
2025-11-29,Man City,Leeds,0.0926481522949833,0.1591963852066488,0.748155462498368,0.7713732902712052,0.1459610904539404,0.0826656192748543,2025,H
2025-11-29,Sunderland,Bournemouth,0.3958770339160241,0.2549330645455706,0.3491899015384051,0.3080685815055723,0.2866647312035814,0.4052666872908463,2025,H
2025-11-29,Everton,Newcastle,0.3829556973401526,0.2872006551461191,0.3298436475137284,0.3393074955222517,0.2901277580544881,0.3705647464232602,2025,A
2025-11-29,Tottenham,Fulham,0.2829616655941031,0.3040291433049858,0.4130091911009111,0.4332125435540069,0.2812961672473868,0.2854912891986063,2025,A
2025-11-30,Aston Villa,Wolves,0.118777665509104,0.2212028785196059,0.6600194559712901,0.6332933195378254,0.2176426185331775,0.149064061928997,2025,H
2025-11-30,Nott'm Forest,Brighton,0.3861839892258045,0.2946491219202101,0.3191668888539853,0.3489315158020382,0.2839034109346882,0.3671650732632735,2025,A
2025-11-30,West Ham,Liverpool,0.5999683566448518,0.1941436844399488,0.2058879589151996,0.2208164344620736,0.2235469399230845,0.555636625614842,2025,A
2025-11-30,Crystal Palace,Man United,0.287939548700314,0.2709309706444515,0.4411294806552346,0.406626114373563,0.2780099945785889,0.3153638910478481,2025,A
2025-11-30,Chelsea,Arsenal,0.3812243572861943,0.3029630562299523,0.3158125864838536,0.2826876513317191,0.2869249394673123,0.4303874092009685,2025,D
2025-12-02,Bournemouth,Everton,0.2694213668531669,0.2991521917694879,0.4314264413773451,0.4322747504936756,0.2870542776324919,0.2806709718738325,2025,A
2025-12-02,Fulham,Man City,0.5172162406799657,0.2649222037996161,0.2178615555204182,0.2143606840373578,0.2307264849845281,0.554912830978114,2025,A
2025-12-02,Newcastle,Tottenham,0.2041844639606372,0.2424833759696524,0.5533321600697101,0.5213228535106104,0.2506444646413136,0.228032681848076,2025,D
2025-12-03,Burnley,Crystal Palace,0.5678261441813178,0.2178169456173328,0.2143569102013494,0.2083990381013907,0.2528840941591694,0.5387168677394398,2025,A
2025-12-03,Brighton,Aston Villa,0.2180039871369007,0.2843920899026756,0.4976039229604236,0.4414815328403891,0.2751511994416746,0.2833672677179362,2025,A
2025-12-03,Arsenal,Brentford,0.0929201325948008,0.155104848176079,0.7519750192291198,0.6951229175907592,0.1897653553975216,0.1151117270117191,2025,H
2025-12-03,Liverpool,Sunderland,0.1539502326224905,0.1929059717477726,0.6531437956297371,0.6996401455235683,0.1757598183215076,0.1246000361549238,2025,D
2025-12-03,Leeds,Chelsea,0.5287362728317844,0.2454999964010157,0.2257637307671998,0.2262430604893434,0.2414958947291592,0.5322610447814973,2025,H
2025-12-03,Wolves,Nott'm Forest,0.4617500268707268,0.2439719130362527,0.2942780600930205,0.2930623891679034,0.2821503446692153,0.4247872661628811,2025,A
2025-12-04,Man United,West Ham,0.1451749578153343,0.2084006663184386,0.6464243758662274,0.6509130671321699,0.1944003433237312,0.1546865895440988,2025,D
2025-12-06,Leeds,Liverpool,0.5409791183300299,0.2215081715812757,0.2375127100886946,0.2403017053214133,0.2431707912283181,0.5165275034502685,2025,D
2025-12-06,Aston Villa,Arsenal,0.4155625778250734,0.2931570716129043,0.291280350562022,0.2310396404623028,0.2744787571352096,0.4944816024024876,2025,H
2025-12-06,Newcastle,Burnley,0.1335822519612225,0.1947097154497049,0.6717080325890731,0.739260204045981,0.1611384635257691,0.0996013324282498,2025,H
2025-12-06,Bournemouth,Chelsea,0.4338620840520859,0.2657390914352202,0.300398824512694,0.3010230682291547,0.2580576721334488,0.4409192596373965,2025,D
2025-12-06,Everton,Nott'm Forest,0.2806610081644699,0.2884208657769893,0.4309181260585408,0.4355834341925634,0.2937598447109122,0.2706567210965244,2025,H
2025-12-06,Man City,Sunderland,0.0990065060426322,0.1499869045872903,0.7510065893700769,0.7578913416164437,0.1492638871706049,0.0928447712129513,2025,H
2025-12-06,Tottenham,Brentford,0.3050393949066356,0.3038108342461955,0.3911497708471686,0.415242060815764,0.2698882796234935,0.3148696595607424,2025,H
2025-12-07,Brighton,West Ham,0.1774151117158709,0.2317455163819183,0.5908393719022108,0.6091702917513644,0.2177161733681702,0.1731135348804653,2025,D
2025-12-07,Fulham,Crystal Palace,0.3289255891091167,0.2981657397643846,0.3729086711264985,0.3684470939852485,0.2896760054967288,0.3418769005180226,2025,A
2025-12-08,Wolves,Man United,0.581589593540427,0.2161580161333763,0.2022523903261965,0.2217194941680243,0.24259030593593,0.5356901998960456,2025,A
2025-12-13,Liverpool,Brighton,0.2039884154082878,0.2114024965499274,0.5846090880417848,0.5632451939496513,0.2302441541882651,0.2065106518620836,2025,H
2025-12-13,Chelsea,Everton,0.1781358529645821,0.2172091078347153,0.6046550392007021,0.5714279108988551,0.2433875911829488,0.1851844979181959,2025,H
2025-12-13,Arsenal,Wolves,0.0571852664889729,0.0939086352256508,0.8489060982853758,0.846688438930558,0.1066072116062356,0.0467043494632062,2025,H
2025-12-13,Burnley,Fulham,0.5100558470501905,0.2248853321163724,0.2650588208334369,0.2389239552770888,0.2696011300423332,0.4914749146805778,2025,A
2025-12-14,Crystal Palace,Man City,0.4823555840167759,0.2462616733472913,0.271382742635933,0.240190611250205,0.2497971046232657,0.5100122841265291,2025,A
2025-12-14,Nott'm Forest,Tottenham,0.3514130712745325,0.2787577465113283,0.3698291822141394,0.3715130738724205,0.2870782843559613,0.3414086417716181,2025,H
2025-12-14,Sunderland,Newcastle,0.408519366666582,0.2915003466300018,0.2999802867034164,0.2914748637189581,0.2828134463961235,0.4257116898849181,2025,H
2025-12-14,West Ham,Aston Villa,0.4654982450421769,0.2828676832740126,0.2516340716838102,0.2615652536318171,0.2706150273874732,0.4678197189807097,2025,A
2025-12-14,Brentford,Leeds,0.2394832407655904,0.2700362382397668,0.4904805209946426,0.4878071387020136,0.2672050453625348,0.2449878159354516,2025,D
2025-12-15,Man United,Bournemouth,0.2303946195656787,0.2459696261012738,0.5236357543330477,0.5141582091240665,0.2382340217451331,0.2476077691308004,2025,D
2025-12-20,Man City,West Ham,0.0767541537735527,0.1191301965912113,0.8041156496352356,0.7832847940859597,0.1234258342854785,0.0932893716285615,2025,H
2025-12-20,Newcastle,Chelsea,0.3561129999864489,0.3026471570160376,0.3412398429975135,0.3507146799771086,0.2667097291970728,0.3825755908258185,2025,D
2025-12-20,Brighton,Sunderland,0.2054838950058523,0.2399337443861863,0.5545823606079613,0.5750296484900994,0.2386401580150612,0.1863301934948393,2025,D
2025-12-20,Bournemouth,Burnley,0.1637421048168817,0.2466187340088712,0.5896391611742469,0.6401660381061591,0.2116586658559989,0.148175296037842,2025,D
2025-12-20,Wolves,Brentford,0.495105912007503,0.2369280098720902,0.2679660781204068,0.2679985269747744,0.2679985269747744,0.4640029460504511,2025,A
2025-12-20,Leeds,Crystal Palace,0.348058126609823,0.2907066618859215,0.3612352115042557,0.3681120144534778,0.2872218116120555,0.3446661739344666,2025,H
2025-12-20,Tottenham,Liverpool,0.4850027658374166,0.2239362593105602,0.2910609748520233,0.275510748586546,0.2551287470807517,0.4693605043327021,2025,A
2025-12-20,Everton,Arsenal,0.5816242446269712,0.229504151305026,0.1888716040680025,0.1680229682691542,0.2394870625876899,0.5924899691431559,2025,A
2025-12-21,Aston Villa,Man United,0.2548079150625689,0.2502620909355653,0.4949299940018657,0.4511199847172825,0.259592405309975,0.2892876099727424,2025,H
2025-12-22,Fulham,Nott'm Forest,0.3151425773892731,0.3037371048062721,0.3811203178044547,0.3969338110868046,0.2848412955891175,0.3182248933240779,2025,H
2025-12-26,Man United,Newcastle,0.3388859539050246,0.2724250931170541,0.3886889529779215,0.3778680388307702,0.2623250719171599,0.3598068892520699,2025,H
2025-12-27,Liverpool,Wolves,0.1117201314339769,0.1728695814850674,0.7154102870809561,0.7636459325941898,0.1435503336351457,0.0928037337706645,2025,H
2025-12-27,Brentford,Bournemouth,0.305350470958586,0.2700592043762149,0.4245903246651991,0.4199318171204408,0.2624573857002755,0.3176107971792836,2025,H
2025-12-27,Nott'm Forest,Man City,0.5847021533581176,0.2422502817328917,0.1730475649089904,0.1894034665646017,0.2187107004210181,0.5918858330143802,2025,A
2025-12-27,Arsenal,Brighton,0.1024595559915332,0.1586090189921712,0.7389314250162954,0.6641094095102757,0.1981924160173672,0.1376981744723569,2025,H
2025-12-27,Chelsea,Aston Villa,0.2216746224587517,0.2070891531982923,0.5712362243429558,0.5174434447565498,0.242800385616535,0.2397561696269152,2025,A
2025-12-27,Burnley,Everton,0.4810701693734626,0.2340675881810596,0.284862242445478,0.2342329296819057,0.2853985328517098,0.4803685374663845,2025,D
2025-12-27,West Ham,Fulham,0.4026814091967397,0.2818128802323928,0.3155057105708674,0.3569201426906368,0.2771317062833327,0.3659481510260304,2025,A
2025-12-28,Sunderland,Leeds,0.2916334828233047,0.3049341608748277,0.4034323563018677,0.3758845480845838,0.2961004091040897,0.3280150428113264,2025,D
2025-12-28,Crystal Palace,Tottenham,0.3047445718932775,0.2967300517913439,0.3985253763153787,0.4181483991905306,0.2830911069729549,0.2987604938365144,2025,A
2025-12-30,Arsenal,Aston Villa,0.160812501595377,0.1644745273460993,0.6747129710585233,0.6608669602932034,0.1989452140145439,0.1401878256922528,2025,H
2025-12-30,Man United,Wolves,0.1122223253798858,0.2009604940599857,0.6868171805601289,0.6962351336553647,0.1810177713115727,0.1227470950330626,2025,D
2025-12-30,West Ham,Brighton,0.4761474139532244,0.2391041131064108,0.2847484729403647,0.2835430309768612,0.2565154724866842,0.4599414965364546,2025,D
2025-12-30,Chelsea,Bournemouth,0.156992931326152,0.2317815887890567,0.6112254798847911,0.6275328657898942,0.2033890708429774,0.1690780633671283,2025,D
2025-12-30,Nott'm Forest,Everton,0.2860162003796105,0.2969864040623793,0.4169973955580103,0.4507025991839688,0.2934932229008056,0.2558041779152255,2025,A
2025-12-30,Burnley,Newcastle,0.6294499951582728,0.1836937026525273,0.1868563021892002,0.1762116840309307,0.2340172018022759,0.5897711141667932,2025,A
2026-01-01,Sunderland,Man City,0.6976147589764935,0.1710308317742384,0.1313544092492678,0.1274825012089982,0.2011019767862998,0.6714155220047019,2025,D
2026-01-01,Brentford,Tottenham,0.2984982077504906,0.2781002922363025,0.4234015000132072,0.4468330497258461,0.2643788996029495,0.2887880506712044,2025,D
2026-01-01,Liverpool,Leeds,0.1843217379475258,0.2173307875066941,0.5983474745457802,0.6164421801940121,0.2109568008932933,0.1726010189126945,2025,D
2026-01-01,Crystal Palace,Fulham,0.2721611112417378,0.2727529852384414,0.4550859035198206,0.4378536585365853,0.2810731707317073,0.2810731707317073,2025,D
2026-01-03,Aston Villa,Nott'm Forest,0.1920981399719169,0.2337229848769536,0.5741788751511294,0.5388631644014705,0.2480085298765638,0.2131283057219657,2025,H
2026-01-03,Brighton,Burnley,0.1725154887501145,0.2473309576570652,0.5801535535928203,0.638960229227372,0.2173940202596784,0.1436457505129496,2025,H
2026-01-03,Wolves,West Ham,0.3486258037205394,0.2693653927023518,0.3820088035771087,0.3795102705864533,0.2832947709731305,0.3371949584404161,2025,H
2026-01-03,Bournemouth,Arsenal,0.7255313922804728,0.1541496846785968,0.1203189230409303,0.1518767134373753,0.2074522170153365,0.6406710695472881,2025,A
2026-01-04,Newcastle,Crystal Palace,0.1919855451065532,0.2392840072138792,0.5687304476795674,0.5595166289796425,0.2424519791049879,0.1980313919153696,2025,H
2026-01-04,Leeds,Man United,0.3581294013144108,0.2736453732076979,0.3682252254778914,0.3511101181707278,0.2790737002559188,0.3698161815733533,2025,D
2026-01-04,Everton,Brentford,0.3037985911491191,0.2806782906055298,0.4155231182453513,0.4010086430637949,0.289960095753821,0.3090312611823842,2025,A
2026-01-04,Fulham,Liverpool,0.4705522657607709,0.2455762024620444,0.2838715317771844,0.2529920990479837,0.2529498209917911,0.4940580799602253,2025,D
2026-01-04,Tottenham,Sunderland,0.2261370767230186,0.2557384617250185,0.5181244615519628,0.5228677683914982,0.259328128463414,0.2178041031450878,2025,D
2026-01-04,Man City,Chelsea,0.164855371362554,0.1890768516151825,0.6460677770222633,0.580412932241443,0.2070291938654568,0.2125578738931002,2025,D
2026-01-06,West Ham,Nott'm Forest,0.4385892587212613,0.2596365786202296,0.3017741626585091,0.3133846219132951,0.2771106181117228,0.4095047599749822,2025,A
2026-01-07,Bournemouth,Tottenham,0.2927108420266624,0.2774274950774603,0.4298616628958774,0.4511199847172825,0.259592405309975,0.2892876099727424,2025,H
2026-01-07,Brentford,Sunderland,0.2324777952877472,0.2588828019147954,0.5086394027974572,0.5152685609820966,0.2663808186889326,0.2183506203289706,2025,H
2026-01-07,Crystal Palace,Aston Villa,0.4058877178756802,0.3031811068643258,0.2909311752599933,0.3103847155483709,0.2825450425415013,0.4070702419101277,2025,D
2026-01-07,Everton,Wolves,0.2235460154834738,0.2557848688987121,0.5206691156178141,0.5367309769704054,0.2661449825960349,0.1971240404335596,2025,D
2026-01-07,Man City,Brighton,0.1004429622034544,0.1575715865169808,0.7419854512795648,0.6765662221140303,0.1804176592304081,0.1430161186555615,2025,D
2026-01-07,Burnley,Man United,0.5478621769991814,0.2268923395606304,0.225245483440188,0.2054865693885154,0.2374454532927072,0.5570679773187774,2025,D
2026-01-07,Fulham,Chelsea,0.4477345682458932,0.2321775685540925,0.3200878632000141,0.2821186850762495,0.2624636272970798,0.4554176876266707,2025,H
2026-01-07,Newcastle,Leeds,0.1972015323466487,0.232082618438731,0.57071584921462,0.5627101113962165,0.2448522707926955,0.1924376178110879,2025,H
2026-01-08,Arsenal,Liverpool,0.164407218408808,0.1771319348936689,0.658460846697523,0.5882988777165455,0.2234454814141599,0.1882556408692945,2025,D
2026-01-17,Chelsea,Brentford,0.2391615046758318,0.23304789989112,0.5277905954330478,0.5556361108744603,0.2382324946866401,0.2061313944388995,2025,H
2026-01-17,Man United,Man City,0.4811821126883614,0.2492790435025074,0.2695388438091311,0.2624052357466864,0.2484179390369628,0.4891768252163507,2025,H
2026-01-17,Nott'm Forest,Arsenal,0.6927327601178689,0.1666923585088151,0.1405748813733154,0.1583670515085436,0.2284880929682497,0.6131448555232066,2025,D
2026-01-17,Tottenham,West Ham,0.1915511997928924,0.239203458270729,0.5692453419363782,0.5513997513640201,0.2401270437351465,0.2084732049008333,2025,A
2026-01-17,Sunderland,Crystal Palace,0.3550223502971411,0.2879586608400239,0.3570189888628352,0.3544781358690523,0.3009324798070128,0.3445893843239349,2025,H
2026-01-17,Liverpool,Burnley,0.0994725784735877,0.1560281095356054,0.7444993119908067,0.7686133086500215,0.1454430631342721,0.0859436282157062,2025,D
2026-01-17,Leeds,Fulham,0.2901223977528543,0.2860964345836538,0.4237811676634921,0.4349582400786069,0.2866286369343305,0.2784131229870626,2025,H
2026-01-18,Wolves,Newcastle,0.5692201424259173,0.2294105599157062,0.2013692976583766,0.2057515256132301,0.2348519354561553,0.5593965389306146,2025,D
2026-01-18,Aston Villa,Everton,0.1801786683050798,0.1988045053132419,0.6210168263816781,0.5725245099210463,0.2413785584738017,0.186096931605152,2025,A
2026-01-19,Brighton,Bournemouth,0.20431275405859,0.2421593603380176,0.5535278856033924,0.5068486111968156,0.241719996593791,0.2514313922093935,2025,D
2026-01-24,Fulham,Brighton,0.3392349625902364,0.2875304775570607,0.3732345598527032,0.3762891654055265,0.2752634381480858,0.3484473964463875,2025,H
2026-01-24,West Ham,Sunderland,0.3307646182870243,0.3005635512426688,0.3686718304703067,0.3825093244279766,0.287080335216806,0.3304103403552174,2025,H
2026-01-24,Bournemouth,Liverpool,0.5217569147403815,0.2283079278750636,0.2499351573845548,0.2539009763633491,0.2456934299138443,0.5004055937228067,2025,H
2026-01-24,Burnley,Tottenham,0.4879248393140339,0.2275469995306302,0.2845281611553362,0.2632727695084549,0.2746063170099719,0.4621209134815731,2025,D
2026-01-24,Man City,Wolves,0.1136643718247954,0.1513399339821206,0.7349956941930834,0.7728161405938951,0.1371761589866606,0.0900077004194442,2025,H
2026-01-25,Arsenal,Man United,0.1289821754837491,0.1942747731359596,0.676743051380291,0.609179917029807,0.2290070558870593,0.1618130270831336,2025,A
2026-01-25,Newcastle,Aston Villa,0.2163775172594408,0.2485714257468634,0.5350510569936953,0.4880387480753956,0.25252951373857,0.2594317381860344,2025,A
2026-01-25,Brentford,Nott'm Forest,0.2419278925727458,0.2561463713865106,0.5019257360407433,0.496349933074953,0.2701572845905615,0.2334927823344854,2025,A
2026-01-25,Crystal Palace,Chelsea,0.4787375974039232,0.2353470131349836,0.2859153894610932,0.2714840806484375,0.2534187782167967,0.4750971411347657,2025,A
2026-01-26,Everton,Leeds,0.3182780239869083,0.2990096580542895,0.3827123179588024,0.3860985926628716,0.2932281783681214,0.3206732289690069,2025,D
2026-01-31,Chelsea,West Ham,0.1465318858513136,0.2003989250785773,0.6530691890701091,0.6297730083275612,0.2050768710129388,0.1651501206594998,2025,H
2026-01-31,Leeds,Arsenal,0.6704847113083414,0.1783770382803794,0.1511382504112789,0.164222373566523,0.2304391736576985,0.6053384527757784,2025,A
2026-01-31,Wolves,Bournemouth,0.4423078430867484,0.258770449487617,0.2989217074256347,0.3274868290695585,0.2661533825873986,0.406359788343043,2025,A
2026-01-31,Brighton,Everton,0.2313452005152097,0.2460719832873944,0.5225828161973958,0.5092159599102724,0.2581418534252276,0.2326421866644999,2025,D
2026-01-31,Liverpool,Newcastle,0.1879360170173902,0.2104082517249328,0.601655731257677,0.5262378552501689,0.239842572868499,0.2339195718813321,2025,H
2026-02-01,Nott'm Forest,Crystal Palace,0.2480800275680336,0.2817201775746512,0.4701997948573151,0.4810545263708169,0.2700560844421573,0.2488893891870257,2025,D
2026-02-01,Tottenham,Man City,0.5374889563034131,0.2425473896867117,0.2199636540098754,0.2187176720814042,0.2318384952485712,0.5494438326700244,2025,D
2026-02-01,Man United,Fulham,0.1654748139643856,0.2078941796840921,0.6266310063515219,0.5938793556246387,0.2172969442229073,0.188823700152454,2025,H
2026-02-01,Aston Villa,Brentford,0.2624824139456174,0.2592716783220914,0.4782459077322912,0.4557273488761691,0.2701469356414909,0.2741257154823397,2025,A
2026-02-02,Sunderland,Burnley,0.219994479870853,0.2445229903395042,0.5354825297896426,0.5298578951538652,0.2672253420257953,0.2029167628203396,2025,H
2026-02-06,Leeds,Nott'm Forest,0.275027078329997,0.3069091002816623,0.4180638213883407,0.4312496699931358,0.2897064258936586,0.2790439041132055,2025,H
2026-02-07,Arsenal,Sunderland,0.0970106136355964,0.14714041956153,0.7558489668028732,0.7712913691580529,0.1482534640510648,0.0804551667908822,2025,H
2026-02-07,Newcastle,Brentford,0.2700041492111381,0.2646020320276873,0.4653938187611742,0.4574344422031522,0.2674279462545728,0.2751376115422749,2025,A
2026-02-07,Man United,Tottenham,0.1616187640485921,0.2243006351579607,0.6140806007934468,0.59899135014856,0.2073673832163177,0.1936412666351223,2025,H
2026-02-07,Bournemouth,Aston Villa,0.3487168887710494,0.2868701595293237,0.3644129516996271,0.3541704907928314,0.266901774938711,0.3789277342684574,2025,D
2026-02-07,Fulham,Everton,0.2748632928599608,0.2731628197399502,0.451973887400089,0.451894745360123,0.2897882245419624,0.2583170300979146,2025,A
2026-02-07,Wolves,Chelsea,0.5513065689843508,0.2377841313504418,0.2109092996652072,0.1903668799055384,0.237958599881923,0.5716745202125384,2025,A
2026-02-07,Burnley,West Ham,0.4834110424988044,0.2357650555258729,0.2808239019753229,0.2879671741245295,0.273390086057526,0.4386427398179444,2025,A
2026-02-08,Liverpool,Man City,0.2947998285371333,0.2923258235678574,0.4128743478950091,0.4001355639971919,0.2557561548849181,0.3441082811178899,2025,A
2026-02-08,Brighton,Crystal Palace,0.2614927267770411,0.2755111945105964,0.4629960787123625,0.4781301824212272,0.2697450248756219,0.2521247927031509,2025,A
2026-02-10,Chelsea,Leeds,0.1866666818941064,0.2131178443715137,0.6002154737343793,0.605826447962948,0.2182561584305805,0.1759173936064713,2025,D
2026-02-10,Everton,Bournemouth,0.3072867032153279,0.291825161397179,0.4008881353874931,0.3993972497781992,0.2789931851670338,0.3216095650547669,2025,A
2026-02-10,Tottenham,Newcastle,0.4406287833214621,0.2376344435052931,0.3217367731732448,0.3027569445260794,0.2686309027002245,0.428612152773696,2025,A
2026-02-10,West Ham,Man United,0.4933495152055557,0.2781400282055785,0.2285104565888658,0.2185316070920729,0.2261006186682082,0.5553677742397188,2025,D
2026-02-11,Man City,Fulham,0.1095244859108909,0.157155469306373,0.7333200447827359,0.6944766436865759,0.1710930795355174,0.1344302767779066,2025,H
2026-02-11,Nott'm Forest,Wolves,0.1950835997886666,0.2384683666085148,0.5664480336028184,0.5565574806102029,0.2497147060861343,0.1937278133036628,2025,D
2026-02-11,Aston Villa,Brighton,0.236211113712767,0.264701011678481,0.4990878746087518,0.4960103916465533,0.2536770307048192,0.2503125776486274,2025,H
2026-02-11,Crystal Palace,Burnley,0.1744023340617286,0.2308995426345194,0.5946981233037523,0.6061295434525042,0.235015343877573,0.1588551126699227,2025,A
2026-02-11,Sunderland,Liverpool,0.5653311463725565,0.2128362421288469,0.2218326114985964,0.207757908062813,0.2497803075348139,0.5424617844023731,2025,A
2026-02-12,Brentford,Arsenal,0.5602437296295836,0.2298592914098788,0.2098969789605377,0.1980550540516135,0.2456647713816666,0.5562801745667199,2025,D
2026-02-18,Wolves,Arsenal,0.7431540574854278,0.139648662144988,0.1171972803695834,0.0905920095651162,0.176631840337112,0.7327761500977718,2025,D
2026-02-21,Aston Villa,Leeds,0.2133005452509725,0.2204367589971308,0.5662626957518965,0.5092231819784295,0.2630821500023167,0.2276946680192537,2025,D
2026-02-21,Brentford,Brighton,0.2615311830068271,0.27496744824397,0.4635013687492029,0.4718205135201506,0.2622991077519168,0.2658803787279326,2025,A
2026-02-21,Chelsea,Burnley,0.0946333892601951,0.1546085731852861,0.7507580375545189,0.7761293208898907,0.1410219615851538,0.0828487175249554,2025,D
2026-02-21,West Ham,Bournemouth,0.3959719547895562,0.2768614471542506,0.3271665980561933,0.3874272394953975,0.2564497180342322,0.3561230424703702,2025,D
2026-02-21,Man City,Newcastle,0.1519759505865085,0.1783558767045319,0.6696681727089596,0.6420771720529822,0.1874833860674855,0.1704394418795322,2025,H
2026-02-22,Sunderland,Fulham,0.3578562975013048,0.2902766614563756,0.3518670410423197,0.3583929806822414,0.2899459847799479,0.3516610345378106,2025,A
2026-02-22,Tottenham,Arsenal,0.6775342350613934,0.1731293651669093,0.1493363997716971,0.1644755280926865,0.2360405010014993,0.5994839709058142,2025,A
2026-02-22,Nott'm Forest,Liverpool,0.5238747530894304,0.2387500914401952,0.2373751554703739,0.2334668981599792,0.2455987611950526,0.5209343406449682,2025,A
2026-02-22,Crystal Palace,Wolves,0.185139446438201,0.2221914430167894,0.5926691105450095,0.5794842701918859,0.2361118592113445,0.1844038705967694,2025,H
2026-02-23,Everton,Man United,0.4867396916965406,0.2503458558012504,0.262914452502209,0.2625244661591668,0.2518188997690388,0.4856566340717943,2025,A
2026-02-27,Wolves,Aston Villa,0.5174119148447734,0.2309101265696124,0.251677958585614,0.2284862861286128,0.2562378112811281,0.515275902590259,2025,H
2026-02-28,Bournemouth,Sunderland,0.2145040472660437,0.242139439768227,0.5433565129657292,0.5336051114632662,0.247688963545673,0.2187059249910607,2025,D
2026-02-28,Leeds,Man City,0.5702394151083472,0.2361354814910426,0.1936251034006098,0.1985282315709254,0.2211501520429602,0.5803216163861145,2025,A
2026-02-28,Burnley,Brentford,0.549490213377571,0.2248944612307428,0.2256153253916862,0.213523916141736,0.2448161833842245,0.5416599004740394,2025,A
2026-02-28,Liverpool,West Ham,0.113793106075551,0.1685759449921691,0.7176309489322802,0.6639911311034241,0.1848630560935965,0.1511458128029793,2025,H
2026-02-28,Newcastle,Everton,0.211943334115051,0.2308413118866292,0.5572153539983197,0.5605207391577083,0.2368209244683776,0.2026583363739141,2025,A
2026-03-01,Brighton,Nott'm Forest,0.259384664308026,0.266320247161181,0.474295088530793,0.4652363417960966,0.2616613248163095,0.2731023333875938,2025,H
2026-03-01,Fulham,Tottenham,0.2609812380555056,0.264156653545175,0.4748621083993193,0.4505119453924914,0.2627986348122867,0.2866894197952219,2025,H
2026-03-01,Man United,Crystal Palace,0.1592433990051068,0.2006565837621124,0.6401000172327805,0.610945601210471,0.2127998694002531,0.1762545293892758,2025,H
2026-03-01,Arsenal,Chelsea,0.1804153704687789,0.2014373008773556,0.6181473286538651,0.583102726766825,0.2415725780384202,0.1753246951947547,2025,H
2026-03-03,Bournemouth,Brentford,0.3510914001170895,0.2519344187381389,0.3969741811447719,0.3785838367941573,0.2629054422181648,0.3585107209876779,2025,D
2026-03-03,Everton,Burnley,0.1647573794493353,0.2400010283624465,0.595241592188218,0.6042047834843242,0.2342598755900623,0.1615353409256135,2025,H
2026-03-03,Leeds,Sunderland,0.21430200539675,0.2656735086412047,0.5200244859620454,0.5055501894833399,0.2733216947801271,0.2211281157365331,2025,A
2026-03-03,Wolves,Liverpool,0.5893086496329011,0.21754315866242,0.1931481917046784,0.1709038892467868,0.2065975542060638,0.6224985565471495,2025,H
2026-03-04,Aston Villa,Chelsea,0.3466464644067693,0.285803998001279,0.367549537591952,0.3562714085476607,0.2699073574906072,0.3738212339617321,2025,A
2026-03-04,Brighton,Arsenal,0.525131224990182,0.2826785071061286,0.1921902679036896,0.1937038105190916,0.236078268161914,0.5702179213189944,2025,A
2026-03-04,Fulham,West Ham,0.2501911194143578,0.2776677318139942,0.4721411487716481,0.4670090445492158,0.270151784855191,0.2628391705955931,2025,A
2026-03-04,Man City,Nott'm Forest,0.102930216879555,0.156755016056263,0.7403147670641818,0.6790540061247612,0.1849185358132332,0.1360274580620056,2025,D
2026-03-04,Newcastle,Man United,0.3646874240421118,0.3291720669018552,0.3061405090560329,0.3722340077940499,0.2609446781690459,0.3668213140369042,2025,H
2026-03-05,Tottenham,Crystal Palace,0.3061435463823223,0.312848239062812,0.3810082145548654,0.4061750476813331,0.2841575891136465,0.3096673632050203,2025,A
2026-03-14,Burnley,Bournemouth,0.5462483493104704,0.2241102756194808,0.2296413750700484,0.2342373176806952,0.2529825399547779,0.5127801423645268,2025,D
2026-03-14,Sunderland,Brighton,0.4044577575140954,0.2741040297877212,0.3214382126981834,0.2916399413570348,0.287172996747148,0.4211870618958171,2025,A
2026-03-14,West Ham,Man City,0.5332790891841346,0.2533707545125577,0.2133501563033076,0.2225266351943539,0.2225266351943539,0.5549467296112922,2025,D
2026-03-14,Chelsea,Newcastle,0.1815354368213679,0.2261921533752404,0.5922724098033918,0.5287722086568427,0.2253503448583874,0.2458774464847699,2025,A
2026-03-14,Arsenal,Everton,0.1045453087985616,0.1595530277623354,0.7359016634391027,0.6845261440920629,0.1985518845227162,0.1169219713852208,2025,H
2026-03-15,Crystal Palace,Leeds,0.3200058456873542,0.2913810171200577,0.3886131371925882,0.3806952794781091,0.2928057692000889,0.3264989513218018,2025,D
2026-03-15,Man United,Aston Villa,0.176812285471653,0.1976016860321228,0.6255860284962239,0.5481073675920204,0.2370564364835488,0.2148361959244308,2025,H
2026-03-15,Nott'm Forest,Fulham,0.2917820697625297,0.2862218236009244,0.4219961066365457,0.4367742207081468,0.275386488604496,0.2878392906873571,2025,D
2026-03-15,Liverpool,Tottenham,0.1058583210978108,0.1835089559408727,0.710632722961317,0.7246551348616634,0.1584879676757566,0.1168568974625797,2025,D
2026-03-16,Brentford,Wolves,0.163995652900796,0.211355989198515,0.6246483579006888,0.6052834929875821,0.2221323566604034,0.1725841503520144,2025,D
2026-03-20,Bournemouth,Man United,0.4191266107617727,0.2733406451225821,0.3075327441156451,0.2954737152251233,0.2488199707158933,0.4557063140589834,2025,D
2026-03-21,Everton,Chelsea,0.4350468783284198,0.2647709307542131,0.3001821909173668,0.2745358090185676,0.2745358090185676,0.4509283819628648,2025,H
2026-03-21,Leeds,Brentford,0.3348261674146762,0.2891932838414791,0.3759805487438449,0.3926542611281229,0.2720489940256411,0.3352967448462359,2025,D
2026-03-21,Brighton,Liverpool,0.4105183089712336,0.2668892422767135,0.3225924487520529,0.3084704581154142,0.2687390795333541,0.4227904623512316,2025,H
2026-03-21,Fulham,Burnley,0.1658095056760663,0.2177237488987777,0.616466745425156,0.6145811811959225,0.2308342071552029,0.1545846116488746,2025,H
2026-03-22,Aston Villa,West Ham,0.251490966293675,0.2492877613835662,0.4992212723227587,0.4858520070849967,0.2631698371710398,0.2509781557439635,2025,H
2026-03-22,Newcastle,Sunderland,0.2082553785389633,0.2312904646128134,0.5604541568482232,0.5694260574973328,0.2370254878551127,0.1935484546475545,2025,A
2026-03-22,Tottenham,Nott'm Forest,0.3160530566891875,0.2969712677938163,0.3869756755169961,0.4273091570400287,0.2756122607673962,0.2970785821925751,2025,A
2026-04-10,West Ham,Wolves,0.2187038044604386,0.2471620173310143,0.5341341782085467,0.5266119202665179,0.2511023372709033,0.2222857424625787,2025,H
2026-04-11,Arsenal,Bournemouth,0.1168500505837215,0.1658775044272364,0.7172724449890421,0.6537896077476044,0.2040968963424537,0.1421134959099417,2025,A
2026-04-11,Brentford,Everton,0.2911681991895217,0.2487481199290247,0.4600836808814536,0.4442497615652503,0.2779178355406022,0.2778324028941474,2025,D
2026-04-11,Burnley,Brighton,0.5535712526997483,0.2515680409396741,0.1948607063605775,0.218496344581629,0.2403900163315195,0.5411136390868514,2025,A
2026-04-11,Liverpool,Fulham,0.1732760347908993,0.2103787764352325,0.6163451887738678,0.5761272170332942,0.2249604155409891,0.1989123674257167,2025,H
2026-04-12,Chelsea,Man City,0.4342817577835999,0.2911102301355626,0.2746080120808375,0.3114837463668389,0.2467489388445908,0.4417673147885701,2025,A
2026-04-12,Sunderland,Tottenham,0.3856937927273702,0.2599292541135011,0.3543769531591285,0.356675239653963,0.2866495206920739,0.356675239653963,2025,H
2026-04-12,Nott'm Forest,Aston Villa,0.3829426670987466,0.2715842096496297,0.3454731232516236,0.3625311993210556,0.2830513402570205,0.3544174604219238,2025,D
2026-04-12,Crystal Palace,Newcastle,0.441589203344931,0.2573658868929759,0.3010449097620928,0.3163742568886142,0.2651687964797805,0.4184569466316051,2025,H
2026-04-13,Man United,Leeds,0.1789361148854291,0.2079296676077915,0.613134217506779,0.5832926735449043,0.2277205002265466,0.188986826228549,2025,A
2026-04-18,Brentford,Fulham,0.292452307715645,0.2651175805939372,0.4424301116904178,0.451894745360123,0.2583170300979146,0.2897882245419624,2025,D
2026-04-18,Leeds,Wolves,0.1762025899035853,0.2194282420433662,0.6043691680530482,0.5870257310948084,0.2438414575316896,0.169132811373502,2025,H
2026-04-18,Newcastle,Bournemouth,0.2989892399955376,0.2352002181346602,0.4658105418698017,0.4806121166415284,0.2482246103569633,0.2711632730015083,2025,A
2026-04-18,Tottenham,Brighton,0.4270520536264828,0.2886612758162108,0.2842866705573063,0.3508948534229053,0.2543484364763261,0.3947567101007685,2025,D
2026-04-18,Chelsea,Man United,0.2905392724228786,0.2645802505812846,0.4448804769958365,0.4306660882102303,0.2634067423991063,0.3059271693906634,2025,A
2026-04-19,Man City,Arsenal,0.1830673868344882,0.2380061461667038,0.5789264669988081,0.5218807016058455,0.2559881189103323,0.222131179483822,2025,H
2026-04-19,Nott'm Forest,Burnley,0.1669923818450041,0.2438820675486921,0.589125550606304,0.6333568021683087,0.2228193834931155,0.1438238143385758,2025,H
2026-04-19,Everton,Liverpool,0.4198792181009513,0.2649178179380099,0.3152029639610387,0.3053903086237345,0.2784441049216403,0.416165586454625,2025,A
2026-04-19,Aston Villa,Sunderland,0.1892420396655166,0.2289736226374698,0.5817843376970135,0.5703547922131187,0.2483960868116298,0.1812491209752516,2025,H
2026-04-20,Crystal Palace,West Ham,0.3184535859168932,0.2823611475184498,0.3991852665646571,0.4040948719305835,0.290955130136648,0.3049499979327684,2025,D
2026-04-21,Brighton,Chelsea,0.3258640371824086,0.2759568254868049,0.3981791373307865,0.3850309314280735,0.26570532369086,0.3492637448810664,2025,H
2026-04-22,Bournemouth,Leeds,0.2790112612840136,0.2865552197970373,0.4344335189189495,0.4652363417960966,0.2653926680998916,0.2693709901040117,2025,D
2026-04-22,Burnley,Man City,0.7376183018973674,0.1297161090655184,0.1326655890371141,0.0593101738286342,0.1093321629461009,0.8313576632252648,2025,A
2026-04-24,Sunderland,Nott'm Forest,0.3573406577566353,0.2964862086022408,0.3461731336411243,0.3537850409117145,0.2957254897522662,0.3504894693360192,2025,A
2026-04-25,Fulham,Aston Villa,0.400594333761275,0.2561747038260399,0.3432309624126849,0.3485805943616585,0.2675989315368436,0.3838204741014976,2025,H
2026-04-25,Liverpool,Crystal Palace,0.1325375142336723,0.1940548948897529,0.6734075908765748,0.6471954078659974,0.1945573243140367,0.1582472678199659,2025,H
2026-04-25,West Ham,Everton,0.3139200447889873,0.2867143231300574,0.3993656320809557,0.3983397518535819,0.2782253856386382,0.32343486250778,2025,H
2026-04-25,Wolves,Tottenham,0.5604726950089511,0.2044681144609567,0.2350591905300919,0.214663763231046,0.2278065400190226,0.5575296967499312,2025,A
2026-04-25,Arsenal,Newcastle,0.118532071045084,0.1686470407956119,0.7128208881593039,0.6431547694335804,0.1990085204728903,0.1578367100935292,2025,H
2026-04-27,Man United,Brentford,0.2223188729838861,0.2238175329610615,0.5538635940550521,0.516687600381578,0.2462958154913783,0.2370165841270436,2025,H
2026-05-01,Leeds,Burnley,0.1470717676124996,0.1867023812800537,0.6662258511074467,0.6994824735389209,0.1895009749300281,0.111016551531051,2025,H
2026-05-02,Arsenal,Fulham,0.1277091240731588,0.1750963111617152,0.6971945647651259,0.6478152492531751,0.2128190702635748,0.1393656804832498,2025,H
2026-05-02,Wolves,Sunderland,0.4322877766546196,0.2607018780366152,0.307010345308765,0.2971372097504204,0.2791900883971404,0.4236727018524391,2025,D
2026-05-02,Newcastle,Brighton,0.3877541519709011,0.2871057897019303,0.3251400583271685,0.3797928791924517,0.2584605021492296,0.3617466186583185,2025,H
2026-05-02,Brentford,West Ham,0.2391902072292736,0.2475212615863954,0.5132885311843309,0.4902104742692562,0.2522674386939895,0.2575220870367542,2025,H
2026-05-03,Bournemouth,Crystal Palace,0.1810460590353282,0.2289146995842314,0.5900392413804402,0.5948615506173964,0.2210875044498255,0.1840509449327779,2025,H
2026-05-03,Man United,Liverpool,0.2794843119520525,0.2683097885977618,0.4522058994501852,0.4108729691792577,0.2454878202344538,0.3436392105862882,2025,H
2026-05-03,Aston Villa,Tottenham,0.2627310006458417,0.2793369942434959,0.4579320051106622,0.4456079237291455,0.262998399273014,0.2913936769978404,2025,A
2026-05-04,Chelsea,Nott'm Forest,0.2043986565792359,0.2408846577276505,0.5547166856931134,0.5566552755596841,0.2402967369165609,0.2030479875237551,2025,A
2026-05-04,Everton,Man City,0.7427345050682383,0.1422843745025978,0.1149811204291634,0.1482884565134389,0.2021854317338814,0.6495261117526796,2025,D
2026-05-09,Liverpool,Chelsea,0.234411266178937,0.2446471995981409,0.5209415342229216,0.5173613169516833,0.2366928025053951,0.2459458805429215,2025,D
2026-05-09,Sunderland,Man United,0.4685026694426342,0.2585880009104728,0.2729093296468928,0.2447769178234499,0.2565006173816779,0.4987224647948721,2025,D
2026-05-09,Fulham,Bournemouth,0.389086278051643,0.2729560791504037,0.3379576427979532,0.3505464323396667,0.2592590022243107,0.3901945654360225,2025,A
2026-05-09,Brighton,Wolves,0.118456566289698,0.186663625483332,0.6948798082269704,0.7439053280163787,0.1549098964305874,0.1011847755530338,2025,H
2026-05-09,Man City,Brentford,0.107764931816381,0.1552662885284439,0.7369687796551747,0.6937928714349196,0.1684251625387416,0.1377819660263387,2025,H
2026-05-10,Burnley,Aston Villa,0.5925745406849111,0.2011281542210178,0.2062973050940713,0.18493233322489,0.2248945330638245,0.5901731337112854,2025,D
2026-05-10,Crystal Palace,Everton,0.4046375758433808,0.2670524113691633,0.328310012787456,0.3474765884850939,0.2869008022713976,0.3656226092435083,2025,D
2026-05-10,Nott'm Forest,Newcastle,0.3494326341950111,0.2737981557929731,0.3767692100120156,0.3659651360544218,0.2680697278911565,0.3659651360544218,2025,D
2026-05-10,West Ham,Arsenal,0.581544920428737,0.2268016864184431,0.1916533931528199,0.1760559351050188,0.2308174076245232,0.593126657270458,2025,A
2026-05-11,Tottenham,Leeds,0.2176437372177146,0.2462324397600617,0.5361238230222234,0.5215658635748086,0.2367944964814351,0.2416396399437563,2025,D
2026-05-13,Man City,Crystal Palace,0.0711613758735701,0.113535761503433,0.8153028626229961,0.7898719495655264,0.1290901778114506,0.0810378726230229,2025,H
2026-05-15,Aston Villa,Liverpool,0.3601529057583799,0.3033352880512955,0.3365118061903244,0.3424491744211709,0.2730394748322923,0.3845113507465368,2025,H
2026-05-17,Leeds,Brighton,0.450951777425791,0.2525065911184975,0.2965416314557114,0.3005020142447293,0.2593300132582083,0.4401679724970623,2025,H
2026-05-17,Wolves,Fulham,0.5540737594677444,0.2104437994385465,0.2354824410937088,0.2526455026455027,0.2526455026455027,0.4947089947089947,2025,D
2026-05-17,Newcastle,West Ham,0.3244598638097365,0.2514378914865759,0.4241022447036875,0.4557063140589834,0.2488199707158933,0.2954737152251233,2025,H
2026-05-17,Everton,Sunderland,0.2037350581984468,0.2347277235790539,0.5615372182224991,0.5227801056018082,0.2547148287266717,0.2225050656715201,2025,A
2026-05-17,Brentford,Crystal Palace,0.1932097941796136,0.2473155227685441,0.5594746830518422,0.5428025095547031,0.2317451192962447,0.2254523711490521,2025,D
2026-05-17,Man United,Nott'm Forest,0.1839160745330815,0.206953495718741,0.6091304297481774,0.5905631370167214,0.2249764331492271,0.1844604298340514,2025,H
2026-05-18,Arsenal,Burnley,0.0549524797859713,0.0962972916063395,0.8487502286076887,0.8684896068326791,0.0868455572976294,0.0446648358696915,2025,H
2026-05-19,Chelsea,Tottenham,0.2269480741329409,0.2533941399196311,0.5196577859474281,0.4958325800806225,0.2588076143674239,0.2453598055519536,2025,H
2026-05-19,Bournemouth,Man City,0.5341011621826514,0.2428636383692835,0.2230351994480651,0.2148545582046795,0.2190013720669276,0.5661440697283927,2025,D
2026-05-24,Burnley,Wolves,0.3308412893988858,0.2829843510758696,0.3861743595252447,0.3944512929803667,0.2703596526051134,0.3351890544145198,2025,D
2026-05-24,Crystal Palace,Arsenal,0.5091300585621273,0.2726779999488771,0.218191941488995,0.2277878168011995,0.2425185521902949,0.5296936310085055,2025,A
2026-05-24,Brighton,Man United,0.1769046912082659,0.2372530095562972,0.5858422992354368,0.5106146335154709,0.2305247502344078,0.2588606162501212,2025,A
2026-05-24,Liverpool,Brentford,0.191419389861486,0.2120890902625702,0.5964915198759435,0.5225557234570277,0.2251891665942245,0.2522551099487479,2025,D
2026-05-24,Tottenham,Everton,0.2255932754903657,0.2392327579287418,0.5351739665808927,0.4932222749098981,0.2542216000278294,0.2525561250622725,2025,H
2026-05-24,Nott'm Forest,Bournemouth,0.4560580462590666,0.2382097172088257,0.3057322365321077,0.2908268115033369,0.2536944000477371,0.4554787884489258,2025,D
2026-05-24,Sunderland,Chelsea,0.4797358166234932,0.2399199646434839,0.2803442187330228,0.2713430896201255,0.2600108618699873,0.4686460485098872,2025,H
2026-05-24,Man City,Aston Villa,0.1134956155449756,0.1688028821307449,0.7177015023242794,0.7307764568398902,0.1551584754149906,0.1140650677451191,2025,A
2026-05-24,Fulham,Newcastle,0.4469355659523285,0.2554166452833555,0.2976477887643161,0.3341800187909023,0.25308028467771,0.4127396965313875,2025,H
2026-05-24,West Ham,Leeds,0.2414641345705168,0.2334614173493578,0.5250744480801253,0.5105913160128946,0.239171879492881,0.2502368044942242,2025,H
