,proba_A,proba_D,proba_H,test_season,true_label
1900,0.3240901213171577,0.29462738301559793,0.3812824956672444,2015,A
1901,0.16296296296296295,0.24444444444444444,0.5925925925925927,2015,H
1902,0.22433316350847204,0.27753217085476684,0.49813466563676106,2015,H
1904,0.08858780614903597,0.19489317352787913,0.7165190203230849,2015,D
1906,0.08128544423440455,0.1625708884688091,0.7561436672967865,2015,A
1907,0.36288659793814426,0.2969072164948453,0.34020618556701027,2015,D
1908,0.425,0.2875,0.2875,2015,A
1909,0.5855024502004709,0.2444472729586966,0.1700502768408324,2015,A
1910,0.5650328476033415,0.2572386385141528,0.1777285138825056,2015,A
1911,0.2260760349741558,0.2719192309550263,0.5020047340708178,2015,A
1912,0.2260760349741558,0.2719192309550263,0.5020047340708178,2015,H
1913,0.3145253526496378,0.2954632100648113,0.39001143728555093,2015,A
1914,0.2871467639015497,0.2789425706472197,0.43391066545123064,2015,A
1915,0.19565217391304351,0.2608695652173913,0.5434782608695653,2015,D
1917,0.5639796719414948,0.2501755980663554,0.1858447299921497,2015,A
1918,0.2592592592592593,0.2777777777777778,0.46296296296296297,2015,H
1920,0.3559331591511437,0.2718933854626792,0.3721734553861769,2015,D
1921,0.20462401106075737,0.26999001459405486,0.5253859743451877,2015,H
1922,0.09748771163298746,0.18569087930092845,0.7168214090660842,2015,D
1923,0.46671242278654773,0.2882635552505148,0.24502402196293757,2015,D
1925,0.2791467451268848,0.2960647296800294,0.42478852519308563,2015,D
1926,0.6045105789351314,0.24482678446872821,0.15066263659614043,2015,A
1928,0.5622715771717739,0.2431824571267922,0.1945459657014338,2015,A
1929,0.19580419580419584,0.24475524475524477,0.5594405594405595,2015,D
1930,0.10806125397284022,0.17682750650101128,0.7151112395261485,2015,A
1931,0.20643866285802517,0.2801667567358913,0.5133945804060835,2015,D
1933,0.08858780614903597,0.19489317352787913,0.7165190203230849,2015,A
1935,0.6039689387402933,0.23295944779982744,0.1630716134598792,2015,A
1936,0.21592574499267222,0.28578407425500735,0.49829018075232057,2015,A
1937,0.23255813953488372,0.27906976744186046,0.48837209302325585,2015,D
1938,0.24425531914893614,0.27914893617021275,0.4765957446808511,2015,H
1939,0.4334975369458128,0.29556650246305416,0.270935960591133,2015,H
1941,0.4864864864864865,0.2702702702702703,0.24324324324324326,2015,H
1942,0.5878012163159367,0.23372095982086052,0.1784778238632026,2015,A
1944,0.22529984759127952,0.2869259823736001,0.4877741700351202,2015,H
1945,0.39024390243902446,0.30487804878048785,0.30487804878048785,2015,D
1946,0.08128544423440455,0.1625708884688091,0.7561436672967865,2015,H
1947,0.22615826184153603,0.2611374063396936,0.5127043318187702,2015,H
1948,0.5020047340708178,0.2719192309550263,0.2260760349741558,2015,A
1949,0.2871467639015497,0.2789425706472197,0.43391066545123064,2015,H
1950,0.2778810408921933,0.2992565055762082,0.4228624535315985,2015,A
1951,0.2875,0.2875,0.425,2015,D
1952,0.3245033112582782,0.27814569536423844,0.3973509933774835,2015,H
1953,0.3244274809160305,0.28625954198473286,0.3893129770992367,2015,D
1954,0.3145253526496378,0.2954632100648113,0.39001143728555093,2015,A
1955,0.08913101249003456,0.1508370980600585,0.7600318894499071,2015,A
1956,0.1782437745740498,0.24508519003931847,0.5766710353866318,2015,H
1957,0.1700502768408324,0.2444472729586966,0.5855024502004709,2015,D
1958,0.39001143728555093,0.2954632100648113,0.3145253526496378,2015,A
1959,0.24324324324324326,0.2702702702702703,0.4864864864864865,2015,H
1960,0.6039689387402933,0.23295944779982744,0.1630716134598792,2015,D
1961,0.5405405405405406,0.24324324324324326,0.21621621621621623,2015,A
1962,0.13904741116048097,0.2247879626150963,0.6361646262244228,2015,H
1963,0.060728744939271245,0.12955465587044532,0.8097165991902834,2015,H
1964,0.2871467639015497,0.2789425706472197,0.43391066545123064,2015,D
1965,0.23342263898191556,0.28834561286001337,0.478231748158071,2015,H
1966,0.3240901213171577,0.29462738301559793,0.3812824956672444,2015,H
1967,0.5108834827144687,0.25678617157490397,0.2323303457106274,2015,H
1968,0.3145253526496378,0.2954632100648113,0.39001143728555093,2015,A
1969,0.39001143728555093,0.2954632100648113,0.3145253526496378,2015,A
1970,0.19526942913035747,0.27120754045882983,0.5335230304108126,2015,H
1971,0.07543103448275863,0.1400862068965517,0.7844827586206897,2015,H
1972,0.3145253526496378,0.2954632100648113,0.39001143728555093,2015,A
1973,0.40718562874251496,0.2874251497005988,0.3053892215568862,2015,D
1974,0.2567237163814181,0.2787286063569682,0.4645476772616137,2015,D
1975,0.2032417829806394,0.2636650157586673,0.5330932012606935,2015,A
1976,0.29606472968002945,0.27914674512688487,0.42478852519308574,2015,A
1977,0.34725594949004374,0.29917435648373,0.35356969402622634,2015,D
1978,0.25641025641025644,0.25641025641025644,0.4871794871794872,2015,H
1979,0.3495811119573496,0.2878903274942879,0.3625285605483625,2015,D
1980,0.32710280373831774,0.2803738317757009,0.39252336448598135,2015,D
1981,0.23342263898191556,0.28834561286001337,0.478231748158071,2015,H
1982,0.19580419580419584,0.24475524475524477,0.5594405594405595,2015,D
1983,0.6039689387402933,0.23295944779982744,0.1630716134598792,2015,A
1984,0.4111321948134092,0.28779253636938645,0.30107526881720426,2015,A
1985,0.09748557952770963,0.1695401383090602,0.7329742821632302,2015,H
1986,0.09748557952770963,0.1695401383090602,0.7329742821632302,2015,H
1987,0.24324324324324326,0.2702702702702703,0.4864864864864865,2015,A
1988,0.33843797856049007,0.286676875957121,0.374885145482389,2015,H
1989,0.23342263898191556,0.28834561286001337,0.478231748158071,2015,A
1990,0.4998355804011839,0.25649457415323906,0.24366984544557713,2015,H
1991,0.23255813953488372,0.27906976744186046,0.48837209302325585,2015,A
1992,0.24290220820189273,0.29442691903259727,0.46267087276550994,2015,A
1993,0.3767123287671233,0.29680365296803657,0.3264840182648402,2015,A
1994,0.2865412445730825,0.2706222865412446,0.4428364688856729,2015,H
1995,0.1213626685592619,0.20440028388928316,0.674237047551455,2015,H
1996,0.3475935828877006,0.27807486631016043,0.37433155080213903,2015,D
1997,0.33689024390243905,0.28734756097560976,0.3757621951219512,2015,H
1998,0.2558058925476603,0.27001733102253034,0.4741767764298094,2015,D
1999,0.43391066545123064,0.2789425706472197,0.2871467639015497,2015,A
2000,0.3757621951219512,0.28734756097560976,0.33689024390243905,2015,A
2001,0.5594405594405595,0.24475524475524477,0.19580419580419584,2015,A
2002,0.3053892215568862,0.2874251497005988,0.40718562874251496,2015,D
2003,0.33689024390243905,0.28734756097560976,0.3757621951219512,2015,H
2004,0.4645476772616137,0.2787286063569682,0.2567237163814181,2015,D
2005,0.2592592592592593,0.2777777777777778,0.46296296296296297,2015,A
2006,0.08128544423440455,0.1625708884688091,0.7561436672967865,2015,H
2007,0.13043478260869565,0.21739130434782608,0.6521739130434783,2015,H
2008,0.14937182155058254,0.22423021710826477,0.6263979613411526,2015,H
2009,0.1213626685592619,0.20440028388928316,0.674237047551455,2015,H
2010,0.2871467639015497,0.2789425706472197,0.43391066545123064,2015,A
2011,0.5397727272727273,0.2556818181818182,0.20454545454545456,2015,A
2012,0.3147553372378613,0.28698280748157945,0.3982618552805592,2015,H
2013,0.3475935828877006,0.27807486631016043,0.37433155080213903,2015,D
2014,0.21660761053766756,0.25650901247881686,0.5268833769835156,2015,H
2015,0.08124618204031767,0.1857055589492975,0.733048259010385,2015,H
2016,0.4741767764298094,0.27001733102253034,0.2558058925476603,2015,H
2017,0.16202828984323137,0.25583414185773373,0.5821375682990348,2015,A
2018,0.6756756756756758,0.19459459459459463,0.12972972972972974,2015,D
2019,0.1945459657014338,0.2431824571267922,0.5622715771717739,2015,D
2020,0.4877741700351202,0.2869259823736001,0.22529984759127952,2015,A
2021,0.1387232162580075,0.24276562845151314,0.6185111552904793,2015,A
2022,0.21710713270815574,0.2713839158851947,0.5115089514066496,2015,D
2023,0.6361646262244227,0.22478796261509623,0.13904741116048094,2015,H
2024,0.39024390243902446,0.2710027100271003,0.33875338753387535,2015,A
2025,0.10835913312693496,0.19504643962848295,0.696594427244582,2015,H
2026,0.1782437745740498,0.24508519003931847,0.5766710353866318,2015,A
2027,0.14952720016326904,0.2314111431098211,0.61906165672691,2015,H
2028,0.14952720016326904,0.2314111431098211,0.61906165672691,2015,H
2029,0.1387232162580075,0.24276562845151314,0.6185111552904793,2015,A
2030,0.34883720930232553,0.29598308668076106,0.3551797040169133,2015,A
2031,0.3911577369801424,0.2716373173473211,0.33720494567253656,2015,D
2032,0.17713064386855462,0.24979962596847446,0.5730697301629708,2015,H
2033,0.16298108591323987,0.22583984191211068,0.6111790721746495,2015,H
2034,0.4065192956163357,0.27875608842263017,0.31472461596103407,2015,D
2035,0.39871625448367,0.2960166131772702,0.30526713233905983,2015,H
2036,0.1213626685592619,0.20440028388928316,0.674237047551455,2015,H
2037,0.6039689387402933,0.23295944779982744,0.1630716134598792,2015,D
2038,0.33689024390243905,0.28734756097560976,0.3757621951219512,2015,D
2039,0.24425531914893614,0.27914893617021275,0.4765957446808511,2015,D
2040,0.1020948023164367,0.18474297562021877,0.7131622220633446,2015,A
2041,0.10810810810810811,0.21621621621621623,0.6756756756756758,2015,D
2042,0.13043478260869565,0.21739130434782608,0.6521739130434783,2015,D
2043,0.07550482879719053,0.16359379572724614,0.7609013754755634,2015,H
2044,0.5718175629680056,0.24302246426140234,0.18515997277059223,2015,H
2045,0.5253859743451877,0.26999001459405486,0.20462401106075737,2015,D
2046,0.35368907724908505,0.28607204777499523,0.3602388749759199,2015,A
2047,0.2700520366050601,0.27776780907949034,0.4521801543154494,2015,H
2048,0.6039110196933571,0.2259436147582537,0.17014536554838933,2015,H
2049,0.26127527216174184,0.2721617418351478,0.4665629860031104,2015,D
2050,0.3264840182648402,0.29680365296803657,0.3767123287671233,2015,H
2051,0.08853575482406358,0.1623155505107832,0.7491486946651532,2015,H
2052,0.425,0.2875,0.2875,2015,H
2053,0.335407327253053,0.29475189364662235,0.3698407791003246,2015,D
2054,0.3834529656214583,0.2793728749527767,0.337174159425765,2015,D
2055,0.3698407791003246,0.29475189364662235,0.335407327253053,2015,A
2056,0.6190616567269098,0.23141114310982105,0.149527200163269,2015,A
2057,0.0975788701393984,0.20542920029347028,0.6969919295671314,2015,D
2058,0.10806125397284022,0.17682750650101128,0.7151112395261485,2015,A
2059,0.415661532751902,0.27908702913341993,0.30525143811467803,2015,H
2060,0.08124618204031767,0.1857055589492975,0.733048259010385,2015,H
2061,0.2721617418351478,0.26127527216174184,0.4665629860031104,2015,A
2062,0.24425531914893614,0.27914893617021275,0.4765957446808511,2015,D
2063,0.3240901213171577,0.29462738301559793,0.3812824956672444,2015,A
2064,0.3495811119573496,0.2878903274942879,0.3625285605483625,2015,A
2065,0.30487804878048785,0.30487804878048785,0.39024390243902446,2015,A
2066,0.11427320490367776,0.2158493870402802,0.6698774080560421,2015,A
2067,0.24973767051416584,0.28646379853095494,0.46379853095487933,2015,D
2068,0.49851632047477756,0.2700296735905045,0.2314540059347181,2015,H
2069,0.3245033112582782,0.27814569536423844,0.3973509933774835,2015,H
2070,0.12698412698412698,0.21164021164021163,0.6613756613756613,2015,D
2071,0.07304347826086957,0.13565217391304346,0.7913043478260869,2015,H
2072,0.34580762617578636,0.2926064529179731,0.36158592090624053,2015,D
2073,0.25065616797900264,0.25065616797900264,0.49868766404199477,2015,H
2074,0.31654676258992803,0.2877697841726619,0.3956834532374101,2015,D
2075,0.4317656129529684,0.27139552814186585,0.2968388589051658,2015,A
2076,0.21369574517095002,0.282832603902728,0.5034716509263221,2015,H
2077,0.11906893464637423,0.20053715308863027,0.6803939122649956,2015,H
2078,0.46400294605045117,0.2717731541152642,0.2642238998342847,2015,H
2079,0.41212601545472566,0.29621557360808404,0.2916584109371904,2015,H
2080,0.2558058925476603,0.27001733102253034,0.4741767764298094,2015,H
2081,0.46296296296296297,0.2777777777777778,0.2592592592592593,2015,A
2082,0.25917535115541457,0.2990484821024015,0.44177616674218395,2015,H
2083,0.4428364688856729,0.2865412445730825,0.2706222865412446,2015,H
2084,0.1213626685592619,0.20440028388928316,0.674237047551455,2015,H
2085,0.24502402196293757,0.2882635552505148,0.46671242278654773,2015,D
2086,0.23145400593471807,0.27002967359050445,0.49851632047477745,2015,A
2087,0.3264840182648402,0.29680365296803657,0.3767123287671233,2015,D
2088,0.5291700401765936,0.24474114358167462,0.22608881624173174,2015,D
2089,0.5730697301629709,0.24979962596847452,0.17713064386855465,2015,A
2090,0.22615826184153603,0.2611374063396936,0.5127043318187702,2015,D
2091,0.08913101249003456,0.1508370980600585,0.7600318894499071,2015,H
2092,0.34782608695652173,0.3043478260869565,0.34782608695652173,2015,H
2093,0.5594405594405595,0.24475524475524477,0.19580419580419584,2015,A
2094,0.4765957446808511,0.27914893617021275,0.24425531914893614,2015,H
2095,0.40718562874251496,0.2874251497005988,0.3053892215568862,2015,H
2096,0.13922155688622756,0.2320359281437126,0.62874251497006,2015,H
2097,0.30631479736098016,0.3016022620169651,0.3920829406220546,2015,H
2098,0.4645476772616137,0.2787286063569682,0.2567237163814181,2015,A
2099,0.37164852667905496,0.27926732147597555,0.34908415184496944,2015,D
2100,0.541569086651054,0.26346604215456676,0.1949648711943794,2015,D
2101,0.24324324324324326,0.2702702702702703,0.4864864864864865,2015,A
2102,0.39690869191871,0.29920809083102756,0.30388321725026235,2015,H
2103,0.1858190709046455,0.2567237163814181,0.5574572127139364,2015,A
2104,0.18604651162790697,0.2713178294573644,0.5426356589147288,2015,A
2105,0.23140071831708567,0.29451000513083636,0.47408927655207805,2015,H
2106,0.22433316350847204,0.27753217085476684,0.49813466563676106,2015,H
2107,0.16168863674286668,0.20423827799098948,0.6340730852661439,2015,D
2108,0.374885145482389,0.286676875957121,0.33843797856049007,2015,D
2109,0.10810810810810811,0.21621621621621623,0.6756756756756758,2015,D
2110,0.1020948023164367,0.18474297562021877,0.7131622220633446,2015,H
2111,0.1771210156303324,0.25977748959115415,0.5631014947785133,2015,H
2112,0.3244274809160305,0.28625954198473286,0.3893129770992367,2015,H
2113,0.21710713270815574,0.2713839158851947,0.5115089514066496,2015,H
2114,0.20566419420094403,0.2605079793211958,0.5338278264778602,2015,D
2115,0.4428364688856729,0.2865412445730825,0.2706222865412446,2015,D
2116,0.11506849315068494,0.1863013698630137,0.6986301369863014,2015,H
2117,0.2778810408921933,0.2992565055762082,0.4228624535315985,2015,A
2118,0.5020047340708178,0.2719192309550263,0.2260760349741558,2015,D
2119,0.28779253636938645,0.30107526881720426,0.4111321948134092,2015,H
2120,0.5622715771717739,0.2431824571267922,0.1945459657014338,2015,D
2121,0.24290220820189273,0.29442691903259727,0.46267087276550994,2015,D
2122,0.24425531914893614,0.27914893617021275,0.4765957446808511,2015,H
2123,0.3893129770992367,0.28625954198473286,0.3244274809160305,2015,D
2124,0.49813466563676106,0.27753217085476684,0.22433316350847204,2015,A
2125,0.2567237163814181,0.2787286063569682,0.4645476772616137,2015,H
2126,0.4521801543154495,0.2777678090794904,0.27005203660506016,2015,A
2127,0.20643866285802517,0.2801667567358913,0.5133945804060835,2015,A
2128,0.2517985611510792,0.2805755395683453,0.4676258992805755,2015,A
2129,0.1777285138825056,0.2572386385141528,0.5650328476033415,2015,A
2130,0.33989144151677786,0.2879080445789177,0.3722005139043043,2015,H
2131,0.30526713233905983,0.2960166131772702,0.39871625448367,2015,A
2132,0.1851851851851852,0.2592592592592593,0.5555555555555556,2015,D
2133,0.16904209479615512,0.2591978786874379,0.5717600265164071,2015,H
2134,0.3145933014354067,0.3145933014354067,0.37081339712918665,2015,D
2135,0.5250875145857643,0.2590431738623104,0.21586931155192535,2015,A
2136,0.6727152024784244,0.20535516707236112,0.12192963044921443,2015,A
2137,0.20643866285802517,0.2801667567358913,0.5133945804060835,2015,H
2138,0.17721518987341772,0.2320675105485232,0.5907172995780591,2015,H
2139,0.49813466563676106,0.27753217085476684,0.22433316350847204,2015,D
2140,0.2960166131772702,0.30526713233905983,0.39871625448367,2015,H
2141,0.1630716134598792,0.23295944779982744,0.6039689387402933,2015,A
2142,0.2573943661971831,0.2876760563380282,0.45492957746478874,2015,H
2143,0.11504499201076444,0.2058699857034732,0.6790850222857623,2015,D
2144,0.1777285138825056,0.2572386385141528,0.5650328476033415,2015,H
2145,0.27093596059113306,0.29556650246305427,0.43349753694581283,2015,D
2146,0.3495811119573496,0.2878903274942879,0.3625285605483625,2015,A
2147,0.12223581443492991,0.22583984191211068,0.6519243436529595,2015,H
2148,0.4645476772616137,0.2787286063569682,0.2567237163814181,2015,A
2149,0.2502645502645503,0.29576719576719573,0.4539682539682539,2015,D
2150,0.5555555555555556,0.2592592592592593,0.1851851851851852,2015,H
2151,0.30107526881720437,0.2877925363693865,0.4111321948134093,2015,D
2152,0.13007833849517217,0.23228274731280743,0.6376389141920205,2015,A
2153,0.27093596059113306,0.29556650246305427,0.43349753694581283,2015,A
2154,0.1213626685592619,0.20440028388928316,0.674237047551455,2015,H
2155,0.23776223776223776,0.2867132867132867,0.4755244755244755,2015,A
2156,0.3920829406220546,0.3016022620169651,0.30631479736098016,2015,A
2157,0.2721617418351478,0.26127527216174184,0.4665629860031104,2015,A
2158,0.19580419580419584,0.24475524475524477,0.5594405594405595,2015,H
2159,0.5253859743451877,0.26999001459405486,0.20462401106075737,2015,A
2160,0.33555370524562866,0.30308076602830974,0.3613655287260616,2015,H
2161,0.3141116751269035,0.2899492385786802,0.39593908629441626,2015,D
2162,0.208955223880597,0.26865671641791045,0.5223880597014926,2015,H
2163,0.3756449948400412,0.2889576883384932,0.33539731682146534,2015,A
2164,0.1566003616636528,0.21699819168173598,0.6264014466546112,2015,H
2165,0.17059814658803707,0.2502106149957877,0.5791912384161751,2015,H
2166,0.1044776119402985,0.22388059701492535,0.6716417910447762,2015,H
2167,0.39593908629441626,0.2899492385786802,0.3141116751269035,2015,H
2168,0.36208221283134845,0.3008067614291203,0.3371110257395314,2015,H
2169,0.3145253526496378,0.2954632100648113,0.39001143728555093,2015,D
2170,0.5718175629680056,0.24302246426140234,0.18515997277059223,2015,A
2171,0.5115089514066496,0.2713839158851947,0.21710713270815574,2015,A
2172,0.1777285138825056,0.2572386385141528,0.5650328476033415,2015,D
2173,0.09748771163298746,0.18569087930092845,0.7168214090660842,2015,A
2174,0.4864864864864865,0.2702702702702703,0.24324324324324326,2015,H
2175,0.23255813953488372,0.27906976744186046,0.48837209302325585,2015,H
2176,0.33989144151677786,0.2879080445789177,0.3722005139043043,2015,H
2177,0.16202828984323137,0.25583414185773373,0.5821375682990348,2015,H
2178,0.06477548543689321,0.13880461165048544,0.7964199029126214,2015,H
2179,0.13043478260869565,0.21739130434782608,0.6521739130434783,2015,D
2180,0.33989144151677786,0.2879080445789177,0.3722005139043043,2015,A
2181,0.24425531914893614,0.27914893617021275,0.4765957446808511,2015,H
2182,0.3846153846153847,0.2884615384615385,0.3269230769230769,2015,A
2183,0.14953271028037385,0.2429906542056075,0.6074766355140188,2015,D
2184,0.30107526881720437,0.2877925363693865,0.4111321948134093,2015,D
2185,0.1945459657014338,0.2431824571267922,0.5622715771717739,2015,A
2186,0.4877741700351202,0.2869259823736001,0.22529984759127952,2015,H
2187,0.4645476772616137,0.2787286063569682,0.2567237163814181,2015,A
2188,0.22433316350847204,0.27753217085476684,0.49813466563676106,2015,H
2189,0.6069364161849712,0.23121387283236997,0.16184971098265896,2015,D
2190,0.33553398058252426,0.3040776699029126,0.36038834951456306,2015,A
2191,0.6521739130434783,0.21739130434782608,0.13043478260869565,2015,A
2192,0.1556587464594911,0.22468063865399984,0.6196606148865091,2015,H
2193,0.2949517867271696,0.29948950652297224,0.4055587067498582,2015,A
2194,0.16202828984323137,0.25583414185773373,0.5821375682990348,2015,H
2195,0.3608247422680412,0.2783505154639175,0.3608247422680412,2015,A
2196,0.27093596059113306,0.29556650246305427,0.43349753694581283,2015,A
2197,0.3893129770992367,0.28625954198473286,0.3244274809160305,2015,A
2198,0.1858190709046455,0.2567237163814181,0.5574572127139364,2015,D
2199,0.20566419420094403,0.2605079793211958,0.5338278264778602,2015,A
2200,0.2567237163814181,0.2787286063569682,0.4645476772616137,2015,D
2201,0.33989144151677786,0.2879080445789177,0.3722005139043043,2015,H
2202,0.13904741116048097,0.2247879626150963,0.6361646262244228,2015,H
2203,0.623392789508307,0.2260338751796864,0.15057333531200648,2015,A
2204,0.4665629860031104,0.2721617418351478,0.26127527216174184,2015,A
2205,0.3244274809160305,0.28625954198473286,0.3893129770992367,2015,D
2206,0.09748771163298746,0.18569087930092845,0.7168214090660842,2015,H
2207,0.2706222865412446,0.2865412445730825,0.4428364688856729,2015,D
2208,0.2706222865412446,0.2865412445730825,0.4428364688856729,2015,H
2209,0.23145400593471807,0.27002967359050445,0.49851632047477745,2015,D
2210,0.24290220820189273,0.29442691903259727,0.46267087276550994,2015,D
2211,0.2789425706472197,0.2871467639015497,0.43391066545123064,2015,H
2212,0.2592592592592593,0.2777777777777778,0.46296296296296297,2015,H
2213,0.43785365853658537,0.28526829268292686,0.27687804878048783,2015,D
2214,0.26212861978187285,0.27754795035727714,0.4603234298608499,2015,H
2215,0.4701492537313433,0.26865671641791045,0.2611940298507463,2015,D
2216,0.10452687834014461,0.1881483810122603,0.7073247406475951,2015,H
2217,0.47134935304990755,0.27726432532347506,0.2513863216266174,2015,H
2218,0.15572519083969466,0.233587786259542,0.6106870229007634,2015,H
2219,0.4283464566929133,0.2944881889763779,0.27716535433070866,2015,A
2220,0.16267628730731387,0.2338471630042637,0.6034765496884225,2015,H
2221,0.4473684210526316,0.27631578947368424,0.27631578947368424,2015,A
2222,0.23601059135039718,0.26972639011473964,0.4942630185348632,2015,H
2223,0.3757621951219512,0.28734756097560976,0.33689024390243905,2015,D
2224,0.3495811119573496,0.2878903274942879,0.3625285605483625,2015,D
2225,0.0575937415700027,0.13987051524143512,0.8025357431885622,2015,H
2226,0.2875,0.2875,0.425,2015,H
2227,0.2874251497005988,0.3053892215568862,0.40718562874251496,2015,A
2228,0.3602388749759199,0.28607204777499523,0.35368907724908505,2015,A
2229,0.29948950652297224,0.2949517867271696,0.4055587067498582,2015,A
2230,0.23145400593471807,0.27002967359050445,0.49851632047477745,2015,D
2231,0.10209258084971465,0.16867469879518074,0.7292327203551047,2015,D
2232,0.4521801543154495,0.2777678090794904,0.27005203660506016,2015,A
2233,0.5250875145857643,0.2590431738623104,0.21586931155192535,2015,A
2234,0.6209037599172129,0.21662642290444983,0.1624698171783374,2015,D
2235,0.1945459657014338,0.2431824571267922,0.5622715771717739,2015,H
2236,0.13904741116048097,0.2247879626150963,0.6361646262244228,2015,H
2237,0.15057333531200648,0.2260338751796864,0.623392789508307,2015,H
2238,0.07550482879719053,0.16359379572724614,0.7609013754755634,2015,H
2239,0.16246981717833733,0.21662642290444978,0.6209037599172128,2015,D
2240,0.6376389141920205,0.23228274731280743,0.13007833849517217,2015,A
2241,0.4065192956163357,0.27875608842263017,0.31472461596103407,2015,A
2242,0.08853575482406358,0.1623155505107832,0.7491486946651532,2015,H
2243,0.1776406035665295,0.26406035665294925,0.5582990397805213,2015,H
2244,0.5405405405405406,0.24324324324324326,0.21621621621621623,2015,D
2245,0.06477548543689321,0.13880461165048544,0.7964199029126214,2015,D
2246,0.08913101249003456,0.1508370980600585,0.7600318894499071,2015,H
2247,0.25641025641025644,0.25641025641025644,0.4871794871794872,2015,H
2248,0.24324324324324326,0.2702702702702703,0.4864864864864865,2015,H
2249,0.34883720930232553,0.29598308668076106,0.3551797040169133,2015,D
2250,0.16962058553236184,0.2566627281081791,0.5737166863594592,2015,H
2251,0.46671242278654773,0.2882635552505148,0.24502402196293757,2015,A
2252,0.4065192956163357,0.27875608842263017,0.31472461596103407,2015,H
2253,0.3625285605483625,0.2878903274942879,0.3495811119573496,2015,H
2254,0.24973767051416584,0.28646379853095494,0.46379853095487933,2015,D
2255,0.3721734553861769,0.2718933854626792,0.3559331591511437,2015,D
2256,0.5953041227583656,0.23386947679792935,0.17082640044370492,2015,D
2257,0.23145400593471807,0.27002967359050445,0.49851632047477745,2015,D
2258,0.24895905621096462,0.27741151977793194,0.4736294240111034,2015,H
2259,0.24424552429667523,0.24424552429667523,0.5115089514066496,2015,H
2260,0.5115089514066496,0.2713839158851947,0.21710713270815574,2015,A
2261,0.39735099337748336,0.2781456953642384,0.32450331125827814,2015,H
2262,0.1213626685592619,0.20440028388928316,0.674237047551455,2015,A
2263,0.2508924018357981,0.27180010198878124,0.47730749617542073,2015,A
2264,0.33720494567253656,0.2716373173473211,0.3911577369801424,2015,D
2265,0.13043478260869565,0.21739130434782608,0.6521739130434783,2015,H
2266,0.39735099337748336,0.2781456953642384,0.32450331125827814,2015,H
2267,0.25641025641025644,0.25641025641025644,0.4871794871794872,2015,D
2268,0.20566419420094403,0.2605079793211958,0.5338278264778602,2015,H
2269,0.19580419580419584,0.24475524475524477,0.5594405594405595,2015,H
2270,0.31501095690284875,0.260409057706355,0.4245799853907962,2015,D
2271,0.21621621621621623,0.24324324324324326,0.5405405405405406,2015,H
2272,0.057409224730127564,0.10843964671246317,0.8341511285574091,2015,H
2273,0.10806125397284022,0.17682750650101128,0.7151112395261485,2015,H
2274,0.32432432432432434,0.2702702702702703,0.4054054054054055,2015,D
2275,0.6340730852661439,0.20423827799098948,0.16168863674286668,2015,D
2276,0.26374474654773133,0.2602281499270949,0.4760271035251737,2015,D
2277,0.4521801543154495,0.27005203660506016,0.2777678090794904,2015,H
2278,0.5405405405405406,0.24324324324324326,0.21621621621621623,2015,H
2279,0.18540105467665832,0.23175131834582288,0.5828476269775187,2015,H
2280,0.19565217391304351,0.2608695652173913,0.5434782608695653,2016,D
2281,0.5115089514066496,0.2713839158851947,0.21710713270815574,2016,H
2282,0.29948950652297224,0.2949517867271696,0.4055587067498582,2016,A
2283,0.06532663316582914,0.1507537688442211,0.7839195979899497,2016,H
2284,0.40718562874251496,0.2874251497005988,0.3053892215568862,2016,D
2285,0.21674876847290642,0.29556650246305427,0.4876847290640395,2016,A
2287,0.3147246159610341,0.2787560884226302,0.40651929561633576,2016,A
2288,0.5253859743451877,0.26999001459405486,0.20462401106075737,2016,A
2289,0.16296296296296295,0.24444444444444444,0.5925925925925927,2016,H
2290,0.13007833849517217,0.23228274731280743,0.6376389141920205,2016,H
2291,0.6190616567269098,0.23141114310982105,0.149527200163269,2016,H
2292,0.18604651162790697,0.2713178294573644,0.5426356589147288,2016,A
2293,0.5650328476033415,0.2572386385141528,0.1777285138825056,2016,A
2294,0.39024390243902446,0.2710027100271003,0.33875338753387535,2016,D
2295,0.375,0.30000000000000004,0.325,2016,A
2296,0.12192963044921443,0.20535516707236112,0.6727152024784244,2016,H
2297,0.5650328476033415,0.2572386385141528,0.1777285138825056,2016,A
2299,0.2428393524283935,0.2590286425902864,0.49813200498132004,2016,H
2300,0.2885143081144649,0.2975303802430419,0.41395531164249316,2016,D
2301,0.6530742274609749,0.22937241159604974,0.11755336094297547,2016,A
2302,0.06358381502890173,0.17341040462427745,0.7630057803468208,2016,H
2303,0.1820493708072083,0.2654886657605121,0.5524619634322796,2016,H
2304,0.3181818181818181,0.2807486631016043,0.40106951871657753,2016,D
2305,0.5533013648100332,0.2552563629656953,0.1914422722242715,2016,A
2306,0.1820493708072083,0.2654886657605121,0.5524619634322796,2016,H
2307,0.14397432305066613,0.2599536388414805,0.5960720381078533,2016,D
2308,0.08595988538681948,0.15759312320916904,0.7564469914040115,2016,H
2310,0.14952720016326904,0.2314111431098211,0.61906165672691,2016,H
2311,0.28698280748157945,0.3147553372378613,0.3982618552805592,2016,D
2312,0.1782437745740498,0.24508519003931847,0.5766710353866318,2016,H
2313,0.2249970450669503,0.2997652938891984,0.47523766104385123,2016,H
2314,0.28779253636938645,0.30107526881720426,0.4111321948134092,2016,A
2316,0.5275632693631012,0.2602645462191299,0.212172184417769,2016,A
2317,0.21710713270815574,0.2713839158851947,0.5115089514066496,2016,A
2318,0.5855024502004709,0.2444472729586966,0.1700502768408324,2016,D
2319,0.4645476772616137,0.2787286063569682,0.2567237163814181,2016,A
2320,0.2871467639015497,0.2789425706472197,0.43391066545123064,2016,A
2321,0.12223581443492991,0.22583984191211068,0.6519243436529595,2016,H
2323,0.34782608695652173,0.3043478260869565,0.34782608695652173,2016,H
2324,0.6069364161849712,0.23121387283236997,0.16184971098265896,2016,A
2325,0.08128544423440455,0.1625708884688091,0.7561436672967865,2016,H
2326,0.6039689387402933,0.23295944779982744,0.1630716134598792,2016,H
2327,0.08872581721147432,0.17745163442294865,0.733822548365577,2016,H
2328,0.23255813953488372,0.27906976744186046,0.48837209302325585,2016,H
2329,0.16962058553236184,0.2566627281081791,0.5737166863594592,2016,H
2330,0.36123654046543935,0.3001042028482112,0.33865925668634944,2016,A
2331,0.1858447299921497,0.2501755980663554,0.5639796719414948,2016,H
2332,0.46296296296296297,0.2777777777777778,0.2592592592592593,2016,A
2333,0.29528535980148884,0.29528535980148884,0.40942928039702237,2016,D
2334,0.7151112395261485,0.17682750650101128,0.10806125397284022,2016,A
2335,0.06477548543689321,0.13880461165048544,0.7964199029126214,2016,H
2336,0.3147246159610341,0.2787560884226302,0.40651929561633576,2016,H
2337,0.4521801543154495,0.2777678090794904,0.27005203660506016,2016,H
2338,0.35517970401691334,0.2959830866807611,0.3488372093023256,2016,A
2339,0.36038834951456306,0.3040776699029126,0.33553398058252426,2016,H
2340,0.1945459657014338,0.2431824571267922,0.5622715771717739,2016,D
2341,0.6521739130434783,0.21739130434782608,0.13043478260869565,2016,A
2342,0.30631479736098016,0.3016022620169651,0.3920829406220546,2016,D
2343,0.6727152024784244,0.20535516707236112,0.12192963044921443,2016,A
2344,0.29528535980148884,0.29528535980148884,0.40942928039702237,2016,D
2345,0.2789425706472197,0.2871467639015497,0.43391066545123064,2016,D
2346,0.09748557952770963,0.1695401383090602,0.7329742821632302,2016,D
2347,0.39252336448598135,0.2803738317757009,0.32710280373831774,2016,H
2348,0.6965944272445821,0.195046439628483,0.10835913312693499,2016,A
2349,0.2789425706472197,0.2871467639015497,0.43391066545123064,2016,D
2350,0.2700520366050601,0.27776780907949034,0.4521801543154494,2016,A
2351,0.19488337095560576,0.27840481565086533,0.526711813393529,2016,H
2352,0.16246981717833733,0.21662642290444978,0.6209037599172128,2016,H
2353,0.08913101249003456,0.1508370980600585,0.7600318894499071,2016,H
2354,0.14004914004914004,0.20638820638820637,0.6535626535626535,2016,D
2355,0.24324324324324326,0.2702702702702703,0.4864864864864865,2016,H
2356,0.5650328476033415,0.2572386385141528,0.1777285138825056,2016,D
2357,0.27093596059113306,0.29556650246305427,0.43349753694581283,2016,A
2358,0.10240780249923802,0.20268210911307527,0.6949100883876866,2016,H
2359,0.2784810126582279,0.2784810126582279,0.4430379746835444,2016,D
2360,0.1700502768408324,0.2444472729586966,0.5855024502004709,2016,H
2361,0.29528535980148884,0.29528535980148884,0.40942928039702237,2016,D
2362,0.07550482879719053,0.16359379572724614,0.7609013754755634,2016,H
2363,0.24895905621096462,0.27741151977793194,0.4736294240111034,2016,H
2364,0.39001143728555093,0.2954632100648113,0.3145253526496378,2016,A
2365,0.5821375682990348,0.25583414185773373,0.16202828984323137,2016,H
2366,0.49851632047477756,0.2700296735905045,0.2314540059347181,2016,D
2367,0.06532663316582914,0.1507537688442211,0.7839195979899497,2016,D
2368,0.2573943661971831,0.2876760563380282,0.45492957746478874,2016,H
2369,0.13043478260869565,0.21739130434782608,0.6521739130434783,2016,D
2370,0.051157125456760044,0.13885505481120583,0.8099878197320342,2016,D
2371,0.30487804878048785,0.30487804878048785,0.39024390243902446,2016,H
2372,0.1630716134598792,0.23295944779982744,0.6039689387402933,2016,D
2373,0.6965944272445821,0.195046439628483,0.10835913312693499,2016,A
2374,0.674237047551455,0.20440028388928316,0.1213626685592619,2016,A
2375,0.1851851851851852,0.2592592592592593,0.5555555555555556,2016,H
2376,0.5718175629680056,0.24302246426140234,0.18515997277059223,2016,A
2377,0.40718562874251496,0.2874251497005988,0.3053892215568862,2016,A
2378,0.20454545454545456,0.2556818181818182,0.5397727272727273,2016,H
2379,0.2558058925476603,0.27001733102253034,0.4741767764298094,2016,H
2380,0.17721518987341772,0.2320675105485232,0.5907172995780591,2016,A
2381,0.40942928039702237,0.29528535980148884,0.29528535980148884,2016,H
2382,0.13904741116048097,0.2247879626150963,0.6361646262244228,2016,H
2383,0.06477548543689321,0.13880461165048544,0.7964199029126214,2016,D
2384,0.24324324324324326,0.2702702702702703,0.4864864864864865,2016,D
2385,0.5622715771717739,0.2431824571267922,0.1945459657014338,2016,A
2386,0.08128544423440455,0.1625708884688091,0.7561436672967865,2016,H
2387,0.23145400593471807,0.27002967359050445,0.49851632047477745,2016,D
2388,0.5737166863594592,0.2566627281081791,0.16962058553236184,2016,H
2389,0.18604651162790697,0.2713178294573644,0.5426356589147288,2016,A
2390,0.4428364688856729,0.2706222865412446,0.2865412445730825,2016,D
2391,0.2573943661971831,0.2876760563380282,0.45492957746478874,2016,H
2392,0.2875,0.2875,0.425,2016,A
2393,0.35517970401691334,0.2959830866807611,0.3488372093023256,2016,H
2394,0.33689024390243905,0.28734756097560976,0.3757621951219512,2016,D
2395,0.16298108591323987,0.22583984191211068,0.6111790721746495,2016,D
2396,0.6347656250000001,0.2158203125,0.14941406250000003,2016,A
2397,0.13043478260869565,0.21739130434782608,0.6521739130434783,2016,H
2398,0.6185111552904793,0.24276562845151314,0.1387232162580075,2016,A
2399,0.21592574499267222,0.28578407425500735,0.49829018075232057,2016,H
2400,0.33989144151677786,0.2879080445789177,0.3722005139043043,2016,H
2401,0.21710713270815574,0.2713839158851947,0.5115089514066496,2016,D
2402,0.05134890925519556,0.11477991480573124,0.8338711759390732,2016,H
2403,0.1858190709046455,0.2567237163814181,0.5574572127139364,2016,H
2404,0.37718631178707224,0.30646387832699623,0.3163498098859316,2016,D
2405,0.7302231237322514,0.16186612576064907,0.10791075050709938,2016,A
2406,0.10835913312693496,0.19504643962848295,0.696594427244582,2016,H
2407,0.12192963044921443,0.20535516707236112,0.6727152024784244,2016,D
2408,0.2706222865412446,0.2865412445730825,0.4428364688856729,2016,H
2409,0.29629629629629634,0.29629629629629634,0.40740740740740744,2016,A
2410,0.10806125397284022,0.17682750650101128,0.7151112395261485,2016,H
2411,0.425,0.2875,0.2875,2016,H
2412,0.27215189873417717,0.27215189873417717,0.4556962025316455,2016,A
2413,0.2603550295857988,0.2958579881656805,0.4437869822485207,2016,H
2414,0.5601965601965602,0.2334152334152334,0.20638820638820637,2016,A
2415,0.42478852519308563,0.2960647296800294,0.2791467451268848,2016,H
2416,0.15066263659614043,0.24482678446872821,0.6045105789351314,2016,H
2417,0.5594405594405595,0.24475524475524477,0.19580419580419584,2016,H
2418,0.4521801543154495,0.2777678090794904,0.27005203660506016,2016,D
2419,0.18625954198473285,0.2793893129770993,0.5343511450381679,2016,H
2420,0.42478852519308563,0.2960647296800294,0.2791467451268848,2016,D
2421,0.10241379310344828,0.17689655172413796,0.7206896551724138,2016,H
2422,0.4430379746835443,0.27848101265822783,0.27848101265822783,2016,H
2423,0.3982618552805592,0.28698280748157945,0.3147553372378613,2016,H
2424,0.2700520366050601,0.27776780907949034,0.4521801543154494,2016,H
2425,0.5718175629680056,0.24302246426140234,0.18515997277059223,2016,H
2426,0.06493506493506493,0.1558441558441558,0.7792207792207791,2016,H
2427,0.08853575482406358,0.1623155505107832,0.7491486946651532,2016,D
2428,0.2706222865412446,0.2865412445730825,0.4428364688856729,2016,H
2429,0.16257430860687513,0.2636340139570948,0.57379167743603,2016,H
2430,0.3053892215568862,0.2874251497005988,0.40718562874251496,2016,H
2431,0.509140280269602,0.2593221160839839,0.2315376036464142,2016,H
2432,0.24425531914893614,0.27914893617021275,0.4765957446808511,2016,H
2433,0.06477548543689321,0.13880461165048544,0.7964199029126214,2016,H
2434,0.7329742821632302,0.1695401383090602,0.09748557952770963,2016,A
2435,0.39001143728555093,0.2954632100648113,0.3145253526496378,2016,D
2436,0.1700502768408324,0.2444472729586966,0.5855024502004709,2016,H
2437,0.5718175629680056,0.24302246426140234,0.18515997277059223,2016,A
2438,0.6111790721746495,0.22583984191211068,0.16298108591323987,2016,A
2439,0.08913101249003456,0.1508370980600585,0.7600318894499071,2016,H
2440,0.24502402196293757,0.2882635552505148,0.46671242278654773,2016,H
2441,0.6190616567269098,0.23141114310982105,0.149527200163269,2016,A
2442,0.33689024390243905,0.28734756097560976,0.3757621951219512,2016,D
2443,0.5737166863594592,0.2566627281081791,0.16962058553236184,2016,A
2444,0.335407327253053,0.29475189364662235,0.3698407791003246,2016,H
2445,0.16215028563058445,0.23729310092280653,0.600556613446609,2016,H
2446,0.06477548543689321,0.13880461165048544,0.7964199029126214,2016,H
2447,0.27776780907949034,0.2700520366050601,0.4521801543154494,2016,H
2448,0.3767123287671233,0.29680365296803657,0.3264840182648402,2016,A
2449,0.49851632047477756,0.2700296735905045,0.2314540059347181,2016,A
2450,0.329078579976067,0.2891902672516952,0.38173115277223774,2016,D
2451,0.34017784963621667,0.2976556184316896,0.3621665319320938,2016,A
2452,0.329078579976067,0.2891902672516952,0.38173115277223774,2016,A
2453,0.07322929171668667,0.14645858343337334,0.78031212484994,2016,H
2454,0.11173184357541899,0.18994413407821228,0.6983240223463686,2016,H
2455,0.36559577063847093,0.3066287108580724,0.3277755185034567,2016,H
2456,0.11190148386109836,0.17293865687624294,0.7151598592626587,2016,H
2457,0.7318695941450433,0.17298735861610115,0.09514304723885564,2016,A
2458,0.09514304723885562,0.17298735861610112,0.7318695941450432,2016,H
2459,0.3664921465968586,0.2931937172774869,0.3403141361256544,2016,A
2460,0.49813466563676106,0.27753217085476684,0.22433316350847204,2016,D
2461,0.1776406035665295,0.26406035665294925,0.5582990397805213,2016,A
2462,0.2949517867271696,0.29948950652297224,0.4055587067498582,2016,H
2463,0.06966773847802786,0.15005359056806,0.780278670953912,2016,H
2464,0.2638743455497382,0.27120418848167543,0.4649214659685864,2016,H
2465,0.31443969522393606,0.2707675153317227,0.4147927894443412,2016,H
2466,0.060728744939271245,0.16194331983805665,0.7773279352226721,2016,H
2467,0.3757621951219512,0.28734756097560976,0.33689024390243905,2016,A
2468,0.5791912384161753,0.25021061499578773,0.1705981465880371,2016,A
2469,0.09909217877094974,0.171159217877095,0.7297486033519555,2016,H
2470,0.1776406035665295,0.26406035665294925,0.5582990397805213,2016,H
2471,0.733822548365577,0.17745163442294865,0.08872581721147432,2016,D
2472,0.5925925925925927,0.24444444444444444,0.16296296296296295,2016,A
2473,0.3392967304133251,0.3053670573719926,0.3553362122146823,2016,D
2474,0.2706222865412446,0.2865412445730825,0.4428364688856729,2016,H
2475,0.05134890925519556,0.11477991480573124,0.8338711759390732,2016,H
2476,0.208955223880597,0.26865671641791045,0.5223880597014926,2016,H
2477,0.5072616073735894,0.2760099922473943,0.21672840037901628,2016,D
2478,0.1971830985915493,0.26760563380281693,0.5352112676056339,2016,A
2479,0.3559693318729463,0.28806133625410735,0.3559693318729463,2016,H
2480,0.42478852519308563,0.2791467451268848,0.2960647296800294,2016,H
2481,0.3043478260869565,0.2864450127877238,0.40920716112531963,2016,H
2482,0.600556613446609,0.23729310092280653,0.16215028563058445,2016,A
2483,0.30487804878048785,0.30487804878048785,0.39024390243902446,2016,D
2484,0.6535626535626535,0.20638820638820637,0.14004914004914004,2016,A
2485,0.08872581721147432,0.17745163442294865,0.733822548365577,2016,H
2486,0.4428364688856729,0.2865412445730825,0.2706222865412446,2016,H
2487,0.39001143728555093,0.2954632100648113,0.3145253526496378,2016,A
2488,0.25993421637478886,0.2866921504133701,0.4533736332118411,2016,D
2489,0.5405405405405406,0.24324324324324326,0.21621621621621623,2016,H
2490,0.2700520366050601,0.27776780907949034,0.4521801543154494,2016,D
2491,0.20566419420094403,0.2605079793211958,0.5338278264778602,2016,D
2492,0.16962058553236184,0.2566627281081791,0.5737166863594592,2016,H
2493,0.06477548543689321,0.13880461165048544,0.7964199029126214,2016,A
2494,0.3016022620169651,0.30631479736098016,0.3920829406220546,2016,A
2495,0.6069364161849712,0.23121387283236997,0.16184971098265896,2016,D
2496,0.4111321948134092,0.28779253636938645,0.30107526881720426,2016,A
2497,0.05736137667304016,0.13001912045889102,0.8126195028680689,2016,H
2498,0.051343413466768184,0.12194060698357444,0.8267159795496574,2016,H
2499,0.18625954198473285,0.2793893129770993,0.5343511450381679,2016,H
2500,0.33482359801730005,0.29876567207697546,0.3664107299057246,2016,D
2501,0.3247962747380675,0.31431897555296856,0.3608847497089639,2016,D
2502,0.06477548543689321,0.13880461165048544,0.7964199029126214,2016,A
2503,0.425,0.2875,0.2875,2016,H
2504,0.24895905621096462,0.27741151977793194,0.4736294240111034,2016,A
2505,0.36208221283134845,0.3008067614291203,0.3371110257395314,2016,H
2506,0.7131622220633446,0.18474297562021877,0.1020948023164367,2016,D
2507,0.3722005139043043,0.2879080445789177,0.33989144151677786,2016,D
2508,0.05736137667304016,0.13001912045889102,0.8126195028680689,2016,D
2509,0.6209037599172129,0.21662642290444983,0.1624698171783374,2016,A
2510,0.18515997277059223,0.24302246426140234,0.5718175629680056,2016,H
2511,0.17713064386855462,0.24979962596847446,0.5730697301629708,2016,A
2512,0.23145400593471807,0.27002967359050445,0.49851632047477745,2016,H
2513,0.2778810408921933,0.2992565055762082,0.4228624535315985,2016,H
2514,0.2502645502645503,0.29576719576719573,0.4539682539682539,2016,H
2515,0.07550482879719053,0.16359379572724614,0.7609013754755634,2016,H
2516,0.21586931155192535,0.2590431738623104,0.5250875145857643,2016,A
2517,0.6727152024784244,0.20535516707236112,0.12192963044921443,2016,H
2518,0.06477548543689321,0.13880461165048544,0.7964199029126214,2016,H
2519,0.5884234090182283,0.24272465622001918,0.16885193476175248,2016,A
2520,0.46379853095487933,0.28646379853095494,0.24973767051416584,2016,A
2521,0.27093596059113306,0.29556650246305427,0.43349753694581283,2016,D
2522,0.2502645502645503,0.29576719576719573,0.4539682539682539,2016,H
2523,0.06966773847802786,0.15005359056806,0.780278670953912,2016,H
2524,0.2875,0.2875,0.425,2016,H
2525,0.07550482879719053,0.16359379572724614,0.7609013754755634,2016,H
2526,0.4539682539682539,0.29576719576719573,0.2502645502645503,2016,D
2527,0.6965944272445821,0.195046439628483,0.10835913312693499,2016,D
2528,0.29948950652297224,0.2949517867271696,0.4055587067498582,2016,H
2529,0.6756756756756758,0.19459459459459463,0.12972972972972974,2016,A
2530,0.2502645502645503,0.29576719576719573,0.4539682539682539,2016,D
2531,0.11506849315068494,0.1863013698630137,0.6986301369863014,2016,H
2532,0.335407327253053,0.29475189364662235,0.3698407791003246,2016,D
2533,0.06532663316582914,0.1507537688442211,0.7839195979899497,2016,H
2534,0.24502402196293757,0.2882635552505148,0.46671242278654773,2016,H
2535,0.2318840579710145,0.30434782608695654,0.463768115942029,2016,H
2536,0.12972972972972974,0.19459459459459463,0.6756756756756758,2016,H
2537,0.5907172995780591,0.2320675105485232,0.17721518987341772,2016,H
2538,0.06532663316582914,0.1507537688442211,0.7839195979899497,2016,D
2539,0.2578125,0.29687500000000006,0.4453125,2016,A
2540,0.4428364688856729,0.2865412445730825,0.2706222865412446,2016,A
2541,0.27215189873417717,0.27215189873417717,0.4556962025316455,2016,H
2542,0.20462401106075737,0.26999001459405486,0.5253859743451877,2016,H
2543,0.21592574499267222,0.28578407425500735,0.49829018075232057,2016,H
2544,0.23255813953488372,0.27906976744186046,0.48837209302325585,2016,H
2545,0.18540105467665832,0.23175131834582288,0.5828476269775187,2016,H
2546,0.7600318894499071,0.1508370980600585,0.08913101249003456,2016,A
2547,0.600556613446609,0.23729310092280653,0.16215028563058445,2016,A
2548,0.06532663316582914,0.1507537688442211,0.7839195979899497,2016,D
2549,0.16202828984323137,0.25583414185773373,0.5821375682990348,2016,H
2550,0.3475935828877006,0.27807486631016043,0.37433155080213903,2016,H
2551,0.3240901213171577,0.29462738301559793,0.3812824956672444,2016,H
2552,0.06966773847802786,0.15005359056806,0.780278670953912,2016,H
2553,0.3240901213171577,0.29462738301559793,0.3812824956672444,2016,D
2554,0.5675292209985812,0.24545638808188633,0.18701439091953242,2016,H
2555,0.6045105789351314,0.24482678446872821,0.15066263659614043,2016,A
2556,0.29606472968002945,0.27914674512688487,0.42478852519308574,2016,A
2557,0.20643866285802517,0.2801667567358913,0.5133945804060835,2016,H
2558,0.2700520366050601,0.27776780907949034,0.4521801543154494,2016,H
2559,0.13904741116048097,0.2247879626150963,0.6361646262244228,2016,H
2560,0.5737916774360301,0.26363401395709485,0.16257430860687516,2016,A
2561,0.1777285138825056,0.2572386385141528,0.5650328476033415,2016,H
2562,0.25553662691652473,0.2589437819420784,0.485519591141397,2016,D
2563,0.24425531914893614,0.27914893617021275,0.4765957446808511,2016,H
2564,0.3147553372378613,0.28698280748157945,0.3982618552805592,2016,H
2565,0.08118381754004887,0.1694270974748846,0.7493890849850665,2016,A
2566,0.5737166863594592,0.2566627281081791,0.16962058553236184,2016,A
2567,0.20462401106075737,0.26999001459405486,0.5253859743451877,2016,H
2568,0.08858780614903597,0.19489317352787913,0.7165190203230849,2016,D
2569,0.16296296296296295,0.24444444444444444,0.5925925925925927,2016,D
2570,0.1858447299921497,0.2501755980663554,0.5639796719414948,2016,H
2571,0.4245799853907962,0.260409057706355,0.31501095690284875,2016,D
2572,0.22529984759127952,0.2869259823736001,0.4877741700351202,2016,D
2573,0.2954632100648113,0.3145253526496378,0.39001143728555093,2016,H
2574,0.11427320490367776,0.2158493870402802,0.6698774080560421,2016,H
2575,0.14952720016326904,0.2314111431098211,0.61906165672691,2016,D
2576,0.30487804878048785,0.30487804878048785,0.39024390243902446,2016,H
2577,0.3147246159610341,0.2787560884226302,0.40651929561633576,2016,H
2578,0.23140071831708567,0.29451000513083636,0.47408927655207805,2016,H
2579,0.12138728323699423,0.18497109826589597,0.6936416184971099,2016,H
2580,0.5622715771717739,0.2431824571267922,0.1945459657014338,2016,A
2581,0.1020948023164367,0.18474297562021877,0.7131622220633446,2016,D
2582,0.2049427183437505,0.26310213841427427,0.5319551432419753,2016,H
2583,0.6074766355140188,0.2429906542056075,0.14953271028037385,2016,A
2584,0.05736137667304016,0.13001912045889102,0.8126195028680689,2016,H
2585,0.28698280748157945,0.3147553372378613,0.3982618552805592,2016,D
2586,0.49813200498132015,0.25902864259028646,0.24283935242839355,2016,A
2587,0.06532663316582914,0.1507537688442211,0.7839195979899497,2016,H
2588,0.3812824956672444,0.29462738301559793,0.3240901213171577,2016,A
2589,0.2638743455497382,0.27120418848167543,0.4649214659685864,2016,H
2590,0.7168214090660842,0.18569087930092845,0.09748771163298746,2016,A
2591,0.19458303635067714,0.24946543121881687,0.5559515324305061,2016,H
2592,0.5330781848004373,0.2501366867140514,0.21678512848551118,2016,H
2593,0.19742911033269403,0.26049674280008245,0.5420741468672235,2016,D
2594,0.11775700934579439,0.20934579439252335,0.6728971962616822,2016,H
2595,0.54584017471928,0.23607587556608858,0.21808394971463146,2016,A
2596,0.23455440131219243,0.2843083652268999,0.4811372334609076,2016,H
2597,0.42669584245076586,0.2888402625820569,0.2844638949671772,2016,D
2598,0.09375,0.15625,0.75,2016,H
2599,0.3239263803680982,0.2846625766871166,0.3914110429447853,2016,H
2600,0.5198358413132695,0.24623803009575923,0.23392612859097128,2016,A
2601,0.33635614179719703,0.2943116240725474,0.3693322341302556,2016,H
2602,0.6292134831460674,0.23595505617977527,0.1348314606741573,2016,A
2603,0.4334975369458128,0.270935960591133,0.29556650246305416,2016,D
2604,0.2706222865412446,0.2865412445730825,0.4428364688856729,2016,H
2605,0.22536298204940955,0.26373559791187656,0.5109014200387137,2016,H
2606,0.21586931155192535,0.2590431738623104,0.5250875145857643,2016,H
2607,0.5855024502004709,0.2444472729586966,0.1700502768408324,2016,A
2608,0.14004914004914004,0.20638820638820637,0.6535626535626535,2016,A
2609,0.11481194595059814,0.21215250882175746,0.6730355452276443,2016,H
2610,0.2875,0.2875,0.425,2016,H
2611,0.17031342400946187,0.21762270845653459,0.6120638675340035,2016,H
2612,0.5907172995780591,0.2320675105485232,0.17721518987341772,2016,A
2613,0.23153760364641415,0.25932211608398387,0.5091402802696019,2016,D
2614,0.40930979133226325,0.2768860353130016,0.3138041733547351,2016,A
2615,0.16320979258755527,0.2502550153009181,0.5865351921115268,2016,D
2616,0.2611940298507463,0.26865671641791045,0.4701492537313433,2016,D
2617,0.1971830985915493,0.26760563380281693,0.5352112676056339,2016,A
2618,0.34111675126903557,0.26802030456852793,0.3908629441624366,2016,A
2619,0.23647209203238176,0.25223689816787387,0.5112910097997443,2016,H
2620,0.7494852436513384,0.17844886753603295,0.0720658888126287,2016,D
2621,0.4701492537313433,0.2611940298507463,0.26865671641791045,2016,A
2622,0.11673292374412723,0.19660281893747744,0.6866642573183954,2016,D
2623,0.6272727272727273,0.2090909090909091,0.16363636363636366,2016,A
2624,0.6986301369863014,0.1863013698630137,0.11506849315068494,2016,H
2625,0.14952720016326904,0.2314111431098211,0.61906165672691,2016,H
2626,0.08913101249003456,0.1508370980600585,0.7600318894499071,2016,H
2627,0.1213626685592619,0.20440028388928316,0.674237047551455,2016,A
2628,0.27093596059113306,0.29556650246305427,0.43349753694581283,2016,D
2629,0.29556650246305416,0.270935960591133,0.4334975369458128,2016,D
2630,0.37164852667905496,0.27926732147597555,0.34908415184496944,2016,H
2631,0.1630716134598792,0.23295944779982744,0.6039689387402933,2016,D
2632,0.22536298204940955,0.26373559791187656,0.5109014200387137,2016,H
2633,0.05167844522968197,0.1090989399293286,0.8392226148409894,2016,H
2634,0.4741767764298094,0.2558058925476603,0.27001733102253034,2016,A
2635,0.13043478260869565,0.21739130434782608,0.6521739130434783,2016,H
2636,0.7168214090660842,0.18569087930092845,0.09748771163298746,2016,A
2637,0.5108834827144687,0.25678617157490397,0.2323303457106274,2016,A
2638,0.5570253843403646,0.23775473721844836,0.205219878441187,2016,A
2639,0.08120649651972157,0.13921113689095127,0.7795823665893272,2016,H
2640,0.4864864864864865,0.2702702702702703,0.24324324324324326,2016,A
2641,0.23153760364641415,0.25932211608398387,0.5091402802696019,2016,H
2642,0.26127527216174184,0.2721617418351478,0.4665629860031104,2016,H
2643,0.1858447299921497,0.2501755980663554,0.5639796719414948,2016,H
2644,0.5718175629680056,0.24302246426140234,0.18515997277059223,2016,A
2645,0.07504168982768206,0.14452473596442467,0.7804335742078933,2016,H
2646,0.03351624958607313,0.07476701830739392,0.8917167321065328,2016,H
2647,0.0421389847215377,0.10768851651059634,0.8501724987678659,2016,H
2648,0.34883720930232553,0.29598308668076106,0.3551797040169133,2016,D
2649,0.5268833769835156,0.25650901247881686,0.21660761053766756,2016,A
2650,0.0421389847215377,0.10768851651059634,0.8501724987678659,2016,H
2651,0.7491486946651532,0.1623155505107832,0.08853575482406358,2016,A
2652,0.1303370786516854,0.1955056179775281,0.6741573033707866,2016,H
2653,0.3245033112582782,0.27814569536423844,0.3973509933774835,2016,A
2654,0.6535626535626535,0.20638820638820637,0.14004914004914004,2016,A
2655,0.3145253526496378,0.2954632100648113,0.39001143728555093,2016,H
2656,0.24324324324324326,0.2702702702702703,0.4864864864864865,2016,D
2657,0.20454545454545456,0.2556818181818182,0.5397727272727273,2016,A
2658,0.2592592592592593,0.2777777777777778,0.46296296296296297,2016,H
2659,0.0421389847215377,0.10768851651059634,0.8501724987678659,2016,H
2660,0.14941406250000003,0.2158203125,0.6347656250000001,2017,H
2661,0.16962058553236184,0.2566627281081791,0.5737166863594592,2017,H
2662,0.29629629629629634,0.29629629629629634,0.40740740740740744,2017,H
2663,0.06532663316582914,0.1507537688442211,0.7839195979899497,2017,A
2664,0.6039689387402933,0.23295944779982744,0.1630716134598792,2017,D
2667,0.15066263659614043,0.24482678446872821,0.6045105789351314,2017,D
2668,0.08118381754004887,0.1694270974748846,0.7493890849850665,2017,H
2669,0.5766710353866318,0.24508519003931847,0.1782437745740498,2017,A
2670,0.32486682621786456,0.30456264957924806,0.3705705242028874,2017,A
2672,0.7165190203230849,0.19489317352787913,0.08858780614903597,2017,A
2673,0.1020948023164367,0.18474297562021877,0.7131622220633446,2017,H
2674,0.5268833769835156,0.25650901247881686,0.21660761053766756,2017,H
2675,0.1858190709046455,0.2567237163814181,0.5574572127139364,2017,H
2676,0.24324324324324326,0.2702702702702703,0.4864864864864865,2017,A
2678,0.26127527216174184,0.2721617418351478,0.4665629860031104,2017,A
2679,0.09748557952770963,0.1695401383090602,0.7329742821632302,2017,D
2680,0.22433316350847204,0.27753217085476684,0.49813466563676106,2017,A
2681,0.7491486946651532,0.1623155505107832,0.08853575482406358,2017,A
2683,0.2875,0.2875,0.425,2017,H
2685,0.08872581721147432,0.17745163442294865,0.733822548365577,2017,H
2686,0.06532663316582914,0.1507537688442211,0.7839195979899497,2017,D
2687,0.2787560884226302,0.3147246159610341,0.40651929561633576,2017,D
2688,0.11427320490367776,0.2158493870402802,0.6698774080560421,2017,H
2689,0.27981005979599016,0.2646851916989096,0.45550474850510025,2017,H
2690,0.5433347998240211,0.2507699076110867,0.2058952925648922,2017,A
2691,0.6521739130434783,0.21739130434782608,0.13043478260869565,2017,D
2692,0.16296296296296295,0.24444444444444444,0.5925925925925927,2017,A
2693,0.23146700031279327,0.24304035032843294,0.5254926493587738,2017,H
2694,0.4645476772616137,0.2787286063569682,0.2567237163814181,2017,A
2696,0.10806125397284022,0.17682750650101128,0.7151112395261485,2017,H
2697,0.2778810408921933,0.2992565055762082,0.4228624535315985,2017,H
2698,0.2949517867271696,0.29948950652297224,0.4055587067498582,2017,A
2701,0.06477548543689321,0.13880461165048544,0.7964199029126214,2017,D
2702,0.28779253636938645,0.30107526881720426,0.4111321948134092,2017,D
2703,0.28779253636938645,0.30107526881720426,0.4111321948134092,2017,H
2704,0.7302231237322514,0.16186612576064907,0.10791075050709938,2017,A
2706,0.3767123287671233,0.29680365296803657,0.3264840182648402,2017,A
2707,0.07550482879719053,0.16359379572724614,0.7609013754755634,2017,D
2708,0.21621621621621623,0.24324324324324326,0.5405405405405406,2017,D
2709,0.09748771163298746,0.18569087930092845,0.7168214090660842,2017,H
2710,0.16885193476175248,0.24272465622001918,0.5884234090182283,2017,H
2711,0.5113527342500799,0.25043172369683403,0.23821554205308604,2017,A
2712,0.24913093858632682,0.29895712630359217,0.45191193511008115,2017,D
2713,0.29948950652297224,0.2949517867271696,0.4055587067498582,2017,A
2714,0.6111790721746495,0.22583984191211068,0.16298108591323987,2017,A
2715,0.04646612863780875,0.0975788701393984,0.8559550012227929,2017,H
2716,0.5650328476033415,0.2572386385141528,0.1777285138825056,2017,A
2717,0.600556613446609,0.23729310092280653,0.16215028563058445,2017,A
2718,0.3365645599069407,0.3148507173322993,0.34858472276075997,2017,H
2719,0.08872581721147432,0.17745163442294865,0.733822548365577,2017,H
2720,0.26869752001562197,0.29388791251708657,0.4374145674672916,2017,D
2721,0.38221632382216325,0.29263437292634376,0.32514930325149305,2017,H
2722,0.06264341441027994,0.13423588802202846,0.8031206975676917,2017,H
2723,0.6914119359534208,0.19796215429403205,0.11062590975254732,2017,A
2724,0.37499999999999994,0.28409090909090906,0.34090909090909083,2017,A
2725,0.3756449948400412,0.2889576883384932,0.33539731682146534,2017,D
2726,0.208955223880597,0.26865671641791045,0.5223880597014926,2017,H
2727,0.5638651471984806,0.24780389363722696,0.18833095916429252,2017,D
2728,0.16555370444312875,0.2644260557077751,0.5700202398490961,2017,A
2729,0.07228915662650603,0.14457831325301207,0.783132530120482,2017,H
2730,0.046228710462287104,0.10218978102189781,0.8515815085158152,2017,H
2731,0.25917535115541457,0.2990484821024015,0.44177616674218395,2017,H
2732,0.34725594949004374,0.29917435648373,0.35356969402622634,2017,D
2733,0.589849375316234,0.22476939244152103,0.18538123224224495,2017,H
2734,0.6965944272445821,0.195046439628483,0.10835913312693499,2017,H
2735,0.3494623655913978,0.30107526881720426,0.3494623655913978,2017,D
2736,0.06504065040650406,0.1219512195121951,0.8130081300813008,2017,H
2737,0.4055587067498582,0.2949517867271696,0.29948950652297224,2017,D
2738,0.21710713270815574,0.2713839158851947,0.5115089514066496,2017,D
2739,0.23342263898191556,0.28834561286001337,0.478231748158071,2017,D
2740,0.18625954198473285,0.2793893129770993,0.5343511450381679,2017,A
2741,0.23255813953488372,0.27906976744186046,0.48837209302325585,2017,H
2742,0.3531301723298607,0.29880245350988216,0.34806737416025696,2017,A
2743,0.7165190203230849,0.19489317352787913,0.08858780614903597,2017,H
2744,0.2694826221486652,0.277182125638627,0.45333525221270776,2017,A
2745,0.09748771163298746,0.18569087930092845,0.7168214090660842,2017,H
2746,0.037607995934270715,0.08148399119091987,0.8809080128748094,2017,H
2747,0.18564894986901115,0.28750943563784914,0.5268416144931397,2017,H
2748,0.4750762545439351,0.26920987757489656,0.25571386788116823,2017,A
2749,0.2877500685119211,0.27870649493011784,0.43354343655796107,2017,H
2750,0.2961586121437423,0.2961586121437423,0.40768277571251554,2017,D
2751,0.07504168982768206,0.14452473596442467,0.7804335742078933,2017,H
2752,0.6054490413723511,0.23208879919273462,0.16246215943491424,2017,A
2753,0.2557138678811683,0.2692098775748966,0.4750762545439352,2017,A
2754,0.7614483493077742,0.14994675186368478,0.088604898828541,2017,A
2755,0.2571340467084673,0.2874743472050416,0.45539160608649115,2017,H
2756,0.08120649651972157,0.13921113689095127,0.7795823665893272,2017,H
2757,0.2591659789726387,0.2866880298369897,0.4541459911903716,2017,H
2758,0.3983578333995497,0.3049927161965303,0.29664945040392,2017,D
2759,0.35997041765598853,0.3037250398972403,0.33630454244677127,2017,H
2760,0.5883867861774078,0.22557091571697385,0.18604229810561843,2017,A
2761,0.28753933551644667,0.3046119835627357,0.40784868092081766,2017,A
2762,0.3406802867191065,0.2971891862868802,0.3621305269940132,2017,D
2763,0.23255813953488372,0.27906976744186046,0.48837209302325585,2017,A
2764,0.3251748251748252,0.3251748251748252,0.3496503496503497,2017,H
2765,0.15039864701618746,0.2606909881613916,0.5889103648224208,2017,A
2766,0.12887727579231287,0.1757417397167903,0.6953809844908969,2017,H
2767,0.0808080808080808,0.1616161616161616,0.7575757575757576,2017,H
2768,0.2703937350445943,0.2871437894278877,0.4424624755275179,2017,H
2769,0.30487804878048785,0.30487804878048785,0.39024390243902446,2017,H
2770,0.10781880235805148,0.19407384424449267,0.6981073533974558,2017,H
2771,0.6059899778580585,0.24391096608786855,0.15009905605407298,2017,A
2772,0.07453164556962025,0.16850632911392405,0.7569620253164556,2017,H
2773,0.7292327203551047,0.16867469879518074,0.10209258084971465,2017,A
2774,0.29508302593539515,0.2987148170238308,0.40620215704077406,2017,D
2775,0.24276800907543958,0.30346001134429945,0.4537719795802609,2017,H
2776,0.18625954198473285,0.2793893129770993,0.5343511450381679,2017,H
2777,0.33797739306770813,0.2713207405460213,0.39070186638627064,2017,H
2778,0.2592592592592593,0.2777777777777778,0.46296296296296297,2017,H
2779,0.28753933551644667,0.3046119835627357,0.40784868092081766,2017,D
2780,0.35339086118028606,0.28667400243238544,0.3599351363873284,2017,D
2781,0.060728744939271245,0.16194331983805665,0.7773279352226721,2017,D
2782,0.3498385360602798,0.30032292787944026,0.3498385360602798,2017,D
2783,0.2784810126582279,0.2784810126582279,0.4430379746835444,2017,A
2784,0.277182125638627,0.2694826221486652,0.45333525221270776,2017,D
2785,0.24368600682593858,0.2784982935153584,0.4778156996587031,2017,H
2786,0.05081127241673783,0.13791631084543124,0.8112724167378309,2017,H
2787,0.6347656250000001,0.2158203125,0.14941406250000003,2017,A
2788,0.8217522658610271,0.12120845921450149,0.057039274924471285,2017,A
2789,0.20403250075233223,0.2858862473668372,0.5100812518808305,2017,H
2790,0.5555952295936585,0.249946440048561,0.19445833035778048,2017,H
2791,0.2773290049826363,0.31311339272233135,0.4095576022950325,2017,D
2792,0.3247962747380675,0.31431897555296856,0.3608847497089639,2017,D
2793,0.5650424836691724,0.249838835966832,0.18511868036399554,2017,A
2794,0.0570392749244713,0.12120845921450152,0.8217522658610272,2017,H
2795,0.22510931746722135,0.2875290102162444,0.48736167231653427,2017,A
2796,0.05697232772653283,0.1291372761801411,0.8138903960933263,2017,H
2797,0.6317494600431967,0.2176025917926566,0.1506479481641469,2017,A
2798,0.06459930786455859,0.12112370224604735,0.814276989889394,2017,H
2799,0.29514321295143214,0.29514321295143214,0.40971357409713577,2017,H
2800,0.6521739130434783,0.21739130434782608,0.13043478260869565,2017,A
2801,0.1770268141799597,0.256899070709704,0.5660741151103362,2017,H
2802,0.3241537578886976,0.2868617326448652,0.3889845094664372,2017,A
2803,0.06532663316582914,0.1507537688442211,0.7839195979899497,2017,H
2804,0.30487804878048785,0.30487804878048785,0.39024390243902446,2017,D
2805,0.5636978579481398,0.2423900789177001,0.1939120631341601,2017,D
2806,0.19526942913035747,0.27120754045882983,0.5335230304108126,2017,H
2807,0.215743868409458,0.286385666030254,0.4978704655602878,2017,H
2808,0.39026305620535917,0.2869934474864026,0.3227434963082382,2017,D
2809,0.0447356529597831,0.08540442837776775,0.8698599186624492,2017,H
2810,0.3247962747380675,0.31431897555296856,0.3608847497089639,2017,H
2811,0.33540469344000123,0.29462600730747834,0.3699692992525205,2017,A
2812,0.6521739130434783,0.21739130434782608,0.13043478260869565,2017,H
2813,0.088604898828541,0.14994675186368478,0.7614483493077742,2017,H
2814,0.325,0.30000000000000004,0.375,2017,H
2815,0.24368600682593858,0.2784982935153584,0.4778156996587031,2017,D
2816,0.3247962747380675,0.31431897555296856,0.3608847497089639,2017,H
2817,0.49813200498132015,0.25902864259028646,0.24283935242839355,2017,D
2818,0.43354343655796107,0.27870649493011784,0.2877500685119211,2017,A
2819,0.08853575482406358,0.1623155505107832,0.7491486946651532,2017,D
2820,0.27048575225158716,0.30429647128303555,0.42521777646537723,2017,H
2821,0.29870492872449456,0.2773688623870306,0.4239262088884748,2017,H
2822,0.6756756756756758,0.21621621621621623,0.10810810810810811,2017,A
2823,0.06477548543689321,0.13880461165048544,0.7964199029126214,2017,D
2824,0.5843071786310519,0.23094045631608234,0.18475236505286588,2017,D
2825,0.7839195979899498,0.15075376884422112,0.06532663316582915,2017,A
2826,0.2987148170238308,0.29508302593539515,0.40620215704077406,2017,A
2827,0.2500079016403805,0.28688222341624786,0.46310987494337147,2017,A
2828,0.06532663316582914,0.1507537688442211,0.7839195979899497,2017,H
2829,0.0808080808080808,0.1616161616161616,0.7575757575757576,2017,H
2830,0.21593830334190225,0.26992287917737784,0.5141388174807198,2017,A
2831,0.16186056035218235,0.21158243183291814,0.6265570078148995,2017,H
2832,0.2783798463647415,0.2961487727284484,0.4254713809068102,2017,A
2833,0.06966773847802786,0.15005359056806,0.780278670953912,2017,H
2834,0.30413248723107883,0.3244079863798174,0.37145952638910384,2017,D
2835,0.10781880235805148,0.19407384424449267,0.6981073533974558,2017,H
2836,0.19565217391304351,0.2608695652173913,0.5434782608695653,2017,A
2837,0.6347656250000001,0.2158203125,0.14941406250000003,2017,A
2838,0.6074766355140188,0.2429906542056075,0.14953271028037385,2017,A
2839,0.17654304091966605,0.25892979334884353,0.5645271657314903,2017,H
2840,0.34801671576351306,0.26971295471672263,0.3822703295197643,2017,D
2841,0.3244079863798174,0.30413248723107883,0.37145952638910384,2017,H
2842,0.5870605220663323,0.2505194001619824,0.16242007777168524,2017,D
2843,0.2500079016403805,0.28688222341624786,0.46310987494337147,2017,A
2844,0.5128205128205129,0.27065527065527073,0.21652421652421655,2017,D
2845,0.3983578333995497,0.3049927161965303,0.29664945040392,2017,D
2846,0.2773688623870306,0.29870492872449456,0.4239262088884748,2017,H
2847,0.14907088061047916,0.24909016040311424,0.6018389589864065,2017,D
2848,0.04232513398378452,0.08849800742064037,0.869176858595575,2017,H
2849,0.62874251497006,0.2320359281437126,0.13922155688622756,2017,A
2850,0.31355605277370574,0.30375742612452744,0.3826865211017668,2017,D
2851,0.3389920990817852,0.27797352124706387,0.383034379671151,2017,H
2852,0.06532663316582914,0.1507537688442211,0.7839195979899497,2017,D
2853,0.09748771163298746,0.18569087930092845,0.7168214090660842,2017,H
2854,0.30487804878048785,0.30487804878048785,0.39024390243902446,2017,D
2855,0.05130725378415569,0.10831531354432868,0.8403774326715158,2017,H
2856,0.05697232772653283,0.1291372761801411,0.8138903960933263,2017,H
2857,0.3544177210791109,0.296245815491658,0.3493364634292312,2017,D
2858,0.7804335742078933,0.14452473596442467,0.07504168982768206,2017,A
2859,0.5405405405405406,0.24324324324324326,0.21621621621621623,2017,A
2860,0.24276800907543958,0.30346001134429945,0.4537719795802609,2017,D
2861,0.10806125397284022,0.17682750650101128,0.7151112395261485,2017,D
2862,0.2773290049826363,0.31311339272233135,0.4095576022950325,2017,D
2863,0.08853575482406358,0.1623155505107832,0.7491486946651532,2017,H
2864,0.050982419855222325,0.11396070320579109,0.8350568769389864,2017,H
2865,0.29514321295143214,0.29514321295143214,0.40971357409713577,2017,H
2866,0.16135352923978105,0.25544094338751616,0.5832055273727026,2017,A
2867,0.7614483493077742,0.14994675186368478,0.088604898828541,2017,D
2868,0.5636978579481398,0.2423900789177001,0.1939120631341601,2017,D
2869,0.2783798463647415,0.2961487727284484,0.4254713809068102,2017,A
2870,0.16135352923978105,0.25544094338751616,0.5832055273727026,2017,H
2871,0.6521739130434783,0.21739130434782608,0.13043478260869565,2017,A
2872,0.28655308826696596,0.30356717788281706,0.4098797338502171,2017,D
2873,0.5430183356840621,0.27926657263751764,0.1777150916784203,2017,A
2874,0.23336111010470634,0.2753523423064382,0.4912865475888554,2017,A
2875,0.7235798159314504,0.1980323706759759,0.0783878133925738,2017,A
2876,0.22940403389238917,0.27677359841294147,0.49382236769466925,2017,H
2877,0.04950598023920957,0.11066042641705669,0.8398335933437338,2017,H
2878,0.36140724946695096,0.27718550106609813,0.36140724946695096,2017,D
2879,0.09375,0.15625,0.75,2017,D
2880,0.3141486810551559,0.3141486810551559,0.37170263788968827,2017,A
2881,0.2238790355765408,0.32313207468214056,0.45298888974131857,2017,H
2882,0.3241537578886976,0.2868617326448652,0.3889845094664372,2017,D
2883,0.07505863956215794,0.1626270523846755,0.7623143080531665,2017,H
2884,0.08118381754004887,0.1694270974748846,0.7493890849850665,2017,D
2885,0.21655422083264766,0.296198782293895,0.4872469968734573,2017,H
2886,0.215743868409458,0.286385666030254,0.4978704655602878,2017,D
2887,0.42564487486956043,0.2599271369203449,0.31442798821009466,2017,H
2888,0.5601965601965602,0.2334152334152334,0.20638820638820637,2017,H
2889,0.06477548543689321,0.13880461165048544,0.7964199029126214,2017,H
2890,0.24276800907543958,0.30346001134429945,0.4537719795802609,2017,D
2891,0.14004914004914004,0.20638820638820637,0.6535626535626535,2017,H
2892,0.6018389589864065,0.24909016040311424,0.14907088061047916,2017,A
2893,0.6199888221381168,0.2502268510943042,0.12978432676757912,2017,A
2894,0.24324324324324326,0.2702702702702703,0.4864864864864865,2017,D
2895,0.23745120054387575,0.2864824218951185,0.4760663775610057,2017,H
2896,0.22453487755337637,0.24993213876764,0.5255329836789835,2017,H
2897,0.037293553542887596,0.09696323921150773,0.8657432072456047,2017,H
2898,0.5930510829628471,0.23780043424427125,0.1691484827928816,2017,D
2899,0.7493890849850665,0.1694270974748846,0.08118381754004887,2017,H
2900,0.7493890849850665,0.1694270974748846,0.08118381754004887,2017,A
2901,0.6488942744622841,0.21205695243865497,0.13904877309906089,2017,H
2902,0.3844832849946573,0.30048847504197834,0.3150282399633644,2017,D
2903,0.25101618769164946,0.3051415531626614,0.44384225914568926,2017,D
2904,0.2879397864519517,0.2966917556450201,0.4153684579030282,2017,H
2905,0.37145952638910384,0.30413248723107883,0.3244079863798174,2017,H
2906,0.2877500685119211,0.27870649493011784,0.43354343655796107,2017,D
2907,0.16279069767441862,0.27906976744186046,0.5581395348837209,2017,D
2908,0.04646612863780875,0.0975788701393984,0.8559550012227929,2017,H
2909,0.088604898828541,0.14994675186368478,0.7614483493077742,2017,A
2910,0.050982419855222325,0.11396070320579109,0.8350568769389864,2017,H
2911,0.08118381754004887,0.1694270974748846,0.7493890849850665,2017,H
2912,0.22475861627981328,0.263028326619349,0.5122130571008376,2017,H
2913,0.26261873719500833,0.3238964425405103,0.4134848202644813,2017,H
2914,0.7623143080531665,0.1626270523846755,0.07505863956215794,2017,D
2915,0.18604651162790697,0.2713178294573644,0.5426356589147288,2017,D
2916,0.31355605277370574,0.30375742612452744,0.3826865211017668,2017,A
2917,0.23267926356589144,0.2882751937984496,0.4790455426356589,2017,D
2918,0.2721617418351478,0.26127527216174184,0.4665629860031104,2017,D
2919,0.6023733510029516,0.24245527377868803,0.15517137521836036,2017,H
2920,0.29352734570998495,0.28901154039136984,0.41746111389864526,2017,H
2921,0.07181653590826796,0.14363307181653592,0.7845503922751962,2017,H
2922,0.2777558589126489,0.2942476130355875,0.4279965280517636,2017,D
2923,0.2894656488549619,0.313587786259542,0.3969465648854962,2017,H
2924,0.26865671641791045,0.2611940298507463,0.4701492537313433,2017,H
2925,0.3373791485329647,0.28610572170424664,0.3765151297627886,2017,H
2926,0.5253465346534654,0.2495049504950495,0.22514851485148513,2017,A
2927,0.5806996550995988,0.24931371858942772,0.16998662631097347,2017,H
2928,0.41746111389864526,0.29352734570998495,0.28901154039136984,2017,H
2929,0.11673292374412723,0.19660281893747744,0.6866642573183954,2017,H
2930,0.25722684958353753,0.27853993140617345,0.4642332190102891,2017,D
2931,0.24390671576363315,0.3001928809398562,0.45590040329651055,2017,H
2932,0.34899166767298634,0.31409250090568774,0.3369158314213259,2017,D
2933,0.18511868036399554,0.249838835966832,0.5650424836691724,2017,D
2934,0.07468778058933966,0.12945881968818873,0.7958533997224717,2017,H
2935,0.2787064949301179,0.28775006851192114,0.4335434365579611,2017,H
2936,0.20493204069572438,0.29587452684033155,0.49919343246394404,2017,A
2937,0.2773688623870306,0.29870492872449456,0.4239262088884748,2017,H
2938,0.6521739130434783,0.21739130434782608,0.13043478260869565,2017,A
2939,0.5518087063151441,0.23727774371551194,0.21091354996934394,2017,A
2940,0.05697232772653283,0.1291372761801411,0.8138903960933263,2017,H
2941,0.2960953618094292,0.31424314204936193,0.3896614961412089,2017,H
2942,0.21586931155192535,0.2590431738623104,0.5250875145857643,2017,D
2943,0.325,0.30000000000000004,0.375,2017,H
2944,0.24999201087940687,0.2955832590641011,0.4544247300564919,2017,H
2945,0.06477548543689321,0.13880461165048544,0.7964199029126214,2017,H
2946,0.1851851851851852,0.2592592592592593,0.5555555555555556,2017,D
2947,0.511849255603074,0.2565998906717258,0.23155085372520015,2017,H
2948,0.16246215943491424,0.23208879919273462,0.6054490413723511,2017,H
2949,0.6185111552904793,0.24276562845151314,0.1387232162580075,2017,A
2950,0.375,0.30000000000000004,0.325,2017,A
2951,0.30375742612452744,0.31355605277370574,0.3826865211017668,2017,D
2952,0.25101618769164946,0.3051415531626614,0.44384225914568926,2017,H
2953,0.27048575225158716,0.30429647128303555,0.42521777646537723,2017,A
2954,0.35571878279118574,0.2885624344176285,0.35571878279118574,2017,H
2955,0.08118381754004887,0.1694270974748846,0.7493890849850665,2017,H
2956,0.34820457018498363,0.30359085963003263,0.34820457018498363,2017,H
2957,0.12972972972972974,0.19459459459459463,0.6756756756756758,2017,H
2958,0.6317494600431967,0.2176025917926566,0.1506479481641469,2017,A
2959,0.7839195979899498,0.15075376884422112,0.06532663316582915,2017,A
2960,0.19526942913035747,0.27120754045882983,0.5335230304108126,2017,H
2961,0.3608847497089639,0.31431897555296856,0.3247962747380675,2017,A
2962,0.06459930786455859,0.12112370224604735,0.814276989889394,2017,H
2963,0.31424314204936193,0.2960953618094292,0.3896614961412089,2017,A
2964,0.09375,0.15625,0.75,2017,H
2965,0.358535978089468,0.29355133206075196,0.3479126898497801,2017,A
2966,0.6500776404176282,0.2161921021250311,0.13373025745734066,2017,A
2967,0.7073247406475951,0.1881483810122603,0.10452687834014461,2017,A
2968,0.3619302949061662,0.28954423592493295,0.34852546916890076,2017,H
2969,0.3034016454508479,0.2858799698776986,0.4107183846714535,2017,D
2970,0.18754445586027033,0.27661424168181464,0.5358413024579152,2017,H
2971,0.3054989816700611,0.3156822810590631,0.3788187372708758,2017,A
2972,0.0940673436664885,0.17103153393907,0.7349011223944414,2017,H
2973,0.3034016454508479,0.2858799698776986,0.4107183846714535,2017,A
2974,0.3241537578886976,0.2868617326448652,0.3889845094664372,2017,D
2975,0.19488337095560576,0.27840481565086533,0.526711813393529,2017,D
2976,0.23145400593471807,0.27002967359050445,0.49851632047477745,2017,A
2977,0.5104521147301897,0.2586290714632961,0.23091881380651436,2017,D
2978,0.28753933551644667,0.3046119835627357,0.40784868092081766,2017,A
2979,0.733822548365577,0.17745163442294865,0.08872581721147432,2017,A
2980,0.28655308826696596,0.30356717788281706,0.4098797338502171,2017,D
2981,0.23092546205402473,0.25590684449258677,0.5131676934533884,2017,A
2982,0.16246981717833733,0.21662642290444978,0.6209037599172128,2017,H
2983,0.0808080808080808,0.1616161616161616,0.7575757575757576,2017,D
2984,0.325933014354067,0.3008612440191388,0.37320574162679426,2017,H
2985,0.08120649651972157,0.13921113689095127,0.7795823665893272,2017,H
2986,0.3596431022649279,0.26973232669869596,0.3706245710363761,2017,A
2987,0.3150282399633644,0.30048847504197834,0.3844832849946573,2017,D
2988,0.3244079863798174,0.30413248723107883,0.37145952638910384,2017,H
2989,0.20588235294117646,0.27941176470588236,0.5147058823529411,2017,H
2990,0.5250875145857643,0.2590431738623104,0.21586931155192535,2017,A
2991,0.43310844166529533,0.2706927760408096,0.296198782293895,2017,H
2992,0.051343413466768184,0.12194060698357444,0.8267159795496574,2017,A
2993,0.24324324324324326,0.2702702702702703,0.4864864864864865,2017,D
2994,0.6263979613411526,0.22423021710826477,0.14937182155058254,2017,D
2995,0.5555952295936585,0.249946440048561,0.19445833035778048,2017,A
2996,0.4912865475888554,0.2753523423064382,0.23336111010470634,2017,A
2997,0.2945623843536738,0.2865044467877679,0.41893316885855836,2017,D
2998,0.6521739130434783,0.21739130434782608,0.13043478260869565,2017,D
2999,0.3804950229723904,0.2850906661799032,0.33441431084770645,2017,D
3000,0.16186056035218235,0.21158243183291814,0.6265570078148995,2017,H
3001,0.0421389847215377,0.10768851651059634,0.8501724987678659,2017,H
3002,0.2783798463647415,0.2961487727284484,0.4254713809068102,2017,D
3003,0.28732747804265996,0.28732747804265996,0.4253450439146801,2017,H
3004,0.6361646262244227,0.22478796261509623,0.13904741116048094,2017,A
3005,0.1939120631341601,0.2423900789177001,0.5636978579481398,2017,H
3006,0.20462401106075737,0.26999001459405486,0.5253859743451877,2017,A
3007,0.2557138678811683,0.2692098775748966,0.4750762545439352,2017,H
3008,0.3141486810551559,0.3141486810551559,0.37170263788968827,2017,A
3009,0.2631098118033985,0.30422071989767957,0.432669468298922,2017,D
3010,0.09748557952770963,0.1695401383090602,0.7329742821632302,2017,D
3011,0.7329742821632302,0.1695401383090602,0.09748557952770963,2017,A
3012,0.1213626685592619,0.20440028388928316,0.674237047551455,2017,H
3013,0.04635201203459947,0.11451673561489281,0.8391312523505078,2017,H
3014,0.5253859743451877,0.26999001459405486,0.20462401106075737,2017,H
3015,0.30356717788281706,0.28655308826696596,0.4098797338502171,2017,H
3016,0.674237047551455,0.20440028388928316,0.1213626685592619,2017,H
3017,0.35009811008984815,0.28813384281730864,0.3617680470928431,2017,A
3018,0.3699692992525205,0.29462600730747834,0.33540469344000123,2017,D
3019,0.2638743455497382,0.27120418848167543,0.4649214659685864,2017,H
3020,0.2877500685119211,0.27870649493011784,0.43354343655796107,2017,A
3021,0.296198782293895,0.2706927760408096,0.43310844166529533,2017,H
3022,0.14952720016326904,0.2314111431098211,0.61906165672691,2017,H
3023,0.02849257244906243,0.07451903563600944,0.8969883919149283,2017,D
3024,0.3844832849946573,0.30048847504197834,0.3150282399633644,2017,A
3025,0.050982419855222325,0.11396070320579109,0.8350568769389864,2017,D
3026,0.485192455406674,0.25603823504309975,0.25876930955022615,2017,H
3027,0.03596198304649371,0.09709735422553302,0.8669406627279732,2017,H
3028,0.05744888023369036,0.11489776046738072,0.827653359298929,2017,H
3029,0.539408830094833,0.2561836132376515,0.20440755666751562,2017,D
3030,0.6111790721746495,0.22583984191211068,0.16298108591323987,2017,A
3031,0.3245033112582782,0.27814569536423844,0.3973509933774835,2017,H
3032,0.06459930786455859,0.12112370224604735,0.814276989889394,2017,H
3033,0.2694826221486652,0.277182125638627,0.45333525221270776,2017,A
3034,0.20440755666751562,0.2561836132376515,0.539408830094833,2017,H
3035,0.6145880234128771,0.23412877082395317,0.15128320576316975,2017,H
3036,0.6981073533974558,0.19407384424449267,0.10781880235805148,2017,A
3037,0.23155085372520015,0.2565998906717258,0.511849255603074,2017,A
3038,0.1079107505070994,0.1618661257606491,0.7302231237322516,2017,H
3039,0.11449303785055893,0.18536968032947637,0.7001372818199648,2017,H
3040,0.1298676508017307,0.24974548231102064,0.6203868668872486,2018,H
3041,0.28595128572505846,0.30382324108287456,0.4102254731920669,2018,H
3042,0.4748486745982049,0.27676894176581085,0.24838238363598414,2018,A
3043,0.29477611940298515,0.29477611940298515,0.41044776119402987,2018,D
3044,0.3244274809160305,0.28625954198473286,0.3893129770992367,2018,A
3045,0.21652421652421655,0.27065527065527073,0.5128205128205129,2018,H
3046,0.6059899778580585,0.24391096608786855,0.15009905605407298,2018,A
3047,0.4998355804011839,0.25649457415323906,0.24366984544557713,2018,A
3048,0.06966773847802786,0.15005359056806,0.780278670953912,2018,H
3049,0.19488337095560576,0.27840481565086533,0.526711813393529,2018,D
3050,0.2638743455497382,0.27120418848167543,0.4649214659685864,2018,A
3051,0.0808080808080808,0.1616161616161616,0.7575757575757576,2018,H
3052,0.2483823836359842,0.2767689417658109,0.474848674598205,2018,H
3053,0.21621621621621623,0.24324324324324326,0.5405405405405406,2018,H
3054,0.3844832849946573,0.3150282399633644,0.30048847504197834,2018,D
3055,0.20588235294117646,0.27941176470588236,0.5147058823529411,2018,H
3056,0.5542337298810357,0.2694191742477257,0.17634709587123865,2018,H
3057,0.28698280748157945,0.3147553372378613,0.3982618552805592,2018,A
3058,0.03754266211604095,0.0750853242320819,0.887372013651877,2018,H
3059,0.6694720734506504,0.19280795715378735,0.13771996939556236,2018,A
3060,0.3554282699626936,0.27150770622150205,0.37306402381580434,2018,D
3061,0.10806125397284022,0.17682750650101128,0.7151112395261485,2018,H
3062,0.2635383075725565,0.3250305793394863,0.4114311130879573,2018,D
3063,0.050982419855222325,0.11396070320579109,0.8350568769389864,2018,H
3064,0.7614483493077742,0.14994675186368478,0.088604898828541,2018,D
3065,0.29920809083102756,0.30388321725026235,0.39690869191871,2018,A
3066,0.22529984759127952,0.2869259823736001,0.4877741700351202,2018,H
3067,0.5869592956488452,0.24358810769427075,0.169452596656884,2018,A
3068,0.325,0.30000000000000004,0.375,2018,H
3069,0.33493453164949255,0.2943364066010692,0.37072906174943826,2018,A
3070,0.33921719109746734,0.28633921719109745,0.3744435917114351,2018,A
3071,0.13007833849517217,0.23228274731280743,0.6376389141920205,2018,D
3072,0.6756756756756758,0.19459459459459463,0.12972972972972974,2018,A
3073,0.2875,0.2875,0.425,2018,D
3074,0.08853575482406358,0.1623155505107832,0.7491486946651532,2018,H
3075,0.23255813953488372,0.27906976744186046,0.48837209302325585,2018,A
3076,0.037331458097654945,0.08823799186718441,0.8744305500351607,2018,H
3077,0.5758157389635318,0.2610364683301344,0.16314779270633398,2018,A
3078,0.623392789508307,0.2260338751796864,0.15057333531200648,2018,A
3079,0.5921862182116489,0.2312346185397867,0.1765791632485644,2018,H
3080,0.051343413466768184,0.12194060698357444,0.8267159795496574,2018,H
3081,0.3245033112582782,0.27814569536423844,0.3973509933774835,2018,H
3082,0.39001143728555093,0.3145253526496378,0.2954632100648113,2018,A
3083,0.4054054054054054,0.27027027027027023,0.3243243243243243,2018,A
3084,0.5121951219512195,0.25609756097560976,0.23170731707317074,2018,A
3085,0.037293553542887596,0.09696323921150773,0.8657432072456047,2018,H
3086,0.5020047340708178,0.2719192309550263,0.2260760349741558,2018,A
3087,0.25062656641604014,0.26065162907268175,0.4887218045112782,2018,A
3088,0.1699831365935919,0.2715008431703204,0.5585160202360877,2018,H
3089,0.24973767051416584,0.28646379853095494,0.46379853095487933,2018,D
3090,0.8365157301327514,0.12129478086924894,0.04218948899799963,2018,A
3091,0.5594405594405595,0.24475524475524477,0.19580419580419584,2018,A
3092,0.25938469216783716,0.28608605753805566,0.4545292502941071,2018,D
3093,0.3893129770992367,0.28625954198473286,0.3244274809160305,2018,H
3094,0.15009905605407298,0.24391096608786855,0.6059899778580585,2018,H
3095,0.33666590926304635,0.2789517533893812,0.38438233734757254,2018,D
3096,0.15057333531200648,0.2260338751796864,0.623392789508307,2018,D
3097,0.05736137667304016,0.13001912045889102,0.8126195028680689,2018,H
3098,0.12972972972972974,0.19459459459459463,0.6756756756756758,2018,H
3099,0.6209037599172129,0.21662642290444983,0.1624698171783374,2018,D
3100,0.3827460510328068,0.27004860267314706,0.3472053462940462,2018,D
3101,0.6714060031595577,0.21484992101105846,0.1137440758293839,2018,A
3102,0.20638820638820637,0.2334152334152334,0.5601965601965602,2018,H
3103,0.13824260221368873,0.18974474813643555,0.6720126496498758,2018,H
3104,0.028783253379851725,0.08155255124291322,0.8896641953772351,2018,H
3105,0.5268833769835156,0.25650901247881686,0.21660761053766756,2018,H
3106,0.18604651162790697,0.2713178294573644,0.5426356589147288,2018,H
3107,0.3264840182648402,0.29680365296803657,0.3767123287671233,2018,A
3108,0.30413248723107883,0.3244079863798174,0.37145952638910384,2018,A
3109,0.2871467639015497,0.2789425706472197,0.43391066545123064,2018,H
3110,0.34098737083811703,0.2965556831228473,0.36245694603903555,2018,H
3111,0.10810810810810811,0.21621621621621623,0.6756756756756758,2018,H
3112,0.06477548543689321,0.13880461165048544,0.7964199029126214,2018,H
3113,0.277182125638627,0.2694826221486652,0.45333525221270776,2018,A
3114,0.23161790377766914,0.31380490189232596,0.4545771943300049,2018,D
3115,0.37145952638910384,0.30413248723107883,0.3244079863798174,2018,A
3116,0.2706222865412446,0.2865412445730825,0.4428364688856729,2018,A
3117,0.3472053462940462,0.27004860267314706,0.3827460510328068,2018,D
3118,0.5883867861774078,0.22557091571697385,0.18604229810561843,2018,A
3119,0.6020410660532047,0.23641124788918533,0.16154768605760994,2018,A
3120,0.2596223299969044,0.26313073986172736,0.4772469301413683,2018,D
3121,0.33081285444234404,0.27882797731569,0.390359168241966,2018,H
3122,0.1858190709046455,0.2567237163814181,0.5574572127139364,2018,D
3123,0.733822548365577,0.17745163442294865,0.08872581721147432,2018,A
3124,0.02849257244906243,0.07451903563600944,0.8969883919149283,2018,H
3125,0.25664034458004303,0.30007178750897345,0.44328786791098346,2018,A
3126,0.5126643154857325,0.24975953831356207,0.23757614620070536,2018,A
3127,0.1851851851851852,0.2592592592592593,0.5555555555555556,2018,A
3128,0.20462401106075737,0.26999001459405486,0.5253859743451877,2018,H
3129,0.14941406250000003,0.2158203125,0.6347656250000001,2018,H
3130,0.4052543320290665,0.25936277249860257,0.3353828954723309,2018,A
3131,0.39024390243902446,0.30487804878048785,0.30487804878048785,2018,H
3132,0.2567237163814181,0.2787286063569682,0.4645476772616137,2018,D
3133,0.24973767051416584,0.28646379853095494,0.46379853095487933,2018,D
3134,0.037331458097654945,0.08823799186718441,0.8744305500351607,2018,H
3135,0.1851851851851852,0.2592592592592593,0.5555555555555556,2018,H
3136,0.7165190203230849,0.19489317352787913,0.08858780614903597,2018,A
3137,0.5570253843403646,0.23775473721844836,0.205219878441187,2018,D
3138,0.1852373457045812,0.24935796537155167,0.5654046889238671,2018,H
3139,0.5570253843403646,0.23775473721844836,0.205219878441187,2018,A
3140,0.4560858514543914,0.28706580062129344,0.25684834792431516,2018,A
3141,0.3982618552805592,0.28698280748157945,0.3147553372378613,2018,A
3142,0.1851851851851852,0.2592592592592593,0.5555555555555556,2018,H
3143,0.15009905605407298,0.24391096608786855,0.6059899778580585,2018,H
3144,0.4649214659685864,0.2638743455497382,0.27120418848167543,2018,A
3145,0.34725594949004374,0.29917435648373,0.35356969402622634,2018,H
3146,0.5,0.25,0.25,2018,D
3147,0.07504168982768206,0.14452473596442467,0.7804335742078933,2018,H
3148,0.03359933957072097,0.08858007705008257,0.8778205833791964,2018,H
3149,0.29606472968002945,0.27914674512688487,0.42478852519308574,2018,H
3150,0.3145253526496378,0.2954632100648113,0.39001143728555093,2018,D
3151,0.3757621951219512,0.28734756097560976,0.33689024390243905,2018,H
3152,0.12223581443492991,0.22583984191211068,0.6519243436529595,2018,D
3153,0.41420672851654017,0.2995033267734983,0.28628994470996155,2018,D
3154,0.5250875145857643,0.2590431738623104,0.21586931155192535,2018,A
3155,0.31325301204819284,0.31325301204819284,0.3734939759036145,2018,H
3156,0.037331458097654945,0.08823799186718441,0.8744305500351607,2018,H
3157,0.11506849315068494,0.1863013698630137,0.6986301369863014,2018,H
3158,0.11506849315068494,0.1863013698630137,0.6986301369863014,2018,D
3159,0.18475236505286588,0.23094045631608234,0.5843071786310519,2018,D
3160,0.12138728323699423,0.18497109826589597,0.6936416184971099,2018,D
3161,0.6263979613411526,0.22423021710826477,0.14937182155058254,2018,A
3162,0.10835913312693496,0.19504643962848295,0.696594427244582,2018,H
3163,0.3757621951219512,0.28734756097560976,0.33689024390243905,2018,D
3164,0.3485896753592337,0.2788717402873869,0.37253858435337944,2018,H
3165,0.37433155080213903,0.27807486631016043,0.3475935828877006,2018,H
3166,0.7761194029850745,0.14925373134328357,0.07462686567164178,2018,A
3167,0.12223581443492991,0.22583984191211068,0.6519243436529595,2018,A
3168,0.4814305364511692,0.2503438789546079,0.26822558459422274,2018,A
3169,0.35616964114373445,0.3060832853578968,0.3377470734983689,2018,A
3170,0.44328786791098346,0.30007178750897345,0.25664034458004303,2018,H
3171,0.037331458097654945,0.08823799186718441,0.8744305500351607,2018,H
3172,0.3145253526496378,0.2954632100648113,0.39001143728555093,2018,A
3173,0.5020047340708178,0.2719192309550263,0.2260760349741558,2018,D
3174,0.14916615194564545,0.24861025324274244,0.6022235948116119,2018,H
3175,0.2862595419847328,0.32442748091603046,0.3893129770992366,2018,A
3176,0.27093596059113306,0.29556650246305427,0.43349753694581283,2018,H
3177,0.3554282699626936,0.27150770622150205,0.37306402381580434,2018,H
3178,0.0570392749244713,0.12120845921450152,0.8217522658610272,2018,H
3179,0.10835913312693496,0.19504643962848295,0.696594427244582,2018,H
3180,0.169452596656884,0.24358810769427075,0.5869592956488452,2018,H
3181,0.7491486946651532,0.1623155505107832,0.08853575482406358,2018,A
3182,0.1614620661410873,0.25494010443329573,0.5835978294256168,2018,H
3183,0.3608847497089639,0.31431897555296856,0.3247962747380675,2018,H
3184,0.3245033112582782,0.27814569536423844,0.3973509933774835,2018,D
3185,0.5434782608695653,0.2608695652173913,0.19565217391304351,2018,H
3186,0.1020948023164367,0.18474297562021877,0.7131622220633446,2018,H
3187,0.7610134240877292,0.16940820570996407,0.06957837020230667,2018,A
3188,0.39735099337748336,0.2781456953642384,0.32450331125827814,2018,D
3189,0.14953271028037385,0.2429906542056075,0.6074766355140188,2018,D
3190,0.6120638675340035,0.21762270845653459,0.17031342400946187,2018,A
3191,0.0808080808080808,0.1616161616161616,0.7575757575757576,2018,H
3192,0.36208221283134845,0.3008067614291203,0.3371110257395314,2018,H
3193,0.4998355804011839,0.25649457415323906,0.24366984544557713,2018,H
3194,0.485519591141397,0.2589437819420784,0.25553662691652473,2018,A
3195,0.2875,0.2875,0.425,2018,H
3196,0.09748557952770963,0.1695401383090602,0.7329742821632302,2018,H
3197,0.35616964114373445,0.3060832853578968,0.3377470734983689,2018,H
3198,0.36038834951456306,0.3040776699029126,0.33553398058252426,2018,A
3199,0.19565217391304351,0.2608695652173913,0.5434782608695653,2018,D
3200,0.31325301204819284,0.31325301204819284,0.3734939759036145,2018,A
3201,0.07468778058933966,0.12945881968818873,0.7958533997224717,2018,H
3202,0.2260760349741558,0.2719192309550263,0.5020047340708178,2018,H
3203,0.3244079863798174,0.30413248723107883,0.37145952638910384,2018,H
3204,0.1613684529215864,0.2482591583409022,0.5903723887375113,2018,H
3205,0.051343413466768184,0.12194060698357444,0.8267159795496574,2018,H
3206,0.3911577369801424,0.2716373173473211,0.33720494567253656,2018,A
3207,0.6521739130434783,0.21739130434782608,0.13043478260869565,2018,A
3208,0.16246981717833733,0.21662642290444978,0.6209037599172128,2018,H
3209,0.5126643154857325,0.24975953831356207,0.23757614620070536,2018,H
3210,0.6185111552904793,0.24276562845151314,0.1387232162580075,2018,A
3211,0.3734939759036145,0.31325301204819284,0.31325301204819284,2018,A
3212,0.31311339272233124,0.27732900498263624,0.4095576022950324,2018,A
3213,0.24324324324324326,0.2702702702702703,0.4864864864864865,2018,D
3214,0.04646612863780875,0.0975788701393984,0.8559550012227929,2018,A
3215,0.06532663316582914,0.1507537688442211,0.7839195979899497,2018,H
3216,0.6190616567269098,0.23141114310982105,0.149527200163269,2018,A
3217,0.08872581721147432,0.17745163442294865,0.733822548365577,2018,A
3218,0.22475861627981328,0.263028326619349,0.5122130571008376,2018,H
3219,0.4228624535315985,0.2778810408921933,0.2992565055762082,2018,A
3220,0.050982419855222325,0.11396070320579109,0.8350568769389864,2018,H
3221,0.06532663316582914,0.1507537688442211,0.7839195979899497,2018,H
3222,0.7131622220633446,0.18474297562021877,0.1020948023164367,2018,H
3223,0.10806125397284022,0.17682750650101128,0.7151112395261485,2018,H
3224,0.169452596656884,0.24358810769427075,0.5869592956488452,2018,D
3225,0.49813466563676106,0.27753217085476684,0.22433316350847204,2018,A
3226,0.5654046889238671,0.24935796537155167,0.1852373457045812,2018,D
3227,0.41215195539061183,0.2872941571399265,0.3005538874694616,2018,D
3228,0.5574572127139364,0.2567237163814181,0.1858190709046455,2018,A
3229,0.29606472968002945,0.27914674512688487,0.42478852519308574,2018,A
3230,0.10999917293854934,0.1869985939955339,0.7030022330659168,2018,A
3231,0.16363636363636366,0.2090909090909091,0.6272727272727273,2018,H
3232,0.23401264933239635,0.26001405481377377,0.5059732958538299,2018,D
3233,0.2513863216266174,0.27726432532347506,0.47134935304990755,2018,H
3234,0.43708714054032666,0.27510778845773504,0.2878050710019382,2018,H
3235,0.1569620253164557,0.23544303797468355,0.6075949367088608,2018,A
3236,0.7258900795022469,0.17974421016246114,0.0943657103352921,2018,A
3237,0.09412597310686482,0.1981599433828733,0.7077140835102618,2018,H
3238,0.5667412378821775,0.23519761372110362,0.19806114839671882,2018,A
3239,0.41929720071471116,0.2948183442525313,0.2858844550327576,2018,H
3240,0.23255813953488372,0.27906976744186046,0.48837209302325585,2018,A
3241,0.6521739130434783,0.21739130434782608,0.13043478260869565,2018,A
3242,0.10209258084971465,0.16867469879518074,0.7292327203551047,2018,H
3243,0.35441120787580466,0.27073078379401744,0.37485800833017796,2018,D
3244,0.088604898828541,0.14994675186368478,0.7614483493077742,2018,D
3245,0.23161790377766914,0.31380490189232596,0.4545771943300049,2018,A
3246,0.6054490413723511,0.23208879919273462,0.16246215943491424,2018,A
3247,0.2428393524283935,0.2590286425902864,0.49813200498132004,2018,D
3248,0.22529984759127952,0.2869259823736001,0.4877741700351202,2018,A
3249,0.2693911592994162,0.25521267723102586,0.475396163469558,2018,H
3250,0.4765957446808511,0.24425531914893614,0.27914893617021275,2018,H
3251,0.29948950652297224,0.2949517867271696,0.4055587067498582,2018,H
3252,0.26970954356846477,0.29875518672199175,0.4315352697095436,2018,D
3253,0.7491486946651532,0.1623155505107832,0.08853575482406358,2018,A
3254,0.2789425706472197,0.2871467639015497,0.43391066545123064,2018,A
3255,0.22433316350847204,0.27753217085476684,0.49813466563676106,2018,A
3256,0.06477548543689321,0.13880461165048544,0.7964199029126214,2018,H
3257,0.20231213872832374,0.24277456647398846,0.5549132947976879,2018,H
3258,0.2602281499270949,0.26374474654773133,0.4760271035251737,2018,A
3259,0.0570392749244713,0.12120845921450152,0.8217522658610272,2018,H
3260,0.4127371574392544,0.2717186286475092,0.31554421391323645,2018,H
3261,0.05736137667304016,0.13001912045889102,0.8126195028680689,2018,H
3262,0.08118381754004887,0.1694270974748846,0.7493890849850665,2018,H
3263,0.3250305793394863,0.2635383075725565,0.4114311130879573,2018,H
3264,0.3602388749759199,0.28607204777499523,0.35368907724908505,2018,H
3265,0.16885193476175248,0.24272465622001918,0.5884234090182283,2018,D
3266,0.21592574499267222,0.28578407425500735,0.49829018075232057,2018,H
3267,0.28595128572505846,0.30382324108287456,0.4102254731920669,2018,H
3268,0.5574572127139364,0.2567237163814181,0.1858190709046455,2018,A
3269,0.8391312523505078,0.11451673561489281,0.04635201203459947,2018,A
3270,0.29477611940298515,0.29477611940298515,0.41044776119402987,2018,H
3271,0.46267087276551006,0.2944269190325973,0.2429022082018928,2018,A
3272,0.06477548543689321,0.13880461165048544,0.7964199029126214,2018,H
3273,0.8267159795496574,0.12194060698357444,0.051343413466768184,2018,H
3274,0.2592592592592593,0.2777777777777778,0.46296296296296297,2018,H
3275,0.0808080808080808,0.1616161616161616,0.7575757575757576,2018,D
3276,0.5843071786310519,0.23094045631608234,0.18475236505286588,2018,H
3277,0.06477548543689321,0.13880461165048544,0.7964199029126214,2018,D
3278,0.3053892215568862,0.2874251497005988,0.40718562874251496,2018,D
3279,0.169452596656884,0.24358810769427075,0.5869592956488452,2018,H
3280,0.3240901213171577,0.29462738301559793,0.3812824956672444,2018,D
3281,0.4228624535315985,0.2778810408921933,0.2992565055762082,2018,H
3282,0.24425531914893614,0.27914893617021275,0.4765957446808511,2018,H
3283,0.05163511187607572,0.1308089500860585,0.8175559380378657,2018,H
3284,0.10810810810810811,0.21621621621621623,0.6756756756756758,2018,H
3285,0.33950206363999463,0.2783916921847956,0.3821062441752097,2018,D
3286,0.3005538874694616,0.2872941571399265,0.41215195539061183,2018,A
3287,0.4521801543154495,0.2777678090794904,0.27005203660506016,2018,A
3288,0.1079107505070994,0.1618661257606491,0.7302231237322516,2018,H
3289,0.6936416184971099,0.18497109826589597,0.12138728323699423,2018,D
3290,0.7473841554559043,0.15545590433482812,0.09715994020926758,2018,A
3291,0.30525143811467803,0.27908702913341993,0.415661532751902,2018,H
3292,0.6029049054535489,0.2206083858591395,0.17648670868731162,2018,A
3293,0.06972491046254667,0.1301531661967538,0.8001219233406995,2018,H
3294,0.23140071831708567,0.29451000513083636,0.47408927655207805,2018,A
3295,0.19458303635067714,0.24946543121881687,0.5559515324305061,2018,A
3296,0.6090515166104958,0.221473278767453,0.169475204622051,2018,A
3297,0.2592592592592593,0.2777777777777778,0.46296296296296297,2018,D
3298,0.14004914004914004,0.20638820638820637,0.6535626535626535,2018,H
3299,0.17713064386855462,0.24979962596847446,0.5730697301629708,2018,H
3300,0.16904209479615512,0.2591978786874379,0.5717600265164071,2018,D
3301,0.3982618552805592,0.28698280748157945,0.3147553372378613,2018,A
3302,0.2436698454455771,0.256494574153239,0.4998355804011838,2018,H
3303,0.3726504082427612,0.2871600204694219,0.34018957128781685,2018,D
3304,0.5737166863594592,0.2566627281081791,0.16962058553236184,2018,H
3305,0.2789425706472197,0.2871467639015497,0.43391066545123064,2018,A
3306,0.18625954198473285,0.2793893129770993,0.5343511450381679,2018,H
3307,0.14004914004914004,0.20638820638820637,0.6535626535626535,2018,H
3308,0.4095576022950324,0.27732900498263624,0.31311339272233124,2018,D
3309,0.4533736332118411,0.2866921504133701,0.25993421637478886,2018,A
3310,0.526711813393529,0.27840481565086533,0.19488337095560576,2018,H
3311,0.2111781517942204,0.27754842807240393,0.5112734201333756,2018,H
3312,0.2502645502645503,0.29576719576719573,0.4539682539682539,2018,H
3313,0.0808080808080808,0.1616161616161616,0.7575757575757576,2018,H
3314,0.05130725378415569,0.10831531354432868,0.8403774326715158,2018,H
3315,0.22475861627981328,0.263028326619349,0.5122130571008376,2018,H
3316,0.12972972972972974,0.19459459459459463,0.6756756756756758,2018,H
3317,0.2992565055762082,0.2778810408921933,0.4228624535315985,2018,H
3318,0.4228624535315985,0.2778810408921933,0.2992565055762082,2018,A
3319,0.12223581443492991,0.22583984191211068,0.6519243436529595,2018,H
3320,0.7958533997224717,0.12945881968818873,0.07468778058933966,2018,A
3321,0.18580607045269923,0.28690643231666796,0.5272874972306328,2018,H
3322,0.2602281499270949,0.26374474654773133,0.4760271035251737,2018,D
3323,0.11427320490367776,0.2158493870402802,0.6698774080560421,2018,H
3324,0.2700520366050601,0.27776780907949034,0.4521801543154494,2018,H
3325,0.35517970401691334,0.2959830866807611,0.3488372093023256,2018,A
3326,0.6054490413723511,0.23208879919273462,0.16246215943491424,2018,D
3327,0.6347656250000001,0.2158203125,0.14941406250000003,2018,A
3328,0.3240901213171577,0.29462738301559793,0.3812824956672444,2018,H
3329,0.41609493788244023,0.2963100315223438,0.287595030595216,2018,A
3330,0.19526942913035747,0.27120754045882983,0.5335230304108126,2018,A
3331,0.4521801543154495,0.2777678090794904,0.27005203660506016,2018,H
3332,0.3494623655913978,0.30107526881720426,0.3494623655913978,2018,H
3333,0.05130725378415569,0.10831531354432868,0.8403774326715158,2018,H
3334,0.5268833769835156,0.25650901247881686,0.21660761053766756,2018,H
3335,0.16246981717833733,0.21662642290444978,0.6209037599172128,2018,H
3336,0.32432432432432434,0.2702702702702703,0.4054054054054055,2018,H
3337,0.13922155688622756,0.2320359281437126,0.62874251497006,2018,D
3338,0.04635201203459947,0.11451673561489281,0.8391312523505078,2018,H
3339,0.2558058925476603,0.27001733102253034,0.4741767764298094,2018,D
3340,0.3982618552805592,0.28698280748157945,0.3147553372378613,2018,A
3341,0.13922155688622756,0.2320359281437126,0.62874251497006,2018,H
3342,0.4998355804011839,0.25649457415323906,0.24366984544557713,2018,H
3343,0.7795823665893272,0.13921113689095127,0.08120649651972157,2018,A
3344,0.337174159425765,0.2793728749527767,0.3834529656214583,2018,A
3345,0.8656873032528857,0.08814270724029381,0.046169989506820566,2018,A
3346,0.10808063696425545,0.22107403015415886,0.6708453328815857,2018,H
3347,0.1213626685592619,0.20440028388928316,0.674237047551455,2018,H
3348,0.21660761053766756,0.25650901247881686,0.5268833769835156,2018,H
3349,0.39690869191871,0.29920809083102756,0.30388321725026235,2018,H
3350,0.3140273234558399,0.30421396959784486,0.3817587069463152,2018,A
3351,0.6756756756756758,0.21621621621621623,0.10810810810810811,2018,A
3352,0.16246215943491424,0.23208879919273462,0.6054490413723511,2018,H
3353,0.1020948023164367,0.18474297562021877,0.7131622220633446,2018,H
3354,0.4864864864864865,0.2702702702702703,0.24324324324324326,2018,H
3355,0.1939120631341601,0.2423900789177001,0.5636978579481398,2018,H
3356,0.1303370786516854,0.1955056179775281,0.6741573033707866,2018,H
3357,0.028509951586874673,0.057019903173749345,0.9144701452393762,2018,H
3358,0.06532663316582914,0.1507537688442211,0.7839195979899497,2018,H
3359,0.6965944272445821,0.195046439628483,0.10835913312693499,2018,A
3360,0.26127527216174184,0.2721617418351478,0.4665629860031104,2018,A
3361,0.5636978579481398,0.2423900789177001,0.1939120631341601,2018,A
3362,0.325,0.30000000000000004,0.375,2018,A
3363,0.41493775933609955,0.26002766251728904,0.3250345781466113,2018,H
3364,0.10209258084971465,0.16867469879518074,0.7292327203551047,2018,H
3365,0.169452596656884,0.24358810769427075,0.5869592956488452,2018,A
3366,0.11506849315068494,0.1863013698630137,0.6986301369863014,2018,H
3367,0.325,0.30000000000000004,0.375,2018,H
3368,0.2875,0.2875,0.425,2018,A
3369,0.5594405594405595,0.24475524475524477,0.19580419580419584,2018,H
3370,0.21652421652421655,0.27065527065527073,0.5128205128205129,2018,H
3371,0.06477548543689321,0.13880461165048544,0.7964199029126214,2018,H
3372,0.7491486946651532,0.1623155505107832,0.08853575482406358,2018,A
3373,0.18475236505286588,0.23094045631608234,0.5843071786310519,2018,H
3374,0.43419267299864317,0.2605156037991859,0.30529172320217096,2018,A
3375,0.21674876847290642,0.29556650246305427,0.4876847290640395,2018,A
3376,0.18604651162790697,0.22198731501057084,0.5919661733615222,2018,A
3377,0.3140273234558399,0.30421396959784486,0.3817587069463152,2018,H
3378,0.42478852519308563,0.2791467451268848,0.2960647296800294,2018,D
3379,0.5277564201137935,0.2503459941565432,0.22189758572966323,2018,A
3380,0.16279069767441862,0.27906976744186046,0.5581395348837209,2018,D
3381,0.08853575482406358,0.1623155505107832,0.7491486946651532,2018,H
3382,0.15011837979651477,0.21212379753855345,0.637757822664932,2018,A
3383,0.8126195028680689,0.13001912045889102,0.05736137667304016,2018,A
3384,0.4228624535315985,0.2778810408921933,0.2992565055762082,2018,H
3385,0.06493506493506493,0.1558441558441558,0.7792207792207791,2018,D
3386,0.07505863956215794,0.1626270523846755,0.7623143080531665,2018,H
3387,0.2871467639015497,0.2789425706472197,0.43391066545123064,2018,D
3388,0.3834529656214583,0.2793728749527767,0.337174159425765,2018,H
3389,0.6756756756756758,0.19459459459459463,0.12972972972972974,2018,A
3390,0.023780596218811116,0.06500029633141705,0.9112191074497717,2018,H
3391,0.2709867452135493,0.304860088365243,0.42415316642120765,2018,D
3392,0.3485896753592337,0.2788717402873869,0.37253858435337944,2018,D
3393,0.32432432432432434,0.2702702702702703,0.4054054054054055,2018,H
3394,0.33493453164949255,0.2943364066010692,0.37072906174943826,2018,A
3395,0.1295206055508831,0.17661900756938606,0.693860386879731,2018,A
3396,0.23757614620070536,0.24975953831356207,0.5126643154857325,2018,D
3397,0.37485800833017796,0.27073078379401744,0.35441120787580466,2018,H
3398,0.8501724987678659,0.10768851651059634,0.0421389847215377,2018,A
3399,0.3608247422680412,0.2783505154639175,0.3608247422680412,2018,D
3400,0.169452596656884,0.24358810769427075,0.5869592956488452,2018,H
3401,0.5128205128205129,0.2435897435897436,0.2435897435897436,2018,H
3402,0.362520914668154,0.2610150585610709,0.3764640267707753,2018,A
3403,0.7131622220633446,0.18474297562021877,0.1020948023164367,2018,A
3404,0.31501095690284875,0.260409057706355,0.4245799853907962,2018,H
3405,0.13007833849517217,0.23228274731280743,0.6376389141920205,2018,H
3406,0.7491486946651532,0.1623155505107832,0.08853575482406358,2018,D
3407,0.10835913312693496,0.19504643962848295,0.696594427244582,2018,D
3408,0.12138728323699423,0.18497109826589597,0.6936416184971099,2018,H
3409,0.0550098231827112,0.1100196463654224,0.8349705304518663,2018,H
3410,0.11504499201076444,0.2058699857034732,0.6790850222857623,2018,D
3411,0.088604898828541,0.14994675186368478,0.7614483493077742,2018,A
3412,0.08853575482406358,0.1623155505107832,0.7491486946651532,2018,H
3413,0.3353828954723309,0.25936277249860257,0.4052543320290665,2018,D
3414,0.30529172320217096,0.2605156037991859,0.43419267299864317,2018,A
3415,0.25609756097560976,0.23170731707317074,0.5121951219512195,2018,H
3416,0.44328786791098346,0.25664034458004303,0.30007178750897345,2018,A
3417,0.8350568769389864,0.11396070320579109,0.050982419855222325,2018,A
3418,0.2784810126582279,0.2784810126582279,0.4430379746835444,2018,D
3419,0.33720494567253656,0.2716373173473211,0.3911577369801424,2018,A
3420,0.04840031500235087,0.1096889424567563,0.8419107425408927,2019,H
3421,0.22496463354915938,0.281040861853202,0.49399450459763866,2019,A
3422,0.3998851342639802,0.29349367652402214,0.30662118921199755,2019,D
3423,0.09103191878671384,0.17301003009916135,0.7359580511141248,2019,H
3425,0.7665073624919078,0.15256914062338925,0.08092349688470309,2019,A
3426,0.3447482382268813,0.29763978331389124,0.35761197845922754,2019,H
3427,0.27436256400774317,0.2884112495141638,0.437226186478093,2019,H
3428,0.5355469030527654,0.2509499886032592,0.2135031083439755,2019,A
3429,0.2755926968843673,0.29239712962121905,0.4320101734944137,2019,D
3430,0.11349689402020456,0.1804856622952877,0.7060174436845078,2019,D
3431,0.6527800432352522,0.2054789429455719,0.1417410138191759,2019,A
3432,0.2844387755102041,0.2844387755102041,0.4311224489795918,2019,H
3433,0.312069938174715,0.2754084268132155,0.4125216350120696,2019,A
3434,0.3309434230141265,0.28820898700929937,0.3808475899765741,2019,D
3435,0.1014754993725271,0.17522545246840748,0.7232990481590654,2019,H
3436,0.1978081902617506,0.24649943709541233,0.555692372642837,2019,H
3438,0.18955680658933766,0.2549212226546265,0.5555219707560359,2019,D
3439,0.417712584773069,0.29290821493233493,0.28937920029459596,2019,D
3440,0.4224889411800658,0.27401425613678554,0.3034968026831485,2019,H
3441,0.5250347660580736,0.24510551578731504,0.22985971815461126,2019,A
3442,0.31102438179104364,0.2947554141281275,0.3942202040808289,2019,A
3443,0.10476062890477525,0.18964572347188566,0.7055936476233391,2019,A
3445,0.15774334230305279,0.20181868794655283,0.6404379697503944,2019,H
3446,0.27684643452839014,0.2721408294089274,0.4510127360626825,2019,A
3447,0.8029436161388435,0.13125039879192632,0.06580598506923029,2019,A
3448,0.07732444509968382,0.15254902507685225,0.7701265298234639,2019,A
3449,0.20090932405434417,0.2799844224430802,0.5191062535025757,2019,D
3450,0.45844184027777773,0.2848307291666667,0.2567274305555556,2019,D
3452,0.2803610636740668,0.28450841668699683,0.43513051963893634,2019,H
3453,0.2002792276632352,0.23963758334829885,0.5600831889884659,2019,H
3454,0.03124712076662575,0.08236666445899984,0.8863862147743743,2019,H
3455,0.24530055533610612,0.24592792248530335,0.5087715221785906,2019,H
3456,0.7216692755249712,0.17676245606781063,0.10156826840721818,2019,A
3457,0.33668123305965375,0.297193927947719,0.3661248389926272,2019,D
3458,0.2637513253510564,0.292611652745093,0.4436370219038507,2019,H
3459,0.33141274493256206,0.2647650028386859,0.40382225222875207,2019,D
3460,0.04934636368589136,0.11605644180055465,0.834597194513554,2019,H
3461,0.2654242500406582,0.28767538477460564,0.44690036518473614,2019,D
3463,0.8369310699873866,0.1065859059230891,0.056483024089524325,2019,H
3464,0.39056005635787255,0.2859457555477281,0.32349418809439945,2019,A
3465,0.11660369507882073,0.19216288948989657,0.6912334154312827,2019,H
3466,0.2334117359976683,0.2708891133268714,0.4956991506754605,2019,H
3467,0.40511910148862357,0.27590007773794195,0.31898082077343454,2019,H
3468,0.478553400310749,0.2571904638033704,0.26425613588588054,2019,D
3469,0.3656338992546023,0.2701171783819113,0.3642489223634864,2019,D
3470,0.2752154080081095,0.2660922453117081,0.4586923466801825,2019,A
3471,0.04136246046668867,0.09375221752264103,0.8648853220106703,2019,H
3472,0.1721247891159415,0.25275166401761934,0.5751235468664393,2019,A
3473,0.31254698095441563,0.30364532643356196,0.3838076926120224,2019,D
3474,0.39159503342884433,0.27411652340019105,0.3342884431709647,2019,H
3475,0.2617605798865835,0.2554950340914259,0.4827443860219906,2019,H
3476,0.12815223557320404,0.19588984580475477,0.6759579186220412,2019,H
3477,0.47110302770942547,0.2604472023109019,0.2684497699796726,2019,A
3478,0.4352182714146203,0.26791988295997515,0.2968618456254046,2019,H
3479,0.32765714604974877,0.30869306685715886,0.3636497870930924,2019,D
3480,0.24785194976867153,0.25644415069398546,0.49570389953734306,2019,H
3481,0.12635400089061083,0.20590020273609172,0.6677457963732975,2019,H
3482,0.7385759884414979,0.16384791552456437,0.09757609603393773,2019,A
3483,0.21562294669329768,0.27555253359659243,0.5088245197101099,2019,H
3484,0.7062819847670389,0.18579177935844737,0.1079262358745138,2019,A
3485,0.31197741339993484,0.2842871104354436,0.4037354761646216,2019,D
3486,0.3437952679864799,0.26943505552873004,0.38676967648478994,2019,D
3487,0.1257528306432185,0.20705854011081667,0.6671886292459648,2019,H
3488,0.13622975123489983,0.23515453391647748,0.6286157148486228,2019,H
3489,0.32113299334281603,0.27200783288810765,0.40685917376907627,2019,D
3490,0.13704888444834784,0.20586742299108043,0.6570836925605718,2019,H
3491,0.2679479010772445,0.2838028064664306,0.4482492924563249,2019,D
3492,0.48959392442885896,0.2643537443197145,0.2460523312514266,2019,H
3493,0.25243266111972923,0.26794528275278523,0.47962205612748554,2019,A
3494,0.38114046498427195,0.2910527187152622,0.32780681630046593,2019,H
3495,0.33622042666976687,0.26617450444689883,0.3976050688833343,2019,A
3496,0.5122548531607765,0.24945744151319066,0.23828770532603288,2019,A
3497,0.5044925478121225,0.27864413977995145,0.216863312407926,2019,H
3498,0.14386500066876814,0.1933638238364932,0.6627711754947387,2019,H
3499,0.04452838121516632,0.10391558510364407,0.8515560336811896,2019,A
3500,0.252463773122161,0.25926872657558847,0.4882675003022504,2019,H
3501,0.09284500022699871,0.17148240255449232,0.7356725972185089,2019,H
3502,0.22128447738531667,0.22230657658802017,0.5564089460266632,2019,D
3503,0.31538523947318614,0.28044460069773103,0.404170159829083,2019,H
3504,0.7758548304333629,0.14316368894901338,0.08098148061762372,2019,A
3505,0.12830158062826835,0.19585629042845865,0.675842128943273,2019,D
3506,0.15117656060552553,0.2354510247083613,0.6133724146861131,2019,H
3507,0.2125031283489377,0.2683000391444688,0.5191968325065937,2019,D
3508,0.5658460646898738,0.2429137146395923,0.19124022067053387,2019,D
3509,0.49834114469488244,0.2537726673512198,0.2478861879538977,2019,H
3510,0.4091507671576884,0.2891005420635164,0.3017486907787952,2019,A
3511,0.26690698507637306,0.277706689674839,0.45538632524878814,2019,D
3512,0.28993133037552643,0.27186195567790156,0.43820671394657196,2019,D
3513,0.5489568355082883,0.23897374680087183,0.21206941769083987,2019,A
3514,0.034019883811784314,0.08271157318500826,0.8832685430032073,2019,H
3515,0.37302675111069095,0.29163909632290386,0.3353341525664051,2019,H
3516,0.1479851986914785,0.20743497613557138,0.64457982517295,2019,D
3517,0.1577146223755463,0.2165474927448512,0.6257378848796025,2019,H
3518,0.5338452288498635,0.24575995190019292,0.22039481924994364,2019,A
3519,0.3709469048007091,0.31092313379735814,0.31812996140193267,2019,D
3520,0.4396456504033293,0.27121802095303976,0.289136328643631,2019,H
3521,0.20678059368408178,0.2530341475344685,0.5401852587814497,2019,D
3522,0.7066320775998196,0.17896082412211448,0.11440709827806603,2019,A
3523,0.20685063833120118,0.23066078375062005,0.5624885779181786,2019,H
3524,0.2773534568183551,0.29802576415885357,0.42462077902279144,2019,H
3525,0.2112825329926182,0.25165851442838033,0.5370589525790015,2019,A
3526,0.5814588137004598,0.22627524589758458,0.19226594040195563,2019,A
3527,0.03226092554465786,0.07996619743012774,0.8877728770252145,2019,H
3528,0.44208433608873077,0.28382337553625614,0.27409228837501304,2019,A
3529,0.3734434466999307,0.27499990201112373,0.3515566512889457,2019,D
3530,0.3705844075359445,0.2698934060485871,0.35952218641546857,2019,A
3531,0.1596364665801111,0.2321283886019973,0.6082351448178915,2019,D
3532,0.39240924611729167,0.28411826721845446,0.32347248666425393,2019,A
3533,0.33778160424738135,0.29884727603195105,0.36337111972066777,2019,H
3534,0.30669721523419513,0.2704119108966284,0.42289087386917656,2019,H
3535,0.10342026944954567,0.17958398190397745,0.716995748646477,2019,H
3536,0.264776695201622,0.2535692160396486,0.4816540887587294,2019,H
3537,0.22679045092838193,0.26710875331564987,0.5061007957559681,2019,H
3538,0.3577205308352849,0.26779078844652615,0.3744886807181889,2019,H
3539,0.16472128081015486,0.26122012379158077,0.5740585953982643,2019,H
3540,0.12395523445247202,0.19163479246352175,0.6844099730840062,2019,A
3541,0.6615200392248022,0.20761992573072796,0.13086003504446975,2019,A
3542,0.36991986262163706,0.2903310436939515,0.33974909368441136,2019,A
3543,0.4693184888936929,0.27122088310003784,0.2594606280062693,2019,A
3544,0.1463115655808983,0.20175594832734398,0.6519324860917578,2019,D
3545,0.5471064368702164,0.23126479819393211,0.22162876493585157,2019,A
3546,0.2993870412999849,0.2894376230090488,0.41117533569096637,2019,A
3547,0.1445500297461129,0.19351052369237692,0.66193944656151,2019,H
3548,0.43884311848462687,0.29167012143185567,0.2694867600835174,2019,D
3549,0.2696525461603525,0.27666662973099754,0.45368082410864996,2019,H
3550,0.2906265919510953,0.29419256240448294,0.4151808456444218,2019,A
3551,0.2733347577193125,0.2741157141699391,0.45254952811074844,2019,H
3552,0.12180115097342965,0.1844618586996449,0.6937369903269255,2019,H
3553,0.8106607083152789,0.1260315725707548,0.06330771911396618,2019,D
3554,0.09971178876905913,0.1616539605801413,0.7386342506507996,2019,A
3555,0.06550687709586837,0.14028991051042175,0.7942032123937098,2019,H
3556,0.17997353330392588,0.23511248345831492,0.5849139832377591,2019,H
3557,0.13571990067753892,0.21938285314999442,0.6448972461724668,2019,D
3558,0.22056326423985456,0.2797230902167251,0.49971364554342046,2019,D
3559,0.5414280401636296,0.2270918557084418,0.2314801041279286,2019,D
3560,0.2874193303469745,0.2840179181535191,0.4285627514995065,2019,H
3561,0.7675425319680677,0.14967678080500538,0.08278068722692705,2019,A
3562,0.09710349406589758,0.1641630010789277,0.7387335048551745,2019,H
3563,0.10875132689151211,0.1867639746421485,0.7044846984663394,2019,H
3564,0.36732003510166494,0.2762839457104742,0.3563960191878608,2019,H
3565,0.20207149219058462,0.25678790160412096,0.5411406062052945,2019,H
3566,0.11606107508889354,0.19258230495712192,0.6913566199539846,2019,H
3567,0.2205535732585547,0.24045314377812352,0.5389932829633218,2019,H
3568,0.17732985806424736,0.226797761732288,0.5958723802034647,2019,A
3569,0.20733976968710016,0.27765499592881243,0.5150052343840875,2019,A
3570,0.4749595204954123,0.2524784819475613,0.2725619975570264,2019,H
3571,0.3076367028098403,0.2873732074151802,0.40499008977497963,2019,D
3572,0.12026203469730105,0.19910602424988846,0.6806319410528103,2019,H
3573,0.6734578500337108,0.190121301599974,0.13642084836631518,2019,A
3574,0.097056436912728,0.16946362000635048,0.7334799430809216,2019,A
3575,0.3408490350416418,0.3030967685022194,0.35605419645613884,2019,D
3576,0.39983665849959166,0.2781472406953681,0.3220161008050403,2019,A
3577,0.3337056376176249,0.29651243961689894,0.3697819227654762,2019,H
3578,0.5276204913281911,0.24749208613848145,0.22488742253332739,2019,A
3579,0.4831392170878358,0.2379640919984863,0.27889669091367775,2019,A
3580,0.07210750170595111,0.14239356577594206,0.7854989325181067,2019,D
3581,0.25081391334953257,0.24886458241676424,0.500321504233703,2019,A
3582,0.22967726639599326,0.2554011202323445,0.5149216133716622,2019,H
3583,0.058607345578559684,0.1238953212230692,0.8174973331983711,2019,H
3584,0.08258800210446465,0.14835252229876056,0.7690594755967748,2019,A
3585,0.235883117508304,0.2742983680739421,0.4898185144177538,2019,H
3586,0.42427969079409694,0.27793394237526353,0.2977863668306394,2019,A
3587,0.6611529275753467,0.17986336678879036,0.1589837056358628,2019,A
3588,0.20172775093016293,0.2588205106273788,0.5394517384424582,2019,D
3589,0.3284176675986033,0.2967998176124023,0.3747825147889944,2019,D
3590,0.32248489345913284,0.28336690342414933,0.3941482031167179,2019,A
3591,0.12403833763156177,0.17700110286795875,0.6989605595004794,2019,H
3592,0.48630311758311284,0.2554712377703286,0.25822564464655856,2019,A
3593,0.3342464475969552,0.2709851142947067,0.39476843810833806,2019,A
3594,0.3313487172680559,0.2562430080206299,0.41240827471131425,2019,D
3595,0.27253802378159847,0.29337426413187356,0.43408771208652785,2019,A
3596,0.2975771870484051,0.3081024251755191,0.3943203877760758,2019,H
3597,0.3328638877024484,0.2626432867350826,0.4044928255624689,2019,A
3598,0.5339747538389862,0.2470834336530013,0.2189418125080126,2019,H
3599,0.3070208023774146,0.2800891530460624,0.41289004457652306,2019,H
3600,0.11146563667660271,0.18010831688987786,0.7084260464335195,2019,A
3601,0.4598706732597945,0.25713198934956255,0.28299733739064287,2019,A
3602,0.29201096872005905,0.2540572884354891,0.453931742844452,2019,H
3603,0.18582605252585976,0.25452238577345154,0.5596515617006887,2019,H
3604,0.21469656062918183,0.27049340689439294,0.5148100324764252,2019,D
3605,0.10450646369457535,0.18484958318231243,0.7106439531231123,2019,H
3606,0.166775239531258,0.2166943588467366,0.6165304016220055,2019,H
3607,0.4770164787510842,0.24903977202329328,0.2739437492256226,2019,D
3608,0.6830877167926734,0.1931965259615642,0.12371575724576234,2019,H
3609,0.44798277845822665,0.2819656311472368,0.27005159039453663,2019,A
3610,0.2457011168232583,0.2691012231873781,0.4851976599893636,2019,D
3611,0.5688176645849339,0.23619210151069733,0.19499023390436881,2019,D
3612,0.21619239130775775,0.2487616346736017,0.5350459740186406,2019,H
3613,0.5148910039914031,0.2474669941664108,0.23764200184218606,2019,A
3614,0.518340348767288,0.259170174383644,0.22248947684906797,2019,A
3615,0.26299590202725204,0.254624679681557,0.48237941829119085,2019,H
3616,0.407879392681127,0.2569749524934714,0.3351456548254016,2019,A
3617,0.0877107348026884,0.16400705891187625,0.7482822062854354,2019,H
3618,0.06413427713060522,0.12549108556657793,0.8103746373028169,2019,H
3619,0.36648013299304605,0.2627783371186401,0.370741529888314,2019,H
3620,0.2600433405567595,0.24920820136689453,0.49074845807634615,2019,H
3621,0.34537068819266076,0.27649618679007815,0.37813312501726104,2019,D
3622,0.09128659133478177,0.15470054008107606,0.7540128685841423,2019,H
3623,0.4430903449206277,0.27036021046004405,0.2865494446193282,2019,H
3624,0.5728375480296667,0.24529197569475472,0.1818704762755786,2019,A
3625,0.2192335203700466,0.2514568199519957,0.5293096596779578,2019,A
3626,0.47722650187446414,0.26352342548562435,0.2592500726399115,2019,D
3627,0.4127788889405709,0.2841682558878707,0.30305285517155833,2019,H
3628,0.07018697022994774,0.15147947372412773,0.7783335560459246,2019,H
3629,0.24395104501154866,0.28022364937186633,0.475825305616585,2019,H
3630,0.10875953133717686,0.18590291984377905,0.7053375488190441,2019,H
3631,0.5236637375626109,0.24762393791720358,0.22871232452018564,2019,D
3632,0.08661666122088453,0.17076297203261726,0.7426203667464982,2019,H
3633,0.12141523014600031,0.2207803380356006,0.657804431818399,2019,D
3634,0.17582487918840206,0.23880692546484464,0.5853681953467532,2019,A
3635,0.5639477331221541,0.227182736091863,0.208869530785983,2019,A
3636,0.23065501073513967,0.2643319131289755,0.5050130761358848,2019,H
3637,0.34847290289096583,0.28436216111280593,0.3671649359962284,2019,A
3638,0.8195771519500283,0.11429145027193481,0.06613139777803677,2019,A
3639,0.4261209200338046,0.2723784289988808,0.3015006509673146,2019,D
3640,0.1943462897526502,0.22379269729093051,0.5818610129564193,2019,D
3641,0.21522650587655212,0.2659031069832195,0.5188703871402283,2019,D
3642,0.03905418400980759,0.0900375125714831,0.8709083034187092,2019,D
3643,0.39928887779926386,0.2769633834445761,0.32374773875615986,2019,D
3644,0.629710021105328,0.21129342871525356,0.15899655017941838,2019,H
3645,0.30002961118239735,0.2688467583347886,0.4311236304828141,2019,H
3646,0.3143472678096815,0.2844982690859134,0.40115446310440517,2019,A
3647,0.5127301033382919,0.25843808443196925,0.2288318122297389,2019,H
3648,0.11509148217365123,0.18679887048106283,0.6981096473452859,2019,H
3649,0.671292789600997,0.19915947907249493,0.12954773132650818,2019,A
3650,0.15857166276695628,0.24083816450319676,0.6005901727298469,2019,D
3651,0.2041107240540613,0.24338266083408316,0.5525066151118555,2019,D
3652,0.3879804453758671,0.28606319405325126,0.32595636057088156,2019,H
3653,0.35327040480140987,0.29475322118399844,0.35197637401459153,2019,A
3654,0.38605827000202864,0.27782806135984145,0.3361136686381299,2019,H
3655,0.12795197240403325,0.19624535644790375,0.6758026711480629,2019,H
3656,0.16047289010981314,0.2133681857362103,0.6261589241539767,2019,H
3657,0.11374459381391791,0.20620794104329632,0.6800474651427858,2019,A
3658,0.5849102608953768,0.24470735404806582,0.17038238505655737,2019,A
3659,0.7186664360690196,0.172220965760684,0.10911259817029637,2019,A
3660,0.27513251690732954,0.29551270334490953,0.42935477974776093,2019,D
3661,0.3419258695583246,0.28409271061225777,0.3739814198294175,2019,D
3662,0.2895127130760345,0.2826805546553611,0.4278067322686045,2019,D
3663,0.3626363994916517,0.2892326569963627,0.34813094351198565,2019,A
3664,0.37967684021543985,0.31267504488330344,0.30764811490125676,2019,A
3665,0.08917527611665259,0.16328510456172052,0.7475396193216268,2019,H
3666,0.3524818826463025,0.2670614821164186,0.3804566352372789,2019,D
3667,0.28239580199872993,0.26815735820047465,0.44944683980079553,2019,H
3668,0.4737305452866718,0.27108660098557424,0.2551828537277539,2019,D
3669,0.6145686412787964,0.21544428772919605,0.16998707099200752,2019,H
3670,0.27105132224263123,0.2839202277496997,0.44502845000766894,2019,D
3671,0.15898078032551075,0.25386320890174396,0.5871560107727452,2019,H
3672,0.17180780821453967,0.2708156976941049,0.5573764940913555,2019,H
3673,0.3305047687707563,0.29233096569085126,0.3771642655383925,2019,D
3674,0.7441901918406453,0.16000089124573874,0.09580891691361602,2019,A
3675,0.20410616449997063,0.25997262144982713,0.5359212140502022,2019,A
3676,0.5072738772928526,0.2536369386464263,0.239089184060721,2019,A
3677,0.12381045594169728,0.2077862434499789,0.6684033006083238,2019,H
3678,0.21992314513745198,0.2657404670410878,0.5143363878214602,2019,A
3679,0.05227965897077985,0.10199276051076368,0.8457275805184564,2019,H
3680,0.2624341774742757,0.2920380328600934,0.4455277896656309,2019,H
3681,0.20299238205285508,0.24317869119022228,0.5538289267569225,2019,H
3682,0.22038229581927837,0.2905039353981396,0.48911376878258206,2019,H
3683,0.55488718222074,0.23131441572093495,0.21379840205832518,2019,A
3684,0.18813153912491665,0.22682525993784272,0.5850432009372407,2019,H
3685,0.2227469768011596,0.28743696706975985,0.4898160561290805,2019,D
3686,0.16015894867954594,0.2412469806306511,0.598594070689803,2019,H
3687,0.14613114067576422,0.2241590097016992,0.6297098496225365,2019,H
3688,0.2640093179759286,0.266209395625728,0.46978128639834343,2019,H
3689,0.059100196166316434,0.1225893953769944,0.8183104084566891,2019,H
3690,0.5536404582047735,0.23963542220803632,0.2067241195871901,2019,H
3691,0.37575643631834366,0.27067200921236617,0.3535715544692901,2019,H
3692,0.2437605798862798,0.29567255523243197,0.46056686488128823,2019,A
3693,0.5451368666278392,0.24985439720442632,0.2050087361677344,2019,D
3694,0.3299283917477718,0.3076502688323274,0.3624213394199008,2019,D
3695,0.6746644917327798,0.19793875583895604,0.12739675242826426,2019,H
3696,0.3358067628247121,0.2874021843995284,0.37679105277575964,2019,D
3697,0.3057946319497432,0.3019360246065288,0.392269343443728,2019,A
3698,0.16805759403490353,0.25386477829081994,0.5780776276742766,2019,H
3699,0.08028350369561436,0.15349073703344218,0.7662257592709435,2019,H
3700,0.35661785155225706,0.29069758202290047,0.3526845664248424,2019,D
3701,0.17517571326819958,0.24302858448347686,0.5817957022483234,2019,D
3702,0.3254546392857568,0.3009690237909037,0.3735763369233395,2019,H
3703,0.16589848293853396,0.21942636873792362,0.6146751483235424,2019,H
3704,0.18215381386705104,0.24302546812135667,0.5748207180115923,2019,A
3705,0.5852832645973518,0.22426741914477968,0.19044931625786846,2019,H
3706,0.22888616891064872,0.2570379436964504,0.5140758873929008,2019,H
3707,0.11896832158624426,0.18704980249399736,0.6939818759197584,2019,H
3708,0.4220191942117815,0.2876827540122355,0.29029805177598306,2019,D
3709,0.11789737767650865,0.17384504235572457,0.7082575799677666,2019,H
3710,0.39734792821355425,0.28398690163498147,0.31866517015146434,2019,D
3711,0.3795120110677902,0.2824015847063262,0.3380864042258835,2019,A
3712,0.32185345544060723,0.29602570901636094,0.3821208355430317,2019,A
3713,0.446006090419302,0.2853908019052081,0.26860310767549,2019,A
3714,0.4007400830050812,0.2842043912113187,0.3150555257836001,2019,H
3715,0.45957514901788216,0.2728727447293675,0.2675521062527503,2019,D
3716,0.6035712394969106,0.22687429569742026,0.16955446480566924,2019,D
3717,0.6269592476489029,0.213166144200627,0.15987460815047022,2019,A
3718,0.4021272259844495,0.3087299347880612,0.28914283922748935,2019,H
3719,0.04812480800831445,0.10649692742085193,0.8453782645708335,2019,H
3720,0.17065780368638472,0.24244584705068256,0.5868963492629328,2019,D
3721,0.18453547169291393,0.23975805673817496,0.5757064715689111,2019,H
3722,0.15666080281464898,0.23751799136414523,0.6058212058212058,2019,H
3723,0.3018898023819992,0.2873845866519332,0.41072561096606763,2019,D
3724,0.4944521402806162,0.2620866535913648,0.2434612061280191,2019,A
3725,0.11121583244900889,0.21837824048074184,0.6704059270702494,2019,H
3726,0.07303614237877673,0.15596135460655586,0.7710025030146673,2019,H
3727,0.5327528313698708,0.23561550281714186,0.23163166581298733,2019,H
3728,0.36133999676557943,0.27595129435988053,0.36270870887453993,2019,A
3729,0.3858950142065747,0.2972110668423308,0.3168939189510944,2019,H
3730,0.5389954684165144,0.2607097646145096,0.20029476696897608,2019,A
3731,0.32763157894736844,0.28815789473684217,0.38421052631578945,2019,A
3732,0.2802535930196081,0.3024255544926784,0.41732085248771345,2019,A
3733,0.5976099047750246,0.249909596542283,0.1524804986826925,2019,A
3734,0.298211673665833,0.3029302128061152,0.3988581135280517,2019,A
3735,0.3304825222537804,0.29219491296828143,0.3773225647779382,2019,H
3736,0.6014996619719758,0.22397762588652026,0.17452271214150392,2019,H
3737,0.1322329583835061,0.20384739639930688,0.6639196452171869,2019,H
3738,0.4845966143053225,0.2813786792740582,0.23402470642061918,2019,H
3739,0.288500175572602,0.24878456698728274,0.4627152574401153,2019,H
3740,0.4292759582120748,0.2883389719316045,0.2823850698563206,2019,A
3741,0.16433837795886688,0.26439011770792914,0.571271504333204,2019,H
3742,0.05490245413630316,0.12813025824571556,0.8169672876179812,2019,H
3743,0.2882994527275107,0.2900467221379804,0.42165382513450894,2019,A
3744,0.120581957062924,0.20820658963576466,0.6712114533013114,2019,H
3745,0.34898641621734056,0.291531335498632,0.3594822482840275,2019,D
3746,0.7212428980843681,0.17252752777917443,0.10622957413645734,2019,H
3747,0.11410957310689775,0.17587530533907175,0.7100151215540305,2019,H
3748,0.3483175954249235,0.32251629206011434,0.3291661125149621,2019,D
3749,0.2775754335549838,0.2728305543489157,0.4495940120961005,2019,H
3750,0.19150957031653282,0.2591315479754702,0.5493588817079968,2019,H
3751,0.31680747602618786,0.27986199777240495,0.40333052620140725,2019,D
3752,0.6723095654578033,0.21364503968992413,0.11404539485227268,2019,A
3753,0.44738540994189796,0.3108457069076823,0.2417688831504196,2019,H
3754,0.24611328820805128,0.27993587459921626,0.47395083719273245,2019,A
3755,0.6147674872432385,0.2251261220890733,0.16010639066768817,2019,A
3756,0.04334211535680376,0.10515791922634354,0.8514999654168526,2019,H
3757,0.5701267200145081,0.23945322240609346,0.19042005757939837,2019,D
3758,0.26454107546613365,0.27283153652062786,0.46262738801323855,2019,D
3759,0.7102654801355326,0.18618609673455708,0.10354842312991025,2019,A
3760,0.7327325832037181,0.17079709679659624,0.09647031999968551,2019,A
3761,0.20602296873419002,0.2675996660932915,0.5263773651725184,2019,H
3762,0.08349641990789028,0.15234434509509803,0.7641592349970118,2019,D
3763,0.5985457319138578,0.2436827407282882,0.1577715273578538,2019,H
3764,0.48205297524754215,0.2628179234911257,0.25512910126133215,2019,A
3765,0.23920880659994784,0.2951468659894741,0.46564432741057804,2019,H
3766,0.29568203629972517,0.2859730739137641,0.4183448897865108,2019,H
3767,0.35703011553759706,0.27495422690826443,0.3680156575541385,2019,H
3768,0.5631374258607041,0.25061089632544425,0.18625167781385157,2019,H
3769,0.09185670666920177,0.1668810325351467,0.7412622607956515,2019,D
3770,0.046388763332178104,0.10137165545010711,0.8522395812177147,2019,H
3771,0.5039408866995074,0.2901477832512316,0.2059113300492611,2019,D
3772,0.5071707953063886,0.24641460234680573,0.24641460234680573,2019,H
3773,0.5355197044411701,0.2542653238593355,0.21021497169949444,2019,A
3774,0.057256068041913605,0.11029049051391651,0.8324534414441699,2019,H
3775,0.2564691656590084,0.26868198307134217,0.4748488512696493,2019,D
3776,0.23890596450475207,0.2868302148694778,0.4742638206257702,2019,H
3777,0.7106335037698241,0.19187104601785254,0.09749545021232343,2019,A
3778,0.27131657611250026,0.28934970201725857,0.4393337218702412,2019,D
3779,0.28930293282578434,0.3149976012017586,0.39569946597245714,2019,H
3780,0.4249195752187899,0.287107821093777,0.287972603687433,2019,A
3781,0.33711273674407105,0.262301417083058,0.400585846172871,2019,A
3782,0.3077042403183147,0.2798129202894616,0.41248283939222363,2019,H
3783,0.2258074448104929,0.2792881554235044,0.4949043997660027,2019,D
3784,0.27085380427566064,0.28978887265967335,0.439357323064666,2019,A
3785,0.12403409347389849,0.23760377211377073,0.6383621344123307,2019,H
3786,0.7184979891225073,0.1706432724165955,0.1108587384608973,2019,A
3787,0.4526042706046697,0.25264418279784473,0.2947515465974855,2019,H
3788,0.272536233453931,0.2585411295738642,0.4689226369722048,2019,H
3789,0.08240970682844713,0.14931915531925533,0.7682711378522975,2019,D
3790,0.6827002700270026,0.1915391539153915,0.12576057605760574,2019,A
3791,0.3206446824302831,0.25278337397942957,0.42657194359028733,2019,A
3792,0.28615200714188443,0.2754316149434853,0.43841637791463023,2019,H
3793,0.03144014504337941,0.07471946970465637,0.8938403852519641,2019,H
3794,0.42581124406794013,0.2733000534991937,0.30088870243286625,2019,A
3795,0.22604422604422605,0.2542997542997543,0.5196560196560197,2019,H
3796,0.3095829195630586,0.27808465739821253,0.4123324230387289,2019,A
3797,0.25748248342656066,0.24623003556473153,0.4962874810087077,2019,H
3798,0.6173989568353044,0.2262336603060808,0.15636738285861468,2019,D
3799,0.4190769799207916,0.2676458023023543,0.3132772177768541,2019,D
3800,0.6180142687277052,0.22071938168846614,0.16126634958382877,2020,A
3801,0.4009931233258667,0.29763154184746005,0.3013753348266734,2020,H
3803,0.2798411166715289,0.2750162698323646,0.44514261349610645,2020,A
3804,0.4852332234034707,0.2677617507296463,0.247005025866883,2020,A
3805,0.22760249704741015,0.26927619368989375,0.5031213092626962,2020,A
3806,0.580793834339062,0.23203627764151386,0.18716988801942425,2020,A
3807,0.3967316865819676,0.31870778822084733,0.2845605251971851,2020,A
3809,0.15213146762121704,0.22551252847380412,0.6223560039049789,2020,H
3810,0.1619914218707083,0.21227700737381067,0.625731570755481,2020,H
3811,0.10041408998535935,0.17234447042370474,0.7272414395909359,2020,A
3812,0.4045342110901194,0.28619285978614417,0.3092729291237365,2020,A
3813,0.3392732270743411,0.30373031757131486,0.356996455354344,2020,A
3814,0.4389651839697917,0.25724303791778114,0.30379177811242725,2020,A
3815,0.17014881530012224,0.24111540660620334,0.5887357780936745,2020,H
3816,0.3476049360873989,0.2996594276615508,0.35273563625105053,2020,H
3817,0.622638326980877,0.22042828127598865,0.15693339174313428,2020,A
3818,0.5467511885895404,0.2551505546751189,0.1980982567353407,2020,A
3819,0.4518589554440838,0.28853644142814994,0.25960460312776634,2020,A
3820,0.693300437787864,0.19058856656319767,0.11611099564893837,2020,D
3821,0.4148053605615826,0.2948308870453095,0.29036375239310785,2020,A
3822,0.13750740544417075,0.21237254840821926,0.65012004614761,2020,D
3824,0.09865577842461823,0.16104349665266518,0.7403007249227166,2020,A
3825,0.4617014127306463,0.2827579657847449,0.255540621484609,2020,H
3826,0.3793598163616655,0.293247465408404,0.3273927182299305,2020,A
3827,0.1521064823903569,0.20475872629471126,0.6431347913149319,2020,H
3828,0.12958238267751537,0.20075761173728274,0.6696600055852019,2020,H
3829,0.19976933774370928,0.25654024873790016,0.5436904135183906,2020,H
3831,0.3101023909828976,0.3032112267388332,0.3866863822782691,2020,H
3832,0.15303325026563278,0.23385276629833862,0.6131139834360287,2020,H
3833,0.20882052795298342,0.2477715072602757,0.5434079647867409,2020,H
3834,0.197142661836079,0.23255178070954954,0.5703055574543715,2020,A
3835,0.24167495071977965,0.25861173971900947,0.49971330956121107,2020,A
3836,0.13283433371014072,0.2346631104117719,0.6325025558780873,2020,H
3837,0.7204159266702083,0.17710779712964456,0.10247627620014728,2020,H
3838,0.5190552574810554,0.23535593782841976,0.245588804690525,2020,D
3839,0.16213955044899322,0.21049696023202633,0.6273634893189803,2020,D
3840,0.157656134441315,0.19796409458713574,0.6443797709715492,2020,H
3841,0.5642337202439504,0.2350973834349793,0.2006688963210702,2020,A
3842,0.3473329930453647,0.2949658648631404,0.3577011420914949,2020,D
3843,0.17950874297864242,0.22877725238805496,0.5917140046333027,2020,D
3844,0.2415577897853689,0.2510430433109724,0.5073991669036586,2020,A
3845,0.256474843849539,0.2889204566256856,0.45460469952477545,2020,D
3847,0.32333463186599143,0.29100116867939235,0.3856641994546163,2020,D
3848,0.28850045394384227,0.2561884031021319,0.45531114295402597,2020,A
3849,0.6806938856275971,0.18600356177033175,0.1333025526020711,2020,D
3850,0.34564826123288556,0.3049190075207302,0.3494327312463843,2020,A
3851,0.3304379437835496,0.26692758690036045,0.40263446931608987,2020,D
3852,0.0829459912045949,0.1506330500649483,0.7664209587304569,2020,H
3853,0.18596394594885854,0.2749495590533267,0.5390864949978147,2020,D
3854,0.377977869726036,0.2766754435458592,0.34534668672810487,2020,H
3855,0.24514511998804536,0.25694354822276405,0.4979113317891906,2020,A
3856,0.5874142625581897,0.2381804099427486,0.1744053274990618,2020,A
3857,0.20801638119550062,0.24400903748378064,0.5479745813207187,2020,D
3858,0.22486341383068573,0.30676254858052016,0.4683740375887942,2020,H
3859,0.12890133971781126,0.1820792688409387,0.6890193914412501,2020,H
3860,0.7318774868390381,0.16645130343040626,0.10167120973055568,2020,A
3861,0.62229759469746,0.2192993811977319,0.15840302410480803,2020,A
3862,0.34455390074233155,0.26607217890657825,0.3893739203510901,2020,A
3863,0.4653509009741727,0.2762601890509498,0.2583889099748775,2020,H
3864,0.2678779007189908,0.2620226460584664,0.47009945322254276,2020,A
3865,0.18135707634388232,0.23006689061370203,0.5885760330424156,2020,H
3866,0.3184477011132776,0.28871312661173665,0.3928391722749859,2020,H
3867,0.3571831692481344,0.26889070044522484,0.37392613030664074,2020,A
3868,0.25992625599703884,0.2686388679299005,0.47143487607306067,2020,H
3869,0.21756011529501573,0.27632635333447403,0.5061135313705103,2020,D
3870,0.2263055153592899,0.2505948507774336,0.5230996338632766,2020,H
3871,0.11641125737476281,0.19433360003941136,0.6892551425858259,2020,H
3872,0.3969647881319806,0.2729132918407367,0.3301219200272828,2020,A
3873,0.3877730358951322,0.28421347141275266,0.3280134926921152,2020,H
3874,0.6308047928197997,0.2189094258187433,0.15028578136145698,2020,A
3875,0.2921638231660594,0.3051902356639091,0.40264594117003144,2020,H
3876,0.2803296968341134,0.2378976583555007,0.48177264481038584,2020,D
3877,0.19480219596252318,0.24141733101652746,0.5637804730209495,2020,A
3878,0.5289340329019185,0.23756094281699067,0.23350502428109085,2020,H
3879,0.29806702634227994,0.2650402090190357,0.43689276463868437,2020,A
3880,0.6389211903377557,0.21109730958295897,0.1499815000792854,2020,A
3881,0.10418996365669554,0.17969842046407605,0.7161116158792283,2020,H
3882,0.25094001428552176,0.2445384833088503,0.504521502405628,2020,H
3883,0.43414694492658,0.2593147968345248,0.30653825823889513,2020,D
3884,0.39377575671450904,0.29351996589455737,0.3127042773909337,2020,A
3885,0.5038342235316802,0.25258180071509034,0.2435839757532296,2020,A
3886,0.3426280430542512,0.3135158563895109,0.3438561005562378,2020,H
3887,0.29277119193597856,0.2945728608094308,0.41265594725459054,2020,D
3888,0.2561052994853031,0.2983905981542161,0.4455041023604808,2020,A
3889,0.2683120166248902,0.25749298369646717,0.47419499967864254,2020,A
3890,0.33001001001001,0.30190190190190186,0.3680880880880881,2020,H
3891,0.5913149587500331,0.22862296734488155,0.18006207390508527,2020,D
3892,0.05710482852303012,0.12244032748369087,0.820454843993279,2020,H
3893,0.2714593141539298,0.2722305053873217,0.45631018045874866,2020,D
3894,0.25769043509051476,0.2922586641880229,0.4500509007214624,2020,A
3895,0.47926234720553945,0.26849431215996605,0.25224334063449444,2020,A
3896,0.31841545789714476,0.2684679350897495,0.4131166070131059,2020,H
3897,0.1560719902149222,0.22065350340730386,0.6232745063777738,2020,A
3898,0.4871141515835537,0.27417567960560024,0.23871016881084603,2020,D
3899,0.043970926820459576,0.09859600018057876,0.8574330729989618,2020,H
3900,0.46717444664153074,0.26826543854765766,0.2645601148108116,2020,A
3901,0.16467535430151986,0.21298012489663234,0.6223445208018479,2020,H
3902,0.25276821587288056,0.2706190785757676,0.47661270555135193,2020,H
3903,0.14521977416751525,0.22517607335621778,0.6296041524762669,2020,H
3904,0.47694982102963723,0.27469029807151024,0.24835988089885255,2020,A
3905,0.3712788360294821,0.29841102708911643,0.3303101368814014,2020,A
3906,0.33488372093023255,0.28504983388704314,0.3800664451827242,2020,A
3907,0.2994169292605705,0.26107198191657377,0.4395110888228558,2020,A
3908,0.2982006944688015,0.29272912209322716,0.40907018343797136,2020,A
3909,0.3243603252549752,0.29441937215451597,0.38122030259050876,2020,H
3910,0.5510781728094051,0.2304990434347031,0.2184227837558918,2020,D
3911,0.5476051116964199,0.23259925860891625,0.21979562969466396,2020,H
3912,0.2544800807474165,0.2741676514642653,0.4713522677883183,2020,H
3913,0.7165803637323669,0.16964976809211516,0.11376986817551799,2020,D
3914,0.14947329683978103,0.22739776438658632,0.6231289387736326,2020,A
3915,0.19341105868743777,0.24996990613650572,0.5566190351760564,2020,H
3916,0.5425917221930383,0.25465638161593257,0.20275189619102915,2020,D
3917,0.04234327386022529,0.09680284596358732,0.8608538801761872,2020,D
3918,0.5707452109400952,0.25299523862252243,0.1762595504373823,2020,H
3919,0.26288659793814434,0.2814432989690722,0.45567010309278355,2020,D
3920,0.29966262766606666,0.2754823579984878,0.42485501433544554,2020,D
3921,0.21252277672753908,0.2453026394618639,0.542174583810597,2020,H
3922,0.29667616334283,0.26909781576448244,0.4342260208926875,2020,A
3923,0.38011812754257945,0.29088307930849827,0.3289987931489222,2020,D
3924,0.21567077073685004,0.24936932866448291,0.5349599005986672,2020,H
3925,0.655278925536302,0.21072846504030857,0.13399260942338947,2020,A
3926,0.20201360544217686,0.24883446712018142,0.5491519274376417,2020,D
3927,0.33383631072058473,0.29480314208248565,0.3713605471969295,2020,D
3928,0.3265318930283275,0.2781216414456395,0.395346465526033,2020,H
3929,0.6459741803243393,0.2064885068855339,0.14753731279012686,2020,A
3930,0.6302252272831103,0.21526794280232078,0.15450682991456896,2020,A
3931,0.1762830488656342,0.25731638584419186,0.5664005652901738,2020,D
3932,0.26450726459496593,0.2751483614464875,0.46034437395854644,2020,A
3933,0.21334713705502908,0.22646067266597647,0.5601921902789945,2020,H
3934,0.48143276761251236,0.25893275879699984,0.25963447359048775,2020,A
3935,0.4291498129474544,0.30575210315425666,0.26509808389828904,2020,H
3936,0.15197550310066416,0.20646348045425,0.6415610164450857,2020,H
3937,0.2517562376717306,0.2551129875073537,0.4931307748209157,2020,H
3938,0.41218961625282163,0.2880361173814898,0.2997742663656885,2020,D
3939,0.4124927136774408,0.2695727030230035,0.31793458329955565,2020,D
3940,0.5046353626292713,0.2670772114193915,0.22828742595133703,2020,A
3941,0.041175560027420885,0.10296101368833063,0.8558634262842484,2020,H
3942,0.49677742596259694,0.2670697582473014,0.23615281579010153,2020,H
3943,0.21267175572519087,0.24045801526717558,0.5468702290076336,2020,H
3944,0.3077885958152581,0.2883200400558592,0.4038913641288829,2020,D
3945,0.0464764222994115,0.10584299045202995,0.8476805872485585,2020,D
3946,0.4434153919694072,0.292005258126195,0.2645793499043977,2020,D
3947,0.47651228481586105,0.27209934445451156,0.25138837072962744,2020,D
3948,0.20316589302456672,0.22941220456362557,0.5674219024118076,2020,D
3949,0.4720113495097284,0.2610852968677789,0.2669033536224926,2020,A
3950,0.29776777134071003,0.3043848329260591,0.3978473957332308,2020,H
3951,0.4186386435670985,0.28363387389605194,0.29772748253684955,2020,A
3952,0.15663142229636476,0.22694814156955465,0.6164204361340806,2020,H
3953,0.28756749414201793,0.2751723435324481,0.4372601623255341,2020,D
3954,0.7412698352020122,0.16125431490903808,0.09747584988894961,2020,D
3955,0.2743221690590112,0.2791068580542265,0.4465709728867624,2020,A
3956,0.21702035356639313,0.23169805863851634,0.5512815877950905,2020,H
3957,0.23093371347113328,0.23663578047042055,0.5324305060584462,2020,H
3958,0.24324353183628578,0.281160905916648,0.4755955622470663,2020,H
3959,0.33599999999999997,0.304,0.36,2020,D
3960,0.5952228702326932,0.2389797558789616,0.16579737388834534,2020,A
3961,0.4244107653308883,0.2597486651205436,0.31584056954856804,2020,A
3962,0.5739119535395457,0.24141888221940586,0.18466916424104837,2020,A
3963,0.5791815766758571,0.22538905696112363,0.19542936636301927,2020,H
3964,0.30925382602489887,0.30727142970422644,0.38347474427087463,2020,A
3965,0.30642333975680497,0.308393907858135,0.38518275238506006,2020,H
3966,0.6529664460698943,0.21049576221990016,0.13653779171020547,2020,A
3967,0.060670382152470566,0.12799179550347398,0.8113378223440555,2020,H
3968,0.12011644690168063,0.1952198057587396,0.6846637473395797,2020,D
3969,0.1500749784510751,0.23316527139837764,0.6167597501505473,2020,D
3970,0.6195008583741108,0.22808226377194107,0.15241687785394792,2020,A
3971,0.28964380119867045,0.2685492946687953,0.4418069041325342,2020,A
3972,0.20438392962287513,0.2746592062840356,0.5209568640930893,2020,H
3973,0.14293801028122166,0.2613389779256124,0.595723011793166,2020,A
3974,0.209396577604323,0.25780546382467723,0.5327979585709997,2020,H
3975,0.056255959317724334,0.1249072995020659,0.8188367411802099,2020,H
3976,0.5816642377018941,0.2573045555517762,0.16103120674632976,2020,A
3977,0.262928682402255,0.2499191903042268,0.48715212729351814,2020,D
3978,0.1270375884597573,0.20777948307734703,0.6651829284628957,2020,H
3979,0.1575528280028742,0.23517076532781958,0.6072764066693063,2020,H
3980,0.38627548250256827,0.28206039631419205,0.33166412118323974,2020,H
3981,0.08391157098675683,0.15350007188559703,0.762588357127646,2020,H
3982,0.6188780898809735,0.22256636643051256,0.15855554368851388,2020,A
3983,0.06443137030901924,0.13608270977323356,0.7994859199177472,2020,A
3984,0.1503115729956798,0.21136528034933338,0.6383231466549868,2020,H
3985,0.49804941482444737,0.2509752925877763,0.2509752925877763,2020,A
3986,0.4588398990581439,0.26638205250875574,0.27477804843310044,2020,A
3987,0.4020559591298359,0.29385741355361095,0.3040866273165531,2020,A
3988,0.8014799303562186,0.13622888334666605,0.062291186297115435,2020,A
3989,0.09036883492283848,0.16126425087240534,0.7483669142047561,2020,A
3990,0.3669269098351172,0.2946705337445095,0.3384025564203731,2020,D
3991,0.4790635867567644,0.2714241284740875,0.24951228476914816,2020,H
3992,0.17334109612751963,0.23494516215323125,0.5917137417192491,2020,D
3993,0.2509695929872115,0.28364019089087217,0.46539021612191644,2020,D
3994,0.4316746194046807,0.27071120199954557,0.29761417859577366,2020,A
3995,0.4125464579344521,0.3000337875886924,0.28741975447685547,2020,D
3996,0.3977777691684843,0.26703187289583485,0.33519035793568086,2020,A
3997,0.3822837957903179,0.2822153904216758,0.3355008137880063,2020,D
3998,0.1531220514770957,0.2430570285471873,0.603820919975717,2020,A
3999,0.044026647086404434,0.10933703327857924,0.8466363196350164,2020,H
4000,0.36714867600809836,0.3091154981874634,0.32373582580443805,2020,H
4001,0.09934556594294072,0.18595946712426187,0.7146949669327974,2020,H
4002,0.23361048316027433,0.2388405686041611,0.5275489482355645,2020,A
4003,0.4077289274712966,0.2851675534397461,0.30710351908895733,2020,H
4004,0.5414777100779938,0.24020439770377167,0.21831789221823442,2020,A
4005,0.24064884477882717,0.29096633050530923,0.4683848247158637,2020,H
4006,0.4429932749980526,0.2921870537221198,0.2648196712798276,2020,H
4007,0.1326204374729841,0.2024354246416374,0.6649441378853785,2020,H
4008,0.3651366498966313,0.30486012356448894,0.3300032265388798,2020,A
4009,0.7863610886426872,0.14669121225444623,0.0669476991028666,2020,A
4010,0.48615198169616886,0.2744181673184678,0.23942985098536318,2020,A
4011,0.34831844792957567,0.2638776120678603,0.38780394000256396,2020,A
4012,0.28755192231094584,0.27916848434269664,0.43327959334635735,2020,A
4013,0.11410237900444359,0.1828256091887643,0.7030720118067921,2020,A
4014,0.4443600625418807,0.2798302434666071,0.2758096939915122,2020,A
4015,0.16010639066768817,0.2251261220890733,0.6147674872432385,2020,D
4016,0.43095512956830817,0.30180453868821583,0.267240331743476,2020,D
4017,0.37424327111558964,0.27609878214867706,0.34965794673573336,2020,H
4018,0.455545229244114,0.27648698884758366,0.2679677819083024,2020,D
4019,0.3873808910636106,0.2926088076229719,0.3200103013134175,2020,H
4020,0.13235988799482185,0.21218669405821777,0.6554534179469603,2020,H
4021,0.44354042655020787,0.2842870389758009,0.27217253447399126,2020,D
4022,0.45185442376380985,0.26389294170228017,0.2842526345339101,2020,A
4023,0.6476567841638315,0.2188429316352673,0.1335002842009012,2020,A
4024,0.23553669694357887,0.2503348140290393,0.5141284890273817,2020,H
4025,0.29709309669677253,0.3076012126571086,0.39530569064611887,2020,A
4026,0.447733721055626,0.2745415939997248,0.27772468494464914,2020,H
4027,0.37353449780273823,0.2812495042279441,0.3452159979693177,2020,D
4028,0.1103811873724686,0.1717261278366643,0.7178926847908672,2020,H
4029,0.3066338251663785,0.2980366151149847,0.3953295597186368,2020,A
4030,0.7216753849239825,0.17388193151248132,0.1044426835635361,2020,D
4031,0.24029664003561296,0.2536818640163766,0.5060214959480105,2020,H
4032,0.2337644067622142,0.2708488452287411,0.49538674800904464,2020,A
4033,0.1900819648050765,0.2561532359940068,0.5537647992009166,2020,H
4034,0.07977470806729624,0.15014202131533586,0.7700832706173678,2020,H
4035,0.35143930819763247,0.30346505342779695,0.3450956383745706,2020,D
4036,0.7087204452570278,0.17950705461481942,0.11177250012815275,2020,A
4037,0.3114503816793893,0.2854961832061069,0.40305343511450387,2020,H
4038,0.5507496122695157,0.254868171635361,0.19438221609512324,2020,D
4039,0.24168885834550297,0.2891504166308736,0.4691607250236234,2020,D
4040,0.14087780067523129,0.20840092953917658,0.6507212697855921,2020,A
4041,0.2650712534795796,0.2999709169471104,0.4349578295733101,2020,H
4042,0.3503963841159378,0.28726190049144457,0.36234171539261756,2020,H
4043,0.39256989659134434,0.27367729933796575,0.3337528040706899,2020,A
4044,0.6269841815917488,0.2200196784026091,0.15299614000564207,2020,A
4045,0.09357962405403207,0.16714134591911467,0.7392790300268532,2020,H
4046,0.17860736157071658,0.27119984646431755,0.550192791964966,2020,A
4047,0.3135251598554351,0.2764804003336114,0.4099944398109536,2020,H
4048,0.4894289720396997,0.2788606933714568,0.23171033458884335,2020,H
4049,0.07622368028913247,0.14604689887459732,0.7777294208362703,2020,H
4050,0.42010771992818674,0.30700179533213645,0.27289048473967686,2020,D
4051,0.3068795705528449,0.2637642589875692,0.4293561704595858,2020,A
4052,0.4236393782859594,0.30202681227957984,0.2743338094344608,2020,D
4053,0.331492018552861,0.2868299202448409,0.3816780612022982,2020,A
4054,0.14398248849197773,0.23735727063281475,0.6186602408752074,2020,H
4055,0.28620426683222006,0.2914237975343274,0.4223719356334525,2020,D
4056,0.6793787314858272,0.1939117431973717,0.1267095253168011,2020,A
4057,0.2862680018641236,0.27714061629744136,0.43659138183843504,2020,H
4058,0.06293720926489288,0.14983179615947978,0.7872309945756274,2020,H
4059,0.4678176721598315,0.29061400846292557,0.24156831937724293,2020,D
4060,0.4636704958967372,0.2790110251471645,0.2573184789560981,2020,H
4061,0.6651060313963094,0.20820710548058385,0.1266868631231066,2020,D
4062,0.3091007451882781,0.26691150698709254,0.42398774782462934,2020,A
4063,0.48894444309604146,0.2684400864056698,0.24261547049828888,2020,A
4064,0.5217267128980396,0.26157415578539317,0.21669913131656726,2020,A
4065,0.582915766738661,0.24263498920086396,0.17444924406047518,2020,D
4066,0.4578360111982329,0.2814344892365608,0.2607294995652062,2020,A
4067,0.30499235943727654,0.2992737526978276,0.395733887864896,2020,D
4068,0.3302647086930207,0.2956073009906667,0.37412799031631255,2020,A
4069,0.30989979643061843,0.29924699092831586,0.3908532126410656,2020,D
4070,0.11409730246643024,0.1922241702195481,0.6936785273140217,2020,A
4071,0.14198981590285936,0.22000261130695914,0.6380075727901814,2020,A
4072,0.13470211760663203,0.21377947682659681,0.6515184055667712,2020,H
4073,0.2762972319090879,0.2662920396672546,0.4574107284236575,2020,H
4074,0.15203603185246084,0.23099194211400453,0.6169720260335346,2020,H
4075,0.06774427470092326,0.1389198802477688,0.7933358450513078,2020,H
4076,0.4592153347583259,0.2882162311245949,0.2525684341170792,2020,D
4077,0.21656555521081575,0.2742750011552451,0.5091594436339392,2020,A
4078,0.7085810029121954,0.19208521163282402,0.09933378545498066,2020,A
4079,0.5445429603241044,0.24574246414626252,0.20971457552963318,2020,D
4080,0.26992773594158054,0.3022850039724324,0.42778726008598694,2020,H
4081,0.14518727345952478,0.23258155457108337,0.6222311719693919,2020,H
4082,0.33945784567499326,0.28660812119864704,0.37393403312635975,2020,H
4083,0.36772969540086653,0.31143231532320953,0.3208379892759239,2020,A
4084,0.216711051930759,0.26830892143808255,0.5149800266311585,2020,H
4085,0.5445162149563827,0.25624292468535653,0.19924086035826064,2020,A
4086,0.31947960204862547,0.2861011361629482,0.39441926178842646,2020,A
4087,0.15333312458903464,0.2702821179196543,0.576384757491311,2020,H
4088,0.3828109903024424,0.27901675678020577,0.338172252917352,2020,D
4089,0.3951333564253551,0.2829061309317631,0.3219605126428819,2020,A
4090,0.06387746273483814,0.15126748284284736,0.7848550544223145,2020,A
4091,0.15083718244803693,0.21802829099307158,0.6311345265588915,2020,H
4092,0.6095258470836787,0.2351242211109031,0.15534993180541812,2020,A
4093,0.4242904250215138,0.2693529102664667,0.30635666471201956,2020,A
4094,0.25323275862068967,0.2909482758620689,0.4558189655172413,2020,H
4095,0.5905446648358309,0.23739016303574345,0.1720651721284256,2020,D
4096,0.28857872707127913,0.29121014403545487,0.4202111288932661,2020,H
4097,0.17717089312002873,0.24054184229646217,0.582287264583509,2020,H
4098,0.19429348673825286,0.2757170577701797,0.5299894554915676,2020,D
4099,0.370527169049635,0.3054185610696672,0.32405426988069774,2020,A
4100,0.30628065993847226,0.31950872830790794,0.3742106117536198,2020,A
4101,0.10031387188604679,0.16199334716733232,0.7376927809466209,2020,A
4102,0.15452934732134405,0.2131202971926297,0.6323503554860264,2020,H
4103,0.6216905055154496,0.24055361268688247,0.13775588179766796,2020,A
4104,0.2828649138712602,0.3073436083408885,0.40979147778785135,2020,A
4105,0.39782276322941146,0.2836546921251129,0.31852254464547564,2020,H
4106,0.6027580894823769,0.24140689226120382,0.15583501825641938,2020,A
4107,0.3858868777042529,0.27931928066383427,0.3347938416319128,2020,A
4108,0.43771638654672446,0.2922557580906483,0.2700278553626272,2020,H
4109,0.28948018655218205,0.2939200667140254,0.4165997467337925,2020,D
4110,0.44250467024874435,0.27672482260512254,0.2807705071461331,2020,D
4111,0.4602437820946255,0.2774803092048757,0.26227590870049894,2020,H
4112,0.16462288613457945,0.26942506153293144,0.5659520523324891,2020,H
4113,0.195098853082472,0.2575095076975638,0.5473916392199643,2020,D
4114,0.10380816348123126,0.19014366578245329,0.7060481707363154,2020,H
4115,0.5708371822505046,0.2251188887748469,0.20404392897464846,2020,D
4116,0.15351143317788601,0.24960560303728999,0.5968829637848239,2020,D
4117,0.2163667387677689,0.25233271381359856,0.5313005474186325,2020,H
4118,0.6935904321513251,0.19613827794443206,0.11027128990424291,2020,A
4119,0.1615057136455299,0.23513331839569795,0.6033609679587721,2020,H
4120,0.255122055981101,0.2779798124418355,0.46689813157706345,2020,A
4121,0.07926386957410397,0.14983107634227177,0.7709050540836242,2020,D
4122,0.5418827338326886,0.255768650369029,0.20234861579828242,2020,A
4123,0.5508979949714604,0.26925913237369137,0.17984287265484825,2020,H
4124,0.24712094380385272,0.2896765141869935,0.46320254200915384,2020,A
4125,0.5266579973992197,0.23667100130039012,0.23667100130039012,2020,D
4126,0.22881133908821683,0.26123147432687427,0.5099571865849089,2020,D
4127,0.1241502364171648,0.2246944419662771,0.6511553216165582,2020,H
4128,0.4957760488343258,0.25244239756918424,0.25178155359649007,2020,D
4129,0.12648787781138104,0.22483442449376628,0.6486776976948527,2020,H
4130,0.26000568909116767,0.26503342341061015,0.47496088749822213,2020,A
4131,0.7176825795320699,0.18710012773793264,0.0952172927299974,2020,A
4132,0.27916071970420653,0.27754239669142855,0.443296883604365,2020,H
4133,0.46785453262431015,0.26865596411199877,0.2634895032636911,2020,A
4134,0.08621576510849141,0.16791761581339687,0.7458666190781117,2020,H
4135,0.3710058391184969,0.3000611488795367,0.32893301200196634,2020,D
4136,0.4236393782859594,0.2743338094344608,0.30202681227957984,2020,A
4137,0.12276966638207737,0.2002680182857637,0.676962315332159,2020,A
4138,0.4702701156003205,0.2524607989012247,0.27726908549845486,2020,H
4139,0.38111652037951743,0.2955118865711951,0.3233715930492875,2020,A
4140,0.22570006474587243,0.2786905147296859,0.4956094205244415,2020,A
4141,0.09470631855057386,0.160857968191427,0.7444357132579992,2020,H
4142,0.13668355942535884,0.21151252794078707,0.651803912633854,2020,H
4143,0.29810269135331174,0.2790379843481581,0.4228593242985303,2020,A
4144,0.4227452629968834,0.2907974990917956,0.286457237911321,2020,H
4145,0.5282019143117593,0.25231692494682467,0.219481160741416,2020,A
4146,0.28585788469489554,0.28082812719293254,0.433313988112172,2020,A
4147,0.3346207673002197,0.2859667091467753,0.37941252355300503,2020,A
4148,0.2706185567010309,0.2706185567010309,0.45876288659793807,2020,H
4149,0.19085387804396547,0.2531325119319963,0.5560136100240382,2020,A
4150,0.4401697649008838,0.2552048105010443,0.30462542459807196,2020,A
4151,0.367879721951373,0.2791180448526405,0.3530022331959865,2020,D
4152,0.7419982488568926,0.16630995232999318,0.09169179881311411,2020,A
4153,0.2571729327586452,0.26794833496920295,0.4748787322721518,2020,H
4154,0.4021188160921762,0.2753764958338972,0.32250468807392657,2020,D
4155,0.43050962371464085,0.26374628046254095,0.30574409582281814,2020,A
4156,0.11467421232912296,0.20219512279595886,0.6831306648749182,2020,A
4157,0.7802403586035989,0.14217713201221135,0.0775825093841897,2020,A
4158,0.15298983812490427,0.22412296379512842,0.6228871980799673,2020,H
4159,0.4115821332870665,0.2739961058739614,0.3144217608389721,2020,H
4160,0.646472684208886,0.21453102438112254,0.1389962914099914,2020,H
4161,0.17954828743707849,0.2598852570180893,0.5605664555448322,2020,H
4162,0.3782735208535402,0.2521823472356935,0.36954413191076624,2020,A
4163,0.10257680467510269,0.16850620452757675,0.7289169907973206,2020,D
4164,0.6265175652318777,0.21736323691718207,0.15611919785094025,2020,A
4165,0.5920097878245395,0.22566020147664798,0.18233001069881255,2020,A
4166,0.7674991146621519,0.14383416691569564,0.08866671842215249,2020,A
4167,0.2259395520880591,0.26599531755519423,0.5080651303567467,2020,H
4168,0.20183693442746367,0.2503199578408492,0.5478431077316871,2020,H
4169,0.16443057722308893,0.20686427457098283,0.6287051482059283,2020,A
4170,0.18357013241202247,0.22379295862817655,0.5926369089598009,2020,H
4171,0.6444005174467504,0.21056069539378466,0.14503878715946494,2020,H
4172,0.14754506936944423,0.1854282628561934,0.6670266677743624,2020,H
4173,0.2890250409242529,0.251853841435307,0.45912111764044006,2020,A
4174,0.3565967624823816,0.2642549011233075,0.37914833639431084,2020,A
4175,0.2889579501490455,0.23936069004883623,0.4716813598021184,2020,A
4176,0.39800941243692545,0.264243163628923,0.3377474239341516,2020,H
4177,0.055394581426251296,0.1160743946552488,0.8285310239185,2020,H
4178,0.14033814042494427,0.1940302629761881,0.6656315965988676,2020,H
4179,0.20171693953182904,0.24004315804287657,0.5582399024252943,2020,H
4181,0.1808390933933451,0.25655039382735895,0.562610512779296,2021,H
4182,0.23836553655468376,0.2728036169067769,0.48883084653853925,2021,H
4183,0.39891817742513763,0.2949057692007919,0.3061760533740706,2021,H
4184,0.38663936644661745,0.311563761311352,0.3017968722420306,2021,A
4185,0.16400528104562814,0.21489084815576723,0.6211038707986047,2021,H
4186,0.07507004605326721,0.1623136130881453,0.7626163408585874,2021,H
4187,0.7223318036755012,0.16824891399096614,0.10941928233353265,2021,A
4188,0.5886768174994639,0.23547072699978558,0.17585245550075057,2021,H
4189,0.42550934590060846,0.2739746785570869,0.3005159755423047,2021,A
4190,0.22627769637227474,0.2453265840770836,0.5283957195506416,2021,H
4192,0.06677117352492924,0.13804485086000434,0.7951839756150664,2021,H
4193,0.17393773819598668,0.27326013983630865,0.5528021219677047,2021,H
4194,0.31729110964501084,0.27705823118858297,0.40565065916640625,2021,D
4195,0.03770378013801411,0.09137286604335366,0.8709233538186322,2021,H
4196,0.5958384000751531,0.225187752141079,0.178973847783768,2021,D
4197,0.3951314164755689,0.304815664138296,0.30005291938613515,2021,A
4198,0.5405740243650631,0.2572785463555647,0.20214742927937232,2021,A
4199,0.34900236726411904,0.2789989854582347,0.37199864727764625,2021,H
4201,0.29432166323050535,0.29613287346577005,0.40954546330372454,2021,A
4202,0.1527722991369938,0.23903924417206246,0.6081884566909436,2021,D
4203,0.3410957942284738,0.277201769372996,0.3817024363985302,2021,D
4204,0.32617000019589787,0.2889493995729426,0.38488060023115955,2021,D
4205,0.5068425554312783,0.2712678465688532,0.2218895979998684,2021,A
4206,0.08024199968157937,0.1561853208087884,0.7635726795096323,2021,H
4207,0.4127497883717456,0.2739906002581673,0.31325961137008707,2021,D
4208,0.11459103052350367,0.21536974933212072,0.6700392201443756,2021,H
4209,0.5280777337544735,0.276178584894581,0.19574368135094541,2021,A
4210,0.6024645594349546,0.2284225817762861,0.16911285878875917,2021,A
4211,0.1506228765571914,0.21517553793884484,0.6342015855039639,2021,H
4212,0.4936604143100741,0.27983657206530366,0.22650301362462222,2021,H
4213,0.08515815085158152,0.1759311248362343,0.7389107243121841,2021,H
4214,0.4125650984029962,0.30134065181159286,0.28609424978541104,2021,A
4215,0.3893256086497767,0.2779289749609678,0.3327454163892555,2021,D
4216,0.06518917489066016,0.13244073083013078,0.8023700942792089,2021,H
4218,0.5406444548340265,0.23761657521100424,0.2217389699549694,2021,A
4219,0.1918185014373462,0.25903253159059414,0.5491489669720596,2021,H
4220,0.4136106376759881,0.26621900159808076,0.320170360725931,2021,D
4221,0.276599009660118,0.28312641991758397,0.44027457042229795,2021,A
4222,0.051751514007058706,0.11347406440082022,0.834774421592121,2021,D
4223,0.3139013452914798,0.2858744394618834,0.40022421524663676,2021,H
4224,0.4736163459631026,0.27469748065859945,0.2516861733782979,2021,A
4225,0.06867741170893576,0.1409694240341313,0.7903531642569329,2021,H
4227,0.3523696936277913,0.29782330142534685,0.3498070049468619,2021,H
4228,0.540222612627001,0.2465631411477082,0.21321424622529087,2021,A
4229,0.5524445820981373,0.2509800451307464,0.19657537277111634,2021,A
4230,0.6465504371049883,0.21503574805500722,0.13841381484000465,2021,D
4231,0.34426958441187216,0.294635625923044,0.36109478966508396,2021,A
4232,0.12280023206343066,0.18951846838135755,0.6876812995552117,2021,A
4233,0.2900469010074049,0.28574353452361545,0.4242095644689798,2021,D
4234,0.4206509895297235,0.26247704796268856,0.3168719625075878,2021,A
4235,0.15722855824378668,0.23758982134616655,0.6051816204100469,2021,D
4236,0.161277754138449,0.2490195374780197,0.5897027083835312,2021,H
4237,0.3399763212392149,0.2969546262675858,0.3630690524931993,2021,A
4238,0.2872421812258072,0.29071338583276557,0.4220444329414273,2021,H
4239,0.3785189694291384,0.3052184705873052,0.31626255998355646,2021,D
4240,0.1913723891540548,0.24017234838833876,0.5684552624576066,2021,H
4241,0.10771014788243313,0.19607643247169457,0.6962134196458721,2021,H
4242,0.20756097708483268,0.24641213433404496,0.5460268885811224,2021,H
4243,0.13630592277242515,0.22033012174172834,0.6433639554858467,2021,D
4244,0.22209205294762502,0.2663874208485364,0.5115205262038385,2021,D
4245,0.3851976780671477,0.2990665202384687,0.3157358016943834,2021,D
4246,0.3958332527772514,0.2724857802404309,0.33168096698231764,2021,D
4247,0.20593126039283347,0.26566270332445646,0.52840603628271,2021,A
4248,0.40800929506046024,0.28237593441134484,0.30961477052819486,2021,D
4249,0.27454087884190675,0.2722076702398509,0.4532514509182422,2021,H
4250,0.450835077292003,0.28750859719519956,0.26165632551279744,2021,D
4251,0.5995764373676367,0.24982351556984864,0.1506000470625147,2021,A
4252,0.3275231065070404,0.27262576763228086,0.3998511258606786,2021,H
4253,0.04331667600544318,0.10117897288705417,0.8555043511075027,2021,H
4254,0.7082041528801813,0.180704999609202,0.11109084751061668,2021,A
4255,0.45731482529172796,0.2675100649338799,0.2751751097743922,2021,H
4256,0.28068734168549325,0.292667898952557,0.4266447593619498,2021,A
4257,0.33227978887126425,0.2866533103993891,0.3810669007293467,2021,A
4258,0.45887547062324946,0.26789098703982994,0.2732335423369206,2021,A
4259,0.16994690406802665,0.24811369715357895,0.5819393987783943,2021,D
4260,0.2377437321257546,0.2581399772411008,0.5041162906331446,2021,H
4261,0.2482485851934445,0.2713904024572402,0.48036101234931516,2021,D
4262,0.3432302296550221,0.28415796461053755,0.3726118057344403,2021,D
4263,0.6748228843835496,0.20089066998420135,0.12428644563224908,2021,A
4264,0.24725941429867782,0.26575250068666756,0.4869880850146547,2021,D
4265,0.17514039868608022,0.24909864994470998,0.5757609513692099,2021,A
4266,0.055877115905847125,0.13601770364068305,0.8081051804534699,2021,H
4267,0.35253715880917824,0.2828616731448274,0.3646011680459943,2021,A
4268,0.31813544660762844,0.2743804281630262,0.40748412522934535,2021,H
4269,0.4233613064186891,0.26257654797006125,0.31406214561124973,2021,A
4270,0.051727287037956274,0.11840649591345216,0.8298662170485916,2021,A
4271,0.07916354754524736,0.14771503247657095,0.7731214199781818,2021,D
4272,0.4044098031710684,0.2684737348782723,0.3271164619506594,2021,A
4273,0.33455639825596145,0.27670802968144365,0.3887355720625949,2021,A
4274,0.40807423765519546,0.2845621538545131,0.30736360849029143,2021,A
4275,0.693978725320799,0.19504901037529582,0.11097226430390526,2021,A
4276,0.34445492478137846,0.2955508305222938,0.3599942446963278,2021,H
4277,0.4546522556390978,0.26647673872180455,0.2788710056390978,2021,A
4278,0.38686268230000703,0.27411984345829066,0.33901747424170225,2021,A
4279,0.2819339984650806,0.2913891020721412,0.4266768994627782,2021,H
4280,0.2612844399836017,0.26271222380864867,0.47600333620774965,2021,H
4281,0.16668987606182983,0.24063500905166413,0.592675114886506,2021,D
4282,0.31154804763223487,0.30462475768485187,0.3838271946829134,2021,H
4283,0.07671869810694122,0.16157422783128528,0.7617070740617735,2021,D
4284,0.16562120913643483,0.24505178902839847,0.5893270018351668,2021,A
4285,0.5595107879254573,0.23529549027672045,0.20519372179782228,2021,A
4286,0.5576563234394261,0.23337442246126827,0.2089692540993056,2021,H
4287,0.38342907092907086,0.269261988011988,0.34730894105894106,2021,D
4288,0.3954672256457943,0.2917776481898848,0.312755126164321,2021,D
4289,0.11602374645464068,0.1953461037246501,0.6886301498207091,2021,H
4290,0.38861626730993987,0.2935419511484867,0.3178417815415734,2021,H
4291,0.6394932342796499,0.20628814009020963,0.15421862563014066,2021,H
4292,0.45757191571216216,0.2777170586692314,0.26471102561860627,2021,H
4293,0.15041355417964572,0.2011820703702599,0.6484043754500943,2021,H
4294,0.35579052853012866,0.29741003932859056,0.3467994321412807,2021,D
4295,0.3155113776777063,0.2897748000423647,0.39471382227992885,2021,H
4296,0.5393679110230152,0.2580846455970341,0.20254744337995081,2021,A
4297,0.35243226113135795,0.28445571224845506,0.363112026620187,2021,D
4298,0.21025049941622798,0.23556321310515957,0.5541862874786125,2021,H
4299,0.06014409015950239,0.1268913013285798,0.8129646085119179,2021,H
4300,0.1452993578306737,0.20134774743412018,0.6533528947352062,2021,H
4301,0.2859567246499788,0.285108188375053,0.4289350869749681,2021,A
4302,0.0979037193302545,0.15984947830549065,0.742246802364255,2021,H
4303,0.4423300000372991,0.28652420897938474,0.2711457909833161,2021,D
4304,0.262083158795782,0.2820660389385688,0.4558508022656492,2021,D
4305,0.1695503587468017,0.23333750827533148,0.5971121329778668,2021,D
4306,0.09596992282830949,0.16506167139370756,0.738968405777983,2021,H
4307,0.2816214043750359,0.2928173623471321,0.425561233277832,2021,H
4308,0.18200138293607554,0.23068127090211016,0.5873173461618143,2021,H
4309,0.31413134998596687,0.28866124052764525,0.3972074094863879,2021,H
4310,0.25176616559959014,0.26494400897808107,0.48328982542232873,2021,D
4311,0.32936475385823266,0.27621078781771097,0.39442445832405637,2021,D
4312,0.7307608384627747,0.17629773450943553,0.0929414270277898,2021,A
4313,0.2525745855566907,0.27117781282148945,0.4762476016218199,2021,D
4314,0.22677279749542154,0.2813046725529716,0.49192252995160685,2021,D
4315,0.7043850806451613,0.18422379032258063,0.11139112903225806,2021,A
4316,0.6817990043034343,0.19036368238967177,0.12783731330689393,2021,A
4317,0.18211135453982424,0.2349102239150067,0.5829784215451691,2021,H
4318,0.2623376623376623,0.2623376623376623,0.47532467532467537,2021,H
4319,0.3010835226637145,0.28670341411858186,0.41221306321770357,2021,H
4320,0.309498042147931,0.29889219023631963,0.39160976761574934,2021,D
4321,0.6729266053196344,0.2025863253909636,0.12448706928940197,2021,A
4322,0.5283207393992382,0.26709548491850377,0.20458377568225822,2021,H
4323,0.8007624970066481,0.13364603566174932,0.06559146733160258,2021,A
4324,0.24044756087540053,0.26502369278807963,0.4945287463365198,2021,D
4325,0.15791697374011865,0.2295261026437524,0.612556923616129,2021,H
4326,0.11821530630075669,0.20183708086297614,0.6799476128362671,2021,H
4327,0.3162396150126425,0.27774087927197305,0.4060195057153843,2021,H
4328,0.4439137961912721,0.2724016476628261,0.2836845561459017,2021,H
4329,0.2886386587801155,0.29037744588120057,0.42098389533868374,2021,H
4330,0.18119349005424953,0.2415913200723327,0.5772151898734177,2021,H
4331,0.08044273819423693,0.13998210792340207,0.7795751538823611,2021,H
4332,0.08418092709551485,0.1621367100024538,0.7536823629020314,2021,H
4333,0.6637664889138367,0.203480213303396,0.13275329778276732,2021,A
4334,0.04750063240935087,0.11919085937488168,0.8333085082157675,2021,H
4335,0.46925139896225043,0.2642761999650036,0.26647240107274606,2021,D
4336,0.21084274000919387,0.23976132030970673,0.5493959396810993,2021,H
4337,0.2809880394023141,0.29937043450340006,0.41964152609428573,2021,H
4338,0.41981894538937437,0.29490349231339485,0.2852775622972306,2021,A
4339,0.05294225034990567,0.11057019412158461,0.8364875555285097,2021,H
4340,0.27294433493926645,0.3141097100448607,0.41294595501587295,2021,A
4341,0.2674011090573013,0.2840147874306839,0.4485841035120148,2021,D
4342,0.29477371738251723,0.26842522867793467,0.4368010539395482,2021,H
4343,0.04467281387109641,0.10056075643462144,0.8547664296942821,2021,H
4344,0.07218995768129344,0.15526105971325183,0.7725489826054547,2021,D
4345,0.5009283263893385,0.25311457762000966,0.24595709599065202,2021,A
4346,0.8160166937046052,0.12472794022946038,0.0592553660659344,2021,A
4347,0.6067440048480651,0.24393270423917124,0.1493232909127637,2021,D
4348,0.6023069052122414,0.2128151065083253,0.1848779882794332,2021,D
4349,0.5653916772954715,0.2549511542181171,0.1796571684864115,2021,A
4350,0.23088803088803087,0.27773487773487776,0.49137709137709146,2021,H
4351,0.2293862368257905,0.2523248605083695,0.51828890266584,2021,A
4352,0.6750399563546624,0.20095529099027684,0.12400475265506086,2021,A
4353,0.06502381445433837,0.12217850486643198,0.8127976806792298,2021,H
4354,0.19328255712323636,0.24822075165438878,0.5584966912223749,2021,H
4355,0.6470957613814756,0.20910518053375196,0.14379905808477236,2021,D
4356,0.43758757415854277,0.2689085651253615,0.2935038607160958,2021,A
4357,0.7072495707659585,0.16815724060169646,0.12459318863234504,2021,H
4358,0.469004891049986,0.27392023551352457,0.2570748734364896,2021,D
4359,0.1695010359116022,0.2574240331491712,0.5730749309392265,2021,H
4360,0.1171226593669006,0.21290296747138818,0.6699743731617112,2021,D
4361,0.8237108418944735,0.12153110782049609,0.054758050285030335,2021,A
4362,0.1123617139314036,0.1922984042032438,0.6953398818653527,2021,H
4363,0.5906672843746505,0.22946786587216642,0.17986484975318306,2021,A
4364,0.41195396275560725,0.277414084745828,0.31063195249856473,2021,A
4365,0.6289102178735049,0.20827546176330355,0.1628143203631916,2021,A
4366,0.39110655979834186,0.289489749699679,0.3194036905019792,2021,H
4367,0.3522147737113898,0.3031722102832216,0.34461301600538863,2021,A
4368,0.415378244064053,0.27105190502484816,0.31356985091109885,2021,D
4369,0.2617500568856977,0.2676156043789346,0.4706343387353678,2021,H
4370,0.15734478855252082,0.22941398426842366,0.6132412271790555,2021,A
4371,0.2580913284769029,0.2856619154952071,0.45624675602789,2021,H
4372,0.09337375845131167,0.1738917095796167,0.7327345319690717,2021,H
4373,0.24667129831899676,0.2940502367156333,0.45927846496537006,2021,D
4374,0.2699810290646315,0.26476040143078505,0.46525856950458344,2021,D
4375,0.46790000071900556,0.27563074754998884,0.25646925173100565,2021,H
4376,0.2823688913539163,0.303814629937758,0.4138164787083256,2021,H
4377,0.19234592445328033,0.24850894632206758,0.5591451292246521,2021,H
4378,0.3964829008286971,0.2749251060187527,0.32859199315255033,2021,D
4379,0.1922677715870498,0.22743313598658152,0.5802990924263686,2021,A
4380,0.09043345351936041,0.1694035115221822,0.7401630349584575,2021,H
4381,0.5423611679442761,0.2580589428121959,0.19957988924352782,2021,D
4382,0.4054534676941316,0.27978660343805567,0.3147599288678127,2021,A
4383,0.5239683507336207,0.2634236488578368,0.21260800040854236,2021,A
4384,0.2642096446093095,0.2724661960033505,0.46332415938733995,2021,A
4385,0.36025866153803265,0.29127296039245193,0.34846837806951525,2021,A
4386,0.37667715157013754,0.3136917917993933,0.30963105663046914,2021,A
4387,0.2644259842770298,0.2580285814316178,0.4775454342913524,2021,A
4388,0.24676331393134965,0.2519583310667464,0.5012783550019039,2021,H
4389,0.7483556449740772,0.15754855683664787,0.09409579818927495,2021,D
4390,0.10491497931719584,0.1923089459918821,0.7027760746909221,2021,D
4391,0.6056793502140427,0.2273095898665529,0.16701105991940446,2021,A
4392,0.19312404950180292,0.24007400639823118,0.566801944099966,2021,H
4393,0.34142513756729376,0.2836766721627366,0.3748981902699696,2021,D
4394,0.27310243183493,0.29314664701547527,0.4337509211495947,2021,D
4395,0.33389782670053625,0.28450465707027944,0.3815975162291843,2021,H
4396,0.15356081376863348,0.2242702117365159,0.6221689744948505,2021,H
4397,0.5980111233694266,0.23655968270879038,0.16542919392178299,2021,D
4398,0.04082324556926387,0.09600416568242714,0.8631725887483089,2021,H
4399,0.4402054292002935,0.28560947489780947,0.2741850959018971,2021,D
4400,0.17216754571982673,0.2321969079078535,0.5956355463723197,2021,A
4401,0.22510231923601634,0.24215552523874487,0.5327421555252387,2021,D
4402,0.43607765019825984,0.2951910247495913,0.2687313250521489,2021,A
4403,0.09145831396969979,0.14638906961613535,0.762152616414165,2021,H
4404,0.8240411848467305,0.12266261911840644,0.05329619603486316,2021,A
4405,0.32865242668756545,0.31057122521931757,0.3607763480931169,2021,D
4406,0.176697155608032,0.2273615059127047,0.5959413384792632,2021,D
4407,0.44786561440395634,0.29309859780564723,0.2590357877903963,2021,A
4408,0.3215204909918828,0.26410611760047514,0.41437339140764207,2021,H
4409,0.7436693398064579,0.16684059971310097,0.0894900604804413,2021,A
4410,0.36877285912473196,0.27872367259427416,0.35250346828099377,2021,H
4411,0.1725072096478196,0.2555492440793498,0.5719435462728305,2021,A
4412,0.39940498326515433,0.26775753068055036,0.33283748605429525,2021,D
4413,0.20338060865464827,0.2550328267256701,0.5415865646196815,2021,H
4414,0.17805914957229013,0.24511450360969197,0.5768263468180177,2021,A
4415,0.16720878744314427,0.2570723336358501,0.5757188789210057,2021,A
4416,0.18822509988927932,0.24599239397294564,0.5657825061377749,2021,D
4417,0.12527800651054694,0.2157253565024665,0.6589966369869866,2021,H
4418,0.5819885476314419,0.24622592399791773,0.17178552837064026,2021,A
4419,0.2683287432961299,0.2698362081461082,0.461835048557762,2021,H
4420,0.08889063668389549,0.164152385290192,0.7469569780259124,2021,A
4421,0.03883790209936261,0.10013967903708966,0.8610224188635478,2021,H
4422,0.5055199024638595,0.2488310400728842,0.24564905746325652,2021,A
4423,0.2882349103774852,0.2926287352308006,0.41913635439171437,2021,H
4424,0.5378859861110685,0.25812759119003026,0.20398642269890105,2021,H
4425,0.4014869888475836,0.2973977695167286,0.3011152416356877,2021,A
4426,0.05790243472911051,0.11049880442004366,0.8315987608508458,2021,H
4427,0.16481133439352316,0.25285528408269475,0.5823333815237819,2021,H
4428,0.15474361922280985,0.22025293170843874,0.6250034490687515,2021,H
4429,0.7525499173922344,0.15948077719570533,0.08796930541206029,2021,A
4430,0.28233937909302226,0.2935296593619531,0.4241309615450247,2021,A
4431,0.10629214007418987,0.17663252688799197,0.7170753330378181,2021,D
4432,0.31592185399035044,0.30296606818002053,0.381112077829629,2021,A
4433,0.22977678495302084,0.2815101546646659,0.4887130603823133,2021,D
4434,0.5178032589016295,0.24321062160531084,0.23898611949305976,2021,A
4435,0.2472665193378159,0.2968724568592913,0.45586102380289284,2021,H
4436,0.382902063544055,0.2888961677038978,0.32820176875204715,2021,A
4437,0.639771243861503,0.23124261826319384,0.12898613787530303,2021,A
4438,0.2322958953540821,0.23342354533152906,0.5342805593143888,2021,H
4439,0.3162856614702077,0.2762955203647791,0.4074188181650133,2021,H
4440,0.3511107932307374,0.3015810575085331,0.34730814926072945,2021,H
4441,0.28317594912314514,0.31058007323183656,0.4062439776450183,2021,A
4442,0.36944637709969186,0.3049398668124441,0.325613756087864,2021,A
4443,0.09660157240679686,0.16402485417195029,0.7393735734212528,2021,H
4444,0.6044194998677677,0.23906144397754994,0.15651905615468253,2021,A
4445,0.1223199283370702,0.19581153497543213,0.6818685366874977,2021,H
4446,0.17115006936811952,0.2324822976162592,0.5963676330156213,2021,H
4447,0.7467297388618043,0.17232224742964716,0.08094801370854852,2021,A
4448,0.25922163449749536,0.2599222335096507,0.48085613199285393,2021,A
4449,0.198326213930782,0.27425682154999564,0.5274169645192224,2021,H
4450,0.3785950791324509,0.26786392785415747,0.3535409930133916,2021,A
4451,0.26391339065198416,0.29823030212995116,0.4378563072180646,2021,H
4452,0.6293044135779341,0.2153994972649305,0.15529608915713536,2021,A
4453,0.28877395348837215,0.27011720930232563,0.4411088372093024,2021,H
4454,0.0947321454969641,0.1815997355187086,0.7236681189843274,2021,H
4455,0.28701264337402066,0.296756899784867,0.41623045684111226,2021,A
4456,0.17475880699744803,0.2234155514050902,0.6018256415974617,2021,H
4457,0.17204072376159227,0.23062533473076757,0.5973339415076402,2021,A
4458,0.29678787342366436,0.29051139271681947,0.41270073385951617,2021,H
4459,0.16024999136770138,0.2113186699354304,0.6284313386968682,2021,H
4460,0.7275798707841858,0.1746191689882046,0.09780096022760949,2021,D
4461,0.4184376575558035,0.28814569232884674,0.29341665011534995,2021,A
4462,0.5024245581693583,0.24237566625255472,0.25519977557808676,2021,A
4463,0.30937199485577244,0.2846588473377078,0.40596915780651993,2021,H
4464,0.27147291668181195,0.27691793220265054,0.45160915111553757,2021,A
4465,0.39991288896426525,0.2777492975227318,0.3223378135130031,2021,A
4466,0.2820489848028401,0.27877885164570576,0.4391721635514543,2021,H
4467,0.20497651465604377,0.24451513169629585,0.5505083536476604,2021,H
4468,0.3709268998525197,0.3099034421348471,0.31916965801263325,2021,H
4469,0.33624047417442854,0.2663844199830652,0.3973751058425064,2021,D
4470,0.09570237860153631,0.19255548720629748,0.7117421341921663,2021,A
4471,0.15774749571338328,0.20918689648948652,0.6330656077971302,2021,D
4472,0.12772236712120397,0.2328143148253014,0.6394633180534945,2021,D
4473,0.044167794859117225,0.10296381237456602,0.8528683927663167,2021,H
4474,0.782761745343253,0.1472166585278595,0.07002159612888736,2021,A
4475,0.14623898882553357,0.22070012533761715,0.6330608858368493,2021,H
4476,0.208485394375165,0.255742083766869,0.5357725218579659,2021,H
4477,0.48194263659490716,0.28125098147327426,0.2368063819318186,2021,H
4478,0.3223133279886969,0.3039537080399736,0.37373296397132943,2021,H
4479,0.27411545197513765,0.3093714586600428,0.4165130893648195,2021,H
4480,0.423715969156736,0.2709395070382509,0.3053445238050129,2021,A
4481,0.5346062052505967,0.2505966587112172,0.21479713603818615,2021,H
4482,0.17052229906987837,0.24660147865490106,0.5828762222752206,2021,A
4483,0.4980179251457308,0.26048092019817354,0.24150115465609553,2021,A
4484,0.37203469292076885,0.27114392873886545,0.3568213783403657,2021,A
4485,0.35215690617349377,0.29044965373221693,0.35739344009428925,2021,H
4486,0.32229021046984463,0.27919326372097003,0.3985165258091854,2021,H
4487,0.27454234560450613,0.25900221283443975,0.4664554415610542,2021,D
4488,0.37531047104448995,0.3011895943178352,0.3234999346376748,2021,H
4489,0.15111460004848598,0.22578299066067903,0.623102409290835,2021,A
4490,0.07493142060529748,0.149165804739848,0.7759027746548547,2021,H
4491,0.49263721552878187,0.2610441767068273,0.24631860776439093,2021,H
4492,0.37102604871180306,0.2929748372449908,0.3359991140432063,2021,A
4493,0.28920088528555027,0.28406714175977127,0.4267319729546786,2021,H
4494,0.19135473403638892,0.25015644918298763,0.5584888167806235,2021,D
4495,0.1297922751148874,0.18534635832145147,0.6848613665636611,2021,H
4496,0.2953493054157439,0.2944433259512784,0.4102073686329777,2021,H
4497,0.056287490755704064,0.14067764112958447,0.8030348681147114,2021,H
4498,0.22157407829376113,0.2641844779656382,0.5142414437406005,2021,A
4499,0.305735403655532,0.2791497163811379,0.41511487996333013,2021,D
4500,0.3688610363193848,0.28232472281337073,0.3488142408672444,2021,H
4501,0.5137551064463057,0.2617771250829951,0.22446776847069905,2021,D
4502,0.2749956314072693,0.2688504776328052,0.45615389095992537,2021,H
4503,0.37871749944141964,0.28375883438973626,0.33752366616884416,2021,D
4504,0.0371590086412717,0.0981408173010274,0.8647001740577008,2021,H
4505,0.44077345553115416,0.2885543943116865,0.27067215015715945,2021,A
4506,0.1504316464211708,0.22031179338569637,0.6292565601931328,2021,H
4507,0.06145998829333556,0.13078016556568275,0.8077598461409816,2021,H
4508,0.26768722016831703,0.2894569639771862,0.44285581585449685,2021,D
4509,0.3361384420877986,0.3091176670003549,0.35474389091184644,2021,H
4510,0.2717094275224417,0.2671683228841837,0.4611222495933746,2021,D
4511,0.42734471469192165,0.2693349042175977,0.30332038109048065,2021,D
4512,0.35002545051354805,0.2908066431759085,0.3591679063105436,2021,A
4513,0.33956451026385925,0.3109927391736964,0.3494427505624443,2021,A
4514,0.7357688279020143,0.1647619084703656,0.0994692636276201,2021,A
4515,0.315397251336857,0.2854485509131791,0.39915419774996413,2021,A
4516,0.1161611071920454,0.19516947159797104,0.6886694212099835,2021,H
4517,0.6802418020692677,0.1969488585046545,0.12280933942607777,2021,A
4518,0.5424321403597991,0.2587883796325726,0.19877948000762824,2021,H
4519,0.13994504441178351,0.20058789699022303,0.6594670585979934,2021,H
4520,0.5375133348543804,0.2505596014034742,0.21192706374214557,2021,A
4521,0.2125727355285729,0.24270962967945914,0.5447176347919681,2021,H
4522,0.286559693025605,0.27906249175458636,0.4343778152198086,2021,H
4523,0.39081754805999575,0.28871206253080767,0.32047038940919653,2021,A
4524,0.09983064972966241,0.19401431321199036,0.7061550370583473,2021,D
4525,0.14406324787014654,0.1967980563952104,0.659138695734643,2021,D
4526,0.3761559610097475,0.27993001749562607,0.3439140214946263,2021,H
4527,0.18471709829418853,0.24692259926215435,0.5683603024436571,2021,H
4528,0.1419553066979311,0.1997998807370049,0.658244812565064,2021,H
4529,0.34351036749233566,0.28797276316722753,0.36851686934043676,2021,A
4530,0.5343153259886004,0.2524324374749293,0.21325223653647024,2021,A
4531,0.05620696328574193,0.12641041808431605,0.817382618629942,2021,H
4532,0.6698706204019504,0.1988894213152183,0.13123995828283114,2021,A
4533,0.5760962740414625,0.23071481478399097,0.19318891117454662,2021,A
4534,0.13684284018711163,0.19604831390071908,0.6671088459121691,2021,H
4535,0.7619088016967125,0.1632661717921527,0.07482502651113467,2021,A
4536,0.5135792115211993,0.26097639281104423,0.22544439566775654,2021,D
4537,0.28064601535610273,0.26661371458829763,0.4527402700555997,2021,H
4538,0.27208525703023784,0.27055238234274354,0.4573623606270188,2021,A
4539,0.10528383421724612,0.17894323315655075,0.715772932626203,2021,H
4540,0.2642237501490391,0.27017808818056677,0.4655981616703942,2021,D
4541,0.3677815475282046,0.27270165882062897,0.3595167936511663,2021,D
4542,0.4756609746942129,0.26109651328323646,0.2632425120225507,2021,A
4543,0.6955702734386742,0.18459364948949425,0.11983607707183148,2021,D
4544,0.13247273995181946,0.20970029795866618,0.6578269620895144,2021,D
4545,0.5089121081745543,0.2599877074370006,0.23110018438844498,2021,H
4546,0.7040431094445821,0.175690174852291,0.12026671570312689,2021,A
4547,0.11063036351049516,0.19512402199610754,0.6942456144933973,2021,D
4548,0.23083063550490038,0.2767306754179786,0.4924386890771209,2021,H
4549,0.26013188379967916,0.27036178934236327,0.4695063268579577,2021,D
4550,0.3302917808694446,0.269229434826354,0.4004787843042016,2021,H
4551,0.3448635441602381,0.25589608728911284,0.3992403685506491,2021,A
4552,0.11073652225638515,0.18685444240931784,0.702409035334297,2021,H
4553,0.4272480795300497,0.2626525079078174,0.31009941256213286,2021,H
4554,0.050838968194340084,0.11864512897570748,0.8305159028299524,2021,H
4555,0.24931389647569843,0.238796933100793,0.5118891704235085,2021,H
4556,0.05463629955415245,0.12208339177943064,0.8232803086664169,2021,H
4557,0.05275940448283684,0.11764444226979755,0.8295961532473655,2021,H
4558,0.2954383518032837,0.27591225383927354,0.4286493943574428,2021,A
4559,0.7645555862752763,0.14935504476075165,0.08608936896397214,2021,A
4560,0.512315318976026,0.2682876879317351,0.21939699309223895,2022,A
4562,0.47176503972758227,0.27497162315550505,0.25326333711691257,2022,H
4563,0.3020171574310224,0.2875492696498957,0.41043357291908183,2022,H
4564,0.7529895006494852,0.15931017534402334,0.08770032400649146,2022,D
4565,0.11120489554758387,0.18231694450305974,0.7064781599493564,2022,H
4566,0.5897658102715522,0.24275713907642174,0.16747705065202612,2022,A
4567,0.16884386062493179,0.2391603811345667,0.5919957582405014,2022,A
4568,0.2640167155862892,0.2625740012934679,0.47340928312024283,2022,D
4569,0.7014512396641127,0.18304537111234942,0.11550338922353778,2022,A
4570,0.02559785984859527,0.07560625743016701,0.8987958827212377,2022,H
4571,0.19826314726528313,0.2712195301072834,0.5305173226274335,2022,H
4572,0.3106170993507831,0.27433419030980843,0.4150487103394085,2022,D
4573,0.1592629254907678,0.22012541646778883,0.6206116580414434,2022,H
4574,0.3101411865931401,0.2958269779811491,0.39403183542571085,2022,D
4575,0.4754603617710201,0.269783688420635,0.254755949808345,2022,H
4576,0.3055426176059618,0.29343269678621337,0.40102468560782495,2022,D
4578,0.2998603017026443,0.2798115024608978,0.42032819583645786,2022,D
4579,0.05885027187823292,0.14029561164548082,0.8008541164762863,2022,D
4580,0.3196955280685062,0.2997145575642246,0.3805899143672693,2022,H
4582,0.1208234707423458,0.1970809071944821,0.6820956220631721,2022,H
4583,0.670608312894592,0.20403614626367372,0.1253555408417342,2022,A
4584,0.23936941664195135,0.24178119917738664,0.5188493841806621,2022,A
4585,0.3288615788733055,0.28078240067545385,0.3903560204512407,2022,H
4586,0.6206284743632451,0.2171499176665982,0.1622216079701568,2022,H
4587,0.3054116448033849,0.2812294911092752,0.4133588640873399,2022,A
4588,0.7012042929744565,0.18799410594422805,0.11080160108131551,2022,D
4589,0.5981540200295105,0.2185037516089536,0.18334222836153577,2022,H
4590,0.2553265967288535,0.2774009422673711,0.46727246100377556,2022,D
4591,0.5362230979084571,0.23773437838305983,0.2260425237084831,2022,A
4592,0.2381920367503736,0.2579881577671607,0.5038198054824656,2022,H
4593,0.10217047192337618,0.16715585007914577,0.7306736779974781,2022,H
4594,0.06316192984956531,0.12740997754045913,0.8094280926099756,2022,H
4595,0.1278587683507267,0.19503000770739654,0.6771112239418767,2022,H
4596,0.037749610003962666,0.09468953305812071,0.8675608569379166,2022,H
4597,0.30214014339113915,0.2801182670506771,0.4177415895581838,2022,A
4598,0.35586694188631307,0.2947364242616704,0.3493966338520165,2022,D
4600,0.2591245616313807,0.2818547863358878,0.4590206520327315,2022,D
4601,0.4129877910616285,0.2872422546786848,0.29976995425968667,2022,H
4602,0.5838643586558472,0.23158081533224706,0.18455482601190573,2022,H
4603,0.2788614562497263,0.2702690864493145,0.4508694573009593,2022,D
4605,0.4442566183862679,0.28390363778530736,0.2718397438284246,2022,D
4606,0.13748002771375648,0.20785317364930786,0.6546667986369357,2022,H
4607,0.10038287697159219,0.16551944257966494,0.7340976804487428,2022,H
4608,0.4782052772288737,0.2570033709171219,0.26479135185400443,2022,D
4609,0.4650416107382551,0.25266040268456375,0.2822979865771812,2022,A
4610,0.6864077432600885,0.18991518588223794,0.1236770708576736,2022,D
4611,0.28883879411666563,0.2679201070775757,0.4432410988057588,2022,H
4612,0.15956509169880767,0.2196752289826051,0.6207596793185873,2022,H
4613,0.25344607076879355,0.2767514565866136,0.46980247264459296,2022,D
4614,0.24711004565405156,0.2770196189032451,0.47587033544270324,2022,A
4615,0.146954093657137,0.20802592478737575,0.6450199815554873,2022,H
4616,0.28851544860818573,0.2825754246662525,0.4289091267255618,2022,H
4617,0.7188279292648511,0.17108870785344593,0.11008336288170292,2022,D
4618,0.21741306868276492,0.2675388595179579,0.5150480717992771,2022,H
4619,0.3603472214119871,0.2710217130056354,0.36863106558237757,2022,H
4620,0.3744654832501754,0.2830518505743973,0.34248266617542733,2022,A
4621,0.27208525703023784,0.27055238234274354,0.4573623606270188,2022,H
4622,0.7195086053783794,0.17625987773437446,0.10423151688724631,2022,A
4623,0.13020062416406597,0.21525338088869073,0.6545459949472432,2022,D
4624,0.14375377035466028,0.20983665825190065,0.6464095713934389,2022,H
4625,0.5308290000031572,0.24572902557690912,0.2234419744199336,2022,A
4626,0.38420980149127465,0.2901886718212044,0.32560152668752085,2022,H
4627,0.40574924585509614,0.2779265065539243,0.3163242475909796,2022,A
4628,0.506302625184715,0.2694607809106327,0.22423659390465236,2022,A
4629,0.23332056264024958,0.27623009140167476,0.49044934595807566,2022,H
4630,0.27673100710525556,0.26027673100710524,0.46299226188763914,2022,H
4631,0.27936285860713234,0.2818205963661393,0.4388165450267284,2022,A
4632,0.11668965164572985,0.18061719063363438,0.7026931577206359,2022,D
4633,0.43474859326572984,0.2793006950922276,0.2859507116420425,2022,D
4634,0.12005616662766208,0.1684998829861924,0.7114439503861456,2022,H
4635,0.3164936705917008,0.2771606421655646,0.4063456872427345,2022,D
4636,0.2176481903872049,0.23699469619940092,0.5453571134133941,2022,H
4637,0.045584405833982045,0.09360293042608933,0.8608126637399286,2022,H
4638,0.21974736527393676,0.24553404589281708,0.5347185888332461,2022,H
4639,0.37337138312554086,0.2776075413440621,0.349021075530397,2022,A
4640,0.46129172771551896,0.2655922068665109,0.2731160654179701,2022,H
4641,0.11318729242846119,0.1996041463987386,0.6872085611728002,2022,H
4642,0.2694818155336663,0.26575969100972063,0.4647584934566129,2022,H
4643,0.21137052870035442,0.2471409258650298,0.5414885454346158,2022,H
4644,0.36767342435526135,0.25895278812117867,0.37337378752355993,2022,H
4645,0.4606432118666734,0.26892299240261097,0.2704337957307156,2022,A
4646,0.438358372920502,0.27507301911057286,0.28656860796892514,2022,D
4647,0.41926689802334327,0.28032379809700275,0.300409303879654,2022,H
4648,0.30820134643836083,0.2755267051254114,0.41627194843622767,2022,D
4649,0.23280717613517835,0.2584660315694319,0.5087267922953899,2022,D
4650,0.18765194532974824,0.25266521772745626,0.5596828369427956,2022,H
4651,0.1415650412856366,0.21141621297262836,0.6470187457417351,2022,H
4652,0.5279535599031867,0.260399858814038,0.21164658128277533,2022,A
4653,0.26380988938130295,0.2547370624978191,0.4814530481208779,2022,D
4654,0.39404602497430946,0.28113225173605705,0.3248217232896335,2022,D
4655,0.504760258490014,0.23746110682658303,0.2577786346834029,2022,H
4656,0.6167802575045521,0.2181807713621545,0.16503897113329355,2022,A
4657,0.11739811350078305,0.19582292251963607,0.6867789639795808,2022,D
4658,0.2781210619091674,0.301661089092702,0.4202178489981307,2022,H
4659,0.5533622930431861,0.2456250994630469,0.20101260749376698,2022,D
4660,0.13845516097830596,0.19234489429321547,0.6691999447284788,2022,H
4661,0.1761364540406371,0.23745803433626633,0.5864055116230967,2022,H
4662,0.3575542493516132,0.28883511434109294,0.3536106363072939,2022,A
4663,0.3368741743280042,0.2698767895176728,0.39324903615432316,2022,H
4664,0.3172183052867171,0.268483649446579,0.41429804526670383,2022,H
4665,0.38381146103668373,0.28168618924037314,0.33450234972294307,2022,H
4666,0.3248752672843906,0.30239961986220004,0.3727251128534093,2022,H
4667,0.7604794321896091,0.15479872125345842,0.08472184655693257,2022,H
4668,0.06694814854972518,0.13852671659568497,0.7945251348545899,2022,H
4669,0.2752799929635276,0.27449571947930107,0.45022428755717137,2022,D
4670,0.29697599437678585,0.28467521354461134,0.41834879207860276,2022,A
4671,0.27563517531721965,0.2748476462448847,0.44951717843789557,2022,H
4672,0.2677784001953434,0.2655592421826748,0.4666623576219819,2022,A
4673,0.6085020562332961,0.22516001143995504,0.16633793232674876,2022,D
4674,0.27210671593210967,0.2683063428045662,0.459586941263324,2022,A
4675,0.15407407407407409,0.2296296296296296,0.6162962962962963,2022,H
4676,0.3973084065185557,0.28668061667955674,0.31601097680188756,2022,H
4677,0.2876816907157273,0.27687284106455834,0.43544546821971447,2022,D
4678,0.7432937992517711,0.15744646979224708,0.09925973095598185,2022,A
4679,0.5670227679218833,0.24508145211968868,0.18789577995842802,2022,A
4680,0.2383495793830952,0.26906128989184136,0.4925891307250635,2022,H
4681,0.2177633153084175,0.2574627937024454,0.5247738909891372,2022,H
4682,0.3129017669046506,0.28006076513040146,0.407037467964948,2022,D
4683,0.10465489481460262,0.15793061556865898,0.7374144896167384,2022,A
4684,0.06460236132768991,0.1375584762753397,0.7978391623969704,2022,H
4685,0.19765155020823694,0.2384602036094401,0.563888246182323,2022,H
4686,0.4285519047890211,0.2882751551733956,0.28317294003758325,2022,A
4687,0.048650015338223294,0.09889838846989951,0.8524515961918773,2022,H
4688,0.37096577378023576,0.28342222834537184,0.34561199787439234,2022,D
4689,0.20317137738321253,0.2445294185808131,0.5522992040359743,2022,H
4690,0.3167741253567276,0.28823591586513053,0.3949899587781418,2022,A
4691,0.22976109678295104,0.27518664313831953,0.49505226007872954,2022,A
4692,0.4994500794329708,0.26200659904680434,0.2385433215202249,2022,A
4693,0.44611730067917965,0.2709469481526091,0.2829357511682113,2022,H
4694,0.35559336452573376,0.2807316035729477,0.3636750319013186,2022,A
4695,0.4450195196971488,0.2619188453803383,0.2930616349225127,2022,A
4696,0.39543726235741444,0.2965779467680608,0.30798479087452474,2022,H
4697,0.05016249237854508,0.10763566189746109,0.8422018457239938,2022,A
4698,0.08439246742864952,0.1472985091009251,0.7683090234704253,2022,H
4699,0.3691275167785234,0.29530201342281875,0.33557046979865773,2022,H
4700,0.19024900333311548,0.22508332788706623,0.5846676687798184,2022,H
4701,0.30875311538180034,0.27913435722017416,0.41211252739802534,2022,H
4702,0.6188569606349431,0.2251709598554371,0.15597207950961983,2022,A
4703,0.266799777421361,0.2736407973552421,0.45955942522339704,2022,A
4704,0.22736513312883233,0.25800733435913314,0.5146275325120344,2022,A
4705,0.5074881497563049,0.2472042791338701,0.24530757110982507,2022,A
4706,0.29623955161646914,0.29532804530380313,0.4084324030797277,2022,A
4707,0.4335775363469346,0.27067976139173033,0.295742702261335,2022,A
4708,0.4454564117877606,0.272857916052332,0.2816856721599075,2022,A
4709,0.1469923653288807,0.21831212344972714,0.6346955112213922,2022,H
4710,0.4931248822753815,0.257110566961763,0.2497645507628555,2022,D
4711,0.26752851489546053,0.2697893192466898,0.46268216585784966,2022,A
4712,0.5490900433657094,0.2378484098737603,0.2130615467605303,2022,A
4713,0.0923667335925913,0.17434011422195092,0.7332931521854577,2022,H
4714,0.09858183966909591,0.17549734094937952,0.7259208193815244,2022,H
4715,0.7383075527945131,0.16023369259313305,0.1014587546123538,2022,A
4716,0.26448604147145705,0.26816969107412364,0.46734426745441937,2022,A
4717,0.09985961819205556,0.15964290536839398,0.7404974764395504,2022,H
4718,0.5007736501486754,0.264144342935565,0.2350820069157596,2022,A
4719,0.3764911156215504,0.2935939892461631,0.3299148951322864,2022,A
4720,0.25494861361041093,0.2692314491067925,0.4758199372827966,2022,H
4721,0.04470936453341312,0.11169552045455475,0.843595115012032,2022,D
4722,0.14283542629177615,0.2032309553792079,0.653933618329016,2022,D
4723,0.45285294117647057,0.26967647058823535,0.2774705882352942,2022,A
4724,0.5682001523460447,0.24748924161464322,0.184310606039312,2022,D
4725,0.19390273023959245,0.23593090822255836,0.5701663615378493,2022,A
4726,0.6168122270742358,0.21288209606986902,0.1703056768558952,2022,H
4727,0.21937993523026617,0.2514563748461797,0.529163689923554,2022,D
4728,0.45168718967957694,0.27806176705708063,0.27025104326334237,2022,A
4729,0.304176608736496,0.26479286049788636,0.4310305307656177,2022,A
4730,0.09120905020032996,0.16214942257836434,0.7466415272213056,2022,H
4731,0.25088942548114707,0.27699352755433,0.47211704696452306,2022,A
4732,0.3617563761601042,0.27234499909780574,0.3658986247420901,2022,D
4733,0.24869862318358607,0.2689010323497597,0.4824003444666543,2022,D
4734,0.4376369592228623,0.2754094657178357,0.2869535750593019,2022,A
4735,0.5770360953939808,0.23768732465359999,0.18527657995241936,2022,A
4736,0.4415734842072437,0.2719294337773422,0.2864970820154141,2022,H
4737,0.2392571754729289,0.26496249184605347,0.4957803326810176,2022,H
4738,0.5238757681533052,0.24716190087232862,0.22896233097436616,2022,H
4739,0.45365604724065034,0.25578479259313264,0.29055916016621713,2022,H
4740,0.28944342619050334,0.2834667182750652,0.4270898555344316,2022,A
4741,0.36315086782376504,0.28304405874499333,0.3538050734312416,2022,H
4742,0.3497118412453211,0.294100172301111,0.35618798645356775,2022,H
4743,0.18505072309713427,0.23527231298413165,0.579676963918734,2022,H
4744,0.1758384522291792,0.24474206964214001,0.5794194781286809,2022,H
4745,0.15179668859807677,0.21704865880991972,0.6311546525920034,2022,H
4746,0.43987164239391424,0.2641653389583287,0.29596301864775715,2022,A
4747,0.5344943067649028,0.25452109845947757,0.21098459477561954,2022,D
4748,0.119430859592159,0.17793211244229237,0.7026370279655486,2022,H
4749,0.20251430807611406,0.26194785501149537,0.5355378369123905,2022,H
4750,0.5121868740733033,0.2689696433681034,0.21884348255859323,2022,D
4751,0.38066337663556515,0.28493442097277505,0.33440220239165963,2022,A
4752,0.23658598926485908,0.25268870057607984,0.510725310159061,2022,D
4753,0.3486842105263158,0.3026315789473684,0.3486842105263158,2022,D
4754,0.4624372389845619,0.2635258786542161,0.2740368823612219,2022,D
4755,0.3331388186474745,0.2623354729948778,0.4045257083576477,2022,D
4756,0.0651531938748935,0.13074780505246245,0.8040990010726441,2022,H
4757,0.23526404781565805,0.24867287955644687,0.5160630726278951,2022,H
4758,0.44976473844450604,0.25546637143647943,0.29476889011901475,2022,A
4759,0.17377653938228485,0.23813822063498294,0.5880852399827322,2022,D
4760,0.22809664167846452,0.26381507183141084,0.5080882864901247,2022,H
4761,0.6810249648106579,0.20215688429116369,0.11681815089817851,2022,H
4762,0.2514571364101852,0.2645826462777498,0.483960217312065,2022,A
4763,0.11527858992565365,0.198813800016707,0.6859076100576392,2022,H
4764,0.10461760461760464,0.183982683982684,0.7113997113997114,2022,H
4765,0.15973196903155704,0.24571014623986961,0.5945578847285734,2022,D
4766,0.5112544016701571,0.24965150003633646,0.23909409829350636,2022,H
4767,0.3550376594301487,0.28051080380632737,0.3644515367635238,2022,H
4768,0.5507496720091568,0.23168555913846742,0.21756476885237577,2022,H
4769,0.14699360897352287,0.19903482457284463,0.6539715664536324,2022,D
4770,0.6125964878311401,0.23689076007263302,0.15051275209622691,2022,D
4771,0.451776593991982,0.2643637761546488,0.2838596298533692,2022,H
4772,0.22873236435785954,0.2711378026938672,0.5001298329482733,2022,H
4773,0.4724492067024896,0.27458586372452387,0.25296492957298655,2022,D
4774,0.12854416780610942,0.20479918260634383,0.6666566495875468,2022,D
4775,0.4241571649040849,0.2926555514687759,0.2831872836271391,2022,D
4776,0.37921507509209407,0.30289505997921984,0.31788986492868615,2022,A
4777,0.08119355261588622,0.14649337490180384,0.7723130724823098,2022,H
4778,0.5009742383074548,0.24983650325982157,0.24918925843272363,2022,A
4779,0.15398189826909955,0.21901991466129914,0.6269981870696014,2022,H
4780,0.39755151899370295,0.27409534927770973,0.3283531317285874,2022,A
4781,0.17412167952013713,0.25272779205941165,0.5731505284204513,2022,A
4782,0.7331565263288219,0.1708959162794941,0.095947557391684,2022,D
4783,0.32165009854668136,0.29055401651195684,0.3877958849413618,2022,H
4784,0.35044501509282966,0.2745651827650375,0.3749898021421329,2022,A
4785,0.18683538304257127,0.236995621347104,0.5761689956103246,2022,A
4786,0.20989212761074133,0.2721482671563002,0.5179596052329584,2022,D
4787,0.5232022513044005,0.25948575266848967,0.2173119960271099,2022,A
4788,0.10198796415329867,0.20183332401766246,0.6961787118290388,2022,A
4789,0.21898799843416328,0.25568013646967463,0.525331865096162,2022,H
4790,0.18414322250639387,0.22250639386189255,0.5933503836317134,2022,H
4791,0.3212563043034236,0.2993071158106431,0.3794365798859334,2022,D
4792,0.3224166020784233,0.2993151009949226,0.3782682969266541,2022,A
4793,0.24725486988692327,0.2694177713893926,0.48332735872368415,2022,H
4794,0.5619192573465126,0.23493445722800407,0.20314628542548338,2022,A
4795,0.19346602798209195,0.2663507365847637,0.5401832354331444,2022,H
4796,0.7401495518808775,0.16561005463771789,0.09424039348140459,2022,A
4797,0.5515838887694403,0.2442127141116606,0.20420339711889918,2022,D
4798,0.3311759247295408,0.28940598827716635,0.3794180869932928,2022,H
4799,0.14561469624481818,0.20938060897947713,0.6450046947757047,2022,H
4800,0.10297086818575138,0.19061869051052785,0.7064104413037208,2022,H
4801,0.42347834364588294,0.28609995240361735,0.29042170395049977,2022,H
4802,0.3635502123323249,0.2899614986578059,0.3464882890098692,2022,H
4803,0.17424674912781482,0.2392641928322233,0.586489058039962,2022,H
4804,0.14203870665573826,0.20918990348426808,0.6487713898599936,2022,H
4805,0.2473367499712081,0.28905620177358055,0.4636070482552113,2022,H
4806,0.06961885509264217,0.14117723840634033,0.7892039065010175,2022,H
4807,0.20883031078936137,0.2533441401944621,0.5378255490161765,2022,H
4808,0.3292068151362389,0.31210516240188885,0.3586880224618722,2022,D
4809,0.3376146788990826,0.26146788990825687,0.4009174311926606,2022,H
4810,0.2583019301877112,0.2625479893140845,0.47915008049820423,2022,H
4811,0.34710770265294033,0.299380393538161,0.3535119038088986,2022,H
4812,0.6706224573680993,0.19373537657300646,0.1356421660588942,2022,H
4813,0.48785114668974466,0.2618710514928602,0.25027780181739506,2022,D
4814,0.12738970588235293,0.20735294117647057,0.6652573529411764,2022,H
4815,0.47984852963948366,0.26957782564015936,0.250573644720357,2022,A
4816,0.7062639466400029,0.18760136082625078,0.10613469253374629,2022,A
4817,0.6030277607721318,0.22993144835196397,0.16704079087590412,2022,A
4818,0.10380498494854226,0.18195474548014445,0.7142402695713131,2022,D
4819,0.2854077497711831,0.2845608425018324,0.43003140772698445,2022,D
4820,0.1750962483110107,0.2513849024307686,0.5735188492582207,2022,H
4821,0.12659849544179796,0.21612986383982621,0.6572716407183756,2022,H
4822,0.38888031804426515,0.2890167922625052,0.3221028896932297,2022,A
4823,0.5762644225194885,0.25126934350066465,0.1724662339798469,2022,A
4824,0.1259912286380114,0.22967779000517868,0.64433098135681,2022,D
4825,0.5280700871053824,0.26116509742711846,0.21076481546749914,2022,D
4826,0.28158372684344346,0.2972756992371958,0.4211405739193607,2022,A
4827,0.19240882953716695,0.24938183360791252,0.5582093368549206,2022,H
4828,0.24907223612669369,0.259169759212911,0.4917580046603954,2022,D
4829,0.07492817352674251,0.16211272619698255,0.7629591002762749,2022,H
4830,0.3682396848929041,0.3070624848467986,0.32469783026029714,2022,D
4831,0.3262762262714687,0.29606546457966604,0.3776583091488653,2022,H
4832,0.33787500395156955,0.28729491353965797,0.3748300825087724,2022,H
4833,0.1900527459408498,0.23523685465717925,0.574710399401971,2022,D
4834,0.09158723983660766,0.16435518381637815,0.7440575763470142,2022,H
4835,0.18517323698303115,0.2288212142718885,0.5860055487450804,2022,H
4836,0.1778028318466691,0.25068806578903735,0.5715091023642935,2022,A
4837,0.3240244582055408,0.27800359312707273,0.3979719486673862,2022,H
4838,0.19727038966176566,0.25687347530823496,0.5458561350299994,2022,H
4839,0.4336829514786539,0.28524979844280507,0.28106725007854105,2022,D
4840,0.6133926443720709,0.22448169036460405,0.16212566526332514,2022,A
4841,0.19092666818426746,0.25174404029518294,0.5573292915205496,2022,H
4842,0.3448778709442216,0.28217280349981766,0.3729493255559606,2022,A
4843,0.2936206805512601,0.2783456162451252,0.4280337032036147,2022,D
4844,0.18908758131137,0.22989785065914772,0.5810145680294824,2022,H
4845,0.4465155443777983,0.28152739601532734,0.27195705960687433,2022,A
4846,0.14195224947214552,0.2192626279031996,0.6387851226246548,2022,H
4847,0.17292379483405237,0.23465209323447203,0.5924241119314756,2022,H
4848,0.455545229244114,0.27648698884758366,0.2679677819083024,2022,A
4849,0.3604392449580133,0.29591617024330724,0.34364458479867943,2022,A
4850,0.23304542546385157,0.257477607165707,0.5094769673704415,2022,A
4851,0.4918901706197163,0.27642243017534485,0.23168739920493883,2022,H
4852,0.7679908379370645,0.1550870028144314,0.07692215924850404,2022,A
4853,0.35632849032702024,0.2692482131965406,0.3744232964764392,2022,H
4854,0.2663677860498521,0.2804282556947123,0.4532039582554356,2022,A
4855,0.3973116598937168,0.25949081310131644,0.34319752700496686,2022,D
4856,0.25373425754173584,0.28292492433857264,0.46334081811969147,2022,A
4857,0.45190903400792826,0.2814521176716044,0.26663884832046736,2022,H
4858,0.3586987629980602,0.3004102140108754,0.34089102299106433,2022,A
4859,0.3205879572738444,0.29775971263824563,0.38165233008791005,2022,H
4860,0.3587609910185993,0.2811343438391363,0.3601046651422645,2022,A
4861,0.055644953510552216,0.11351832683189216,0.8308367196575556,2022,H
4862,0.14023197795110337,0.20821400204479046,0.6515540200041061,2022,A
4863,0.6107837720220428,0.22723472087076,0.16198150710719716,2022,D
4864,0.5666468244883007,0.24182654883465357,0.19152662667704562,2022,A
4865,0.5532032872154802,0.22678712959307598,0.22000958319144384,2022,A
4866,0.06528776324244372,0.13384900765024674,0.8008632291073097,2022,D
4867,0.33752239913482107,0.2835987022316248,0.3788788986335541,2022,D
4868,0.059836298422188655,0.1257815383063285,0.8143821632714828,2022,H
4869,0.31470097220858295,0.2935284297358342,0.3917705980555828,2022,H
4870,0.3185011709601873,0.2786885245901639,0.40281030444964866,2022,H
4871,0.2503989220887816,0.2950854989538565,0.4545155789573619,2022,D
4872,0.22785829047285003,0.2523784739620544,0.5197632355650956,2022,H
4873,0.3669269098351172,0.2946705337445095,0.3384025564203731,2022,A
4874,0.3115005786900348,0.3065403783924227,0.38195904291754257,2022,H
4875,0.2171168896743247,0.24853432073830958,0.5343487895873656,2022,H
4876,0.32266475909174824,0.27162174635407055,0.40571349455418126,2022,D
4877,0.19134504471592662,0.2469285667028153,0.5617263885812581,2022,A
4878,0.5097374879948777,0.24826592679543272,0.24199658520968947,2022,A
4879,0.16882384416260537,0.21431980216633642,0.6168563536710581,2022,H
4880,0.6224710236131723,0.21986361843217553,0.1576653579546522,2022,H
4881,0.542275570951859,0.25941290826615954,0.1983115207819815,2022,A
4882,0.3932293577273131,0.26287113228894354,0.34389950998374336,2022,D
4883,0.3041424908919174,0.27931453245176086,0.41654297665632173,2022,A
4884,0.3419518256547506,0.30216497801567577,0.35588319632957366,2022,H
4885,0.1744963533708291,0.2473530782318454,0.5781505683973254,2022,H
4886,0.14365017339379438,0.2199129656760834,0.6364368609301222,2022,H
4887,0.3580976722671287,0.27420050333597284,0.36770182439689847,2022,H
4888,0.76613994556129,0.15371989276911915,0.08014016166959101,2022,A
4889,0.2198826155659786,0.24276380144974788,0.5373535829842735,2022,H
4890,0.09696323921150772,0.17581246670218434,0.727224294086308,2022,H
4891,0.16950878922293414,0.2052899622145556,0.6252012485625102,2022,H
4892,0.25275542195933937,0.27766465194953516,0.46957992609112553,2022,D
4893,0.1672545261022053,0.22789420025774418,0.6048512736400505,2022,H
4894,0.06942377146323518,0.13278138813842066,0.7977948403983443,2022,H
4895,0.08932511907020398,0.14999350980020168,0.7606813711295942,2022,H
4896,0.2746974806585995,0.25168617337829796,0.4736163459631027,2022,H
4897,0.44250467024874435,0.27672482260512254,0.2807705071461331,2022,A
4898,0.0605352736382378,0.1147362974784198,0.8247284288833424,2022,H
4899,0.22793755870644544,0.24480028626381004,0.5272621550297446,2022,H
4900,0.3828160711189572,0.2947448891130621,0.3224390397679807,2022,H
4901,0.1558422619302926,0.1955169721976787,0.6486407658720287,2022,H
4902,0.4624141187666265,0.2571714885119206,0.2804143927214528,2022,H
4903,0.35525304181855044,0.2581060974070433,0.38664086077440624,2022,A
4904,0.3689592133129249,0.27175466136362747,0.35928612532344756,2022,H
4905,0.11271177763250131,0.18012618048062007,0.7071620418868787,2022,A
4906,0.2772104441963131,0.27248526617023955,0.4503042896334475,2022,H
4907,0.11485811644439223,0.1885024381646202,0.6966394453909877,2022,H
4908,0.5626598465473145,0.2290829375228352,0.2082572159298502,2022,D
4909,0.3165500630806285,0.26642963642619566,0.41702030049317584,2022,H
4910,0.14405023112213483,0.21869444179451375,0.6372553270833514,2022,D
4911,0.22971955456334792,0.2595210102904849,0.5107594351461672,2022,H
4912,0.38171988006327373,0.2785223543484933,0.339757765588233,2022,A
4913,0.7069459291409248,0.18453866864331245,0.10851540221576275,2022,A
4914,0.22813839097573205,0.22922735704244196,0.5426342519818259,2022,A
4915,0.26222934467816,0.26959533750619824,0.46817531781564187,2022,H
4916,0.6032964743466083,0.20898505320503424,0.18771847244835757,2022,A
4917,0.27534041471269566,0.24894768065992434,0.4757119046273801,2022,H
4918,0.23272779148523645,0.24772313887474914,0.5195490696400142,2022,A
4919,0.638676962847579,0.20218075763099463,0.15914227952142646,2022,A
4920,0.3240677702347838,0.2830827287050906,0.39284950106012567,2022,D
4921,0.15620807034044187,0.1979921220775971,0.6457998075819611,2022,D
4922,0.3656931401255562,0.28709640553140675,0.3472104543430371,2022,D
4923,0.6048169717769797,0.21610314272480846,0.17907988549821185,2022,H
4924,0.3381878528444693,0.2697903095725541,0.39202183758297654,2022,H
4925,0.07749214757543571,0.1393961496906897,0.7831117027338746,2022,H
4926,0.08401904956089888,0.1504740544398002,0.765506895999301,2022,H
4927,0.1254410048502101,0.17827051895224666,0.6962884761975432,2022,D
4928,0.5305520104632125,0.22755903766313143,0.24188895187365608,2022,D
4929,0.18803652265693574,0.2213211485065543,0.5906423288365098,2022,H
4930,0.4027200604457877,0.2633169625991688,0.3339629769550434,2022,D
4931,0.12163861731669084,0.1796052379516617,0.6987561447316474,2022,H
4932,0.28404915020670646,0.2467127928341755,0.469238056959118,2022,H
4933,0.5132698404320244,0.23935526224635556,0.24737489732162007,2022,H
4934,0.6739637096464036,0.18404393609574865,0.14199235425784762,2022,D
4935,0.20113104848538726,0.2311795424759752,0.5676894090386374,2022,D
4936,0.14612535606474794,0.2085693802399222,0.6453052636953298,2022,H
4937,0.40440262332477894,0.24959224408326205,0.3460051325919589,2022,A
4938,0.26229055867116413,0.24422462733411968,0.4934848139947161,2022,H
4939,0.16612377850162866,0.20846905537459284,0.6254071661237786,2022,H
4940,0.713264800869096,0.17998270676136072,0.10675249236954322,2023,A
4941,0.06123433176249077,0.12559449983222912,0.8131711684052801,2023,H
4942,0.363787897848786,0.279186061139766,0.35702604101144797,2023,D
4944,0.29109425555614493,0.2800615286691773,0.42884421577467774,2023,A
4945,0.39741472849931586,0.2956078690380714,0.30697740246261257,2023,A
4946,0.20800994236837933,0.2471458335871724,0.5448442240444482,2023,H
4947,0.38395731870328825,0.26443341508490925,0.3516092662118024,2023,D
4948,0.4017119323840543,0.2637614061532664,0.33452666146267934,2023,D
4949,0.09744264884968568,0.16987789224237237,0.7326794589079418,2023,H
4950,0.22631837176645742,0.2804236384861353,0.49325798974740725,2023,H
4951,0.19888985026488945,0.23602898692368945,0.5650811628114213,2023,H
4952,0.40543164194104675,0.25623279770674157,0.3383355603522116,2023,H
4953,0.5079847604571863,0.2519924402267932,0.24002279931602052,2023,A
4954,0.08108466523674439,0.13971147858576072,0.7792038561774949,2023,H
4955,0.364904749127985,0.2822645559431178,0.3528306949288972,2023,A
4956,0.19157275845173935,0.2449779519843214,0.5634492895639392,2023,H
4957,0.46974697469746973,0.2684268426842684,0.2618261826182618,2023,H
4958,0.5986492612192302,0.23592089112087894,0.1654298476598909,2023,A
4960,0.49352032301112997,0.2442549822009399,0.2622246947879301,2023,A
4961,0.07188726701949756,0.14787288362254117,0.7802398493579612,2023,D
4962,0.26916848942676197,0.2817980959687801,0.449033414604458,2023,D
4963,0.10373520027243671,0.16536716727367717,0.7308976324538861,2023,H
4964,0.16744588257626358,0.20545287091263176,0.6271012465111048,2023,A
4965,0.2962608601719109,0.28999552476042034,0.4137436150676687,2023,A
4966,0.4441862543569577,0.27026543927071234,0.28554830637233,2023,A
4967,0.8143921480106242,0.12796041739714203,0.05764743459223374,2023,A
4968,0.317038022392196,0.2463141558585523,0.4366478217492517,2023,A
4970,0.2055345275166442,0.23641533091200206,0.5580501415713537,2023,D
4971,0.38394221693921965,0.2971688985597675,0.318888884501013,2023,D
4972,0.5096737183698926,0.24014701517177894,0.25017926645832844,2023,A
4973,0.3760932944606414,0.24781341107871713,0.3760932944606414,2023,H
4974,0.11578243297565888,0.19036197230789242,0.6938555947164486,2023,A
4975,0.05350187330795995,0.11326460413068117,0.833233522561359,2023,H
4976,0.23088803088803087,0.27773487773487776,0.49137709137709146,2023,H
4977,0.20960715882662287,0.2133418075362286,0.5770510336371486,2023,H
4978,0.21935911358156487,0.23782002908100347,0.5428208573374317,2023,H
4979,0.648431539549127,0.20549864636674692,0.14606981408412603,2023,A
4980,0.6616807754637785,0.19382568170151085,0.14449354283471066,2023,A
4981,0.2357320099255583,0.2593052109181141,0.5049627791563275,2023,H
4983,0.3243504362383934,0.2412254500667448,0.4344241136948617,2023,A
4984,0.09137977847893865,0.15759266714728437,0.751027554373777,2023,H
4985,0.15623882731498032,0.21880586342509828,0.6249553092599213,2023,H
4986,0.5363475785965284,0.24243994083024897,0.22121248057322257,2023,D
4987,0.631122760272298,0.21083661442063578,0.15804062530706633,2023,A
4988,0.2980733506714081,0.2734462077384428,0.4284804415901492,2023,D
4990,0.5474335996775779,0.2302905767874426,0.22227582353497943,2023,A
4991,0.2345943055741211,0.273359176580671,0.49204651784520786,2023,D
4992,0.053005533707638025,0.11227253981816662,0.8347219264741954,2023,H
4993,0.21357138821402336,0.25368664896321824,0.5327419628227583,2023,A
4994,0.24805445830114659,0.24934305288972397,0.5026024888091295,2023,A
4995,0.13317187402612432,0.17797505097543384,0.6888530749984418,2023,H
4996,0.6621663014072205,0.2008663466611861,0.1369673519315934,2023,A
4997,0.2137131653307191,0.2205755146762009,0.56571131999308,2023,D
4998,0.12625865812054168,0.18023364002894654,0.6935077018505117,2023,H
4999,0.3778427061056056,0.24579053585951383,0.3763667580348805,2023,H
5000,0.16336239543330602,0.2237684904888773,0.6128691140778167,2023,A
5001,0.6281060939102766,0.20534237685528275,0.16655152923444078,2023,A
5002,0.15867862038602776,0.2440589948069361,0.5972623848070362,2023,A
5003,0.13552327339778925,0.2008800085854496,0.6635967180167612,2023,H
5004,0.1044615505020013,0.17137642270968897,0.7241620267883098,2023,H
5005,0.43572819222185294,0.23894771831520964,0.32532408946293745,2023,H
5006,0.7246568753877359,0.17058294588773254,0.10476017872453142,2023,H
5007,0.3631796748706557,0.2943199200022133,0.3425004051271308,2023,D
5008,0.4667364624303984,0.27549487467238415,0.2577686628972174,2023,A
5009,0.36660533941868084,0.3031987555569593,0.33019590502435975,2023,A
5010,0.25228698899683993,0.25978741299404323,0.48792559800911683,2023,H
5011,0.6501615770253859,0.20088499665920068,0.1489534263154135,2023,A
5012,0.5467142203050823,0.2454635274839145,0.2078222522110032,2023,A
5013,0.2013491356567817,0.22915449248557537,0.569496371857643,2023,H
5014,0.1693084174522399,0.24327396346041547,0.5874176190873446,2023,H
5015,0.2753393519691681,0.2956721041145836,0.42898854391624847,2023,D
5016,0.4439270145586137,0.24022983082099544,0.31584315462039075,2023,D
5017,0.45164121467439,0.25860101807969105,0.2897577672459189,2023,D
5018,0.44933479602129234,0.26784859707118824,0.2828166069075193,2023,D
5019,0.39451515996159686,0.2758214871937812,0.329663352844622,2023,H
5020,0.32554546760188335,0.27596526707630914,0.3984892653218074,2023,A
5021,0.14048445350737127,0.17901283907748985,0.6805027074151389,2023,H
5022,0.21830047014244616,0.25682408252052485,0.524875447337029,2023,H
5023,0.12041083847715704,0.17040473784488125,0.7091844236779616,2023,H
5024,0.1292277752376933,0.21224164409899296,0.6585305806633137,2023,H
5025,0.6777813124635678,0.18983224136060473,0.13238644617582754,2023,A
5026,0.18020829553289544,0.2514424647095112,0.5683492397575933,2023,D
5027,0.42574429894650745,0.2772859122821633,0.29696978877132924,2023,D
5028,0.2470791165253952,0.24835931920169257,0.5045615642729122,2023,H
5029,0.16022160564760274,0.2041973229423703,0.6355810714100268,2023,H
5030,0.5396249905108935,0.2522007135808092,0.20817429590829728,2023,A
5031,0.18137944902473357,0.23490850593203297,0.5837120450432334,2023,A
5032,0.04471731359275713,0.10050925843949575,0.854773427967747,2023,H
5033,0.284871738653804,0.26307827230870423,0.45204998903749183,2023,H
5034,0.5293360749832852,0.24451564885014695,0.22614827616656785,2023,D
5035,0.5691538468053631,0.23808663393590684,0.19275951925873017,2023,A
5036,0.08950290597518201,0.15601556631215086,0.7544815277126671,2023,H
5037,0.2893289166247671,0.26389340747094137,0.44677767590429146,2023,A
5038,0.09251011290604332,0.15065518387050003,0.7568347032234567,2023,H
5039,0.1769091195960871,0.20844509308930265,0.6146457873146103,2023,D
5040,0.4367952984651002,0.2522177576438899,0.3109869438910099,2023,D
5041,0.036888830919370716,0.08482164019124837,0.8782895288893809,2023,H
5042,0.4852184687349905,0.26393751870749477,0.25084401255751465,2023,H
5043,0.43698069221113034,0.26630402295415145,0.2967152848347181,2023,A
5044,0.27729706559723344,0.2614299310535225,0.461273003349244,2023,H
5045,0.3653570620616847,0.29748887715858535,0.33715406077973004,2023,A
5046,0.3755214593791982,0.2835796271418134,0.34089891347898843,2023,H
5047,0.7748601974338374,0.14129803600264093,0.08384176656352166,2023,D
5048,0.5093130567767806,0.2553320098960518,0.23535493332716756,2023,H
5049,0.29183119492512205,0.25740606737363314,0.45076273770124486,2023,A
5050,0.5556388779815242,0.23852487814095202,0.20583624387752394,2023,H
5051,0.10490717095727795,0.17178549244254263,0.7233073366001794,2023,H
5052,0.06362537759949068,0.13063139515317776,0.8057432272473316,2023,H
5053,0.43505431238471426,0.2577667641743213,0.30717892344096437,2023,H
5054,0.3083148650404071,0.29871004058431966,0.39297509437527306,2023,A
5055,0.1364057770281591,0.1863683581489383,0.6772258648229026,2023,H
5056,0.17000504629097615,0.2248197574782535,0.6051751962307704,2023,H
5057,0.553327101215263,0.25138098070876175,0.1952919180759752,2023,D
5058,0.08207809477161788,0.14281344573189383,0.7751084594964883,2023,D
5059,0.23535493332716756,0.2553320098960518,0.5093130567767806,2023,H
5060,0.43519986209946077,0.2724622366118437,0.2923379012886955,2023,A
5061,0.5427694107325632,0.25018277525954086,0.20704781400789588,2023,A
5062,0.43713450292397665,0.26420217209690894,0.29866332497911446,2023,A
5063,0.45106927395250856,0.2842537140588294,0.26467701198866206,2023,H
5064,0.45760353218896627,0.26546061259580916,0.27693585521522457,2023,A
5065,0.35860094792660613,0.274585868698087,0.366813183375307,2023,H
5066,0.22488140990283212,0.22383787667822502,0.5512807134189427,2023,D
5067,0.34349108535141937,0.24724294061284682,0.4092659740357337,2023,A
5068,0.3757167788581401,0.27324856644228374,0.3510346546995761,2023,A
5069,0.31776396153725683,0.28731951013248974,0.39491652833025326,2023,H
5070,0.36794414152904714,0.28776526889734433,0.3442905895736085,2023,A
5071,0.21174095815424668,0.2617992825004952,0.5264597593452581,2023,H
5072,0.25129533678756477,0.25129533678756477,0.49740932642487046,2023,H
5073,0.08288898809948216,0.16132008104067283,0.7557909308598452,2023,H
5074,0.14016183533377516,0.2082750382497566,0.6515631264164683,2023,H
5075,0.25070141266972784,0.2727176840373243,0.4765809032929479,2023,D
5076,0.22085765396784765,0.22762923298101279,0.5515131130511396,2023,H
5077,0.09110688773838391,0.14533062454944623,0.7635624877121698,2023,H
5078,0.4795913048011261,0.24099463066256582,0.27941406453630824,2023,D
5079,0.10383386581469649,0.15575079872204475,0.7404153354632588,2023,D
5080,0.2236620583918221,0.2662937767040755,0.5100441649041023,2023,H
5081,0.7932942254956349,0.14262793653041875,0.06407783797394646,2023,A
5082,0.8031612373340923,0.1256575599479675,0.07118120271794023,2023,A
5083,0.5571442426664864,0.22625810793732898,0.2165976493961846,2023,H
5084,0.39565483123263023,0.26340855887542236,0.3409366098919474,2023,H
5085,0.25464750833757477,0.27580732994728724,0.4695451617151379,2023,H
5086,0.2552607811765343,0.2461210089604947,0.4986182098629712,2023,H
5087,0.2964063357492951,0.27922335976382867,0.4243703044868762,2023,A
5088,0.4129271762932737,0.27968613975678136,0.30738668394994495,2023,H
5089,0.23550722378455227,0.22769418792440127,0.5367985882910465,2023,A
5090,0.17344274524431183,0.20663931368892202,0.6199179410667661,2023,A
5091,0.15533504676611645,0.2046845605574839,0.6399803926763996,2023,D
5092,0.6316449940892971,0.21147585705192323,0.15687914885877965,2023,A
5093,0.5339057079392018,0.25157860583522595,0.21451568622557213,2023,H
5094,0.45552461284094264,0.26261118390557076,0.2818642032534865,2023,H
5095,0.22157407829376113,0.2641844779656382,0.5142414437406005,2023,D
5096,0.415221229448238,0.2671757771658579,0.317602993385904,2023,H
5097,0.3247194116891358,0.2744762935481234,0.4008042947627409,2023,H
5098,0.8386072457038628,0.10787453384333806,0.053518220452799234,2023,A
5099,0.3144026795682918,0.2497208783029401,0.43587644212876814,2023,H
5100,0.5536291542353479,0.23324811824927488,0.21312272751537728,2023,A
5101,0.23890462700661005,0.24623673832139095,0.5148586346719991,2023,H
5102,0.05996248665843501,0.12393790678693258,0.8160996065546324,2023,D
5103,0.07815328438798898,0.1478770928019267,0.7739696228100843,2023,H
5104,0.44982095308052517,0.2790193737948765,0.27115967312459827,2023,A
5105,0.28314009305073484,0.27117642714718265,0.4456834798020825,2023,H
5106,0.11318459445988527,0.1579752139423686,0.728840191597746,2023,D
5107,0.14779564830023606,0.20310184227305164,0.6491025094267124,2023,H
5108,0.44547657809633945,0.25936102660056426,0.2951623953030961,2023,A
5109,0.4398304448945907,0.2739515342486308,0.28621802085677844,2023,D
5110,0.08203710059136382,0.1439031599578646,0.7740597394507717,2023,D
5111,0.23543616057953515,0.23090854210685177,0.533655297313613,2023,H
5112,0.3776315892642919,0.2748378901808887,0.3475305205548195,2023,A
5113,0.339648141944576,0.2647945569430165,0.3955573011124074,2023,D
5114,0.19162108346874787,0.2436603117204129,0.5647186048108394,2023,A
5115,0.36920841003778704,0.26299777153376613,0.36779381842844694,2023,H
5116,0.5813713767368985,0.22677606893992494,0.19185255432317652,2023,H
5117,0.48504551365409626,0.2574772431729519,0.2574772431729519,2023,H
5118,0.3688126557339051,0.2651793475111549,0.36600799675494006,2023,H
5119,0.6927655919549143,0.18168757977685487,0.12554682826823085,2023,A
5120,0.14618196186901117,0.21778129013138395,0.6360367479996049,2023,A
5121,0.30071395428896436,0.26582448997919506,0.43346155573184053,2023,H
5122,0.31264091152416934,0.28909867421060237,0.3982604142652281,2023,A
5123,0.2420510562471835,0.26767205941540906,0.4902768843374074,2023,A
5124,0.19095526470013674,0.24516507130298884,0.5638796639968743,2023,H
5125,0.6047575412168756,0.23059100492442022,0.16465145385870417,2023,A
5126,0.11107447553888636,0.17804888101224087,0.7108766434488727,2023,A
5127,0.37329930034868614,0.24599466715285218,0.38070603249846163,2023,H
5128,0.3510583051380911,0.2845857266504052,0.3643559682115036,2023,H
5129,0.44493743899192467,0.2611589315822167,0.2939036294258585,2023,H
5130,0.03277596712484059,0.07498937225449909,0.8922346606206604,2023,H
5131,0.11771083492701666,0.18203857773343182,0.7002505873395516,2023,H
5132,0.2802575415051686,0.2886736838927112,0.4310687746021203,2023,H
5133,0.6285119667013529,0.21227887617065558,0.15920915712799172,2023,A
5134,0.6099470668810083,0.22322072144596342,0.1668322116730284,2023,H
5135,0.23794293617520482,0.22200680419118415,0.540050259633611,2023,H
5136,0.1462541465497422,0.19660393470621082,0.657141918744047,2023,H
5137,0.35172862360534346,0.2595186871466453,0.3887526892480112,2023,D
5138,0.25726402537452914,0.26876185891082094,0.47397411571464987,2023,D
5139,0.18557383349167886,0.22715287637306916,0.587273290135252,2023,H
5140,0.6109911302528214,0.21459867438410057,0.1744101953630781,2023,A
5141,0.3197958277851753,0.2441189525077674,0.4360852197070572,2023,D
5142,0.3913998829652422,0.2648977108466419,0.3437024061881159,2023,D
5143,0.08602967574180641,0.16771290445136128,0.7462574198068324,2023,H
5144,0.2365050258991073,0.25812107665332673,0.505373897447566,2023,H
5145,0.44030808729139925,0.2798459563543004,0.2798459563543004,2023,D
5146,0.5612568945345144,0.21962226307872304,0.21912084238676252,2023,A
5147,0.19402985074626866,0.22388059701492538,0.582089552238806,2023,D
5148,0.6923928721602474,0.1890817470142915,0.11852538082546106,2023,A
5149,0.3192363526801611,0.2885589854556411,0.3922046618641979,2023,D
5150,0.5419037733544999,0.2358407619978019,0.2222554646476981,2023,H
5151,0.1628804598881076,0.24916080685726016,0.5879587332546323,2023,H
5152,0.24565969405305071,0.23660589697492843,0.5177344089720208,2023,A
5153,0.18599009761939417,0.20777635634270714,0.6062335460378987,2023,H
5154,0.20247909641768608,0.22160730598709882,0.575913597595215,2023,H
5155,0.0398521433356202,0.0859367487657297,0.8742111078986502,2023,H
5156,0.34855925457335246,0.2569806836666808,0.39446006175996673,2023,D
5157,0.3773246100276377,0.2677107568352513,0.354964633137111,2023,A
5158,0.4115116755428103,0.2609586235149529,0.32752970094223677,2023,D
5159,0.19922027963973926,0.23593163338170595,0.5648480869785549,2023,H
5160,0.3951197279388563,0.2783017214178032,0.32657855064334046,2023,D
5161,0.13658280660554123,0.19291977914907435,0.6704974142453843,2023,D
5162,0.5883871592348465,0.2235596898724475,0.18805315089270588,2023,A
5163,0.19472815762836423,0.2269526754392046,0.5783191669324311,2023,H
5164,0.31240659960123945,0.2613319511650695,0.42626144923369114,2023,H
5165,0.20594030504269134,0.23075238998759393,0.5633073049697147,2023,D
5166,0.1832700106041148,0.22756750131885348,0.5891624880770318,2023,A
5167,0.6744832266639017,0.19193711059373553,0.1335796627423627,2023,A
5168,0.4505359843675826,0.25866351663152315,0.2908004990008942,2023,A
5169,0.2842655959202216,0.26251850115036857,0.45321590292940983,2023,A
5170,0.20937102719116127,0.24768376670294592,0.5429452061058927,2023,A
5171,0.07114823192776908,0.13021286468302304,0.798638903389208,2023,H
5172,0.33283748605429525,0.26775753068055036,0.39940498326515433,2023,H
5173,0.06060002985223144,0.1139857704363401,0.8254141997114284,2023,H
5174,0.2499474244345737,0.2226909767584137,0.5273615988070126,2023,H
5175,0.30814835138351787,0.250219679582961,0.44163196903352103,2023,A
5176,0.617031542857697,0.2183559112852581,0.16461254585704485,2023,A
5177,0.5202086049543677,0.25189048239895695,0.22790091264667536,2023,A
5178,0.7350714148358561,0.1680529761666617,0.09687560899748206,2023,A
5179,0.6041547628764998,0.21252346747204312,0.18332176965145702,2023,A
5180,0.17872965395025917,0.20205857720271403,0.6192117688470269,2023,A
5181,0.2505673253175231,0.2306905903764696,0.5187420843060073,2023,D
5182,0.11700921136344776,0.17053470166800366,0.7124560869685486,2023,D
5183,0.33116678897159035,0.273613586329804,0.3952196246986057,2023,H
5184,0.4190520119320824,0.2545435297942888,0.3264044582736288,2023,A
5185,0.581704198630702,0.22321207621875774,0.1950837251505403,2023,A
5186,0.5298686333990114,0.23448954191985588,0.2356418246811328,2023,A
5187,0.1868864778544925,0.2600159691888591,0.5530975529566484,2023,D
5188,0.06363568741631777,0.11880751492997259,0.8175567976537097,2023,H
5189,0.07324895155321934,0.12467502893902879,0.8020760195077519,2023,H
5190,0.17028968848384826,0.21117421721675453,0.6185360942993972,2023,H
5191,0.23410881825422009,0.24423566280974612,0.5216555189360338,2023,D
5192,0.17966832107578143,0.21423538061161412,0.6060962983126044,2023,A
5193,0.6760334312175289,0.1860402078156765,0.13792636096679467,2023,A
5194,0.244906152058316,0.27746592949959503,0.47762791844208896,2023,H
5195,0.12711917034093026,0.17925231323355897,0.6936285164255108,2023,H
5196,0.1396391252212642,0.20424827271169987,0.6561126020670359,2023,H
5197,0.35083615951350716,0.26605075429774294,0.38311308618874984,2023,H
5198,0.25239616613418536,0.2428115015974441,0.5047923322683707,2023,H
5199,0.2724643502711388,0.26864832295641694,0.4588873267724443,2023,A
5200,0.6237139447882887,0.20567868843125578,0.17060736678045552,2023,A
5201,0.36611754471809926,0.2635241668025879,0.3703582884793128,2023,H
5202,0.15279562699153212,0.20525764484270195,0.6419467281657658,2023,H
5203,0.5524112404772171,0.22353385079775764,0.22405490872502515,2023,A
5204,0.4384594607594655,0.2487632691873652,0.31277727005316924,2023,D
5205,0.4889018691588784,0.25350467289719625,0.2575934579439252,2023,A
5206,0.09514279526268388,0.15120640131794627,0.75365080341937,2023,H
5207,0.8186765063347793,0.12248740567924447,0.05883608798597614,2023,A
5208,0.2138253686404694,0.24680614529452635,0.5393684860650043,2023,D
5209,0.3439829480551598,0.27817751451417266,0.37783953743066756,2023,H
5210,0.23461925922062005,0.24668194607000923,0.5186987947093707,2023,H
5211,0.07981057652355558,0.14025191956332425,0.7799375039131203,2023,H
5212,0.1116052264028877,0.17378817468907015,0.714606598908042,2023,D
5213,0.4254994633475813,0.24996704765850075,0.32453348899391793,2023,D
5214,0.1925229789410332,0.23451941307277815,0.5729576079861887,2023,D
5215,0.22524447005907372,0.23695272221560973,0.5378028077253165,2023,H
5216,0.3669992120013678,0.2356710626087215,0.3973297253899107,2023,A
5217,0.2708273455142681,0.2349825497844385,0.49419010470129343,2023,H
5218,0.15979899497487435,0.20100502512562815,0.6391959798994974,2023,H
5219,0.3955889253871422,0.2637259502580948,0.340685124354763,2023,D
5220,0.44430337454059476,0.26221182759772804,0.2934847978616773,2023,H
5221,0.4755955622470663,0.24324353183628578,0.281160905916648,2023,H
5222,0.381665978075781,0.2568315294826301,0.3615024924415888,2023,D
5223,0.10156995584826907,0.16087590322276174,0.7375541409289692,2023,D
5224,0.2898785301460539,0.28556486154269006,0.424556608311256,2023,D
5225,0.2479206073640297,0.23063768040836416,0.5214417122276059,2023,H
5226,0.29736074553603187,0.2660596144269759,0.4365796400369922,2023,H
5227,0.08485688187691869,0.12847809023131868,0.7866650278917627,2023,H
5228,0.19712187572035433,0.21872427305957126,0.5841538512200745,2023,H
5229,0.554900395568916,0.23820786211767359,0.20689174231341048,2023,D
5230,0.4360401520957817,0.2504669280967936,0.3134929198074247,2023,D
5231,0.13006234075453052,0.17025922759518472,0.6996784316502846,2023,H
5232,0.24837277703641167,0.25229445246330234,0.49933277050028596,2023,D
5233,0.27060021779965954,0.2514740243949715,0.47792575780536883,2023,D
5234,0.2607117097968983,0.25585803434855175,0.48343025585455,2023,H
5235,0.34375936805304114,0.2757954815325258,0.38044515041443294,2023,D
5236,0.47795116041026925,0.23093313279438485,0.29111570679534576,2023,D
5237,0.3679844680743447,0.27625195024492355,0.3557635816807318,2023,H
5238,0.04222245347426819,0.08530812155289919,0.8724694249728325,2023,H
5239,0.34522171618042197,0.25322331688168154,0.4015549669378966,2023,D
5240,0.1057153709935426,0.15752981269761449,0.736754816308843,2023,H
5241,0.03764188167329365,0.0760312192972087,0.8863268990294977,2023,H
5242,0.2893604077431586,0.23648961719255682,0.4741499750642847,2023,H
5243,0.5020599478596804,0.23736002485445287,0.2605800272858667,2023,H
5244,0.5867411905049124,0.22641307115954265,0.1868457383355449,2023,A
5245,0.34231849754039173,0.25181020368808915,0.40587129877151923,2023,A
5246,0.34918957148908225,0.2682322127360268,0.38257821577489093,2023,A
5247,0.2054558011049724,0.2289364640883978,0.56560773480663,2023,D
5248,0.19024813513778285,0.23558982827872865,0.5741620365834885,2023,H
5249,0.734467024437162,0.17212017925092707,0.0934127963119109,2023,A
5250,0.5888984600096672,0.20643107307865752,0.20467046691167537,2023,D
5251,0.6793536804308797,0.18141831238779174,0.13922800718132855,2023,D
5252,0.13282970229677232,0.1811997636991819,0.6859705340040457,2023,H
5253,0.2849424206728179,0.27049463596264683,0.4445629433645353,2023,D
5254,0.04042491228556768,0.08272199032020967,0.8768530973942226,2023,H
5255,0.3580558982237594,0.24541938804083768,0.39652471373540304,2023,D
5256,0.13995912002292044,0.18862859790908337,0.6714122820679961,2023,H
5257,0.41101543678058355,0.23924779155884715,0.34973677166056927,2023,H
5258,0.47422092276973543,0.25208585894601726,0.2736932182842473,2023,D
5259,0.33343056952259587,0.26309042197947285,0.4034790084979311,2023,A
5260,0.07223108244161908,0.13083920632233578,0.7969297112360453,2023,A
5261,0.09663820823256539,0.15668063597050358,0.746681155796931,2023,A
5262,0.21151960134651573,0.22813899859517056,0.5603414000583137,2023,H
5263,0.44227110384191726,0.25592754542318946,0.3018013507348932,2023,A
5264,0.38829397607171506,0.2642110525887428,0.34749497133954216,2023,A
5265,0.690646687563178,0.19009879123026088,0.11925452120656116,2023,A
5266,0.2870387242888647,0.2670499551879688,0.44591132052316645,2023,H
5267,0.2642096446093095,0.2724661960033505,0.46332415938733995,2023,H
5268,0.2547422150776421,0.23304883909779422,0.5122089458245638,2023,H
5269,0.6102423365015421,0.20515641719644995,0.18460124630200792,2023,A
5270,0.1418215292560842,0.19504056153270813,0.6631379092112075,2023,H
5271,0.11332613137115262,0.15654215200859706,0.7301317166202503,2023,H
5272,0.6734644968388378,0.19203204528336335,0.1345034578777988,2023,H
5273,0.3935828877005347,0.25989304812834224,0.346524064171123,2023,H
5274,0.3807390817469205,0.2665173572228444,0.3527435610302352,2023,A
5275,0.6633717239503039,0.1929808651491793,0.14364741090051691,2023,A
5276,0.3130131818383561,0.2455949580577871,0.44139186010385695,2023,D
5277,0.3218491127718767,0.27311196140927824,0.40503892581884493,2023,H
5278,0.08619876125117217,0.13590997867727428,0.7778912600715535,2023,H
5279,0.26717917641421685,0.24973928239240112,0.48308154119338204,2023,H
5280,0.28004512575486096,0.2660428694671179,0.4539120047780211,2023,D
5281,0.6341156120223236,0.1958107513606766,0.17007363661699976,2023,D
5282,0.17577313748442394,0.19514405467658494,0.6290828078389911,2023,D
5283,0.5321544632883112,0.23535086828475676,0.2324946684269321,2023,A
5284,0.32524882216600265,0.25163987820211786,0.4231112996318796,2023,H
5285,0.7315740015240002,0.16754579405532177,0.10088020442067794,2023,A
5286,0.3288126210905065,0.23625795737614175,0.4349294215333518,2023,H
5287,0.36807928384792593,0.26937645912892905,0.3625442570231451,2023,D
5288,0.5685830019696012,0.22609535843026493,0.20532163960013378,2023,A
5289,0.4750208336275936,0.24109097586124098,0.28388819051116543,2023,A
5290,0.037822588157691246,0.08323598245302512,0.8789414293892835,2023,H
5291,0.07521516591434985,0.12625048929496932,0.7985343447906809,2023,H
5292,0.29513481828839394,0.25241793669402113,0.45244724501758504,2023,D
5293,0.3940196195211546,0.2539702056860493,0.3520101747927962,2023,H
5294,0.20910217666801287,0.2104808723383514,0.5804169509936357,2023,H
5295,0.17073352603945066,0.18209412187857762,0.6471723520819717,2023,H
5296,0.3431367286057194,0.2546147534069035,0.402248517987377,2023,H
5297,0.1284890814694485,0.1868476701290616,0.68466324840149,2023,H
5298,0.7860172948278675,0.1360200141404253,0.07796269103170718,2023,A
5299,0.27435822637106183,0.2406651108518086,0.48497666277712953,2023,A
5300,0.1980095226012909,0.1992445092287418,0.6027459681699673,2023,D
5301,0.25069428759571305,0.22174575554078085,0.5275599568635061,2023,H
5302,0.13073153911472823,0.15944462258085826,0.7098238383044133,2023,H
5303,0.38950819672131143,0.27409836065573767,0.3363934426229508,2023,A
5304,0.47302604784587327,0.24371646627591942,0.28325748587820726,2023,A
5305,0.6901049512460523,0.1744083422240023,0.1354867065299453,2023,A
5306,0.5593240421214769,0.21020749714895068,0.2304684607295724,2023,D
5307,0.6981534816267337,0.16302060992299364,0.13882590845027268,2023,A
5308,0.4104499274310595,0.23773584905660375,0.35181422351233665,2023,H
5309,0.4749077295283169,0.24042947710456142,0.2846627933671217,2023,A
5310,0.2617771250829951,0.22446776847069905,0.5137551064463057,2023,H
5311,0.41316836058329653,0.2562969509500662,0.3305346884666372,2023,A
5312,0.06231133809604245,0.11912005802688712,0.8185686038770704,2023,H
5313,0.431833355588196,0.24208839631459478,0.32607824809720926,2023,A
5314,0.04407578628371925,0.08202157839999288,0.8739026353162879,2023,H
5315,0.324969848458901,0.23325086446563453,0.44177928707546454,2023,A
5316,0.1598216561037411,0.1799495714401145,0.6602287724561443,2023,H
5317,0.06573067442315861,0.10980267656222246,0.8244666490146189,2023,H
5318,0.4295061089368104,0.24248066403268026,0.3280132270305093,2023,A
5319,0.7102594748814436,0.15875004819370014,0.13099047692485638,2023,A
5320,0.18656002873730199,0.22036333669658376,0.5930766345661143,2024,H
5322,0.06072295593284257,0.12260474690257142,0.816672297164586,2024,H
5323,0.3584654574374682,0.28172651786874336,0.3598080246937884,2024,A
5324,0.11846543001686342,0.17074198988195619,0.7107925801011804,2024,H
5325,0.3324830560210911,0.2753226452438261,0.3921942987350829,2024,D
5326,0.3448822697969456,0.26076464301720276,0.3943530871858517,2024,A
5327,0.523737937054459,0.23961010620241502,0.23665195674312597,2024,A
5328,0.33091927234049207,0.278972642380066,0.39010808527944185,2024,H
5329,0.5888078186057644,0.2196239689536375,0.191568212440598,2024,D
5331,0.35725535690962595,0.25833787905561656,0.38440676403475754,2024,H
5332,0.33778305621536026,0.2889469517022961,0.37326999208234357,2024,A
5333,0.29472333324603117,0.26387075290622625,0.44140591384774247,2024,A
5334,0.2189283068248516,0.2570793522500938,0.5239923409250545,2024,H
5335,0.5382972230698809,0.2444308819041806,0.2172718950259383,2024,A
5336,0.14182111200644643,0.19339242546333602,0.6647864625302176,2024,H
5337,0.4265095065598078,0.2525385236209388,0.3209519698192534,2024,D
5338,0.5412619329987087,0.23950840535192863,0.21922966164936256,2024,A
5339,0.09237449875253553,0.14128665959642972,0.7663388416510348,2024,H
5340,0.1184796277373508,0.16976497896641604,0.7117553932962332,2024,D
5341,0.3712752669081082,0.2828243944976471,0.34590033859424474,2024,A
5342,0.5526513122656669,0.23920728441349765,0.20814140332083558,2024,A
5343,0.21536872496345086,0.24195075902694982,0.5426805160095993,2024,H
5344,0.6975131792937812,0.17533118168040396,0.12715563902581475,2024,A
5345,0.2634839688917417,0.26276406733739266,0.4737519637708657,2024,D
5347,0.1918555038079519,0.21845365319950885,0.5896908429925393,2024,D
5348,0.37526879695708665,0.24198693204285687,0.38274427100005654,2024,H
5349,0.5195427609209545,0.2288462161199443,0.25161102295910104,2024,A
5351,0.5517935446768744,0.23765365538063404,0.21055279994249157,2024,A
5352,0.17856727034092956,0.23205118706140124,0.5893815425976693,2024,D
5353,0.46875899798445153,0.24266564289599132,0.28857535911955723,2024,A
5354,0.15119777208580865,0.21397184710357742,0.6348303808106139,2024,H
5355,0.06474719641400142,0.11678183353208306,0.8184709700539154,2024,H
5356,0.07735266052530472,0.13643997020110646,0.7862073692735889,2024,A
5357,0.32833260557669514,0.27549747364481314,0.39616992077849167,2024,D
5358,0.4545884526965341,0.25994082254463063,0.2854707247588354,2024,A
5359,0.4118125491550133,0.26727666839308667,0.3209107824519,2024,A
5361,0.4060948703805847,0.2576300790586505,0.33627505056076484,2024,D
5362,0.10277664492000621,0.1522918589543674,0.7449314961256264,2024,H
5363,0.17741477858315532,0.20335041358789627,0.6192348078289486,2024,H
5364,0.39144319967557145,0.2732295838191311,0.3353272165052973,2024,H
5365,0.47786511040165575,0.24691744779108687,0.27521744180725727,2024,A
5366,0.3402731983042864,0.2789448893075836,0.38078191238813,2024,D
5367,0.17910045646869252,0.21826593214293963,0.6026336113883678,2024,H
5368,0.21192887717300204,0.26461837702264346,0.5234527458043546,2024,D
5369,0.22921808183739995,0.2519603458317111,0.5188215723308891,2024,D
5370,0.7087447947650208,0.1723973825104105,0.1188578227245687,2024,A
5371,0.3650726026910925,0.28322741742701274,0.3516999798818949,2024,H
5372,0.22083007047768208,0.22709475332811274,0.5520751761942051,2024,H
5373,0.31266333304729743,0.28738815342970153,0.39994851352300126,2024,A
5374,0.06350390481984425,0.12278504359028708,0.8137110515898687,2024,H
5375,0.5964859387739586,0.21484169159419989,0.18867236963184156,2024,D
5376,0.30395427469821445,0.26533025084153533,0.43071547446025016,2024,D
5377,0.346523030698791,0.24675290360813648,0.40672406569307246,2024,A
5378,0.5137099872274337,0.2548110546724937,0.23147895810007255,2024,D
5379,0.19530183010106528,0.22352726941637077,0.581170900482564,2024,H
5380,0.22551252847380407,0.2420273348519362,0.5324601366742596,2024,H
5381,0.43030026301787544,0.265074471417089,0.3046252655650356,2024,D
5382,0.4419597933764172,0.26203627093629106,0.2960039356872918,2024,H
5383,0.6432080802281047,0.20610323430965072,0.15068868546224465,2024,A
5384,0.05163394252326924,0.10455873360962022,0.8438073238671105,2024,H
5385,0.2767335862673559,0.2638092154801442,0.45945719825250003,2024,H
5386,0.08634404044162121,0.14004121011772433,0.7736147494406546,2024,H
5387,0.4300936079561215,0.23917923833968852,0.33072715370419,2024,H
5388,0.15136785476435535,0.20225049516082996,0.6463816500748147,2024,D
5389,0.3139064475347661,0.2514538558786346,0.43463969658659923,2024,D
5390,0.27390447691999703,0.2477847201003066,0.47831080297969636,2024,A
5391,0.5711547703180212,0.23460636042402827,0.19423886925795053,2024,H
5392,0.3168205021836577,0.2711768705131307,0.4120026273032115,2024,A
5393,0.21428822392691924,0.22430169233471922,0.5614100837383615,2024,H
5394,0.16702839142474196,0.19492315333274365,0.6380484552425143,2024,H
5395,0.31905217249341145,0.2808032278377685,0.40014459966882016,2024,A
5396,0.3322104051099717,0.2743108773622338,0.3934787175277944,2024,A
5397,0.7291530690876322,0.16328043085552107,0.10756650005684665,2024,A
5398,0.1955456570155902,0.21781737193763923,0.5866369710467706,2024,H
5399,0.3069957909712206,0.28844619635060303,0.40455801267817637,2024,H
5400,0.39906795451804755,0.2896848705989442,0.311247174883008,2024,A
5401,0.19395956985479315,0.22179635997284214,0.5842440701723647,2024,D
5402,0.24187256176853056,0.24187256176853056,0.5162548764629389,2024,D
5403,0.36852198167929245,0.28431962978224345,0.34715838853846404,2024,D
5404,0.1980844071968066,0.22545438383524125,0.5764612089679522,2024,H
5405,0.04570765678719221,0.08790576771503875,0.8663865754977692,2024,H
5406,0.23083317426402222,0.22487269323842543,0.5442941324975525,2024,H
5407,0.5176010430247717,0.24119947848761408,0.24119947848761408,2024,H
5408,0.4108023402388515,0.25799715707723014,0.3312005026839183,2024,H
5409,0.3313222804392203,0.2841309764003996,0.3845467431603801,2024,D
5410,0.36125322197760873,0.27613033633920664,0.36261644168318463,2024,H
5411,0.31083033997246234,0.2660569946024678,0.42311266542506987,2024,D
5412,0.33730026467993335,0.2827369865699441,0.3799627487501226,2024,D
5413,0.48501678747372046,0.26025291035175246,0.25473030217452697,2024,H
5414,0.28012925625830515,0.2729668605017008,0.44690388323999386,2024,H
5415,0.13439377770774993,0.17720068468132952,0.6884055376109205,2024,H
5416,0.6035074809909247,0.21612092224675003,0.18037159676232523,2024,H
5417,0.2694245603685118,0.23500176641479528,0.49557367321669277,2024,H
5418,0.37460244295920725,0.2536990089882462,0.37169854805254665,2024,D
5419,0.27190982184859463,0.2566012259804432,0.47148895217096215,2024,H
5420,0.28372640801752336,0.2763675098268671,0.4399060821556095,2024,D
5421,0.2612208632394386,0.24965639793977595,0.4891227388207855,2024,H
5422,0.5485794309236351,0.23021918563941524,0.22120138343694967,2024,H
5423,0.3530127365512202,0.26746368897474065,0.37952357447403917,2024,H
5424,0.3680981595092025,0.27607361963190186,0.3558282208588957,2024,A
5425,0.14301907891209606,0.18217259100970415,0.6748083300781998,2024,H
5426,0.12884441125562876,0.17965968373214777,0.6914959050122235,2024,H
5427,0.3529945805367132,0.29007409639270687,0.3569313230705799,2024,A
5428,0.09618190277018696,0.1419963594151577,0.7618217378146555,2024,A
5429,0.37808207305975655,0.2740824197252676,0.34783550721497597,2024,D
5430,0.18353926029476159,0.2346969025285093,0.5817638371767291,2024,A
5431,0.6579680657248642,0.19971587857760953,0.14231605569752617,2024,A
5432,0.10767629900577054,0.19282073665017263,0.6995029643440568,2024,H
5433,0.17637952414677363,0.23388525708027158,0.5897352187729548,2024,D
5434,0.3359337697343088,0.26540623796688484,0.3986599922988062,2024,A
5435,0.3270868425977915,0.28200449185850646,0.39090866554370207,2024,D
5436,0.1624750516379402,0.19198648816299524,0.6455384601990646,2024,A
5437,0.5853463305518701,0.22609348786719152,0.1885601815809384,2024,D
5438,0.7474724087365903,0.16053098711121402,0.09199660415219572,2024,A
5439,0.1538730900544785,0.2090923171199806,0.6370345928255409,2024,A
5440,0.1269511590847486,0.18166734863356276,0.6913814922816885,2024,D
5441,0.41620773467064576,0.2688982555456419,0.31489400978371224,2024,D
5442,0.3930465847052761,0.2656602954794664,0.34129311981525756,2024,A
5443,0.6588094207531361,0.20552601587597838,0.13566456337088556,2024,A
5444,0.2003578568153141,0.25123406653019753,0.5484080766544883,2024,H
5445,0.19676054054356273,0.22599618689791284,0.5772432725585245,2024,H
5446,0.21237348185602228,0.2275069841260476,0.56011953401793,2024,H
5447,0.15742555090207708,0.22105019618582644,0.6215242529120965,2024,H
5448,0.2252339036930894,0.2195383337146435,0.555227762592267,2024,D
5449,0.2838287704668328,0.25851431256033147,0.4576569169728357,2024,H
5450,0.4038025290734874,0.2851780472388427,0.31101942368766994,2024,A
5451,0.3891433074060493,0.2794139445619017,0.33144274803204893,2024,H
5452,0.7156645966866203,0.170033787156041,0.11430161615733864,2024,A
5453,0.1388362826343068,0.20311777501678707,0.6580459423489061,2024,H
5454,0.22660772814607372,0.23960517888761912,0.5337870929663071,2024,H
5455,0.5383707938806463,0.2372029735414729,0.2244262325778807,2024,D
5456,0.11620622343205364,0.1840117741486454,0.6997820024193011,2024,H
5457,0.27362492793898097,0.2775790453947466,0.4487960266662725,2024,H
5458,0.3951703097301369,0.2439571810068702,0.3608725092629929,2024,H
5459,0.3275231937025583,0.2620185549620466,0.410458251335395,2024,H
5460,0.1876149448403463,0.2371823500203884,0.5752027051392653,2024,A
5461,0.6001100520175775,0.2217496728009524,0.17814027518147013,2024,D
5462,0.1231995957453528,0.1771705831605998,0.6996298210940474,2024,H
5463,0.4071344833361246,0.25690839055434594,0.3359571261095294,2024,H
5464,0.5959954602721754,0.22630959694297229,0.17769494278485232,2024,D
5465,0.47452257671378834,0.2569800549495583,0.26849736833665333,2024,A
5466,0.5476606070926816,0.23840946826173956,0.21392992464557875,2024,D
5467,0.4635561322423943,0.23751514696578122,0.2989287207918243,2024,A
5468,0.2509804055414671,0.24837281691246485,0.5006467775460679,2024,H
5469,0.07156980351602896,0.1510541192692175,0.7773760772147534,2024,D
5470,0.10538785817286131,0.16413752181982516,0.7304746200073134,2024,H
5471,0.35641577060931895,0.281768219832736,0.361816009557945,2024,H
5472,0.24804431188751597,0.24933958244567533,0.5026161056668087,2024,A
5473,0.10774775951381484,0.16658740557875026,0.7256648349074348,2024,D
5474,0.5643291633191783,0.21335934810053944,0.22231148858028232,2024,A
5475,0.24483193619272403,0.24995930658419466,0.5052087572230813,2024,A
5476,0.11838516093835241,0.16240273351135615,0.7192121055502914,2024,H
5477,0.18911053743252756,0.20765078620042243,0.6032386763670499,2024,A
5478,0.2151498863428213,0.22747350751758907,0.5573766061395896,2024,D
5479,0.45130315500685875,0.25788751714677643,0.29080932784636493,2024,H
5480,0.32033086398717436,0.2720992282163783,0.40756990779644736,2024,A
5481,0.5500711396542401,0.24230981848060196,0.20761904186515787,2024,A
5482,0.40246847330292457,0.2554333243895895,0.3420982023074859,2024,D
5483,0.6096747513241971,0.23289278821873222,0.15743246045707066,2024,A
5484,0.3558060508193573,0.2688534485123795,0.3753405006682632,2024,A
5485,0.2353512070847992,0.2468761373286425,0.5177726555865582,2024,A
5486,0.13278283656655918,0.19301698621872818,0.6742001772147126,2024,D
5487,0.5561237167722988,0.22090826624673296,0.22296801698096824,2024,A
5488,0.5850194291839743,0.2308914454164354,0.18408912539959038,2024,D
5489,0.11131261372557373,0.17512369082466636,0.71356369544976,2024,D
5490,0.24610130592079266,0.25262919201948747,0.5012695020597198,2024,D
5491,0.15518505779202657,0.1955713330780663,0.6492436091299071,2024,A
5492,0.2609307520219082,0.24424720010234888,0.4948220478757431,2024,H
5494,0.4375986402816559,0.2679677066893287,0.2944336530290154,2024,A
5495,0.49143656064313185,0.25767214260747984,0.2508912967493883,2024,H
5496,0.0377122581735237,0.07709723747571176,0.8851905043507646,2024,H
5497,0.05558484830269044,0.11495504469767881,0.8294601069996307,2024,H
5498,0.19673194138244066,0.21667098949552585,0.5865970691220335,2024,D
5499,0.6813949513639639,0.18310037080797495,0.13550467782806103,2024,A
5500,0.20884356516418523,0.19964919437079343,0.5915072404650213,2024,D
5501,0.3277455949324679,0.26640773219370995,0.405846672873822,2024,D
5502,0.7104159351358252,0.1693874293740224,0.12019663549015226,2024,A
5503,0.1758954797379019,0.2319594890947514,0.5921450311673467,2024,H
5505,0.26343117665268906,0.24636957194720405,0.490199251400107,2024,D
5506,0.6728946798485141,0.18900029852318825,0.13810502162829766,2024,H
5507,0.38285236204235057,0.26407268185192606,0.3530749561057233,2024,A
5508,0.6596775788744931,0.19790327366234794,0.14241914746315892,2024,A
5509,0.42620192307692306,0.2423076923076923,0.3314903846153846,2024,A
5510,0.20306989431859954,0.2503819901153413,0.5465481155660593,2024,H
5511,0.4909604617704668,0.24674559290010573,0.2622939453294274,2024,D
5512,0.38570555128788,0.27021179864235656,0.3440826500697634,2024,A
5513,0.5311188010483194,0.24961196916109002,0.21926922979059058,2024,D
5514,0.11495880999280958,0.15667621066343507,0.7283649793437553,2024,H
5515,0.10414685835385762,0.17313706397846385,0.7227160776676785,2024,H
5516,0.16807340178340913,0.2199670327487935,0.6119595654677973,2024,D
5517,0.10075379771265836,0.1580419074864674,0.7412042948008742,2024,D
5519,0.397761127011335,0.2794764769963024,0.3227623959923627,2024,H
5521,0.5843073069994288,0.21437673008480163,0.2013159629157696,2024,D
5522,0.1618794620620953,0.19923626099950192,0.6388842769384028,2024,D
5523,0.4976137754610846,0.2561443562695127,0.2462418682694027,2024,A
5524,0.4065563485216846,0.2948788330327033,0.2985648184456121,2024,A
5525,0.1184319289566779,0.1727310443989093,0.7088370266444128,2024,H
5526,0.13895090751490635,0.18018964566205248,0.6808594468230412,2024,H
5527,0.4924571436512845,0.25613052511621764,0.25141233123249784,2024,A
5528,0.10147897482911572,0.1647499764065091,0.7337710487643752,2024,H
5529,0.19407643066693825,0.22251088446232684,0.583412684870735,2024,A
5530,0.6666378118086157,0.18510525648278064,0.1482569317086035,2024,A
5531,0.5197001069644662,0.2509837786915008,0.2293161143440331,2024,A
5532,0.35516738289557903,0.2801760293223189,0.3646565877821021,2024,A
5533,0.14805423132839707,0.2195286878317612,0.6324170808398418,2024,D
5534,0.2846313950201711,0.2577793766220417,0.4575892283577871,2024,A
5535,0.3976477733266371,0.273028813024842,0.32932341364852075,2024,H
5536,0.699351000540833,0.17744726879394268,0.12320173066522448,2024,A
5538,0.13066206010797485,0.1731094444261736,0.6962284954658514,2024,H
5539,0.27964799553010194,0.2627461936024584,0.4576058108674396,2024,H
5540,0.1778119819379967,0.24829186078906795,0.5738961572729354,2024,A
5541,0.04573911379713739,0.08646515443353782,0.8677957317693248,2024,H
5542,0.67240925115252,0.1875876496339054,0.14000309921357454,2024,A
5543,0.654828596392044,0.20560209693169554,0.1395693066762605,2024,A
5544,0.29094575418855334,0.23752147178172217,0.47153277402972443,2024,H
5545,0.2756794891376288,0.25994777915966627,0.4643727317027048,2024,A
5546,0.16221218990508163,0.18338383849154138,0.654403971603377,2024,A
5547,0.3083418052569903,0.27786616171414824,0.4137920330288615,2024,A
5548,0.16469446387468267,0.2179669328273135,0.6173386032980039,2024,D
5549,0.3311602218613445,0.27660492519632535,0.3922348529423302,2024,H
5550,0.5690515806988352,0.2212978369384359,0.2096505823627288,2024,A
5551,0.20485850159819133,0.2606782568020582,0.5344632415997506,2024,H
5552,0.2558878215060427,0.26076851564920983,0.4833436628447475,2024,A
5553,0.20533419876381123,0.2351000899851008,0.5595657112510879,2024,A
5554,0.4474933408729037,0.26749601940447315,0.2850106397226232,2024,H
5555,0.30768750436184783,0.2402597641112666,0.4520527315268855,2024,A
5556,0.2574188495344182,0.27443216430249756,0.4681489861630841,2024,A
5557,0.24912837214888497,0.2665256048408462,0.48434602301026874,2024,H
5558,0.12591666610959215,0.1722830918972398,0.7018002419931679,2024,H
5559,0.6660518306741676,0.20363368071566912,0.13031448861016323,2024,D
5560,0.39562727745965637,0.2670484122852681,0.3373243102550755,2024,H
5561,0.7167908623342285,0.18156895189562688,0.10164018577014458,2024,A
5562,0.12844053546274478,0.19291975588658242,0.6786397086506728,2024,D
5563,0.2825683053880612,0.28594225530314255,0.4314894393087962,2024,H
5564,0.2784428122449688,0.2353423277942734,0.4862148599607577,2024,H
5565,0.629601355503007,0.20624871990615748,0.16414992459083544,2024,A
5566,0.33957589786865067,0.26307803076637215,0.39734607136497707,2024,A
5567,0.1937546736004021,0.27743422828579317,0.5288110981138047,2024,A
5568,0.0744846513697314,0.12183221956526766,0.803683129065001,2024,H
5569,0.3547182554623545,0.2558155783361216,0.38946616620152386,2024,H
5570,0.517266909066978,0.23923594544347737,0.2434971454895444,2024,D
5571,0.4907971243590978,0.24921304760202898,0.2599898280388734,2024,A
5572,0.324066719618745,0.29976171564733917,0.37617156473391583,2024,D
5573,0.08210311091335738,0.15400954514876553,0.7638873439378772,2024,A
5574,0.173563017226292,0.214516088706653,0.6119208940670551,2024,A
5575,0.25646925173100565,0.27563074754998884,0.46790000071900556,2024,A
5576,0.5065257547769737,0.24610120219241136,0.24737304303061503,2024,A
5577,0.6086917116055648,0.2181840153472002,0.17312427304723493,2024,A
5578,0.374673407232194,0.2592334925714639,0.36609310019634217,2024,H
5579,0.23209411216133513,0.24088555580381,0.527020332034855,2024,H
5580,0.422868281479019,0.24758609226491787,0.3295456262560631,2024,A
5581,0.3393186855583857,0.28410410654740575,0.37657720789420845,2024,H
5582,0.2804804397002433,0.2525060126435261,0.46701354765623043,2024,H
5583,0.35739697305920026,0.28784366991893673,0.35475935702186295,2024,A
5584,0.06547208821502412,0.11248947086300636,0.8220384409219695,2024,H
5585,0.2664697490016705,0.2599528257923905,0.47357742520593915,2024,D
5586,0.163482972099631,0.20947378622875795,0.6270432416716111,2024,H
5587,0.4827411381976425,0.2746630613883138,0.24259580041404366,2024,D
5588,0.4689732285932014,0.23391329739123004,0.2971134740155686,2024,A
5589,0.16969526751860692,0.20064597668866732,0.6296587557927258,2024,H
5590,0.18458486483241512,0.22995271112857496,0.5854624240390099,2024,H
5591,0.2540709259879733,0.26459872678857993,0.48133034722344686,2024,H
5592,0.14213887985950752,0.21055297807760018,0.6473081420628924,2024,H
5593,0.506848901052773,0.2462582064240979,0.24689289252312913,2024,H
5594,0.04910004071736433,0.09603317893566744,0.8548667803469683,2024,H
5595,0.32450406196863785,0.2519176270546004,0.4235783109767618,2024,A
5596,0.33274908232298195,0.30413690008501854,0.3631140175919994,2024,D
5597,0.0775662861390294,0.12479373806461835,0.7976399757963524,2024,H
5598,0.3993346195330183,0.24701110486578454,0.353654275601197,2024,D
5599,0.5560570303124264,0.2671558916584842,0.17678707802908936,2024,D
5600,0.43559919263795294,0.26721631145017277,0.2971844959118744,2024,A
5601,0.4812315463822972,0.26675509117013135,0.25201336244757144,2024,A
5602,0.2518368464275938,0.29342458253490283,0.4547385710375035,2024,D
5603,0.2254076153884045,0.23028422245209593,0.5443081621594996,2024,A
5604,0.20705622500091098,0.2154315329784759,0.5775122420206131,2024,D
5605,0.4641690073115553,0.27241827779538574,0.26341271489305895,2024,A
5606,0.5190985885933155,0.2540269688860906,0.226874442520594,2024,A
5607,0.21550774559554808,0.25584341990487525,0.5286488344995766,2024,H
5608,0.274907039364021,0.24913450442364407,0.47595845621233496,2024,H
5609,0.12401640783362329,0.22824924584616857,0.6477343463202081,2024,H
5610,0.3280100828002106,0.29930920055519217,0.37268071664459723,2024,H
5611,0.3063403936588342,0.28036416144799736,0.41329544489316855,2024,H
5612,0.226740703123337,0.22147989794646142,0.5517793989302016,2024,H
5613,0.29215325856053176,0.25074571010313357,0.4571010313363345,2024,A
5614,0.07714401567885382,0.1257011556396567,0.7971548286814895,2024,H
5615,0.12391109523989383,0.18290509660649718,0.6931838081536089,2024,A
5616,0.588742485558391,0.23784609142259194,0.17341142301901702,2024,D
5617,0.10863795199511168,0.1900082108599762,0.7013538371449121,2024,H
5618,0.20824045282422587,0.21147974875704714,0.5802797984187269,2024,H
5619,0.25679610097369016,0.2631629464523767,0.4800409525739333,2024,H
5620,0.40915049918160595,0.2759112876325527,0.3149382131858414,2024,D
5621,0.5367476413522309,0.2777356981415613,0.1855166605062079,2024,D
5622,0.3321652490310958,0.2755243539650997,0.3923103970038045,2024,H
5623,0.36034995709737694,0.29113639826464904,0.348513644637974,2024,A
5624,0.4447839615434779,0.256376814294498,0.29883922416202424,2024,D
5625,0.5150969911086012,0.2589406495843238,0.22596235930707503,2024,H
5626,0.13403661410186696,0.17938734819648358,0.6865760377016495,2024,H
5627,0.44849739772790864,0.2646258884100957,0.28687671386199565,2024,D
5628,0.6360461993016384,0.21488047273704,0.14907332796132153,2024,A
5629,0.6153789288222465,0.21580030309377427,0.16882076808397914,2024,A
5630,0.26031914223577407,0.2868982738754627,0.45278258388876336,2024,A
5631,0.17828365777502125,0.22928306949431818,0.5924332727306606,2024,D
5632,0.0868821365644139,0.16196364337474783,0.7511542200608383,2024,D
5633,0.1604460628129267,0.20311788802913064,0.6364360491579426,2024,H
5634,0.09769051881546156,0.14423105517655663,0.7580784260079817,2024,D
5635,0.10127971958599254,0.16249462650044644,0.736225653913561,2024,H
5636,0.3037133090613335,0.2686365606908696,0.42765013024779697,2024,H
5637,0.20039348840161203,0.22514517818043348,0.5744613334179545,2024,H
5638,0.28929564759828613,0.2666691723671352,0.4440351800345787,2024,H
5639,0.2009132420091324,0.24099441907661087,0.5580923389142567,2024,H
5640,0.4871452655240236,0.26159033436358525,0.2512644001123911,2024,A
5641,0.3536164877360708,0.26447770550897265,0.3819058067549565,2024,H
5642,0.1480068051140122,0.2122859298294518,0.6397072650565361,2024,D
5643,0.3341407191584465,0.262341886942582,0.40351739389897145,2024,H
5644,0.35474300503416606,0.26956459987059506,0.3756923950952388,2024,D
5645,0.775126381246365,0.14380172683756093,0.08107189191607389,2024,A
5646,0.391842921768788,0.27050519883470314,0.3376518793965088,2024,A
5647,0.6803370045684206,0.1980190865687711,0.12164390886280829,2024,A
5648,0.2564690374530762,0.26649855288420204,0.4770324096627217,2024,A
5649,0.3579220779220779,0.25662337662337664,0.38545454545454544,2024,A
5650,0.2443610857167025,0.23653671597700518,0.5191021983062922,2024,H
5651,0.11750063036818867,0.20499573495565965,0.6775036346761518,2024,D
5652,0.15250626046292837,0.21726919298828154,0.6302245465487901,2024,H
5653,0.1615760583502519,0.23404767275735017,0.6043762688923979,2024,H
5654,0.19999768581462218,0.22994903006705356,0.5700532841183243,2024,H
5655,0.5826685934753577,0.23250036333323273,0.18483104319140942,2024,A
5656,0.06431943379467431,0.12405652450812184,0.8116240416972038,2024,H
5657,0.1995509662038417,0.2304741183516525,0.5699749154445058,2024,D
5658,0.09521065756508815,0.14462745243524805,0.7601618899996639,2024,H
5659,0.2917119498331939,0.2687036833674772,0.439584366799329,2024,A
5660,0.12808691968401903,0.18664806000647913,0.6852650203095019,2024,H
5661,0.13483736337502006,0.2166591270594072,0.6485035095655726,2024,D
5662,0.2209061183984529,0.24595732770137027,0.5331365539001768,2024,H
5663,0.32606182904813263,0.2639119224063615,0.4100262485455059,2024,H
5664,0.2753184104479807,0.2653763567373592,0.4593052328146601,2024,A
5665,0.20067221622374695,0.22975514611124656,0.5695726376650064,2024,H
5666,0.4131506849315068,0.2531506849315069,0.3336986301369863,2024,D
5667,0.28871778048897356,0.25620800359745377,0.4550742159135726,2024,D
5668,0.30425394245816784,0.2575087275791501,0.4382373299626821,2024,H
5669,0.30234329530051907,0.28176963911143055,0.41588706558805033,2024,D
5670,0.3517985976440107,0.2590690759824101,0.38913232637357914,2024,A
5671,0.3756021743698728,0.27493646193068505,0.34946136369944214,2024,A
5672,0.5790839822490162,0.22749727874068493,0.19341873901029893,2024,A
5673,0.802569944510042,0.12599712849168207,0.071432926998276,2024,D
5674,0.2208938238905397,0.26880600541045957,0.5103001706990007,2024,A
5675,0.29951755862223717,0.25331538202625375,0.447167059351509,2024,H
5676,0.24848661963010896,0.2558343422535799,0.4956790381163112,2024,A
5677,0.10761186272979759,0.17794246215432824,0.7144456751158742,2024,D
5678,0.3812800563005826,0.25902177737811316,0.35969816632130436,2024,A
5679,0.2672736068962484,0.26953863746316575,0.46318775564058584,2024,D
5680,0.11335705161974728,0.16098606490535536,0.7256568834748973,2024,H
5681,0.1473301810633145,0.19573866912697496,0.6569311498097105,2024,H
5682,0.26182508817943384,0.24437008230080495,0.49380482951976135,2024,A
5683,0.12019493589663163,0.19898660577459057,0.6808184583287777,2024,H
5684,0.3776878520987067,0.2810441958263905,0.3412679520749028,2024,A
5685,0.324596907196492,0.26582587943111047,0.4095772133723976,2024,H
5686,0.2583020414591976,0.266216588690538,0.4754813698502644,2024,H
5687,0.38769603605828595,0.2496681279328229,0.3626358360088911,2024,H
5688,0.2925643832638452,0.2872770751325709,0.42015854160358385,2024,H
5689,0.17363431106386254,0.21136416136155334,0.6150015275745842,2024,H
5690,0.43230972025582187,0.2481570082507445,0.3195332714934336,2024,A
5691,0.3932432067367251,0.25414388094953244,0.3526129123137424,2024,D
5692,0.15178408665700827,0.16844003952910475,0.6797758738138869,2024,D
5693,0.11406919093781866,0.16978212911422208,0.7161486799479593,2024,H
5694,0.5921400805387879,0.22274428263258142,0.18511563682863078,2024,A
5695,0.43414612037708483,0.25675308194343727,0.30910079767947796,2024,A
5696,0.73649784037634,0.16296435919133423,0.1005378004323258,2024,A
5697,0.10857750542006217,0.1700401290239188,0.7213823655560191,2024,A
5698,0.5585781354795439,0.21561368209255538,0.22580818242790077,2024,A
5699,0.5519536314257001,0.22953840922270696,0.2185079593515929,2024,H
5700,0.11166785969935578,0.15819613457408735,0.730136005726557,2025,H
5701,0.23779222575736617,0.2642135841748513,0.49799419006778256,2025,D
5702,0.4247957712638154,0.2811148486304661,0.2940893801057184,2025,H
5703,0.11174565291510398,0.19996590521650184,0.6882884418683941,2025,H
5704,0.3207739307535642,0.26578411405295316,0.4134419551934827,2025,D
5705,0.6505067104902768,0.1985757326759792,0.1509175568337442,2025,A
5706,0.2738589211618257,0.2904564315352697,0.4356846473029045,2025,H
5707,0.2075964202002983,0.21574685702109522,0.5766567227786064,2025,D
5708,0.48,0.25999999999999995,0.25999999999999995,2025,A
5709,0.31549771029163654,0.28681610026512416,0.39768618944323936,2025,H
5710,0.5496094879953717,0.25021695111368236,0.20017356089094587,2025,A
5711,0.15124332916997843,0.2100601794027478,0.6386964914272737,2025,A
5712,0.225296442687747,0.24901185770750986,0.5256916996047432,2025,H
5713,0.27139552814186585,0.2968388589051658,0.4317656129529684,2025,H
5714,0.43088803088803085,0.2633204633204633,0.30579150579150577,2025,H
5715,0.09999685049289786,0.15199521274920477,0.7480079367578973,2025,H
5716,0.3068856351404828,0.2882865057380293,0.4048278591214879,2025,D
5717,0.41002004008016035,0.28577154308617236,0.30420841683366734,2025,H
5718,0.43940125543215836,0.269917914051183,0.2906808305166586,2025,D
5719,0.46077791250816164,0.24857755806361348,0.290644529428225,2025,A
5720,0.11711182858820077,0.17845611975344877,0.7044320516583504,2025,H
5721,0.3956834532374101,0.2877697841726619,0.31654676258992803,2025,H
5722,0.17858520814762582,0.21652940941686735,0.6048853824355068,2025,H
5723,0.34747637241101953,0.2986125075407199,0.3539111200482606,2025,A
5724,0.2258485639686684,0.2258485639686684,0.5483028720626633,2025,A
5725,0.4509283819628648,0.2785145888594165,0.27055702917771884,2025,D
5726,0.5032258064516129,0.2451612903225807,0.25161290322580643,2025,H
5727,0.1803845322963923,0.2525383452149492,0.5670771224886585,2025,A
5728,0.2968388589051658,0.27139552814186585,0.4317656129529684,2025,H
5729,0.2356687898089172,0.25477707006369427,0.5095541401273885,2025,A
5730,0.4543429844097996,0.26503340757238314,0.28062360801781744,2025,A
5731,0.13507559827776108,0.1990587764093321,0.6658656253129068,2025,H
5732,0.23601059135039718,0.26972639011473964,0.4942630185348632,2025,H
5733,0.5470357209650272,0.24265943519730693,0.21030484383766596,2025,D
5734,0.3265184597062326,0.2705438666137356,0.40293767368003175,2025,H
5735,0.32653473344103395,0.28695476575121165,0.3865105008077544,2025,D
5736,0.11908871246116672,0.19054193993786675,0.6903693476009666,2025,H
5737,0.16616314199395768,0.2547834843907351,0.5790533736153071,2025,D
5738,0.7101928819304333,0.17173755144863206,0.11806956662093454,2025,A
5739,0.2247191011235955,0.23595505617977527,0.5393258426966292,2025,H
5740,0.14596026490066225,0.1997350993377483,0.6543046357615894,2025,H
5741,0.3180515759312321,0.25787965616045844,0.4240687679083095,2025,D
5742,0.39898038346447967,0.27130666075584614,0.32971295577967413,2025,A
5743,0.24890190336749632,0.2781844802342606,0.47291361639824303,2025,H
5744,0.3865414710485133,0.2492175273865415,0.3642410015649452,2025,H
5745,0.34747637241101953,0.2986125075407199,0.3539111200482606,2025,A
5746,0.43220338983050843,0.288135593220339,0.2796610169491525,2025,D
5747,0.3507014028056112,0.2705410821643286,0.3787575150300601,2025,D
5748,0.4509283819628648,0.27055702917771884,0.2785145888594165,2025,D
5749,0.24823671082057458,0.2418716669533804,0.509891622226045,2025,D
5750,0.15789473684210525,0.21052631578947367,0.631578947368421,2025,D
5751,0.06320907617504051,0.12641815235008103,0.8103727714748785,2025,H
5752,0.39999205971097346,0.2929172621883437,0.30709067810068286,2025,D
5753,0.20958083832335334,0.251497005988024,0.5389221556886228,2025,A
5754,0.24666666666666667,0.24666666666666667,0.5066666666666666,2025,A
5755,0.47291361639824303,0.24890190336749632,0.2781844802342606,2025,H
5756,0.5,0.25,0.25,2025,H
5757,0.4543429844097996,0.28062360801781744,0.26503340757238314,2025,A
5758,0.27971753628874063,0.3067869752844252,0.41349548842683403,2025,H
5759,0.1895910780669145,0.2527881040892193,0.5576208178438662,2025,D
5760,0.24305555555555558,0.2708333333333333,0.48611111111111116,2025,H
5761,0.3787575150300601,0.2705410821643286,0.3507014028056112,2025,A
5762,0.05548723142588439,0.1451204514215438,0.7993923171525718,2025,H
5763,0.16545718432510886,0.20029027576197386,0.6342525399129173,2025,H
5764,0.41071777821239974,0.2519069039702718,0.3373753178173283,2025,H
5765,0.5878712871287128,0.21163366336633663,0.2004950495049505,2025,A
5766,0.1720368389470114,0.22528633671632445,0.6026768243366641,2025,H
5767,0.47707736389684813,0.2578796561604584,0.26504297994269344,2025,D
5768,0.16580310880829016,0.2383419689119171,0.5958549222797929,2025,H
5769,0.31770573566084787,0.2932668329177058,0.38902743142144636,2025,H
5770,0.3632006498781478,0.27774167343623074,0.3590576766856215,2025,H
5771,0.6069382763725301,0.2294522752140053,0.16360944841346464,2025,A
5772,0.13513513513513511,0.1891891891891892,0.6756756756756757,2025,H
5773,0.49015164720237064,0.25152518738016383,0.25832316541746553,2025,A
5774,0.4193548387096774,0.2903225806451613,0.2903225806451613,2025,H
5775,0.29127725856697817,0.27842679127725856,0.43029595015576316,2025,D
5776,0.3054989816700611,0.3156822810590631,0.3788187372708758,2025,H
5777,0.2697368421052631,0.2697368421052631,0.4605263157894737,2025,A
5778,0.19098143236074272,0.21220159151193632,0.5968169761273209,2025,A
5779,0.32914725541827017,0.29167510633988253,0.3791776382418473,2025,A
5780,0.20015885623510724,0.27164416203335984,0.5281969817315331,2025,H
5781,0.5424476295479603,0.22601984564498345,0.23153252480705624,2025,H
5782,0.2691120392228073,0.24786635191574355,0.483021608861449,2025,H
5783,0.17225584819237688,0.24292491411745462,0.5848192376901684,2025,H
5784,0.10512611879576893,0.19918633034987795,0.6956875508543532,2025,A
5785,0.1260066319279962,0.19895783988630977,0.6750355281856939,2025,H
5786,0.5292717447246527,0.2507076685537828,0.22002058672156458,2025,H
5787,0.22002058672156458,0.2507076685537828,0.5292717447246527,2025,H
5788,0.22590837282780407,0.287519747235387,0.48657187993680884,2025,A
5789,0.3165610142630745,0.2793185419968304,0.4041204437400951,2025,A
5790,0.21076011846001974,0.27097729516288255,0.5182625863770978,2025,H
5791,0.23647209203238176,0.25223689816787387,0.5112910097997443,2025,H
5792,0.3787575150300601,0.2705410821643286,0.3507014028056112,2025,A
5793,0.7470119521912351,0.15811752988047809,0.09487051792828687,2025,A
5794,0.20979606219442365,0.2180328590935119,0.5721710787120646,2025,H
5795,0.4612804025719877,0.2521666200726866,0.28655297735532564,2025,D
5796,0.24241142252776313,0.2626123744050767,0.4949762030671602,2025,H
5797,0.5835764902042518,0.236348478532722,0.18007503126302626,2025,H
5798,0.16545718432510886,0.20029027576197386,0.6342525399129173,2025,H
5799,0.3516483516483516,0.2967032967032967,0.3516483516483516,2025,D
5800,0.2796610169491525,0.288135593220339,0.43220338983050843,2025,H
5801,0.23601059135039718,0.26972639011473964,0.4942630185348632,2025,H
5802,0.684931506849315,0.18904109589041093,0.12602739726027393,2025,D
5803,0.37806972008145995,0.26254841672323603,0.35938186319530413,2025,D
5804,0.11062590975254732,0.19796215429403205,0.6914119359534208,2025,H
5805,0.306420233463035,0.2714007782101167,0.42217898832684825,2025,D
5806,0.3883495145631068,0.27184466019417475,0.33980582524271846,2025,H
5807,0.29127725856697817,0.27842679127725856,0.43029595015576316,2025,H
5808,0.2871870397643594,0.2916053019145803,0.4212076583210604,2025,H
5809,0.25666782126775195,0.24350536889504681,0.49982680983720124,2025,H
5810,0.4866595517609391,0.263607257203842,0.2497331910352187,2025,A
5811,0.6386964914272737,0.2100601794027478,0.15124332916997843,2025,A
5812,0.1975093616650701,0.22337368283549597,0.579116955499434,2025,D
5813,0.23779222575736617,0.2642135841748513,0.49799419006778256,2025,H
5814,0.25383542538354253,0.2928870292887029,0.4532775453277545,2025,H
5815,0.15173867228661753,0.1896733403582719,0.6585879873551107,2025,A
5816,0.4866595517609391,0.2497331910352187,0.263607257203842,2025,H
5817,0.3956834532374101,0.2877697841726619,0.31654676258992803,2025,A
5818,0.1272161448509996,0.20086759713315727,0.6719162580158431,2025,H
5819,0.21945293518300807,0.23755780233560622,0.5429892624813857,2025,A
5820,0.13544369486248053,0.21069019200830302,0.6538661131292164,2025,H
5821,0.07885055185442974,0.14557024957740877,0.7755791985681615,2025,H
5822,0.4139553116424932,0.28851430811446493,0.29753038024304196,2025,H
5823,0.36383263698698604,0.2944245647002379,0.34174279831277615,2025,A
5824,0.28571428571428575,0.28571428571428575,0.4285714285714286,2025,A
5825,0.36319612590799033,0.28945630640545894,0.34734756768655073,2025,A
5826,0.3067869752844253,0.2797175362887407,0.41349548842683415,2025,A
5827,0.14631673800405498,0.2196440639783735,0.6340391980175715,2025,H
5828,0.5645371577574968,0.21773142112125163,0.21773142112125163,2025,A
5829,0.43220338983050843,0.288135593220339,0.2796610169491525,2025,D
5830,0.23151446549255922,0.24979192329460334,0.5186936112128375,2025,D
5831,0.2844638949671772,0.2888402625820569,0.42669584245076586,2025,A
5832,0.5490012957333573,0.2316517662484654,0.21934693801817737,2025,A
5833,0.13368283093053734,0.1782437745740498,0.6880733944954128,2025,D
5834,0.11173184357541899,0.18994413407821228,0.6983240223463686,2025,H
5835,0.2814662427529456,0.27342435010286137,0.44510940714419295,2025,A
5836,0.5407114624505929,0.24901185770750986,0.2102766798418972,2025,A
5837,0.4247957712638154,0.2811148486304661,0.2940893801057184,2025,A
5838,0.5324675324675325,0.2337662337662338,0.2337662337662338,2025,H
5839,0.15778019586507072,0.18933623503808486,0.6528835690968444,2025,D
5840,0.3163064833005894,0.27111984282907664,0.41257367387033406,2025,H
5841,0.5129935875801553,0.23725953425582186,0.249746878164023,2025,D
5842,0.09936754254417422,0.1573319423616092,0.7433005150942166,2025,H
5843,0.5011933174224344,0.27207637231503584,0.22673031026252988,2025,H
5844,0.27139552814186585,0.2968388589051658,0.4317656129529684,2025,H
5845,0.44113461720899344,0.25291718053315626,0.3059482022578503,2025,D
5846,0.09489051094890512,0.14598540145985403,0.759124087591241,2025,H
5847,0.16562812334192958,0.21994496748639608,0.6144269091716742,2025,D
5848,0.33938294010889286,0.2879612825166364,0.37265577737447064,2025,A
5849,0.5393258426966292,0.23595505617977527,0.2247191011235955,2025,A
5850,0.1809859255351006,0.2500463444892837,0.5689677299756157,2025,H
5851,0.19873558943845293,0.23599851245816286,0.5652658981033842,2025,H
5852,0.4942630185348632,0.26972639011473964,0.23601059135039718,2025,A
5853,0.04534189345481152,0.1120211485354167,0.8426369580097717,2025,H
5854,0.513157894736842,0.24342105263157898,0.24342105263157898,2025,A
5855,0.33938294010889286,0.2879612825166364,0.37265577737447064,2025,H
5856,0.423076923076923,0.28846153846153844,0.28846153846153844,2025,H
5857,0.4751131221719457,0.27149321266968324,0.25339366515837103,2025,A
5858,0.23779222575736617,0.2642135841748513,0.49799419006778256,2025,D
5859,0.2483544819162652,0.23593675782045195,0.5157087602632829,2025,D
5860,0.1832773166883874,0.24055147815350847,0.5761712051581042,2025,D
5861,0.095723813260102,0.11965476657512748,0.7846214201647704,2025,H
5862,0.3888834331729352,0.26465678090935874,0.346459785917706,2025,D
5863,0.14507373215555064,0.21777811986399054,0.6371481479804588,2025,D
5864,0.6038755619308649,0.23124015420279465,0.1648842838663405,2025,A
5865,0.34589800443458985,0.2882483370288249,0.3658536585365854,2025,H
5866,0.4751131221719457,0.25339366515837103,0.27149321266968324,2025,A
5867,0.46400294605045117,0.2642238998342847,0.2717731541152642,2025,A
5868,0.2866894197952219,0.2627986348122867,0.45051194539249145,2025,H
5869,0.3151515151515151,0.2909090909090909,0.393939393939394,2025,H
5870,0.3647199046483909,0.2634088200238379,0.3718712753277712,2025,H
5871,0.09489051094890512,0.14598540145985403,0.759124087591241,2025,H
5872,0.3157894736842105,0.2631578947368421,0.42105263157894735,2025,H
5873,0.3632006498781478,0.27774167343623074,0.3590576766856215,2025,A
5874,0.5918858330143802,0.2187107004210181,0.1894034665646017,2025,A
5875,0.23744884719033837,0.24353727916957785,0.5190138736400838,2025,A
5876,0.4880098022054963,0.27988797479432875,0.23210222300017505,2025,D
5877,0.13507559827776108,0.1990587764093321,0.6658656253129068,2025,H
5878,0.324566546611944,0.30153279169109637,0.3739006616969595,2025,D
5879,0.29352734570998495,0.28901154039136984,0.41746111389864526,2025,A
5880,0.11896034655114963,0.18127290903032325,0.6997667444185273,2025,D
5881,0.5932203389830508,0.22598870056497172,0.18079096045197737,2025,A
5882,0.16545718432510886,0.20029027576197386,0.6342525399129173,2025,D
5883,0.2563861758076634,0.291885800150263,0.45172802404207363,2025,A
5884,0.47134935304990755,0.2513863216266174,0.27726432532347506,2025,D
5885,0.13507559827776108,0.1990587764093321,0.6658656253129068,2025,H
5886,0.17329192546583852,0.21180124223602484,0.6149068322981366,2025,D
5887,0.27687804878048783,0.28526829268292686,0.43785365853658537,2025,D
5888,0.6781838949171902,0.1970302684180468,0.12478583666476298,2025,D
5889,0.2930232558139535,0.26046511627906976,0.44651162790697674,2025,D
5890,0.21162790697674422,0.24418604651162798,0.5441860465116279,2025,H
5891,0.1361218733007069,0.2200584556824361,0.643819671016857,2025,H
5892,0.33060831930752577,0.28853089685020433,0.38086078384226973,2025,H
5893,0.6558682952734998,0.19883165161975572,0.14530005310674457,2025,A
5894,0.1995185073728558,0.24300331026181163,0.5574781823653325,2025,H
5895,0.21052631578947367,0.2631578947368421,0.5263157894736842,2025,D
5896,0.49702656040180676,0.25315219476465356,0.24982124483353968,2025,D
5897,0.3608748481166464,0.28760631834750905,0.3515188335358444,2025,D
5898,0.3055305530553056,0.29142914291429145,0.4030403040304031,2025,A
5899,0.21008984105044923,0.1990324809951624,0.5908776779543885,2025,D
5900,0.40969972861770115,0.2773352009104439,0.312965070471855,2025,A
5901,0.2866894197952219,0.2627986348122867,0.45051194539249145,2025,H
5902,0.1891891891891892,0.27027027027027023,0.5405405405405405,2025,D
5903,0.21845110575057775,0.2702552251142862,0.511293669135136,2025,H
5904,0.41002004008016035,0.28577154308617236,0.30420841683366734,2025,D
5905,0.1453287197231834,0.17993079584775085,0.6747404844290658,2025,D
5906,0.18833095916429252,0.24780389363722696,0.5638651471984806,2025,H
5907,0.5608856088560886,0.23837638376383766,0.2007380073800738,2025,D
5908,0.46032342986085,0.2621286197818729,0.2775479503572772,2025,H
5909,0.18710781517398747,0.2281802624073018,0.5847119224187108,2025,D
5910,0.21158844213423023,0.238036997401009,0.5503745604647607,2025,A
5911,0.6217557060086298,0.21969658895916944,0.15854770503220061,2025,D
5912,0.3463687150837989,0.30726256983240224,0.3463687150837989,2025,H
5913,0.49533204157125243,0.24896952615818213,0.25569843227056543,2025,H
5914,0.2711119602598395,0.28754298815437523,0.44134505158578524,2025,H
5915,0.2027096301720981,0.2407176858293665,0.5565726839985353,2025,H
5916,0.08540656973613354,0.14453419493807215,0.7700592353257942,2025,D
5917,0.1821537945211226,0.24520703108612663,0.5726391743927508,2025,A
5918,0.5608856088560886,0.23837638376383766,0.2007380073800738,2025,D
5919,0.24823671082057458,0.2418716669533804,0.509891622226045,2025,D
5920,0.4983388704318937,0.24916943521594684,0.25249169435215946,2025,H
5921,0.08519269776876268,0.13387423935091278,0.7809330628803246,2025,H
5922,0.353035143769968,0.28035143769968046,0.36661341853035134,2025,H
5923,0.327653997378768,0.2948885976408912,0.3774574049803408,2025,H
5924,0.4673403103572718,0.273727896066402,0.2589317935763262,2025,D
5925,0.2315873345804753,0.27128802050855677,0.4971246449109679,2025,A
5926,0.4767025089605735,0.25089605734767023,0.27240143369175623,2025,A
5927,0.256578947368421,0.256578947368421,0.48684210526315796,2025,A
5928,0.15874177029992684,0.22677395757132407,0.6144842721287491,2025,A
5929,0.3276209677419355,0.2923387096774194,0.3800403225806452,2025,D
5930,0.15789473684210525,0.21052631578947367,0.631578947368421,2025,H
5931,0.40812223562525135,0.268194611982308,0.3236831523924407,2025,A
5932,0.23099703849950645,0.24284304047384012,0.5261599210266535,2025,H
5933,0.2296155835200828,0.26150663678676095,0.5088777796931563,2025,D
5934,0.6102722850464337,0.22521953376713624,0.16450818118642996,2025,A
5935,0.5535885741718676,0.23358737397983678,0.2128240518482957,2025,D
5936,0.24305555555555558,0.2708333333333333,0.48611111111111116,2025,D
5937,0.27851458885941643,0.2705570291777188,0.45092838196286467,2025,A
5938,0.18882801015635442,0.2098089001737271,0.6013630896699185,2025,H
5939,0.20015885623510724,0.27164416203335984,0.5281969817315331,2025,H
5940,0.2796610169491525,0.288135593220339,0.43220338983050843,2025,H
5941,0.5709391949757351,0.2383671139023694,0.19069369112189552,2025,A
5942,0.18882801015635442,0.2098089001737271,0.6013630896699185,2025,H
5943,0.07839407803423636,0.1505166298257338,0.7710892921400297,2025,H
5944,0.3787575150300601,0.2705410821643286,0.3507014028056112,2025,D
5945,0.44134505158578524,0.2711119602598395,0.28754298815437523,2025,A
5946,0.25383542538354253,0.2928870292887029,0.4532775453277545,2025,A
5947,0.27272727272727276,0.27272727272727276,0.4545454545454546,2025,A
5948,0.3449815874010813,0.256405233879182,0.3986131787197368,2025,A
5949,0.24305555555555558,0.2708333333333333,0.48611111111111116,2025,A
5950,0.5609973285841496,0.22707034728406053,0.21193232413178983,2025,D
5951,0.4350453172205438,0.26586102719033233,0.2990936555891239,2025,A
5952,0.17186279656351228,0.2183014736949925,0.6098357297414951,2025,D
5953,0.3181818181818181,0.2807486631016043,0.40106951871657753,2025,A
5954,0.13477477477477479,0.17153153153153156,0.6936936936936937,2025,H
5955,0.19022379269729095,0.2502944640753828,0.5594817432273262,2025,D
5956,0.24896952615818213,0.25569843227056543,0.49533204157125243,2025,H
5957,0.1528259414735049,0.2387905335523514,0.6083835249741437,2025,A
5958,0.5496094879953717,0.25021695111368236,0.20017356089094587,2025,A
5959,0.5574781823653325,0.24300331026181163,0.1995185073728558,2025,D
5960,0.7336827060505002,0.1802763220581229,0.08604097189137686,2025,D
5961,0.16968987712112346,0.18665886483323582,0.6436512580456407,2025,H
5962,0.3619502269525748,0.2572781342933166,0.3807716387541087,2025,D
5963,0.07885055185442974,0.14557024957740877,0.7755791985681615,2025,D
5964,0.27056672760511885,0.25594149908592323,0.47349177330895803,2025,A
5965,0.22010344200803078,0.2647355288596593,0.5151610291323099,2025,D
5966,0.18938307030129126,0.23672883787661403,0.5738880918220947,2025,H
5967,0.5261599210266535,0.24284304047384012,0.23099703849950645,2025,A
5968,0.3532608695652174,0.29347826086956524,0.3532608695652174,2025,A
5969,0.6045340050377834,0.23727959697732998,0.15818639798488665,2025,A
5970,0.49369318080734403,0.25145439342454057,0.2548524257681154,2025,A
5971,0.5125,0.25625,0.23125000000000004,2025,H
5972,0.5830269494941478,0.21813017509942711,0.19884287540642515,2025,A
5973,0.2007380073800738,0.23837638376383766,0.5608856088560886,2025,A
5974,0.1439701173959445,0.19701173959445034,0.6590181430096052,2025,H
5975,0.5470357209650272,0.24265943519730693,0.21030484383766596,2025,A
5976,0.21928755908581452,0.25320403489108717,0.5275084060230983,2025,D
5977,0.26865671641791045,0.2611940298507463,0.4701492537313433,2025,H
5978,0.2866894197952219,0.2627986348122867,0.45051194539249145,2025,H
5979,0.17191011235955056,0.21011235955056176,0.6179775280898876,2025,H
5980,0.169927333705981,0.24594745667970933,0.5841252096143097,2025,H
5981,0.6226415094339622,0.20754716981132074,0.16981132075471697,2025,H
5982,0.21672840037901628,0.2760099922473943,0.5072616073735894,2025,A
5983,0.35938186319530413,0.26254841672323603,0.37806972008145995,2025,D
5984,0.15818639798488665,0.23727959697732998,0.6045340050377834,2025,H
5985,0.3711340206185567,0.27835051546391754,0.35051546391752575,2025,A
5986,0.12602739726027395,0.18904109589041096,0.6849315068493151,2025,D
5987,0.2559414990859232,0.2705667276051188,0.473491773308958,2025,A
5988,0.5714914533049666,0.22999046291541345,0.19851808377962,2025,A
5989,0.3661058743984409,0.2719643638388418,0.3619297617627173,2025,H
5990,0.3055305530553056,0.29142914291429145,0.4030403040304031,2025,A
5991,0.11174565291510398,0.19996590521650184,0.6882884418683941,2025,H
5992,0.24901185770750986,0.225296442687747,0.5256916996047432,2025,A
5993,0.5186936112128375,0.24979192329460334,0.23151446549255922,2025,D
5994,0.5601552393272963,0.21992238033635186,0.21992238033635186,2025,D
5995,0.423076923076923,0.28846153846153844,0.28846153846153844,2025,A
5996,0.288135593220339,0.2796610169491525,0.43220338983050843,2025,D
5997,0.11856986501276906,0.1517694272163444,0.7296607077708864,2025,D
5998,0.21158844213423023,0.238036997401009,0.5503745604647607,2025,H
5999,0.333095831848949,0.2907018168863555,0.37620235126469537,2025,D
6000,0.16450818118642999,0.2252195337671363,0.6102722850464338,2025,D
6001,0.4527177959791511,0.2501861504095309,0.29709605361131797,2025,D
6002,0.33351483800707865,0.2744350667029676,0.39205009528995366,2025,D
6003,0.4276704769412692,0.26882144264879776,0.303508080409933,2025,H
6004,0.15130063554467504,0.23064121272054125,0.6180581517347837,2025,H
6005,0.4509283819628648,0.2785145888594165,0.27055702917771884,2025,H
6006,0.29731830547998445,0.27982899339292655,0.42285270112708895,2025,A
6007,0.19069369112189552,0.2383671139023694,0.5709391949757351,2025,A
6008,0.24973319103521877,0.26360725720384204,0.4866595517609392,2025,H
6009,0.22002058672156458,0.2507076685537828,0.5292717447246527,2025,H
6010,0.12698412698412698,0.21164021164021163,0.6613756613756613,2025,A
6011,0.2711119602598395,0.28754298815437523,0.44134505158578524,2025,D
6012,0.5503745604647607,0.238036997401009,0.21158844213423023,2025,A
6013,0.19961114711600778,0.22575070209548498,0.5746381507885073,2025,H
6014,0.4426075521322562,0.250422693969566,0.3069697538981777,2025,A
6015,0.42654028436018954,0.2606635071090047,0.31279620853080564,2025,H
6016,0.3515188335358444,0.28760631834750905,0.3608748481166464,2025,D
6017,0.3516483516483516,0.2967032967032967,0.3516483516483516,2025,H
6018,0.18846830486351512,0.22983939617501845,0.5816922989614663,2025,A
6019,0.16600977455462715,0.24475800094592468,0.5892322244994482,2025,H
6020,0.2968388589051658,0.27139552814186585,0.4317656129529684,2025,A
6021,0.2928870292887029,0.25383542538354253,0.4532775453277545,2025,D
6022,0.2714932126696833,0.2533936651583711,0.4751131221719458,2025,A
6023,0.3954305799648506,0.25307557117750434,0.35149384885764495,2025,D
6024,0.17360870469193984,0.2546261002148451,0.5717651950932151,2025,H
6025,0.41349548842683403,0.27971753628874063,0.3067869752844252,2025,A
6026,0.13636363636363638,0.2272727272727273,0.6363636363636365,2025,H
6027,0.22572257225722572,0.25622562256225623,0.5180518051805181,2025,H
6028,0.3056915790318696,0.2961387171871237,0.3981697037810067,2025,D
6029,0.3507014028056112,0.2705410821643286,0.3787575150300601,2025,H
6030,0.2611940298507463,0.26865671641791045,0.4701492537313433,2025,D
6031,0.8438610343466245,0.10595144097907619,0.050187524674299246,2025,A
6032,0.3516483516483516,0.2967032967032967,0.3516483516483516,2025,A
6033,0.3888834331729352,0.26465678090935874,0.346459785917706,2025,H
6034,0.15173867228661753,0.1896733403582719,0.6585879873551107,2025,H
6035,0.3266613290632506,0.27862289831865494,0.39471577261809454,2025,H
6036,0.5692192187805826,0.21953720447195677,0.21124357674746064,2025,A
6037,0.1509175568337442,0.1985757326759792,0.6505067104902768,2025,H
6038,0.2372595342558218,0.24974687816402294,0.5129935875801552,2025,H
6039,0.09957325746799432,0.18918918918918923,0.7112375533428166,2025,H
6040,0.2523117569352708,0.2523117569352708,0.4953764861294584,2025,H
6041,0.3658536585365853,0.25365853658536586,0.3804878048780488,2025,H
6042,0.13373025745734066,0.2161921021250311,0.6500776404176282,2025,H
6043,0.4285097192224623,0.28120950323974087,0.290280777537797,2025,D
6044,0.17997199064943042,0.2182108431661685,0.6018171661844011,2025,H
6045,0.34254360180286103,0.24789339604154412,0.4095630021555947,2025,H
6046,0.29609793420045905,0.2631981637337414,0.4407039020657995,2025,A
6047,0.2007380073800738,0.23837638376383766,0.5608856088560886,2025,A
6048,0.6558682952734998,0.19883165161975572,0.14530005310674457,2025,D
6049,0.5082095387021109,0.2507167057597081,0.24107375553818092,2025,D
6050,0.13578746310123285,0.16530647681889218,0.698906060079875,2025,H
6051,0.39379474940334125,0.26252983293556087,0.3436754176610978,2025,A
6052,0.09999685049289786,0.15199521274920477,0.7480079367578973,2025,H
6053,0.24353727916957785,0.23744884719033837,0.5190138736400838,2025,D
6054,0.3673469387755102,0.26530612244897966,0.3673469387755102,2025,D
6055,0.6026768243366641,0.22528633671632445,0.1720368389470114,2025,A
6056,0.3608748481166464,0.28760631834750905,0.3515188335358444,2025,D
6057,0.5918858330143802,0.2187107004210181,0.1894034665646017,2025,D
6058,0.25228224138800626,0.23074595248903015,0.5169718061229637,2025,D
6059,0.07936507936507936,0.12698412698412698,0.7936507936507936,2025,H
6060,0.39086294416243655,0.2680203045685279,0.3411167512690355,2025,H
6061,0.21928755908581452,0.25320403489108717,0.5275084060230983,2025,A
6062,0.5,0.25,0.25,2025,D
6063,0.4407039020657995,0.2631981637337414,0.29609793420045905,2025,H
6064,0.29709605361131797,0.2501861504095309,0.4527177959791511,2025,H
6065,0.22056345980469233,0.22739042403674234,0.5520461161585652,2025,D
6066,0.18079096045197737,0.22598870056497172,0.5932203389830508,2025,H
6067,0.04133627525339585,0.08643039371164588,0.8722333310349583,2025,H
6068,0.5692192187805826,0.21953720447195677,0.21124357674746064,2025,D
6069,0.24414426863815383,0.257341256132108,0.49851447522973813,2025,H
6070,0.2629441624365483,0.2253807106598985,0.5116751269035533,2025,A
6071,0.4213444213444213,0.24948024948024947,0.32917532917532916,2025,H
6072,0.25223689816787387,0.23647209203238176,0.5112910097997443,2025,H
6073,0.4612804025719877,0.2521666200726866,0.28655297735532564,2025,D
6074,0.10552147239263804,0.15828220858895706,0.7361963190184049,2025,A
6075,0.47368421052631576,0.2631578947368421,0.2631578947368421,2025,H
6076,0.24901185770750986,0.225296442687747,0.5256916996047432,2025,D
6077,0.24982124483353968,0.25315219476465356,0.49702656040180676,2025,H
6078,0.5393258426966292,0.23595505617977527,0.2247191011235955,2025,A
6079,0.3265184597062326,0.2705438666137356,0.40293767368003175,2025,D
6081,0.3067869752844253,0.2797175362887407,0.41349548842683415,2026,A
6082,0.28754298815437523,0.2711119602598395,0.44134505158578524,2026,H
6083,0.3608748481166464,0.28760631834750905,0.3515188335358444,2026,H
6084,0.6983240223463688,0.18994413407821234,0.11173184357541902,2026,H
6085,0.3461313584096668,0.25725979341259014,0.39660884817774317,2026,H
6086,0.3097238895558223,0.2581032412965186,0.43217286914765907,2026,H
6087,0.15124332916997843,0.2100601794027478,0.6386964914272737,2026,H
6088,0.5063291139240507,0.25316455696202533,0.2405063291139241,2026,D
6089,0.49315068493150677,0.24657534246575338,0.2602739726027397,2026,A
6090,0.5674708261793209,0.24299391787678612,0.18953525594389314,2026,A
6092,0.3265602322206096,0.2525399129172714,0.420899854862119,2026,A
6093,0.16363636363636366,0.2090909090909091,0.6272727272727273,2026,D
6094,0.2642238998342846,0.27177315411526415,0.46400294605045106,2026,D
6095,0.30670926517571884,0.2971246006389776,0.39616613418530355,2026,H
6096,0.13643351268255186,0.19100691775557263,0.6725595695618755,2026,H
6097,0.23890339425587467,0.23890339425587467,0.5221932114882506,2026,H
6098,0.3500611995104039,0.2864137086903305,0.36352509179926557,2026,D
6099,0.6141862032806532,0.22919631488278033,0.15661748183656654,2026,A
