,proba_A,proba_D,proba_H,test_season,true_label
1900,0.316006304667185,0.21717688663086535,0.46681678883373484,2015,H
1901,0.3345758850206509,0.1659875747043489,0.49943654524205394,2015,H
1902,0.5538468124773487,0.19411129487028492,0.2520419050700006,2015,A
1903,0.1649842981781751,0.2814027035739666,0.5536130081819657,2015,D
1906,0.11113223426305711,0.18586607843561778,0.7030016823342713,2015,A
1907,0.33617474372488615,0.39868586731221356,0.26513939392995395,2015,D
1908,0.4140758018629492,0.24365571072335376,0.34226850231485845,2015,A
1909,0.770966386337317,0.1325363583785614,0.09649723463980449,2015,A
1910,0.3231091484258947,0.40744614984973787,0.2694447017243674,2015,A
1911,0.3750814965804811,0.3524022375178319,0.2725162559675795,2015,A
1913,0.28798086641004333,0.2847584143086235,0.42726072921544045,2015,D
1914,0.2821792875634382,0.24386431031988634,0.4739564021166754,2015,H
1915,0.3528424916862371,0.23376855093266888,0.4133889474469865,2015,A
1916,0.36941933746593997,0.22374267869279763,0.40683797887420864,2015,A
1917,0.39069407303805065,0.27585959644785757,0.3334463404481993,2015,A
1918,0.19635259987135892,0.0869643572338275,0.716683051742378,2015,H
1920,0.2235564600840313,0.24152263053460477,0.5349209193154715,2015,H
1921,0.22857721547053086,0.11290510813734822,0.6585176701833038,2015,D
1922,0.17432943392371766,0.24127365071596893,0.5843969103932597,2015,D
1923,0.34196269675544605,0.3238330994063499,0.3342042137723115,2015,D
1924,0.5525202373625353,0.18388615349427387,0.26359359920908326,2015,D
1926,0.5082043570217748,0.24870088455427686,0.243094748489841,2015,A
1928,0.5374966862709739,0.2318451741761173,0.23065814451996247,2015,A
1929,0.19114020148196023,0.15699432174352168,0.6518654817415719,2015,D
1931,0.645892298122126,0.2045417037009768,0.14956598327573595,2015,A
1932,0.2555401884757819,0.24073761878544767,0.5037221728705554,2015,A
1933,0.2388767203988341,0.30204740173733824,0.45907586792972016,2015,D
1935,0.4517333710877584,0.21214191557693976,0.3361247183023557,2015,A
1936,0.11726691377448406,0.22726341377311865,0.6554696575512358,2015,A
1937,0.16292401118183034,0.23260924467521615,0.6044667391758999,2015,D
1938,0.25510299994604174,0.237520996407845,0.507376008613167,2015,H
1939,0.2867503110147487,0.19126904546864965,0.5219806286154406,2015,H
1940,0.09749217518220005,0.15182482054568303,0.7506829930962461,2015,H
1941,0.45297439557036373,0.34132124305704464,0.2057043762737529,2015,A
1942,0.49262918028541985,0.21193709233219163,0.2954337224153347,2015,H
1943,0.16498104175153447,0.2576746828791228,0.5773442803363964,2015,H
1946,0.397393144840623,0.24106748467068537,0.3615393605545842,2015,D
1947,0.16639714874155817,0.13527619650692377,0.6983266423338838,2015,H
1948,0.6448228992971488,0.16330534215245826,0.19187177345155418,2015,A
1949,0.2978193896083849,0.35530136677462393,0.34687923864993736,2015,H
1950,0.21711889496879552,0.2969652413313015,0.4859158736340105,2015,H
1951,0.15353997613718365,0.16557491040343061,0.6808851221517301,2015,D
1952,0.4885447407054772,0.24778525571645602,0.2636699911604323,2015,A
1953,0.2285359331214425,0.2994494880392922,0.47201458380631894,2015,A
1954,0.45599639666889275,0.1818350218598995,0.36216859140531527,2015,H
1955,0.10510698294690778,0.07495657861943222,0.8199364160819184,2015,A
1956,0.49895566596947427,0.2338055614112701,0.26723877261925566,2015,D
1957,0.3312193349345581,0.27743760050134597,0.3913430645640959,2015,D
1958,0.23271056594280504,0.24124840830506242,0.5260410406532939,2015,A
1959,0.1691049832888422,0.2109899369509596,0.6199050797601983,2015,H
1960,0.36220378187694857,0.2410060585444381,0.39679015957861324,2015,H
1961,0.3230611773266049,0.19670899043197584,0.48022984714258027,2015,D
1962,0.4745064056938264,0.20083856732914188,0.3246550269770318,2015,H
1963,0.16318405100571498,0.22559494244103692,0.6112209885476784,2015,H
1964,0.43920563183249994,0.21608106632761256,0.34471331922457554,2015,D
1965,0.30072799804473044,0.23362001614479924,0.4656519758763629,2015,A
1966,0.16932593172598534,0.16115727522528187,0.6695167831146254,2015,H
1967,0.19468519142870344,0.2058983964118427,0.5994164022253464,2015,H
1968,0.22735109765729286,0.2689104098120594,0.5037384925306478,2015,A
1969,0.2795931721040777,0.25871451147934865,0.461692306482466,2015,A
1970,0.35268631903512015,0.32287570249459296,0.32443798840439436,2015,A
1971,0.048999403401599646,0.09564229435363701,0.8553582963463869,2015,H
1972,0.24290831318484152,0.17370814692470585,0.5833835299563453,2015,A
1973,0.20693117151146403,0.2691775201503191,0.5238912934370558,2015,H
1974,0.2589781929192944,0.2922660220278466,0.44875576518464416,2015,D
1975,0.2759757999332002,0.37708968711463814,0.34693452288626897,2015,A
1976,0.5859007959827217,0.195615529165415,0.21848366491775573,2015,D
1977,0.2688855080395834,0.1842276211204805,0.5468868658728824,2015,H
1978,0.3682406770464708,0.23651597814935318,0.39524334480417594,2015,D
1979,0.5413469871733857,0.28989758836402696,0.16875543067140442,2015,D
1980,0.2266604006657488,0.20279844611807382,0.5705411730843925,2015,D
1981,0.502020803187027,0.1798324911736461,0.318146705639327,2015,D
1982,0.3818643621572368,0.39388321681135613,0.2242524210314072,2015,A
1983,0.13007876968877044,0.15738137086950157,0.7125398606834915,2015,H
1984,0.1965909386204353,0.15350815999923695,0.649900898896801,2015,A
1985,0.2845783015284709,0.23162836614316507,0.48379332736131025,2015,A
1986,0.06430776601000669,0.09461893778778346,0.8410733030319086,2015,H
1987,0.3995662675190294,0.21709277422525122,0.3833409607392461,2015,H
1988,0.271528807348975,0.2507180760220125,0.4777531166290125,2015,H
1989,0.20197758069775454,0.24082153016978544,0.5572008928577503,2015,A
1990,0.09397708936080924,0.07732978127786024,0.828693133552282,2015,H
1991,0.3597295261959712,0.2529292533150906,0.3873412304230455,2015,A
1992,0.21533691531461482,0.14228340791860286,0.6423797003602875,2015,H
1993,0.2303165407669727,0.282803840701536,0.48687962598207185,2015,A
1994,0.25080266759909314,0.2735228129826912,0.47567451445116166,2015,A
1995,0.35688915288246487,0.16558171760739074,0.47752912951014453,2015,H
1996,0.3168747096600984,0.24982543651342257,0.4332998538264792,2015,A
1997,0.24952275756894352,0.23072592133154304,0.5197513210995134,2015,D
1998,0.5665768206732695,0.1853648085023636,0.24805837330789382,2015,D
1999,0.218024044526867,0.2772308155550039,0.504745139918129,2015,H
2000,0.3712969595735965,0.28115037902334733,0.3475526614030562,2015,A
2001,0.3925451489803577,0.26411555766562655,0.34333930328812334,2015,H
2002,0.4251182092662249,0.30536658620825946,0.2695151945914082,2015,A
2003,0.31634440370033196,0.3642078482427025,0.319447753024019,2015,D
2004,0.07303363306202705,0.11305149651796677,0.8139148673155976,2015,H
2005,0.39296249870322586,0.35251720667474745,0.25452028468791926,2015,D
2006,0.432144344393266,0.3058744864078213,0.26198116919891273,2015,A
2007,0.22297571254019485,0.3553752345217907,0.42164906783917555,2015,H
2008,0.2736101488294257,0.25420773460139573,0.47218212650328595,2015,H
2009,0.07128221864065981,0.11195718573524767,0.8167605903465979,2015,H
2010,0.2858874890529323,0.24750353358443775,0.46660896742852254,2015,D
2011,0.26623904983834196,0.30720033243546196,0.4265605978579811,2015,A
2012,0.3008473188054716,0.3155029270504182,0.3836497591111638,2015,H
2013,0.1652088632298006,0.1795301611286678,0.655260970674478,2015,H
2014,0.13970009727569077,0.2269091494614257,0.6333907333946688,2015,H
2015,0.2164609822041876,0.2622665491540538,0.5212724636747049,2015,H
2016,0.36887438277138457,0.2553915621070325,0.37573405015452904,2015,A
2017,0.2892655675307448,0.10577259095410557,0.6049618322019241,2015,D
2018,0.7524391868443864,0.17175085220545264,0.07580997057382761,2015,D
2019,0.23012901646805442,0.2269761669681876,0.5428947966955433,2015,A
2020,0.3032570664588333,0.19912952222441574,0.49761341752556815,2015,D
2021,0.6834787445450363,0.19876304080612137,0.11775822334118645,2015,H
2022,0.19979245011222177,0.15340554213972551,0.6468020002974723,2015,A
2023,0.27164442854975457,0.24618853558779952,0.48216703586244575,2015,A
2024,0.09913403681041481,0.2053586836539886,0.6955072938158761,2015,A
2025,0.1956667782043741,0.25225293801828885,0.5520802713597027,2015,H
2026,0.5081482449361598,0.31429365580518875,0.17755809429159775,2015,A
2027,0.34488116958222964,0.16737094867088073,0.487747874296309,2015,H
2028,0.21109460766932733,0.2113559085418406,0.5775494887558859,2015,H
2029,0.18079860191457198,0.2137160965895506,0.6054853064629312,2015,A
2030,0.43142297254226686,0.2812845502146178,0.28729247724311513,2015,A
2031,0.23854211448659748,0.21789518344700154,0.543562719451089,2015,D
2032,0.33917319708790455,0.25745119865514265,0.40337561419106,2015,H
2033,0.14751359769537833,0.13431922615481098,0.7181671836003912,2015,D
2034,0.12152611420241209,0.1923660528368948,0.6861078379277467,2015,H
2035,0.3444701437983338,0.25399565906048277,0.4015341872070757,2015,H
2036,0.13574359519132131,0.1527817514900414,0.7114746508351105,2015,D
2037,0.2155906136879371,0.3222677360100347,0.46214164036792077,2015,D
2038,0.5614510790442687,0.23919955010409008,0.19934936588458751,2015,D
2039,0.1404285119141677,0.20165875003454237,0.657912718183075,2015,H
2040,0.5733517122365147,0.24099485974704557,0.18565344540112785,2015,A
2041,0.2320480233566097,0.21425454841609307,0.5536974232602436,2015,H
2042,0.5123049969477663,0.3019633179099027,0.1857316950764384,2015,D
2043,0.1033302383504106,0.13011283129645193,0.7665569284904922,2015,H
2044,0.2888746828632793,0.27402645364196104,0.43709887342886705,2015,A
2045,0.129028190860377,0.19937690784314635,0.6715949211646918,2015,D
2046,0.21218941172714154,0.19042898338316447,0.5973816098567476,2015,D
2047,0.5097697291312125,0.16245862593258575,0.32777163748562094,2015,H
2048,0.47943613244107364,0.1694397448890024,0.35112413260403147,2015,H
2049,0.3244603795546515,0.22459672621333018,0.45094289423201844,2015,D
2050,0.3068454561683884,0.25420625739244357,0.4389482914062217,2015,H
2051,0.3549205413055712,0.1696755158763951,0.4754039477850875,2015,H
2052,0.09727927475755645,0.22379988154538275,0.6789208486641146,2015,H
2053,0.3674741610908183,0.2886646614979523,0.3438611873453368,2015,D
2054,0.41358426196576276,0.23676812315100712,0.3496476297843912,2015,A
2055,0.21450565673004082,0.3631609288572599,0.42233340447859163,2015,D
2056,0.14552030398564872,0.1927642933157461,0.6617153915227344,2015,D
2057,0.7399715621204009,0.149640091541797,0.11038836061808154,2015,A
2058,0.10226954446180125,0.14972933192678559,0.748001128578467,2015,A
2059,0.1527617260437433,0.2003401531926909,0.6468981182800388,2015,H
2060,0.13865369322025778,0.2137754693896158,0.6475708535330512,2015,H
2061,0.43963629057308523,0.24039513746578808,0.31996856202701934,2015,A
2062,0.08049627183480239,0.1360351201869746,0.7834686172914488,2015,A
2063,0.3623649579778765,0.2980116297329542,0.3396233973880079,2015,D
2064,0.45057016157449264,0.1647812528341799,0.38464858807485425,2015,A
2065,0.3132056070864843,0.13952450957763488,0.5472698814732357,2015,A
2066,0.5466185380501464,0.19209931944817185,0.2612821400181549,2015,A
2067,0.42840230946170044,0.2208801412162326,0.35071755925617437,2015,D
2068,0.29088468317264043,0.17506202022485082,0.5340532966025088,2015,H
2069,0.22723640473695284,0.23523464878487035,0.5375289514452306,2015,H
2070,0.5116906237379447,0.22943040292990965,0.25887897829919926,2015,A
2071,0.11690267420974476,0.12567609988609849,0.7574212302503289,2015,H
2072,0.4049303377917505,0.15594312963393778,0.4391265226402043,2015,H
2073,0.3727253121917875,0.2582472135326946,0.3690274643414105,2015,H
2074,0.3950412978504723,0.1982421523804475,0.4067165299008651,2015,H
2075,0.33967567605952115,0.2437981062297138,0.4165262127437113,2015,D
2076,0.2341283262785477,0.27770161191543613,0.48817007174012367,2015,H
2077,0.23017841451032953,0.31943481810900903,0.45038675993008087,2015,D
2078,0.1061197959892511,0.2148269193078675,0.6790532822193543,2015,H
2079,0.28975797702189693,0.16647346333592566,0.5437685521915968,2015,D
2080,0.4310054886606089,0.19166297368042642,0.3773315326919111,2015,H
2081,0.41133744162061947,0.3441802758325307,0.24448229496448404,2015,H
2082,0.44014191704258815,0.19000481554423942,0.36985325747906517,2015,A
2083,0.23250195006035934,0.43875898534296986,0.3287390447284557,2015,H
2084,0.22414389687001643,0.19494152197093864,0.5809145910931525,2015,H
2085,0.20277341615105451,0.2798893924094121,0.5173371939230603,2015,D
2086,0.30263746898695143,0.19611339066275904,0.5012491155150209,2015,D
2087,0.2304867369927458,0.28446000225563145,0.4850532657186766,2015,A
2088,0.4831243200416175,0.18568469145623703,0.3311910058868335,2015,D
2089,0.4795968311586593,0.2402341472644055,0.28016900170872033,2015,A
2090,0.25930648504210035,0.23645768689830948,0.5042358230925363,2015,H
2091,0.2926266167412926,0.18484609885051043,0.5225272719905627,2015,A
2092,0.5945255241707508,0.16542459716693306,0.24004987493702604,2015,H
2093,0.4453644262399645,0.30517409360703524,0.24946146649360243,2015,H
2094,0.29343156839685586,0.3933263257798205,0.3132420909221625,2015,H
2095,0.15399481937302226,0.19075325240832267,0.6552519232516013,2015,D
2096,0.07844928871384978,0.13593168190345897,0.7856190467673793,2015,H
2097,0.119006172800233,0.2261483080841937,0.6548455082501433,2015,H
2098,0.28011551579962046,0.21401388940915878,0.5058705997582743,2015,A
2099,0.48091841443930733,0.19660749968594762,0.3224740809076914,2015,D
2100,0.3538030657461844,0.35705599088065254,0.2891409334390554,2015,H
2101,0.28011336717683316,0.1939334806046891,0.5259531547020045,2015,A
2102,0.5411229946247001,0.17988868411433848,0.2789883162939075,2015,D
2103,0.3436970221972075,0.22485426130702502,0.43144872146282126,2015,A
2104,0.2531605813292244,0.26265705336404205,0.4841823603396798,2015,D
2105,0.25326423028881706,0.19078561063309293,0.5559501491439826,2015,H
2106,0.23666567970202324,0.2780126917931777,0.4853216434059601,2015,H
2107,0.09538137544656418,0.11805512055416549,0.7865634981008939,2015,D
2108,0.22143733864289403,0.28486875605049816,0.4936939053066079,2015,D
2109,0.11199065696347665,0.17008908711516926,0.7179202459872466,2015,A
2110,0.40574888435194634,0.3121873795657463,0.2820637410493611,2015,D
2111,0.3165853115394388,0.2856605661541463,0.3977541322405222,2015,H
2112,0.3831306221855395,0.22480847795893408,0.3920609048225801,2015,D
2113,0.09444350879598336,0.1308418590528244,0.7747146458105901,2015,H
2114,0.48486346584493906,0.17276364221934745,0.3423728969027671,2015,H
2115,0.3605495536519932,0.22144659596538432,0.41800385038262244,2015,H
2116,0.07337380265505067,0.14827653851152667,0.7783496513828422,2015,H
2117,0.2854945274506055,0.21973300768013723,0.4947724698363112,2015,A
2118,0.29235452601303946,0.26218364866970756,0.44546183525136046,2015,D
2119,0.3095188070554681,0.2803015799864579,0.410179632826289,2015,H
2120,0.3987852286300971,0.28394171166638066,0.3172730597035221,2015,D
2121,0.548246449968908,0.19789516468091758,0.2538583903172283,2015,D
2122,0.3010490202952966,0.2286759469573706,0.47027503771438633,2015,H
2123,0.37001194204948984,0.22474870982651662,0.40523933818988606,2015,D
2124,0.6561778212919551,0.18027858024169277,0.16354360933178222,2015,A
2125,0.20309045045327812,0.23208897249051172,0.5648205795397371,2015,A
2126,0.6454136157715595,0.1860169749590693,0.16856942168700575,2015,A
2127,0.28804913278000904,0.21254626336338142,0.4994045839883947,2015,H
2128,0.29817285488780204,0.2687347430015475,0.43309238224243557,2015,A
2129,0.30206752326004566,0.2240459935413255,0.4738864931327362,2015,A
2130,0.2553912620730217,0.26415634729551657,0.48045239063146167,2015,D
2131,0.4973946220792549,0.28545682949142276,0.21714853352816121,2015,A
2132,0.24166097869626726,0.18486072696935232,0.5734782993014341,2015,H
2133,0.5667087344725782,0.25889297544588913,0.17439830001564008,2015,A
2134,0.42578910573731915,0.2296610584848077,0.3445498457119806,2015,H
2135,0.3915367832325966,0.23430489119835038,0.37415831936023575,2015,A
2136,0.2133132407067381,0.25061910038939567,0.5360676738050275,2015,H
2137,0.19513834119225196,0.2427201872114999,0.5621414790468288,2015,D
2138,0.23690486392605026,0.2344582386118396,0.5286369073962175,2015,H
2139,0.32467876873344653,0.25302372804070195,0.4222975181270127,2015,D
2140,0.27683964100287106,0.21642111432119995,0.5067392570935634,2015,A
2141,0.06746978951624093,0.09386290004337113,0.8386673346547747,2015,H
2142,0.2786344307068492,0.32240648327600546,0.3989590760830379,2015,D
2143,0.3852975279192135,0.2192133503574699,0.3954891068221554,2015,H
2144,0.2313660996013632,0.3164576698814969,0.4521762205830324,2015,H
2145,0.17856422532583216,0.2629558308768892,0.5584799351049347,2015,H
2146,0.15074054988386698,0.1922399104403586,0.6570195595439894,2015,A
2147,0.1856187641595086,0.20663397246203416,0.6077472584114038,2015,D
2148,0.3113133157494348,0.29836488761383084,0.39032179663673433,2015,A
2149,0.3412634213152396,0.24665060944288775,0.41208596427481886,2015,D
2150,0.40257896638784035,0.3366800743831477,0.2607409492949043,2015,H
2151,0.58757421309677,0.21461130101877515,0.1978144858844548,2015,D
2152,0.4025195669200461,0.26858385763278286,0.3288965903483321,2015,A
2153,0.20275059035132378,0.19971339489059783,0.597536024692186,2015,A
2154,0.31147097179596167,0.24469308346598173,0.44383593480394906,2015,H
2155,0.2474521956419975,0.3167920125302263,0.43575578189366854,2015,A
2156,0.1901095075752877,0.25943278576858564,0.5504576942384924,2015,A
2157,0.3562478632785173,0.18001029027736307,0.4637418489276464,2015,H
2158,0.43415121705759935,0.3245545262584681,0.2412942765521476,2015,A
2159,0.23615459802052907,0.14996706919300892,0.6138783358908708,2015,A
2160,0.5053750790266132,0.17719867443342155,0.31742624405643827,2015,D
2161,0.10537651771785407,0.1951894489080768,0.6994340209564349,2015,H
2162,0.4757910646138182,0.21579762623849488,0.3084112992135794,2015,H
2163,0.11830243627206664,0.11589844322687559,0.7657991285725201,2015,H
2164,0.21407714080552787,0.40440024845575645,0.3815226157057691,2015,H
2165,0.2788239087980744,0.23247310934249907,0.4887029868264801,2015,A
2166,0.05430683708311165,0.07703644231459512,0.8686567472225967,2015,H
2167,0.33858694340918066,0.22577682981322136,0.43563623174465177,2015,H
2168,0.6156156015076361,0.2124446716206052,0.171939724388232,2015,A
2169,0.2574453323181222,0.35169467857580544,0.39085998910607217,2015,H
2170,0.18433852655935326,0.11570005598828037,0.6999614193150115,2015,D
2171,0.4964134984988782,0.22088981231683338,0.28269670408544956,2015,A
2172,0.35224479748656656,0.19779943811139966,0.4499557544679263,2015,D
2173,0.15379174290644576,0.2467446317346961,0.5994636253588581,2015,H
2174,0.11370047683728284,0.18806565728535166,0.6982338435256237,2015,A
2175,0.31758454399483643,0.3797584694288927,0.30265699154332476,2015,H
2176,0.3044887600278958,0.33537654698099423,0.36013469795816366,2015,H
2177,0.2594236775113511,0.3078191401498516,0.4327571575035287,2015,H
2178,0.37686010000384035,0.17423035881642387,0.44890954614678963,2015,D
2179,0.18193857484642673,0.18529198442713812,0.6327694407264349,2015,A
2180,0.13049547778868323,0.32685431545192506,0.5426501918582306,2015,H
2181,0.3117489372101681,0.27970790129728246,0.40854317142665675,2015,A
2182,0.3453932666906816,0.19925458802915955,0.4553521502472126,2015,D
2183,0.3660970738445246,0.27608475305228924,0.35781816316907866,2015,H
2184,0.15234526458611614,0.16932767586399566,0.678327064516942,2015,D
2185,0.5217424556624203,0.19283400019456573,0.2854235515935947,2015,A
2186,0.44225063453494573,0.20032168157755811,0.357427668986335,2015,A
2187,0.4713238543261968,0.14376632740733783,0.38490981578293876,2015,H
2188,0.1930613721637838,0.3111830638668011,0.4957555739035227,2015,H
2189,0.6029497840412982,0.19509863171284683,0.20195159169643553,2015,D
2190,0.34869293718472577,0.25109652832543344,0.4002105245557334,2015,A
2191,0.7474993472790518,0.15879945053921482,0.09370120559658301,2015,A
2192,0.08913422869053861,0.13089177599236893,0.7799740089764899,2015,H
2193,0.25968907148347903,0.1869415988555625,0.5533693246939047,2015,D
2194,0.450103343391198,0.23547447543594902,0.3144221762057992,2015,A
2195,0.2825673806962688,0.16836849920981667,0.5490641176103876,2015,A
2196,0.19479017859688771,0.2463202546384202,0.5588895816658533,2015,H
2197,0.41028872209116835,0.20560792593374466,0.3841033470080332,2015,A
2198,0.5442395979012509,0.14827357816841705,0.30748682796606336,2015,A
2199,0.10117037337367644,0.12006450145981888,0.7787651251665046,2015,H
2200,0.374077606593167,0.2592411940087464,0.366681189463979,2015,H
2201,0.3472681181230785,0.39298495236668907,0.2597469195761249,2015,D
2202,0.11928028517394107,0.1802175013776337,0.7005022109648983,2015,A
2203,0.10624926194262108,0.2285313463884421,0.6652193929107004,2015,H
2204,0.6725502900770497,0.17603276981473293,0.15141692520705638,2015,A
2205,0.37751123282294435,0.19759024703352823,0.42489853504468883,2015,A
2206,0.23585562451004924,0.20442229655723812,0.5597220814162395,2015,D
2207,0.38493840470126495,0.3141513311519843,0.300910274080858,2015,H
2208,0.30091710618358314,0.2861384247758158,0.41294445910649374,2015,D
2209,0.2445294774138398,0.22209115400814206,0.5333793785121256,2015,D
2210,0.19534036302847857,0.18906138775531234,0.6155982541832627,2015,D
2211,0.316129122483463,0.3269383745747842,0.3569325128758604,2015,H
2212,0.17232289152217214,0.17872599897997943,0.6489511144649024,2015,H
2213,0.31883592076425876,0.2363536443267605,0.4448104299419269,2015,H
2214,0.4087638562547535,0.2206280792921855,0.3706080644530612,2015,D
2215,0.45690561945744984,0.2882171802092172,0.25487718046511804,2015,H
2216,0.24745901567245374,0.47313835603964316,0.27940262332084914,2015,A
2217,0.06815792468899388,0.15473471657918603,0.7771073540752073,2015,H
2218,0.13654204236812287,0.25523025907647834,0.6082276935883452,2015,H
2219,0.236051130313046,0.18106328086812937,0.5828855875770612,2015,D
2220,0.3841434181673827,0.25391949608945164,0.36193709567727317,2015,A
2221,0.16355687700694463,0.1848269163282855,0.6516162116318237,2015,H
2222,0.11104521785462883,0.11018673389111049,0.7787680600510133,2015,H
2223,0.32438251680618446,0.28724371875997784,0.3883737544997303,2015,D
2224,0.21408720840952256,0.3187471129619483,0.46716567366147554,2015,A
2225,0.5016219495456465,0.24795185068520567,0.25042619480209394,2015,H
2226,0.44313441390057867,0.19520623529343237,0.36165936322362296,2015,A
2227,0.16187148845704988,0.19176957407222428,0.6463589325036722,2015,H
2228,0.337302465251355,0.19402672035734844,0.4686708292924579,2015,A
2229,0.44272120901259365,0.23431778990098537,0.3229609961193672,2015,D
2230,0.12737106909269466,0.14350221145383563,0.7291267293875773,2015,D
2231,0.36620190009505,0.28571469204361993,0.348083427729545,2015,A
2232,0.170587974742651,0.18003533518855339,0.6493767037281934,2015,D
2233,0.4068039624099808,0.19835239085760512,0.39484363183125293,2015,A
2234,0.6968880290873815,0.15113854877494168,0.151973408478279,2015,D
2235,0.23630605099448862,0.1716885222172293,0.5920054118871209,2015,H
2236,0.09577942666117346,0.18471744224681116,0.7195031385425961,2015,H
2237,0.2436151567190968,0.14953498534320234,0.6068498380694859,2015,H
2238,0.16595284816117714,0.18185631072923034,0.6521908361425387,2015,H
2239,0.5764097238296149,0.2242094512300775,0.19938080507209277,2015,A
2240,0.2972339052170752,0.28139217679066914,0.4213739179922557,2015,A
2241,0.1403548983026731,0.09147604006737524,0.7681690634925968,2015,D
2242,0.17378780369893734,0.21289803726396964,0.6133141540700392,2015,H
2243,0.6309694714622304,0.18472022494675389,0.18431030359101586,2015,D
2244,0.11061262304985349,0.15588703902335777,0.7335003410311973,2015,H
2245,0.09107606583631646,0.07755677758977474,0.8313671311177585,2015,D
2246,0.33383183082985485,0.2870510182465061,0.37911714595658536,2015,D
2247,0.10501887495838118,0.12730051399201828,0.7676806135331273,2015,H
2248,0.22831185754739447,0.2830575770367933,0.48863056044875836,2015,H
2249,0.6312267564295543,0.14604021237079798,0.22273301940289528,2015,A
2250,0.24075064409806257,0.38827866304270303,0.3709706978262881,2015,H
2251,0.2582741610877405,0.3805728338104351,0.36115301503593183,2015,H
2252,0.19536396418151022,0.2991209708762302,0.5055150711510766,2015,D
2253,0.3670265275211793,0.27176593319081044,0.3612075293539028,2015,H
2254,0.6943628084518719,0.17818155394532464,0.1274556338775134,2015,H
2255,0.42377375923645394,0.20733563993292567,0.36889058592945917,2015,D
2256,0.1027323386027607,0.08792414056555849,0.8093435127602184,2015,H
2257,0.5746719221835483,0.21726075280158277,0.20806732749839577,2015,A
2258,0.2937898322244809,0.33098009555888436,0.37523005855723685,2015,D
2259,0.12233729687062848,0.19651862819156496,0.6811440774213335,2015,A
2260,0.217968008212609,0.22362182528967356,0.5584101565636099,2015,D
2261,0.23409738078705786,0.2518497788578008,0.5140528602233563,2015,H
2262,0.426659744558952,0.2385052161732066,0.3348350293337338,2015,H
2263,0.12252588198954166,0.15989942765375373,0.717574700290812,2015,H
2264,0.35706292984777716,0.1837853108439896,0.4591517642752872,2015,D
2265,0.15917202200018352,0.10608470680220583,0.7347432562964494,2015,A
2266,0.24939370467637426,0.1908171729582038,0.5597891273324758,2015,H
2267,0.2174821403734777,0.14537335085645586,0.6371445162206469,2015,D
2268,0.35113174288747956,0.23515021492896257,0.4137180421835578,2015,H
2269,0.2580941397579554,0.1954017804980914,0.5465040896780605,2015,H
2270,0.3226845041679495,0.2714814935304848,0.40583397746629685,2015,D
2271,0.06940995165395208,0.10370464560253517,0.8268854046061579,2015,H
2272,0.5743933897728676,0.20405919525008379,0.22154741497704866,2015,D
2273,0.43616529354706546,0.21368541925156417,0.35014928471784357,2015,H
2274,0.41995979282666324,0.2568611382174411,0.32317904908768064,2015,H
2275,0.3319298415444118,0.25887487437757883,0.409195274143902,2015,H
2276,0.5489545481418425,0.1938309153201424,0.25721452163685393,2015,D
2277,0.08821109517152925,0.10598643967676787,0.8058024632890578,2015,H
2278,0.6204884631865107,0.19681241153570614,0.18269912651954653,2015,D
2279,0.12053814881694562,0.20611463006431308,0.6733472260857948,2015,H
2280,0.6322783494416915,0.12390658570282437,0.24381505740490353,2016,A
2281,0.4120572542138497,0.288694731742369,0.29924802894494257,2016,A
2282,0.6316099064601384,0.13538144040736322,0.23300863698957386,2016,D
2283,0.5647507828342926,0.24184369295005861,0.19340551428154149,2016,H
2284,0.33707925125289556,0.2915481579342475,0.3713725759116957,2016,H
2286,0.264099451827913,0.2309651124433136,0.5049354158605585,2016,D
2287,0.3051052785157596,0.21462425197542256,0.4802704744758716,2016,A
2288,0.52203157266222,0.2602946980524688,0.2176737441864723,2016,A
2289,0.5708053248111402,0.17125625001481673,0.2579384152399356,2016,H
2290,0.21415235219327408,0.2802326960355085,0.5056149542547442,2016,H
2291,0.39617198502778844,0.26154628645416794,0.3422817384521511,2016,A
2292,0.15585619022102107,0.18268708383885368,0.661456728423652,2016,H
2293,0.497443452231985,0.22533030310837635,0.2772262545937461,2016,A
2294,0.2423459381036783,0.24961218711187017,0.508041869817398,2016,A
2295,0.540113270601628,0.23135686664568222,0.22852984785152874,2016,H
2296,0.3611862201686371,0.2210959488239247,0.4177178359744919,2016,D
2297,0.2156320984634018,0.2622404290349061,0.5221274526334773,2016,A
2299,0.2007535212938464,0.21145683373550597,0.5877896300694863,2016,H
2300,0.3897367546757368,0.2729762375370393,0.33728701772133124,2016,A
2301,0.32290745948574145,0.23625449685302424,0.4408380436612343,2016,D
2302,0.23085879763436248,0.2674893826938721,0.5016518395399804,2016,D
2303,0.2878200345760504,0.22273723111110275,0.4894427442469544,2016,H
2304,0.23879819000443567,0.30735214708358277,0.4538496604284547,2016,A
2305,0.1565963652428945,0.30293729280741866,0.5404663568508481,2016,H
2306,0.2934242538125427,0.1997301014525353,0.5068456472184488,2016,D
2307,0.12181276488970323,0.2518730567564594,0.6263141684197299,2016,H
2308,0.3483773324045713,0.2572270408150536,0.3943956218133213,2016,H
2310,0.4832591028174518,0.23730678927949989,0.2794341079030483,2016,A
2312,0.2811671221545982,0.22945186512319013,0.48938099782105043,2016,A
2313,0.2452624135674404,0.28845244073782594,0.46628516556294847,2016,A
2314,0.39686060969555514,0.26472056485752926,0.3384188304139694,2016,D
2315,0.3330410599887768,0.2279796751611396,0.43897926981713725,2016,H
2316,0.2865540980671213,0.28962578436983244,0.4238201225301,2016,H
2317,0.25127160430441736,0.24374628780000018,0.5049821029285287,2016,H
2318,0.513626031448494,0.2761802049322969,0.21019376361920936,2016,D
2319,0.36948169530244485,0.3868168600948907,0.24370144460266452,2016,A
2320,0.17233255390946214,0.23861949870671764,0.5890479424167663,2016,A
2322,0.4570507559664352,0.3069616598759473,0.23598757919056382,2016,A
2323,0.19758629789708257,0.26931036711038364,0.533103349893695,2016,H
2324,0.06893418136843187,0.14573369944276174,0.7853321142217528,2016,H
2325,0.3617536462228326,0.2580488489800204,0.3801975047971469,2016,H
2326,0.09466031487868838,0.14841150824976115,0.7569281948771204,2016,H
2327,0.46393048373700063,0.33335536672665533,0.20271414456929024,2016,H
2328,0.14917081439516858,0.20232882160546095,0.6485003615158437,2016,H
2329,0.1265257415530743,0.1818972227554011,0.6915770282409438,2016,H
2330,0.31506294499134857,0.17938899405328176,0.5055480572300793,2016,H
2331,0.5921386219679218,0.2660599001160613,0.14180147046543645,2016,H
2332,0.11991181835124375,0.2521675888852738,0.6279205977305362,2016,H
2333,0.14026566512519198,0.1820979800268491,0.6776363560897224,2016,H
2334,0.5704730407194426,0.20489476494748518,0.22463219433307238,2016,A
2335,0.4333110475150191,0.2743079215261372,0.29238101605768246,2016,D
2336,0.38204965019055254,0.24293938373957183,0.3750109760039831,2016,A
2337,0.6591252614200896,0.20217786630810286,0.13869688468944186,2016,A
2338,0.38289074291297903,0.25444456236693735,0.3626646947200836,2016,A
2339,0.5167442223806684,0.21377615471928438,0.2694796229000473,2016,H
2340,0.357459324859303,0.18672671148111575,0.4558139512419472,2016,D
2341,0.5505662998703404,0.16064614225899773,0.28878757277182304,2016,A
2342,0.32351919266643736,0.316165006945987,0.3603158003875757,2016,D
2343,0.6972728296755183,0.17161770855795336,0.13110947666768966,2016,A
2344,0.300283966347824,0.32457282266131166,0.3751432209249719,2016,D
2345,0.17807257224431403,0.29226937186393603,0.5296580409905887,2016,D
2346,0.6744198164344399,0.19771746844068658,0.12786271512487343,2016,A
2347,0.393305838550896,0.27817719349864034,0.3285169580163562,2016,D
2348,0.09816318964628734,0.13341025991358998,0.7684265491983594,2016,D
2349,0.2899829298119833,0.24062514810513114,0.469391912148778,2016,H
2350,0.12642063792627312,0.21084816540142118,0.662731206606413,2016,H
2351,0.5224287321555113,0.24435804513029638,0.23321323761535342,2016,D
2352,0.4008816286705473,0.23338560561844823,0.365732755776897,2016,H
2353,0.2591548299986963,0.19280418693929904,0.5480409892708219,2016,H
2354,0.1416654143715451,0.2759486814518131,0.5823858992095882,2016,H
2355,0.35128633226380135,0.1926050488315174,0.45610863380584227,2016,A
2356,0.15018334991730486,0.16187374728864276,0.6879428903764183,2016,D
2357,0.3447562186084907,0.28417805861287054,0.37106573271274623,2016,A
2358,0.14458832803468222,0.17368240449110015,0.68172925754011,2016,H
2359,0.2564396717990673,0.17104567849951582,0.5725146348002558,2016,D
2360,0.30528181742728694,0.26582596484087,0.4288922177318431,2016,D
2361,0.1019813323638112,0.24034030416743468,0.657678368435808,2016,H
2362,0.19074106328719678,0.2600659685784583,0.5491929731013987,2016,H
2363,0.36607690267747545,0.31898813008236726,0.31493496724015735,2016,H
2364,0.30646029510144973,0.2841524780447417,0.40938723678791594,2016,A
2365,0.6020052898887895,0.228947108226118,0.16904761430272683,2016,D
2366,0.07915274254406955,0.09710957354315214,0.8237376829814559,2016,D
2367,0.6271237199680536,0.1774763725879903,0.19539989378455846,2016,H
2368,0.16787300177888623,0.20312327211042516,0.629003733561269,2016,H
2369,0.16825269274256213,0.2141251945096896,0.6176221102642215,2016,D
2370,0.6306033501744517,0.20894234232974337,0.1604543124628586,2016,A
2371,0.1337986361395718,0.21962639469392517,0.6465749542653421,2016,D
2372,0.45280986761370673,0.21242432382257573,0.33476580359666386,2016,A
2373,0.6951482400291633,0.19863229447396624,0.10621948070847254,2016,A
2374,0.09571318174743175,0.1906874127906589,0.7135994017366191,2016,D
2375,0.27865383173356767,0.2510111561542421,0.47033501707924397,2016,H
2376,0.27244415142881245,0.16114943378129531,0.5664064160316558,2016,H
2377,0.19175521684814997,0.15804353046715522,0.6502012601352755,2016,H
2378,0.3666402626395446,0.23313378350853362,0.4002259538519217,2016,A
2379,0.2674583261090591,0.2647767580831209,0.46776491580782004,2016,H
2380,0.16989352115475032,0.1835520167986183,0.6465544645301583,2016,A
2381,0.29660270189440735,0.15625314916016525,0.5471441328025027,2016,H
2382,0.24141147723719666,0.18082992566195735,0.577758597100846,2016,H
2383,0.05887002982368983,0.10909022190743717,0.8320397513732817,2016,D
2384,0.3544536201254184,0.3197250165157633,0.3258213633588183,2016,D
2385,0.5748914312155121,0.18274231949504213,0.24236625922355334,2016,A
2386,0.5060634370698763,0.23127088788038386,0.26266568001679363,2016,H
2387,0.42383248689967373,0.21631647251762223,0.3598510356156502,2016,A
2388,0.08938621331438516,0.16014157348062638,0.7504722271748271,2016,H
2389,0.22402481307189123,0.2195462228727648,0.5564289739894516,2016,D
2390,0.667836980936075,0.16459178946441014,0.16757123580833203,2016,A
2391,0.14824615780487727,0.3901113214353655,0.46164252572681114,2016,D
2392,0.21050116003236394,0.3733952768519968,0.4161035581485854,2016,D
2393,0.30931739040335815,0.3733357056649222,0.31734690889877354,2016,D
2394,0.37179290332028664,0.26684540523905115,0.36136170634182346,2016,A
2395,0.3138165655734951,0.28945064322650677,0.39673278623294445,2016,H
2396,0.09760035097983838,0.13215014200792966,0.7702495126001675,2016,H
2397,0.23428126221372747,0.29764274176004696,0.468076005960333,2016,H
2398,0.5789026113540471,0.23765579128642367,0.1834415923924755,2016,A
2399,0.2771872668743665,0.3115139137316361,0.41129881939399743,2016,H
2400,0.4808293293287534,0.20813009068352914,0.31104057005361,2016,D
2401,0.05865795225924638,0.1827815855593333,0.758560469942442,2016,H
2402,0.2767005736267523,0.3682141157247216,0.35508531064852594,2016,H
2403,0.3288631621660376,0.3187054393168112,0.352431418385366,2016,D
2404,0.44255253342404527,0.1315997574399166,0.42584771907014557,2016,H
2405,0.5620883962903912,0.22778559433459997,0.2101260093750089,2016,A
2406,0.21472498893601952,0.22431163491806952,0.5609633662118035,2016,H
2407,0.09574471106639303,0.2238767769107429,0.6803785259927028,2016,D
2408,0.25670289310251776,0.32811820299465544,0.41517890390282686,2016,H
2409,0.3519003925123887,0.2797374631009057,0.3683621543208131,2016,A
2410,0.35124756752116876,0.2409937982455749,0.4077586342332564,2016,H
2411,0.17347544828066322,0.3280762362806165,0.49844830674637625,2016,A
2412,0.07558898388974002,0.15736458230957193,0.7670464415617095,2016,H
2413,0.37314858233611564,0.3299979736624225,0.29685342413324695,2016,H
2414,0.19319736793439898,0.25366365944051905,0.5531389825591896,2016,H
2415,0.4952205772581086,0.2655813667801892,0.2391980634122827,2016,H
2416,0.5727896023936151,0.2234102134341184,0.2038001841722666,2016,A
2417,0.3776379350269025,0.4381488437251621,0.18421324359967728,2016,H
2418,0.5119646452726117,0.1847063395713265,0.30332901267253504,2016,D
2419,0.23835694294231904,0.2346588760347547,0.5269841810229263,2016,H
2420,0.2852746909305264,0.2928395118954536,0.42188580710812745,2016,H
2421,0.5523608525478751,0.2069298869945386,0.24070928032580122,2016,H
2422,0.27851648395665246,0.2660794268514075,0.45540408919194003,2016,H
2423,0.3875310680869311,0.266221197948795,0.34624774389838125,2016,H
2424,0.28282410153092946,0.3786222489070458,0.3385536346608636,2016,D
2425,0.20468308532909252,0.18118614278350922,0.6141307718873984,2016,H
2426,0.1479581127582594,0.21793386470214848,0.634108022539592,2016,H
2427,0.13056032746141719,0.2717098364237352,0.5977298510160091,2016,D
2428,0.2351415732347756,0.31445472946352054,0.4504037146863918,2016,H
2429,0.17710721928520093,0.28257071902248404,0.540322061692315,2016,H
2430,0.22773998440173462,0.3498945705207192,0.42236545004459985,2016,H
2431,0.4711517436316714,0.3319692945700596,0.19687895683121534,2016,H
2432,0.2544294375143373,0.286674559008722,0.4588959935428331,2016,H
2433,0.0703631009579455,0.14163960122282004,0.7879972841598368,2016,H
2434,0.15275634814561712,0.20863820517266382,0.6386054566158266,2016,H
2435,0.3664373123635885,0.25697402808063313,0.37658865955577836,2016,D
2436,0.6200520024122489,0.17563527884556038,0.20431271377513704,2016,A
2437,0.4910629958678907,0.3268177680014202,0.18211921626247426,2016,A
2438,0.32051957201589193,0.2666475469605305,0.4128328859906314,2016,H
2439,0.5132726341926901,0.23219589347133418,0.25453147233597573,2016,A
2440,0.6137841828457091,0.23920772723101869,0.14700809240679918,2016,A
2441,0.2958500048509136,0.2366745959316937,0.46747541411855376,2016,H
2442,0.24734271716650835,0.26147948999544435,0.4911777829039399,2016,D
2443,0.3761266069384142,0.27336733083462833,0.3505060622269575,2016,H
2444,0.39186381804471426,0.24771479221788706,0.3604213897373986,2016,A
2445,0.26471532578162366,0.3443094931917714,0.39097518102660483,2016,H
2446,0.07424020274887326,0.20091639263204727,0.724843403377316,2016,H
2447,0.21104870869585235,0.34272191350656217,0.44622938276463925,2016,H
2448,0.44714350195477587,0.2427628547986809,0.31009363827948944,2016,A
2449,0.5038848612717937,0.22975459928158226,0.26636054441367785,2016,A
2450,0.1200844490437057,0.2304836223463461,0.6494319354396471,2016,H
2451,0.3207256250068542,0.23791641075777115,0.4413579692024283,2016,H
2452,0.14884665727802704,0.2005833598583314,0.6505699828636415,2016,H
2453,0.6052422052713419,0.2137687898522965,0.1809889899752005,2016,A
2454,0.282884015801004,0.2812831255693823,0.4358328486955063,2016,A
2455,0.14561028733380593,0.15465541871370758,0.699734277809562,2016,H
2456,0.39510929447470794,0.31168707992298783,0.29320363553641177,2016,A
2457,0.16345263643148397,0.3074432151582829,0.5291041608278676,2016,D
2458,0.18857152168804966,0.24531216669761804,0.5661163116143323,2016,H
2459,0.3765030899941327,0.3140813140658719,0.3094156058741027,2016,A
2460,0.43516842797590966,0.26668704289034,0.29814451919964274,2016,D
2461,0.3075943112691288,0.25633768653369965,0.43606799723011797,2016,H
2462,0.21998113793232185,0.16369771879302997,0.6163211234064332,2016,H
2463,0.38513777762605433,0.24564817478176507,0.3692140376580733,2016,H
2464,0.3503470029080506,0.24678676931947718,0.4028662476406872,2016,H
2465,0.11421548833897742,0.1303344893158744,0.7554500360045461,2016,H
2466,0.14293377733891344,0.3403681811543189,0.5166980427485312,2016,A
2467,0.32464540406388537,0.3309917596576102,0.34436281641028965,2016,A
2468,0.5087546352693422,0.24236947187688984,0.24887588788671425,2016,A
2469,0.08227861460859791,0.15915093488389911,0.7585704554745568,2016,H
2470,0.2797914362713636,0.2386061831809633,0.48160236067945816,2016,H
2471,0.1065233708270699,0.23712174918187645,0.6563548849581075,2016,H
2472,0.2784063939726753,0.2650008258207054,0.4565927901407268,2016,D
2473,0.5838095280495265,0.25081294952013516,0.16537752739739228,2016,D
2474,0.2415834458262326,0.2928883530570469,0.46552819614966684,2016,H
2475,0.48190854935847177,0.21396339897329994,0.3041280566352821,2016,A
2476,0.477122471899744,0.3263952203097778,0.19648230779047815,2016,D
2477,0.4094351818846394,0.2696442847636011,0.32092053335175946,2016,A
2478,0.38005071517989836,0.2617968400507599,0.35815242986818047,2016,H
2479,0.27646812697613815,0.22335935454244848,0.5001725333825745,2016,H
2480,0.1132468462244064,0.16184323324395142,0.7249098981799005,2016,H
2481,0.14277289044861483,0.17092705645079798,0.6863000565154366,2016,H
2482,0.3181422192528898,0.36193060468729515,0.31992718599392245,2016,A
2483,0.24609527392213018,0.2936365359114466,0.4602681901664232,2016,D
2484,0.5285977425429395,0.28608090951078236,0.18532134794627822,2016,A
2485,0.33672171624794395,0.31352021476009945,0.34975806899195666,2016,A
2486,0.3192075201694085,0.28088056829611613,0.3999119016003679,2016,H
2487,0.28469970002102934,0.3362608885695524,0.3790394263105797,2016,H
2488,0.5141073656692234,0.2358779863692491,0.2500146529285813,2016,H
2489,0.16609619982313795,0.23883389540028932,0.5950699122271533,2016,D
2490,0.27103391459625886,0.25997431741052973,0.46899175805910387,2016,D
2491,0.3032843985189187,0.31461324344722114,0.3821023580338601,2016,A
2492,0.10864045243046082,0.22118747353280901,0.6701720963884722,2016,A
2493,0.37045185209655046,0.37259589779258145,0.25695226004497557,2016,D
2494,0.5517749888433066,0.19404874359585508,0.25417627749494603,2016,A
2495,0.5713574802533355,0.2462934906393716,0.18234904897550788,2016,D
2496,0.38369110319213195,0.2408421715726665,0.37546673020225524,2016,H
2497,0.10977205235901359,0.21558043826520548,0.6746474944746197,2016,H
2498,0.0798839211434831,0.1281113355188653,0.792004733403544,2016,H
2499,0.19762384935566035,0.42301246129245335,0.37936368438483264,2016,H
2500,0.34060489066973104,0.2049033671029353,0.45449175340320463,2016,D
2501,0.7100393094661785,0.19932526583451105,0.09063542345754705,2016,D
2502,0.4347412355713554,0.30461052002214345,0.2606482295053399,2016,H
2503,0.07422010413336677,0.118683444558539,0.8070964736598362,2016,A
2504,0.2226242974642617,0.21114214820105026,0.5662335642687956,2016,A
2505,0.2565940147255335,0.31645224786610754,0.4269537125730903,2016,H
2506,0.29240700610231435,0.2866934371925034,0.42089955670518225,2016,D
2507,0.05784416132367146,0.12725079514486892,0.8149050410479327,2016,D
2508,0.43494023003374677,0.30350776041224914,0.26155200955400426,2016,D
2509,0.40516853865978386,0.22354369804789773,0.37128775335821107,2016,A
2510,0.19639579532450047,0.3797921487275351,0.4238120658820721,2016,H
2511,0.27121733000268816,0.2960968965815607,0.43268578831691223,2016,A
2512,0.15158115066654262,0.26076230968320574,0.587656534683198,2016,H
2513,0.5442884507809621,0.21374910112890647,0.24196244312307758,2016,H
2514,0.29810756791839516,0.2644655744862159,0.43742686256244284,2016,A
2515,0.0669967211870041,0.14878366680347352,0.7842196120095224,2016,H
2516,0.34830204617869404,0.3049409567470442,0.3467569871401544,2016,H
2517,0.2692317320930861,0.332972199393984,0.39779604864471524,2016,H
2518,0.10752759867953769,0.253637469720465,0.6388349334626423,2016,H
2519,0.5000884075127515,0.2971119899337908,0.20279960752051154,2016,A
2520,0.07599379188191846,0.14154515082912708,0.7824610336954495,2016,H
2521,0.47550912842568144,0.2881762231876603,0.23631466328781947,2016,A
2522,0.3857235589060077,0.20365881201453906,0.4106176241123995,2016,H
2523,0.5982417579550445,0.20664325217831983,0.19511498862487234,2016,D
2524,0.09457208285371049,0.18141213238443107,0.7240157897289122,2016,H
2525,0.20064066319143561,0.26556489441885134,0.5337944274885519,2016,H
2526,0.24818682690050342,0.2918376279931455,0.45997555007340485,2016,D
2527,0.2688661877078281,0.3002250308630186,0.4309087764620996,2016,H
2528,0.3396883547124124,0.2824446909442254,0.37786697421157717,2016,D
2529,0.6619506998679813,0.1924529492596362,0.14559636887795233,2016,A
2530,0.24589957715627664,0.2840033767246552,0.47009705108612176,2016,H
2531,0.33597913423778075,0.3321265566199865,0.3318942992081252,2016,D
2532,0.14951832159594458,0.1789706122436329,0.67151107609453,2016,H
2533,0.14558048272604104,0.29354431910109546,0.5608752031399171,2016,H
2534,0.28419723493736776,0.24581478228914258,0.4699879877405433,2016,H
2535,0.4096046208834667,0.2538609014793034,0.33653446770312234,2016,D
2536,0.13224334401248075,0.18326031956064556,0.684496328976293,2016,H
2537,0.6415226666324487,0.21652236440334405,0.14195497641478788,2016,H
2538,0.2998031569695893,0.2808437620196642,0.41935307107663894,2016,H
2539,0.3052025791386486,0.2789572814747221,0.41584015925484413,2016,H
2540,0.08926327353976271,0.2227804791140092,0.6879562498297552,2016,D
2541,0.25102715151956506,0.2843391011467437,0.4646337423666375,2016,H
2542,0.38923677856665256,0.26996473923062925,0.34079846730155694,2016,H
2543,0.5243514029828275,0.2154361647918844,0.260212437192342,2016,A
2544,0.3244177097376157,0.1873621822574317,0.48822009807084493,2016,A
2545,0.2594293490251494,0.27210616394041637,0.4684644969685417,2016,H
2546,0.7186501220048327,0.20059670922714254,0.08075316442185278,2016,A
2547,0.44220114199170796,0.30300128185711667,0.2547975612500141,2016,A
2548,0.13907496293582802,0.1943425311231606,0.6665825009739575,2016,D
2549,0.31855215690749705,0.30787028025699675,0.37357754793434483,2016,H
2550,0.1897650739624377,0.17252834845558995,0.6377065601972841,2016,H
2551,0.3143735802396664,0.3044564308633902,0.3811699839298897,2016,H
2552,0.13731417680287852,0.22503688162493843,0.6376489614403981,2016,H
2553,0.27925496814532225,0.27789413839417015,0.44285089842756126,2016,A
2554,0.3761891138279208,0.2696737819569338,0.35413709924809167,2016,H
2555,0.45084332849878006,0.2626575204024119,0.28649916599996916,2016,D
2556,0.3534272982659863,0.3671376888664864,0.2794350228016346,2016,A
2557,0.13600131234739724,0.1892822463317462,0.6747164462879103,2016,H
2558,0.2128828760555885,0.2778423170817698,0.5092747969285342,2016,H
2559,0.3715017516723729,0.24956479292949915,0.3789334355299128,2016,H
2560,0.29733595497070103,0.23634794830851777,0.46631608678667374,2016,D
2561,0.5119297515543949,0.3255384007651239,0.16253184768048104,2016,A
2562,0.20696700611456095,0.2550398789761524,0.5379931049751794,2016,H
2563,0.2611199599437553,0.2442925270816232,0.4945875129746215,2016,H
2564,0.3078768111127385,0.3013005706040453,0.39082261828321624,2016,H
2565,0.21291358016085246,0.28708374604733916,0.5000026638577011,2016,D
2566,0.10765364149013971,0.19768173722034035,0.6946646014213052,2016,D
2567,0.11206778949084206,0.177012848305505,0.710919340472793,2016,A
2568,0.5480790121886533,0.27479993761376825,0.17712104523052483,2016,A
2569,0.3258470993942286,0.18773703686041623,0.486415868712409,2016,H
2570,0.4084318443805501,0.2557188026118395,0.3358493530076104,2016,H
2571,0.40084952775318294,0.1904982623042132,0.40865220745907704,2016,D
2572,0.20563518625443322,0.2281861770486453,0.5661786416639752,2016,D
2573,0.2528921882206096,0.3216081133452178,0.4254997034012263,2016,H
2574,0.2538293888895566,0.3005804541816196,0.4455901370606088,2016,H
2575,0.1973475264810618,0.23432638804361286,0.5683260805082716,2016,D
2576,0.2784485511164371,0.28498197733883623,0.4365694814788342,2016,H
2577,0.10664046240585272,0.21532395966547566,0.6780355679945643,2016,D
2578,0.17640353382918664,0.367517261380865,0.45607920975700217,2016,H
2579,0.5780096131161446,0.2577857088925038,0.16420469040898603,2016,A
2580,0.2302975034638063,0.2698198145954781,0.49988268194071567,2016,H
2581,0.1350864593797276,0.19866038463900526,0.6662531482202457,2016,H
2582,0.29550046679422154,0.32729171648491295,0.3772078365890805,2016,H
2583,0.5480738847593928,0.28377307784784106,0.16815302745865882,2016,A
2584,0.10766735775270019,0.1899626746257502,0.7023699676215496,2016,H
2585,0.2834327241028239,0.28774946391269024,0.42881781198448604,2016,D
2586,0.4893297197245054,0.27416530376972115,0.23650500134104221,2016,A
2587,0.10287051891698336,0.16151762515209864,0.7356118683485523,2016,H
2588,0.285199112136743,0.2904209554283281,0.42437992250082157,2016,A
2589,0.36041775662670084,0.3008522034749506,0.33873005479950974,2016,H
2590,0.28005143672844546,0.23431967794525274,0.48562889526040937,2016,H
2591,0.7006033362491362,0.15120481807305575,0.1481918556119155,2016,A
2592,0.5251425660740935,0.2653818574010432,0.20947559142602468,2016,H
2593,0.48417841395732725,0.24861761361364035,0.2672039773960862,2016,D
2594,0.07502142117153442,0.140725659668011,0.784252898360917,2016,H
2595,0.5294241094926211,0.2209875637465543,0.24958834166198565,2016,D
2596,0.27857055925721924,0.3047225533211029,0.4167068973557854,2016,H
2597,0.4181549390591031,0.18228647502556658,0.3995585859153303,2016,A
2598,0.16180359207414122,0.2012649130938262,0.6369315097331939,2016,H
2599,0.33215407144478304,0.22259521383810563,0.4452507395523799,2016,H
2600,0.24486728183835738,0.31231031863585085,0.4428223895916843,2016,H
2601,0.4802793747513647,0.24843066905608646,0.2712899561925489,2016,A
2602,0.31484964891803113,0.2712647019738884,0.4138856491080804,2016,A
2603,0.3120149004261104,0.3031344411081377,0.38485067833396674,2016,H
2604,0.43311628051001927,0.2501238418394017,0.3167598875846866,2016,H
2605,0.5230451690910664,0.22157559097627258,0.2553792312403171,2016,H
2606,0.39994135813935966,0.31159392982924944,0.2884647219654982,2016,D
2607,0.5555302344509503,0.24794125303047024,0.19652851251857953,2016,A
2608,0.24767222045407297,0.21116504443502196,0.5411627251767976,2016,A
2609,0.11214800262252422,0.13183343146745172,0.7560185789485402,2016,H
2610,0.23263884844644286,0.2685228499588012,0.49883829166064847,2016,H
2611,0.6569765634993264,0.1831790329839941,0.1598444010331527,2016,A
2612,0.2930300162241268,0.29404499960299185,0.4129249841728814,2016,H
2613,0.17448571324809703,0.26276807824271314,0.5627462184432973,2016,D
2614,0.2481944579908867,0.23754367815867072,0.5142618539163352,2016,D
2615,0.27366834247577687,0.21129526341524407,0.5150364090101401,2016,D
2616,0.18201325932847723,0.24453956610001545,0.5734471956814857,2016,A
2617,0.2063996963102294,0.2523056289489926,0.541294674740778,2016,A
2618,0.29328720771205713,0.27743802999622713,0.42927477719287704,2016,A
2619,0.40108557150399377,0.35792403486892505,0.24099039362708133,2016,A
2620,0.11844272175748109,0.19089818857235627,0.6906590834613455,2016,D
2621,0.5658810490208112,0.22955869008300334,0.2045602509620781,2016,D
2622,0.3610748554666728,0.15300138698574706,0.48592376499816065,2016,H
2623,0.4570505972518242,0.29892776888066946,0.2440216338675064,2016,A
2624,0.6560409427436631,0.19546201055341872,0.1484970392523376,2016,H
2625,0.08945625452939705,0.13776183700624786,0.7727819103270002,2016,H
2626,0.20543031494854333,0.2954317868167147,0.49913789078416143,2016,H
2627,0.35995590353426565,0.3035294482233413,0.33651463830828554,2016,H
2628,0.2904368083225258,0.21191057161199703,0.49765263496663836,2016,A
2629,0.2988711828552905,0.3055907940343838,0.39553801317621834,2016,D
2630,0.3369263932657447,0.22379619137549808,0.43927741535875725,2016,D
2631,0.27881300822913785,0.2760901744218835,0.4450968173489786,2016,H
2632,0.12378699984903337,0.19284373175319083,0.683369263430722,2016,D
2633,0.08991716346054922,0.13541498850459896,0.7746678610733678,2016,H
2634,0.5259961621497756,0.2000698537143585,0.273933972959995,2016,A
2635,0.18223407515954992,0.29102237378227236,0.5267435709263927,2016,H
2636,0.36734884372963633,0.26048121241122174,0.3721699438591419,2016,A
2637,0.35733761116624724,0.3130743139332761,0.32958808483458407,2016,A
2638,0.11037339571655176,0.152801872595214,0.736824739138815,2016,H
2639,0.3691348390711157,0.30219922516203573,0.32866593576684855,2016,A
2640,0.22115772549895205,0.26706530232303255,0.5117769672109617,2016,H
2641,0.3208459596630141,0.31949322648497747,0.35966083372022334,2016,A
2642,0.25429846018217045,0.33754967410628706,0.4081518806127038,2016,H
2643,0.08383948650719282,0.17507241199448917,0.7410881008774365,2016,H
2644,0.3234205646513934,0.2608598313634918,0.4157196039851148,2016,A
2645,0.08094193565623001,0.18575195272855471,0.7333061227910861,2016,H
2646,0.2596758497637686,0.19532333015010858,0.545000834987284,2016,H
2647,0.10010032337347778,0.1813162942999906,0.7185833823265318,2016,H
2648,0.3068828774257178,0.3347034838065867,0.35841361889948065,2016,D
2649,0.4542856123013372,0.1901223427615543,0.35559204245358184,2016,A
2650,0.6743303182583325,0.1828197275051824,0.14284996789588303,2016,A
2651,0.14151341812707782,0.18332755987617885,0.6751590257220337,2016,H
2652,0.22668403124796974,0.264048268717668,0.5092677149355236,2016,H
2653,0.06468342434662379,0.14919570199238136,0.7861208662104144,2016,H
2654,0.26297474545957117,0.23296221001364348,0.5040630643950004,2016,A
2655,0.3233163824366131,0.24833591660027432,0.42834770096311253,2016,A
2656,0.4406838332529945,0.2516987610490375,0.3076174156320757,2016,D
2657,0.19276813070165977,0.131476973670328,0.6757548881774317,2016,H
2658,0.5872531368014774,0.2772760193672396,0.1354708463148098,2016,A
2659,0.06572507979560842,0.0863478246288868,0.8479271067513757,2016,H
2660,0.16916792185124094,0.26882755706251826,0.5620045235697676,2017,H
2661,0.44873364546509836,0.2550452258109671,0.2962211138227731,2017,H
2662,0.4781726047131086,0.25183493794327966,0.2699924573436117,2017,D
2664,0.4677160993941774,0.2779983794923029,0.2542855211135197,2017,H
2665,0.14378751873787352,0.2315782613367372,0.6246342025407013,2017,A
2667,0.6770291848242667,0.1837555723407919,0.13921522048319968,2017,D
2668,0.347769342953467,0.27391647993114726,0.37831415724717066,2017,H
2669,0.5165283543143445,0.21418646896577864,0.2692851866539843,2017,A
2670,0.10982908417569948,0.29258111092286043,0.5975897974508596,2017,H
2671,0.13860628307750789,0.19385759454282514,0.6675361074785059,2017,H
2672,0.6017732334097374,0.21415491933733688,0.18407185221997943,2017,H
2673,0.2900123148973552,0.19700914212831344,0.5129785578754926,2017,A
2674,0.18848812229044395,0.21279929637166237,0.5987125763708401,2017,A
2676,0.41457126945172457,0.34643084005225955,0.23899789546306952,2017,A
2677,0.2718370284614713,0.1573463538315267,0.5708166139817118,2017,A
2679,0.09457893870168699,0.16311840872221875,0.7423026488508041,2017,D
2680,0.6717317593986015,0.19097153694589872,0.1372967061390267,2017,A
2681,0.23776726035028706,0.2977074910643298,0.4645252485853831,2017,A
2683,0.0988379487717887,0.10489287582128319,0.7962691834783905,2017,H
2684,0.2495808233441679,0.2450807086198933,0.5053384581018315,2017,H
2686,0.08769753576285415,0.16143422522871786,0.7508682489425355,2017,D
2687,0.18704577015732185,0.2204764160390292,0.5924778063530683,2017,D
2688,0.1582515523344533,0.4037941309398316,0.43795432603894086,2017,H
2689,0.1448253489045425,0.24815833321425051,0.6070163129141531,2017,H
2690,0.0876599727392224,0.19319695652243118,0.7191430788098087,2017,H
2692,0.6142792274127108,0.21459455285538864,0.17112623214953496,2017,A
2693,0.7063260404299037,0.16839338700288176,0.1252805837430856,2017,A
2694,0.20692700615976,0.507908255973806,0.28516473289938044,2017,H
2695,0.1824164602980715,0.26293571507202235,0.554647809728745,2017,A
2696,0.48966636029053473,0.28581826140536154,0.22451538823821107,2017,D
2697,0.5541603646885079,0.19258731591217426,0.25325231567402756,2017,A
2698,0.3248080229310815,0.184914013631594,0.49027795101969024,2017,H
2701,0.3304341485336966,0.3294283479485464,0.340137503517757,2017,A
2703,0.11178580174752069,0.2921004143007197,0.5961137616000179,2017,D
2704,0.20891861609644194,0.20928058096427057,0.5818008029392875,2017,H
2705,0.06466738523893811,0.10060098220740006,0.8347316300701352,2017,D
2706,0.6028920334358536,0.23345045224433392,0.16365752922097362,2017,A
2707,0.23090000701034566,0.24950063547586096,0.519599347579686,2017,D
2708,0.15529457970528768,0.17492126108795494,0.6697841716243919,2017,D
2709,0.07953533880258139,0.13007520404967057,0.7903894745324362,2017,H
2710,0.45943422730000516,0.2472521658533188,0.29331361181372995,2017,A
2711,0.5521721404016937,0.24357781650024177,0.2042500281969033,2017,A
2712,0.4873597223282249,0.243000082304497,0.26964020530138544,2017,A
2713,0.20520641993851826,0.24021458062290688,0.5545790118562091,2017,A
2714,0.23474961669697955,0.1839135189273504,0.5813368817603579,2017,D
2715,0.6099297248256632,0.14491860283376626,0.2451516710988071,2017,A
2716,0.06362542523578779,0.10450067658683698,0.8318738956938484,2017,H
2717,0.24017367160312156,0.25719674817627447,0.5026296000888187,2017,H
2718,0.4470213654973157,0.23566373057287696,0.3173149188309685,2017,H
2719,0.1381822524665749,0.25216162047445034,0.6096561295425017,2017,H
2720,0.1996209504937696,0.24065843940014797,0.5597206051390288,2017,H
2721,0.06949404684523276,0.12453117407222507,0.8059747716319619,2017,H
2722,0.24831675664270345,0.3063616630734357,0.4453215802838606,2017,D
2723,0.28479260646813814,0.2671483508990438,0.448059042632818,2017,H
2724,0.5427926760036889,0.20079488478183716,0.2564124218297859,2017,A
2725,0.3590417455616701,0.34680860434103816,0.2941496401631842,2017,A
2726,0.3341591392621148,0.2189188626266855,0.4469220055617802,2017,D
2727,0.08295149869698998,0.19569386363102356,0.7213546202872982,2017,H
2728,0.3262203397126949,0.22982996467128702,0.44394969809954477,2017,A
2729,0.39807041043807284,0.1947854292383061,0.40714415908185747,2017,D
2730,0.06354607597597058,0.12526095274441784,0.8111929613455042,2017,H
2731,0.26204433952624356,0.2835382653679201,0.4544174050399438,2017,H
2732,0.25377913376558214,0.372906186385707,0.37331467984871064,2017,D
2733,0.0681696018672673,0.0888736012017068,0.8429568152470367,2017,H
2734,0.41801176445918814,0.4279403235657137,0.1540479020409907,2017,H
2735,0.3055812514793366,0.24299909679210288,0.45141966911324855,2017,D
2736,0.6423249092772473,0.20479137641139378,0.1528837068607782,2017,H
2737,0.37809346260666504,0.25630671095434043,0.36559982147194087,2017,D
2738,0.3601637329189947,0.2647966654837486,0.3750396015972566,2017,D
2739,0.3136805362590918,0.21206575181291862,0.47425372186209686,2017,D
2740,0.1561548533522297,0.236959646549597,0.6068854851970124,2017,A
2741,0.25243395167205235,0.2765383081112187,0.47102774021672866,2017,H
2742,0.30058861990244884,0.2758000311955638,0.4236113588360948,2017,A
2743,0.19927219793846876,0.26387569226285607,0.5368521246998363,2017,A
2744,0.16351748577294503,0.19835509844233992,0.6381274207517689,2017,H
2745,0.6160853231465736,0.20374400386186356,0.1801706841674335,2017,H
2746,0.0665633963517367,0.09695963797487857,0.8364769569810407,2017,H
2747,0.24889613615692455,0.20531409116070745,0.5457897726823681,2017,H
2748,0.21994972974407423,0.24068979601505683,0.5393604643067617,2017,H
2749,0.5157529515216437,0.28276174580026137,0.2014853225463097,2017,A
2750,0.07534034289702876,0.17239666477517854,0.7522629761848681,2017,H
2751,0.4432073411731614,0.31601535990424884,0.24077731879080463,2017,A
2752,0.5264772791341512,0.22420921906361269,0.24931350676928976,2017,D
2753,0.12461813348684835,0.22401516799838514,0.6513666836136053,2017,H
2754,0.3555305310062828,0.29447500497300694,0.34999446402071027,2017,H
2755,0.19255349378515207,0.22608341792122535,0.5813630957442032,2017,A
2756,0.645363987144494,0.2800106025864048,0.07462540778557449,2017,A
2757,0.3735210376146587,0.27941175381084965,0.3470672284427065,2017,D
2758,0.2973217435692089,0.21758008998634962,0.48509818134560256,2017,H
2759,0.39982022765712016,0.2514215392817434,0.3487582529293512,2017,H
2760,0.2425531523566967,0.3956535897811211,0.36179326779628945,2017,D
2761,0.5511997781059349,0.21227874941582514,0.23652146254413256,2017,A
2762,0.18147949165598207,0.3134007666007081,0.5051197541609441,2017,A
2763,0.16467824826240796,0.24121710642462668,0.5941046428294384,2017,H
2764,0.2990413462812164,0.2500156561109189,0.4509430075419721,2017,A
2765,0.13326975384708145,0.2619406443948071,0.6047896067251652,2017,A
2766,0.24924702608686564,0.2807602811400921,0.4699926927730422,2017,H
2767,0.4583485343333223,0.2327235412952784,0.3089279144372918,2017,H
2768,0.200124221148826,0.24709344731943783,0.5527823414658436,2017,H
2769,0.06890329809189454,0.13480103412166947,0.796295652885275,2017,H
2770,0.706147794837085,0.16485095221866594,0.12900126039482968,2017,A
2771,0.139251743307947,0.20886420779022777,0.651884036484191,2017,H
2772,0.4420033384569276,0.3434023554792589,0.214594315997921,2017,A
2773,0.11471545946491346,0.1492473024824887,0.7360372380525978,2017,H
2774,0.2444891740897668,0.166521677666468,0.5889891519690555,2017,H
2775,0.24299290777985094,0.3530362478598719,0.4039708592614384,2017,H
2776,0.24132924705121808,0.31687409195352784,0.4417966510611464,2017,H
2777,0.3574180046574041,0.28568857261153974,0.3568934127969487,2017,D
2778,0.20586192960140082,0.24607377171106004,0.5480643086216467,2017,H
2779,0.2049606732720096,0.288346401531167,0.5066929102956622,2017,D
2780,0.29554996325008837,0.2819303415042311,0.42251970517978793,2017,D
2781,0.2649893174029582,0.3096821873969633,0.4253285001671323,2017,D
2782,0.3879522882929403,0.2769679696498552,0.33507972218898957,2017,A
2783,0.19693485620831255,0.12824575258580376,0.6748194110740986,2017,D
2784,0.16750512983464694,0.25365551468417885,0.5788393554811742,2017,D
2785,0.09910993326741213,0.2627644322544966,0.6381256357198547,2017,H
2786,0.2085330673104994,0.26913519919038537,0.5223317235650077,2017,H
2787,0.4530638181145428,0.24137708039189745,0.305559116394721,2017,A
2788,0.5185067953763212,0.3704056995290315,0.11108751502875469,2017,A
2789,0.24169965359862985,0.2914891554839833,0.46681118595033316,2017,H
2790,0.2988154875089764,0.18729179883711933,0.5138927111703775,2017,D
2791,0.5784983659448549,0.22091132945932138,0.2005903120464041,2017,H
2792,0.3594030616324962,0.34530234704797175,0.29529458138542464,2017,A
2793,0.26440455368274,0.2461752273565639,0.48942022392774964,2017,D
2794,0.3560766081911904,0.28547013014287226,0.3584532616659371,2017,H
2795,0.5298874057885252,0.2613142975739963,0.20879829167042463,2017,A
2796,0.2685530630102089,0.1177313633298901,0.6137155780060731,2017,H
2797,0.07954786393634068,0.14504877488161103,0.7754033661491021,2017,H
2798,0.09101934925800188,0.1490272278907886,0.7599534278182632,2017,H
2799,0.23373926941815334,0.21465475024788758,0.5516059753669054,2017,A
2800,0.33953139904317703,0.3117981042669011,0.34867049668992195,2017,H
2801,0.2421414891247704,0.24699839384812158,0.510860117027108,2017,H
2802,0.43781622161189704,0.25542340984712836,0.30676036854097466,2017,D
2803,0.26919445874770737,0.3603108694840496,0.37049468666940405,2017,A
2804,0.4805102195391712,0.25565677842849976,0.263833002032329,2017,A
2805,0.12341476954891108,0.2129690481868117,0.6636161748136967,2017,H
2806,0.17742434757025186,0.3198840913218292,0.5026915660749726,2017,H
2807,0.37509349442944684,0.23373842598668668,0.3911680746168129,2017,D
2808,0.07999421429982291,0.11230155675026658,0.8077042550269428,2017,H
2809,0.33668786378904186,0.25594966187404383,0.4073624743369142,2017,D
2810,0.1943218498760293,0.19871069103179337,0.6069674690262848,2017,H
2811,0.2676639879171254,0.2731544275974913,0.4591815745512758,2017,D
2812,0.21525603134329466,0.3924910202352299,0.3922529509050022,2017,H
2813,0.32610547842988086,0.26281599471117073,0.4110785367930559,2017,A
2814,0.29729406618457516,0.27955021281058395,0.42315573093894826,2017,H
2815,0.1071682666608665,0.20891563507194646,0.6839160933001335,2017,H
2816,0.6278236083995342,0.24091753129672488,0.13125885533668713,2017,H
2817,0.10523892403456465,0.14711542285714949,0.7476456667676837,2017,D
2818,0.6084884328867377,0.16573506112170017,0.22577649605745476,2017,A
2819,0.5063082518923786,0.24175757854037813,0.25193416956724324,2017,D
2820,0.10358358487736245,0.17498491323415247,0.72143148202027,2017,H
2821,0.3051535630805517,0.26801803827983367,0.4268283936725609,2017,H
2822,0.5122734752789194,0.24520947375554028,0.24251704103143265,2017,A
2823,0.06634021113542869,0.16153534989916152,0.7721244228224853,2017,D
2824,0.12220407569529745,0.18308608204254576,0.6947098472292105,2017,H
2825,0.21009076474859908,0.273749786431601,0.516159446336273,2017,A
2826,0.3883765645366944,0.28928014007231295,0.32234328048983124,2017,A
2827,0.8068469046327205,0.1062789856170549,0.08687410354140751,2017,A
2828,0.06706165836468399,0.19884172548727774,0.734096599384232,2017,H
2829,0.6882143899016695,0.18069955843732197,0.13108604669395454,2017,D
2830,0.06362908742499639,0.13000833216210214,0.8063625735832027,2017,H
2831,0.1796109147137888,0.24431511193071334,0.5760739534872829,2017,A
2832,0.18686740848001338,0.20340607166203148,0.6097265273085357,2017,A
2833,0.34141190529308413,0.18609589672218876,0.47249219053414643,2017,A
2834,0.17008655047479235,0.17256160510703622,0.6573518555940424,2017,H
2835,0.06586880331519064,0.16950128902285563,0.764629892139911,2017,H
2836,0.3611492317635328,0.3023120446492679,0.33653872358719933,2017,D
2837,0.3858019841090417,0.33894394840886505,0.27525407244914685,2017,A
2838,0.521820093394573,0.25141367820967736,0.22676623336280333,2017,A
2839,0.22381227023563102,0.22788151099704282,0.5483062287014335,2017,H
2840,0.15675007048323394,0.4573712895333486,0.38587864184606285,2017,D
2841,0.3023039840771586,0.27645876340842584,0.4212372525144154,2017,A
2842,0.39368864457832253,0.3239609932153786,0.28235034730513764,2017,D
2843,0.2927535623630119,0.2024628411206372,0.5047835865822433,2017,H
2844,0.2762028029704368,0.276115425892095,0.44768177113746804,2017,D
2845,0.5870470958847857,0.2434558818733582,0.16949701975832934,2017,D
2846,0.24442241095808023,0.39525385335843866,0.36032373568348114,2017,D
2847,0.06427093057464908,0.08506187156694117,0.8506671978584098,2017,H
2848,0.409997517350285,0.2097580015590342,0.3802444835742076,2017,A
2849,0.22572095205629242,0.3719898930548135,0.40228915240536706,2017,H
2850,0.2014017800553164,0.3245403772009193,0.47405785267787154,2017,D
2851,0.0569511209592621,0.16847543023575826,0.7745734377843291,2017,H
2852,0.19246451753666508,0.2550870049248218,0.5524484825055667,2017,D
2853,0.08098181913762426,0.17597953443817213,0.7430386315230425,2017,H
2854,0.18774111207811683,0.28744396587459936,0.5248149220472837,2017,D
2855,0.15407729120949357,0.18033287732216938,0.6655898265012834,2017,H
2856,0.4435578471038795,0.23873476363599397,0.31770739422718025,2017,H
2857,0.2225324236408671,0.289627436309911,0.4878401350821682,2017,D
2858,0.8014510112519204,0.12335166722341591,0.07519731655760993,2017,A
2859,0.5227240512951014,0.19221639265349208,0.2850595560514065,2017,A
2860,0.0868730505759397,0.14698367995196115,0.7661432669885725,2017,D
2861,0.09258351986516879,0.21741149924757863,0.6900049982719406,2017,H
2862,0.2499665836215229,0.3306032284651535,0.4194301879133233,2017,D
2863,0.0594099629204811,0.1425580869225562,0.7980319433272638,2017,H
2864,0.18093545504397035,0.2830002932174589,0.5360642331121193,2017,H
2865,0.1888993676780949,0.290687822637587,0.5204128047172646,2017,D
2866,0.20459631580681284,0.21351162146785177,0.5818920378900668,2017,A
2867,0.5000156556943117,0.28818053048122527,0.211803813824463,2017,D
2868,0.6833356731823281,0.20382331785894245,0.11284102385989063,2017,D
2869,0.3535032768098784,0.2538955278455722,0.3926012152127641,2017,D
2870,0.19813718660995305,0.3241154306178477,0.4777473629039842,2017,H
2871,0.4569195940407471,0.3131539229292427,0.22992648799706408,2017,A
2872,0.4526380174504036,0.3131904054972273,0.23417156711826181,2017,A
2873,0.20362673833922326,0.42581876908442257,0.3705544876093005,2017,A
2874,0.0679192579648975,0.10381299625944013,0.828267740187727,2017,H
2875,0.30110129782939477,0.2809074254322774,0.41799127673832787,2017,A
2876,0.6230895540995177,0.2528033531677208,0.12410709273276138,2017,A
2877,0.49363251287957083,0.1926493578978461,0.31371812425552953,2017,H
2878,0.35354292849416685,0.3783377073785954,0.2681193690942914,2017,D
2879,0.18486208539820184,0.18389513364720322,0.6312427859216486,2017,D
2880,0.2210022164618364,0.26444906792666156,0.5145487156115017,2017,A
2881,0.18193393303029393,0.2750406449910814,0.5430254319127322,2017,H
2882,0.27283882774167795,0.2604961970677578,0.4666650000258327,2017,D
2883,0.23696629257712132,0.24045648765889718,0.5225772147969279,2017,H
2884,0.06730731090348084,0.1907147871391007,0.7419779184107841,2017,D
2885,0.2946874073103947,0.22146114863661592,0.48385146888825786,2017,D
2886,0.0810772264179495,0.14198936279333474,0.7769334294151674,2017,H
2887,0.46257651317901205,0.22514955518069626,0.3122739316402915,2017,H
2888,0.2638498578338547,0.32790588665727566,0.4082442555088696,2017,H
2889,0.08121172755820896,0.1799107485810677,0.7388775089595622,2017,H
2890,0.28513591541940414,0.335723981408772,0.37914011807298476,2017,H
2891,0.05767344483205344,0.12725252227440464,0.8150740117835635,2017,H
2892,0.17045851244828328,0.17886399822078883,0.6506774918144547,2017,H
2893,0.39811601299851224,0.28863992809475103,0.31324403903852166,2017,D
2894,0.6238163663113102,0.19141894330645248,0.1847646953492912,2017,A
2895,0.5363658327152013,0.19308503033379357,0.2705491543356931,2017,D
2896,0.21624131483562414,0.1670133700480764,0.6167453200833531,2017,H
2897,0.6690011640674083,0.16641491437824293,0.16458391658729513,2017,A
2898,0.6500602257669598,0.21083199770849412,0.13910777404101918,2017,D
2899,0.595675089657176,0.2792865858459775,0.12503832201331977,2017,H
2900,0.4734248666707385,0.25324702786051095,0.2733281054687506,2017,A
2901,0.4091778750832575,0.28351158634824475,0.3073105485026053,2017,H
2902,0.3240704211304843,0.20840306216496604,0.4675265018033885,2017,D
2903,0.22704960912631103,0.2671275264431526,0.5058228793316973,2017,D
2904,0.20204664571005168,0.3449871385399225,0.4529662207170794,2017,H
2905,0.2565953638708183,0.3035746348976186,0.439830001231563,2017,D
2906,0.28026511938521786,0.3084598428685549,0.41127503774622715,2017,D
2907,0.10001096584262166,0.2247030231091002,0.6752860060812246,2017,A
2908,0.0925065406217167,0.22851743632880886,0.6789760255330014,2017,H
2909,0.34532495126754964,0.24312128905748745,0.4115537596749628,2017,H
2910,0.1195090655870698,0.1471609440001376,0.7333299953798464,2017,H
2911,0.2086413785905533,0.2460410517334529,0.545317584577155,2017,H
2912,0.26494854945692503,0.37476812707262147,0.3602833234704534,2017,H
2913,0.5071775327298783,0.2075176309341198,0.2853048264018943,2017,D
2914,0.19376571064397488,0.3610394983520427,0.4451947860369286,2017,D
2915,0.14426515804790765,0.1737044116300257,0.6820304179044322,2017,H
2916,0.2800410013005432,0.2832242938692752,0.43673470483018145,2017,A
2917,0.2485508279506876,0.2901238253040936,0.4613253467452188,2017,D
2918,0.2043181259942233,0.45029033463064566,0.345391541858658,2017,D
2919,0.5633811050358489,0.24854121826180733,0.18807768166939742,2017,H
2920,0.49052735556910393,0.21373516095017864,0.2957374884477711,2017,H
2921,0.08704602369429133,0.18929944205307944,0.7236545435658551,2017,H
2922,0.2194581487889731,0.2718198685206965,0.5087219752397496,2017,D
2923,0.23640571807909935,0.25407895610026926,0.5095153208535775,2017,H
2924,0.11557730141076794,0.22203548767498724,0.6623872208483526,2017,H
2925,0.30337798775365293,0.2963616020790445,0.40026040023319504,2017,H
2926,0.4207685387596096,0.3448780015706163,0.23435344476861286,2017,H
2927,0.4316837276678731,0.2708746209629118,0.29744165136921513,2017,H
2928,0.541538678273685,0.23759000173377456,0.22087131502548674,2017,A
2929,0.0603062312718744,0.15127411052226644,0.788419651997042,2017,H
2930,0.21902687819214947,0.377215698871533,0.4037574328704248,2017,H
2931,0.45937567790446615,0.2140809334386186,0.32654339114044206,2017,A
2932,0.11216542921055174,0.371157288054022,0.5166772901860069,2017,H
2933,0.3366231512282001,0.2586634382922203,0.4047134303477944,2017,D
2934,0.3095451741798664,0.18851282573232728,0.5019419926372257,2017,D
2935,0.2869082014323579,0.2696958032813772,0.4433960052203725,2017,D
2936,0.2465914242378293,0.3064068187226376,0.44700174710542573,2017,H
2937,0.5595502415000094,0.3193568900175559,0.12109286786155289,2017,A
2938,0.2603328979334352,0.27535987837884496,0.4643072038195049,2017,H
2939,0.559657609190043,0.17883423556805744,0.2615081577254264,2017,A
2940,0.16757460616816897,0.32181347052573966,0.5106119183390376,2017,H
2941,0.07305125261320125,0.27715813010889995,0.6497906185196621,2017,H
2942,0.23510964351899055,0.2966067278612714,0.46828363358679165,2017,H
2943,0.2418949606724643,0.2840711452010774,0.4740339040605659,2017,D
2944,0.1501334943039578,0.15806178840016183,0.691804707361773,2017,H
2945,0.29110923863958477,0.28664236143586336,0.4222483999245519,2017,H
2946,0.30533169362067175,0.27697926006071877,0.4176890562527167,2017,D
2947,0.25751011071782465,0.3314058506787177,0.4110840286693502,2017,H
2948,0.09052909766706019,0.20972885652539905,0.6997420408404871,2017,H
2949,0.3874482882178934,0.30845061735826135,0.3041010944238451,2017,A
2950,0.2859134679349313,0.30603772999481377,0.4080487921361476,2017,H
2951,0.39343772974922314,0.22952136220344052,0.3770409080473363,2017,H
2952,0.16980583979000538,0.25924559105190603,0.570948559223981,2017,H
2953,0.22242860064915923,0.3430298659893534,0.43454154329559486,2017,A
2954,0.3019742215300855,0.3339682518328149,0.36405753160415316,2017,H
2955,0.3803420803883246,0.3083052561323489,0.3113526535452189,2017,D
2956,0.6475290891871159,0.16123718444254456,0.19123374375502747,2017,A
2957,0.31198924978838183,0.22438534688337283,0.4636254033282452,2017,H
2958,0.6508053834294979,0.20689159475013674,0.14230301933683864,2017,A
2959,0.550606034511382,0.3280883995375225,0.12130556595109541,2017,A
2960,0.14422031184264603,0.22240202287532593,0.6333776553479206,2017,H
2961,0.20028691932092468,0.22160947217463722,0.5781036035373842,2017,A
2962,0.1610826375152823,0.19964284445009484,0.6392745081005154,2017,H
2963,0.32235293379217295,0.23022319765841592,0.44742386358235736,2017,A
2964,0.4474759807311252,0.3132865812495127,0.23923744546994272,2017,H
2965,0.33025880099514104,0.2822550202913244,0.3874861787135346,2017,D
2966,0.34702436738950443,0.31149076926271085,0.34148485838073084,2017,H
2967,0.26343457411803334,0.38527899993963244,0.3512864209752804,2017,A
2968,0.4317277334959764,0.1871721409344438,0.3811001330201604,2017,A
2969,0.12340579363522818,0.13723629376773558,0.7393579175640902,2017,H
2970,0.6127923907603317,0.19541493997886802,0.1917926618102197,2017,A
2971,0.681995248608973,0.20351594768509731,0.1144887956344675,2017,A
2972,0.10553071540833002,0.14281615490548996,0.7516531172685458,2017,H
2973,0.4127374111086053,0.2790515145499896,0.30821105447319036,2017,A
2974,0.3484602443100641,0.3567509613078366,0.2947888043162068,2017,A
2975,0.7209204225670408,0.19401748130557087,0.08506208495151735,2017,A
2976,0.17342751076101925,0.21414700516751117,0.6124254890385233,2017,A
2977,0.19442732726187326,0.2888741753115075,0.5166984874925117,2017,D
2978,0.6181600366289068,0.20860818366657705,0.17323178467156983,2017,D
2979,0.2419632159438981,0.29603323912995455,0.4620035449261473,2017,D
2980,0.15645966788707974,0.33176017492062143,0.5117801571922987,2017,A
2981,0.17040319324524963,0.2247422198764224,0.6048545819112743,2017,D
2982,0.13348192295244007,0.19273957551925033,0.6737784990447828,2017,H
2983,0.13973005822186274,0.2871520288742115,0.5731179178709795,2017,D
2984,0.4667253700462742,0.33018336007474075,0.20309125994487773,2017,A
2985,0.3269062272699145,0.3117130357567984,0.3613807419403408,2017,D
2986,0.2725949884042999,0.23599683741712307,0.4914081692115233,2017,A
2987,0.3755770432774183,0.16754045055500968,0.45688249995875485,2017,H
2988,0.3220564418170688,0.22625589151986905,0.4516876616960083,2017,H
2989,0.38634806334172705,0.19898601924763648,0.41466590747652904,2017,H
2990,0.1020045107360844,0.15475265577594355,0.7432428272791549,2017,H
2991,0.5539474460638159,0.23769582134274062,0.20835672265933605,2017,H
2992,0.10546416369296359,0.18033999299881695,0.714195861934671,2017,A
2993,0.22346762868461742,0.23455527762963416,0.5419771036198558,2017,D
2994,0.485079341710863,0.24989360792385804,0.26502706526644026,2017,D
2995,0.3857732392656432,0.32450471333877656,0.2897220473955804,2017,A
2996,0.4447451247642289,0.22982812561541754,0.32542674962035356,2017,A
2997,0.19457673808915146,0.23712706855981738,0.5682962082521924,2017,D
2998,0.1984883913630967,0.3782712196666913,0.42324038897021193,2017,D
2999,0.617899796090401,0.25192660810510664,0.1301735982880191,2017,D
3000,0.11222794051875178,0.21060746549712162,0.6771646064017612,2017,H
3001,0.16360941524468528,0.13083707396485025,0.7055535219663355,2017,H
3002,0.2973342298197749,0.3256993387283636,0.37696641655070023,2017,D
3003,0.32498535460995764,0.2966838446026096,0.3783308007874327,2017,H
3004,0.16595382821769844,0.18614423946656414,0.6479019273486838,2017,D
3005,0.42098109592096894,0.21505408428191708,0.36396480986300667,2017,H
3006,0.24605005146677403,0.2465793245921545,0.5073706239410716,2017,A
3007,0.05809178221696254,0.1281452731937637,0.8137629396222201,2017,D
3008,0.21877332389162585,0.23501667842508947,0.5462099852656505,2017,A
3009,0.2455681027244024,0.21265451220105117,0.5417773900416001,2017,H
3010,0.6802975860009476,0.17537574202418035,0.1443266645242914,2017,A
3011,0.3588796255967666,0.3050194311285313,0.33610094327470214,2017,H
3012,0.686153703501072,0.17344787045819318,0.1403984384583692,2017,A
3013,0.10529561773996614,0.1555114661945233,0.7391929297249084,2017,H
3014,0.3643214355701811,0.3407836909251469,0.29489487350467214,2017,H
3015,0.1664360045045257,0.3003236579859862,0.5332403499271223,2017,H
3016,0.21767195464755895,0.24029595490384784,0.542032075547432,2017,D
3017,0.16467860004201484,0.26309659416049186,0.5722248008304396,2017,A
3018,0.3204777969658942,0.3688938900413321,0.3106283080257199,2017,A
3019,0.21584558048017008,0.3469384220986063,0.4372159924541699,2017,H
3020,0.4112776974475006,0.3691995458195391,0.2195227567329601,2017,H
3021,0.10671954276934982,0.16478689960252638,0.7284935613534143,2017,H
3022,0.34906334782000553,0.3293638945490421,0.32157275266389856,2017,H
3023,0.0653894329956056,0.10775132367202722,0.826859239607077,2017,D
3024,0.2486705615838967,0.29615066582437394,0.4551787825258366,2017,A
3025,0.10730607510875956,0.1588780901763087,0.7338158309896413,2017,D
3026,0.4202258046096889,0.2737927671918318,0.3059814480666945,2017,H
3027,0.05843662813521636,0.13615009772414888,0.8054132604812371,2017,H
3028,0.15334600285559444,0.26618113819538197,0.5804728415643355,2017,H
3029,0.5315297681141669,0.2747179332505477,0.19375229118470486,2017,D
3030,0.2716766404772613,0.3150308052185382,0.4132925642383077,2017,A
3031,0.3022219110744348,0.3325119065692385,0.3652661724222191,2017,H
3032,0.5899554534834102,0.27601607813589674,0.13402847086422004,2017,A
3033,0.43738093051052224,0.3357812191283196,0.22683785532821185,2017,H
3034,0.17068357803674783,0.25072882918292977,0.5785876076814835,2017,H
3035,0.07830543375716771,0.19987777284782546,0.7218167952576521,2017,H
3036,0.2897788625856607,0.3269457892199354,0.38327533826029625,2017,A
3037,0.17637849868982106,0.23892490390345403,0.5846966023737786,2017,A
3038,0.12011839252646532,0.15453992549585518,0.7253416732853356,2017,H
3039,0.2723846101335737,0.2028199235586725,0.524795463824227,2017,H
3040,0.3071387114224785,0.2638415577633675,0.42901973081415407,2018,H
3041,0.12231306388246492,0.5048265672057265,0.3728603664282817,2018,H
3042,0.6702058386581403,0.10737545893421219,0.22241870985822806,2018,A
3043,0.48104637506785325,0.20028229137533934,0.31867134349091514,2018,A
3044,0.43174222197996853,0.23747706154533707,0.33078072144174825,2018,A
3045,0.2996944488996106,0.20991626170621425,0.49038930926239016,2018,H
3046,0.6647114124317194,0.11681406647312714,0.21847451985339003,2018,D
3047,0.5501379919208436,0.23980712647472227,0.21005487663738062,2018,A
3048,0.2861031577776217,0.17045084975569305,0.5434459850161045,2018,H
3049,0.46840597693116376,0.22929103761828054,0.3023029804835018,2018,D
3050,0.45884343260387334,0.2233209537111175,0.31783562361911666,2018,D
3051,0.08886326135764495,0.29920194435845987,0.6119348017344757,2018,H
3052,0.2968505557071523,0.28655709279268854,0.41659234156605157,2018,H
3053,0.24193647178311184,0.27865551512311665,0.4794080130937716,2018,H
3054,0.23509916120990793,0.22514211238404638,0.5397587164719383,2018,H
3055,0.4767948263261532,0.29694223023352867,0.22626293350621063,2018,A
3056,0.5437123961224218,0.28522510086713176,0.1710625054939734,2018,H
3057,0.3279791556892416,0.23819638728221257,0.4338244619955995,2018,A
3058,0.060358407371706335,0.29586260665444153,0.6437789847320887,2018,H
3059,0.44115529712243906,0.2630174122434022,0.2958272757329978,2018,A
3060,0.6051957171141679,0.26644282858956647,0.12836146919742691,2018,D
3061,0.04251714839237305,0.12270822950306115,0.8347746068929638,2018,H
3062,0.32534231223761445,0.26709227873275876,0.4075654189637341,2018,A
3063,0.19247943340841198,0.22418145689353505,0.5833391196321605,2018,D
3064,0.27430954499332083,0.218914323342108,0.50677611676341,2018,D
3065,0.2195204450174124,0.2415028971620846,0.5389766727216642,2018,H
3066,0.3235792903355905,0.33505237378448344,0.34136833587992593,2018,H
3067,0.41750225456639023,0.2715478982416897,0.31094984719192004,2018,A
3068,0.2477573663000535,0.27060693951860204,0.4816356892142908,2018,H
3069,0.38826957345814334,0.33643623830592584,0.2752941832688772,2018,A
3070,0.2736012921553324,0.2502821675817292,0.47611655019704574,2018,A
3071,0.24988600113929546,0.330873654662244,0.4192403491655143,2018,A
3072,0.08583413288622212,0.1707006823639823,0.7434652021344837,2018,H
3073,0.14038439427891058,0.21053200597189178,0.6490836071997782,2018,H
3074,0.38974591799649483,0.24281467234306517,0.3674393997263324,2018,D
3075,0.13429052604809358,0.16043086715938762,0.7052786179683898,2018,D
3076,0.520872849164011,0.2474485976454981,0.2316785531904908,2018,A
3077,0.5001723031905929,0.2272423551035565,0.27258532680468944,2018,A
3078,0.3220408398216593,0.22183764552028898,0.4561215171415785,2018,A
3079,0.37203505083641925,0.2680040414811236,0.35996092755067205,2018,H
3080,0.44239235839092866,0.267806950826517,0.28980068084844696,2018,A
3081,0.33299651742370123,0.31589867713573133,0.35110481537467475,2018,A
3082,0.3500370144230464,0.27250063961369997,0.37746235589736105,2018,A
3083,0.0693168188884809,0.17865384654197813,0.7520293147013261,2018,H
3084,0.20373243684097408,0.22292794975853092,0.5733396084334413,2018,H
3085,0.05587767728277628,0.13508396698761962,0.8090383610070987,2018,H
3086,0.4299637083079088,0.20412434282351943,0.36591193396741056,2018,A
3087,0.18991289655102336,0.21165611992792024,0.59843098848811,2018,A
3088,0.17112922406137507,0.25472649886157833,0.574144287011154,2018,H
3089,0.15477798017151145,0.1843012088247646,0.6609208010696167,2018,D
3090,0.10932324265885546,0.19024294275631878,0.7004338195518794,2018,H
3091,0.17578524515987068,0.24618379116928144,0.5780309785720092,2018,H
3092,0.45994743897722706,0.20556128424200515,0.33449127429724096,2018,D
3093,0.2744855358080605,0.2622055570982878,0.4633089170277593,2018,D
3094,0.7360521659652252,0.14847258465826849,0.1154752580688505,2018,A
3095,0.4422116440291799,0.32320495855925296,0.23458340734567454,2018,H
3096,0.1576052077941403,0.24932565949082416,0.5930691202974013,2018,D
3097,0.5386650890120203,0.22524011108181816,0.23609480984026918,2018,A
3098,0.1835147886429848,0.23316038183850854,0.5833248394526143,2018,H
3099,0.6297456019092925,0.2585927780439473,0.11166160142030875,2018,D
3100,0.2859952443434552,0.23913994473766267,0.47486481091888216,2018,H
3101,0.21656863055921247,0.28136075941715083,0.502070605056583,2018,D
3102,0.16526545083215952,0.28413839414013164,0.5505961599947626,2018,H
3103,0.5947055705628473,0.2648484715359138,0.14044597280240026,2018,A
3104,0.04542707069546024,0.10608470027507805,0.8484882389635692,2018,H
3105,0.4417406783906494,0.3308767158403147,0.2273826132196163,2018,A
3106,0.5956880956434049,0.20725984290049237,0.19705205897257594,2018,H
3107,0.20229924314059713,0.2875920220010866,0.5101087447924236,2018,H
3108,0.24590754835732398,0.3055866720650859,0.44850577461053637,2018,A
3109,0.26117917022298537,0.27568206324485656,0.4631387764662654,2018,H
3110,0.315218268857207,0.3167511885755922,0.36803053263309327,2018,H
3111,0.3553234754194152,0.3188575146250192,0.32581901243909256,2018,D
3112,0.29341355117341744,0.23569911889756182,0.4708873199949135,2018,A
3113,0.36729060540360736,0.25105767479825275,0.38165173469930097,2018,A
3114,0.12812202978487336,0.16485021974763256,0.7070277607120423,2018,H
3115,0.07712090378860002,0.15028932296832345,0.772589783177184,2018,H
3116,0.2089340991872867,0.20734174645881479,0.583724164288006,2018,A
3117,0.5623013165643362,0.20865582360150278,0.22904283996594588,2018,A
3118,0.5085007965884278,0.1842147267011959,0.30728447050155916,2018,D
3119,0.662455687420488,0.2170362934392351,0.1205080222446855,2018,A
3120,0.036168302813721846,0.11580590926991456,0.8480257785255274,2018,H
3121,0.15600778481918287,0.20745719120584202,0.6365350239749751,2018,A
3122,0.3369589209146342,0.3065864852376678,0.35645459384769795,2018,A
3123,0.5227332457937173,0.27396049693423397,0.20330627714026372,2018,A
3124,0.15206100581501988,0.19672980803039053,0.6512091960886972,2018,D
3125,0.1879405022155937,0.24505080281465683,0.567008704903857,2018,D
3126,0.40049549629662956,0.2553859034077656,0.3441186052626586,2018,A
3127,0.2785507917624646,0.3592776804418889,0.36217152779564654,2018,H
3128,0.22663266187560205,0.20910238332062422,0.5642649548037737,2018,H
3129,0.2804253681112679,0.13847299998871562,0.5811016256911995,2018,H
3130,0.27637831517662403,0.2851106646551338,0.4385110102341346,2018,D
3131,0.06290725687236458,0.22560392017136996,0.7114888161265664,2018,H
3132,0.19416333451095133,0.21891963266768966,0.5869170427554664,2018,H
3133,0.5270425729851261,0.24641874967584954,0.22653866740491702,2018,A
3134,0.19462956805739004,0.30950198830289183,0.49586845854087924,2018,D
3135,0.3504751617451239,0.2834110814978142,0.36611376172411564,2018,H
3136,0.626127007263679,0.2437246434797529,0.13014836415772948,2018,A
3137,0.48255337126743575,0.2569355737097336,0.2605110450887233,2018,D
3138,0.40198484715097155,0.20007578269922913,0.3979393850509605,2018,H
3139,0.40633928483622217,0.41730071627831505,0.17636002061632283,2018,A
3140,0.09246242359315926,0.18784829153891416,0.7196892699667653,2018,H
3141,0.48680902957685857,0.25989911986482545,0.2532918406242086,2018,H
3142,0.4331065624145826,0.18326747424506504,0.38362596458211584,2018,D
3143,0.2581879179753195,0.3381339482302268,0.4036781437285611,2018,A
3144,0.2558969150213789,0.2398627003378755,0.504240394574853,2018,A
3145,0.31042829413422485,0.31297792577416145,0.37659376519045257,2018,A
3146,0.12827009581044216,0.21646201002206164,0.6552679041016037,2018,H
3147,0.07483321794786489,0.1746606035338054,0.7505061921777273,2018,H
3148,0.07030613049821373,0.1870078560787307,0.7426860183901093,2018,H
3149,0.22846204007129833,0.20292921926502575,0.5686087381801491,2018,H
3150,0.17395902622446222,0.2335690087546419,0.5924719650208959,2018,H
3151,0.5157805304802233,0.2972396374794458,0.18697983204033083,2018,A
3152,0.2849381850029963,0.3490949465951076,0.36596687833600355,2018,D
3153,0.0966627898596069,0.14944279355208911,0.7538944215553579,2018,D
3154,0.4066274050083289,0.2639039131760674,0.32946866194738883,2018,H
3155,0.335691165698522,0.18827880278871031,0.47603004144687516,2018,D
3156,0.08860378167883498,0.14457862064371207,0.766817587122464,2018,H
3157,0.06648681855855869,0.12406139869948912,0.8094517752913716,2018,H
3158,0.20868615644547475,0.1913032954817914,0.6000105282045191,2018,D
3159,0.23268364643891282,0.15156925620426545,0.6157470849391875,2018,D
3160,0.4584446353724358,0.30610881695899933,0.23544654766856485,2018,D
3161,0.21425992308769273,0.2678276547483566,0.517912432098058,2018,H
3162,0.3053063206103873,0.30571980106304436,0.38897388826067575,2018,H
3163,0.13726571949801145,0.2833605945157729,0.579373672326818,2018,D
3164,0.4812536922887501,0.2603069531691252,0.25843934460801715,2018,H
3165,0.5221324689338925,0.22462724179106572,0.253240304176203,2018,A
3166,0.5805202813023596,0.19367172769236876,0.22580797858763735,2018,A
3167,0.3453558059827817,0.3075754494608884,0.34706873462222254,2018,A
3168,0.2649391444310109,0.22960809561674378,0.5054527549851916,2018,A
3169,0.3184516688533156,0.3957453706018777,0.2858029506106991,2018,A
3170,0.49659452190176867,0.1975529764996725,0.30585250159855887,2018,H
3171,0.18280565724986095,0.16776230165555397,0.6494320510286927,2018,H
3172,0.17479762725754058,0.2620482045485948,0.5631541632268108,2018,A
3173,0.23336798184599292,0.2786367853741251,0.487995232779882,2018,H
3174,0.06500439822916729,0.09962659583587581,0.8353689960008496,2018,H
3175,0.29607380299228375,0.19005590821624696,0.513870273890308,2018,A
3176,0.2729288479378303,0.2944100688500783,0.43266107824503774,2018,D
3177,0.23954909363110066,0.2693871535356082,0.491063752833291,2018,H
3178,0.060214638269314884,0.1282910723308142,0.8114942844328171,2018,H
3179,0.17411419122387276,0.2303975701982778,0.5954882336107956,2018,H
3180,0.7219824046565323,0.18347722072001207,0.09454038083227279,2018,A
3181,0.17900640755657313,0.3270205839575047,0.4939730233870832,2018,H
3182,0.33322651222254135,0.25469109346329494,0.41208238438005623,2018,H
3183,0.27366078066951965,0.2786008368820298,0.4477383625802355,2018,H
3184,0.7369392131723801,0.17829543224189992,0.08476534092632239,2018,A
3185,0.12323196102326713,0.21671780725976664,0.6600502242663856,2018,D
3186,0.46007803965793537,0.2729731931632509,0.2669487572447063,2018,D
3187,0.4184205245735106,0.24937111736023895,0.3322083779344654,2018,D
3188,0.24534334909190894,0.24316092577905102,0.5114957251290401,2018,H
3189,0.45268781019978643,0.24741160126609688,0.29990059350117043,2018,H
3190,0.1472772199525419,0.21306950198372443,0.6396532929648949,2018,H
3191,0.5838427424872353,0.21751006162940598,0.19864718594925143,2018,A
3192,0.3635674858527747,0.29217846272669606,0.3442540315523144,2018,H
3193,0.31942488906376904,0.24835362770090738,0.43222148323532367,2018,A
3194,0.41340039010635615,0.2996152024047279,0.28698439258775477,2018,H
3195,0.32053560608170445,0.21098018770021662,0.4684841913169178,2018,H
3196,0.1451687528950646,0.24072785204137478,0.6141034025141412,2018,H
3197,0.2516854907845497,0.31368756753661914,0.434626961547046,2018,H
3198,0.23147001129195607,0.23743413062972174,0.5310958531112685,2018,A
3199,0.1289109436248714,0.2277549363063055,0.6433341175852964,2018,D
3200,0.23992336009368984,0.21379664339228113,0.5462799915469753,2018,H
3201,0.08791910939545362,0.1836424977937043,0.7284383828767348,2018,H
3202,0.2660153336847545,0.3032769010082064,0.4307077653070391,2018,A
3203,0.11143792215815074,0.23187056104188808,0.6566915192834882,2018,H
3204,0.20775261970074257,0.22025055518529815,0.5719968176633786,2018,H
3205,0.25223328446929943,0.2911282667386705,0.45663845872613745,2018,H
3206,0.45020204087614196,0.30473168307737514,0.24506626114532173,2018,A
3207,0.3361871007308923,0.24536903153626333,0.4184438776669517,2018,A
3208,0.1832361466411022,0.24642100321692917,0.570342845174915,2018,H
3209,0.5054732251883395,0.2468515489908846,0.24767522582077597,2018,H
3210,0.6736478805254792,0.17990632601282855,0.14644579346169226,2018,A
3211,0.2455328762941089,0.272003759233747,0.48246335453803674,2018,A
3212,0.279865134189986,0.27011881918426556,0.4500160466257485,2018,A
3213,0.2596105220862415,0.21325913320121678,0.5271303298113804,2018,D
3214,0.10061406830576258,0.18307742134938487,0.7163085153119063,2018,A
3215,0.3289654304339518,0.2966885807099972,0.37434599879015856,2018,H
3216,0.06960967710418794,0.16334724996698866,0.7670430754123503,2018,H
3217,0.09045907459624337,0.15802441731979103,0.7515165118092559,2018,A
3218,0.3793827674560837,0.23756651984401125,0.3830507027657976,2018,A
3219,0.441914731467522,0.291483535842664,0.2666017277227603,2018,A
3220,0.15563848690468143,0.17640886669872002,0.667952656330706,2018,H
3221,0.07612928135752098,0.09846269357111542,0.8254080436978152,2018,H
3222,0.0974501309333704,0.1575749659546409,0.7449749031119888,2018,H
3223,0.2663166684546001,0.3056772601107521,0.4280060714346478,2018,D
3224,0.6083774694570896,0.19143334462960507,0.20018919584741282,2018,H
3225,0.3506400602836519,0.3045567619496563,0.34480316783258425,2018,A
3226,0.4488763114685706,0.2994683850511443,0.2516553183814461,2018,D
3227,0.17833857706757403,0.2576762547032088,0.5639851756797976,2018,D
3228,0.3556752909793983,0.1905327900331989,0.45379191898740273,2018,A
3229,0.3274848711810889,0.26102652906330054,0.4114885997556106,2018,A
3230,0.3868736432721375,0.23473423847104255,0.3783921331579812,2018,H
3231,0.22217872748282055,0.2062941938144703,0.571527061318021,2018,H
3232,0.12553364293231503,0.2566627843732746,0.6178035577932491,2018,A
3233,0.1763269174189668,0.10695686409564364,0.7167162079304005,2018,H
3234,0.09176415332142661,0.15441176662701586,0.7538240837768478,2018,A
3235,0.1573071911150082,0.321794380183191,0.5208984262182739,2018,D
3236,0.0756227686587224,0.17437129354101022,0.7500059378002675,2018,H
3237,0.617607994862199,0.19922516604110296,0.18316683412964432,2018,A
3238,0.501209199365167,0.21131263824378146,0.2874781673581053,2018,A
3239,0.5186770245495849,0.264094463966265,0.21722851645120386,2018,H
3240,0.1104431793034981,0.2300695401397885,0.6594872830402402,2018,H
3241,0.49273519949166644,0.28725422781747345,0.22001055282264523,2018,A
3242,0.23975236459642554,0.20539675361600554,0.5548508693699347,2018,A
3243,0.302714802536211,0.3392598565465179,0.3580253508513784,2018,D
3244,0.08011714311934436,0.23361568970859556,0.6862671696555872,2018,D
3245,0.23375301707718787,0.39061070120340463,0.375636291653515,2018,A
3246,0.534849831427795,0.24909449762886235,0.21605568087745008,2018,A
3247,0.20098382454732502,0.3261449682333518,0.4728712171534306,2018,D
3248,0.1629302220711156,0.378239092162483,0.4588306832828745,2018,A
3249,0.31680069408195227,0.4359017595442592,0.24729755630789607,2018,H
3250,0.33655541751321044,0.34797655754713075,0.31546801500555116,2018,H
3251,0.1474029986421874,0.24254577974944758,0.610051221608365,2018,A
3252,0.32738063211876334,0.27986939672487315,0.3927499661893099,2018,D
3253,0.07291148573653028,0.1755784696771582,0.7515100495533652,2018,H
3254,0.35420317954587094,0.2293038846201821,0.41649292589983955,2018,A
3255,0.5894267151016296,0.23773702760825433,0.1728362672242234,2018,A
3256,0.2678185374879556,0.37709526229779505,0.3550861952471956,2018,H
3257,0.31635937125353136,0.36890801690172165,0.31473262177885447,2018,H
3258,0.18036174984476797,0.22557916270506942,0.5940590924172161,2018,A
3259,0.08034353048056725,0.22685727955300602,0.6927992011422975,2018,H
3260,0.35236335154226994,0.2983812559130083,0.3492554024788291,2018,H
3261,0.2957132101673688,0.28596777096720516,0.4183190089313187,2018,H
3262,0.19231915966999835,0.2912945894571169,0.5163862508728848,2018,H
3263,0.3452372010369722,0.25154083686458906,0.40322196209843875,2018,D
3264,0.06492698270417478,0.12611864873408238,0.808954350556173,2018,H
3265,0.4206513143519552,0.21341037468864524,0.3659383159264533,2018,H
3266,0.10004041178715455,0.15528477626338152,0.7446748107077005,2018,H
3267,0.3251191061192225,0.26018441912390794,0.4146964697898159,2018,H
3268,0.42124126375585996,0.29865601331002267,0.28010273286822485,2018,A
3269,0.5597689963728851,0.28497446517128316,0.15525655335699298,2018,A
3270,0.10622919370139798,0.23953506690265455,0.6542357418794743,2018,H
3271,0.2464785092691125,0.32088851662269074,0.43263298404230427,2018,H
3272,0.2858240431821641,0.3027527618532722,0.4114231974480904,2018,A
3273,0.11266204075064119,0.1468144079993776,0.740523573601723,2018,D
3274,0.6456457478950633,0.2261763419773063,0.12817791261115719,2018,H
3275,0.2977331966260696,0.29791342355451983,0.40435339968762546,2018,H
3276,0.34722434492144144,0.30428214753525007,0.34849349760920106,2018,D
3277,0.0839953942772476,0.1302745578689093,0.7857300602714773,2018,H
3278,0.07087848899940608,0.1633400902693967,0.7657814014838641,2018,D
3279,0.5081405629105663,0.20272579148688977,0.28913363691019994,2018,H
3280,0.27688478973304725,0.29217415855857015,0.4309410417742751,2018,D
3281,0.25045950884688434,0.35516129882973874,0.3943792022574842,2018,D
3282,0.5345439696599593,0.22391139883509562,0.2415446190873107,2018,H
3283,0.08650344443770074,0.22007857956427535,0.6934179809650778,2018,H
3284,0.3438291569256933,0.21196482106695722,0.44420601455676895,2018,H
3285,0.3718314421458396,0.2533019977178193,0.37486655020223364,2018,A
3286,0.0884050397712317,0.18125821665479744,0.7303367622004223,2018,H
3287,0.1284560805192045,0.33069886352270544,0.5408450422986922,2018,H
3288,0.5140429851255689,0.21157002335998898,0.27438699648149584,2018,A
3289,0.5607198156838831,0.25320553583852895,0.18607463854348041,2018,D
3290,0.5712259340297728,0.2848687271110935,0.14390533513384327,2018,A
3291,0.2600959374838166,0.32875302946750723,0.41115103304867634,2018,A
3292,0.2469903884384931,0.2892473019577712,0.463762319537843,2018,D
3293,0.6493347328411195,0.18788406650010314,0.16278120314230413,2018,A
3294,0.47098290255727443,0.22876292932440415,0.30025415570068714,2018,A
3295,0.09233550763613763,0.17200355631620967,0.7356609161794379,2018,H
3296,0.24215606514492735,0.25939854416396435,0.49844537578994713,2018,A
3297,0.344733000205729,0.2508666299341366,0.40440036986013433,2018,H
3298,0.15547204596174127,0.2154428641680338,0.6290850973208056,2018,H
3299,0.10759656591441025,0.16605265715082165,0.7263507918359293,2018,H
3300,0.16758157380128788,0.27001992688521487,0.562398501797024,2018,D
3301,0.3332341186692583,0.18180063484734502,0.48496523841193434,2018,A
3302,0.25799999154634123,0.24108071623571226,0.500919302152054,2018,H
3303,0.3146114112255198,0.30370265498202054,0.3816859437265671,2018,D
3304,0.5957408942272534,0.23049106939383604,0.17376804631301793,2018,H
3305,0.26935770008457127,0.258088335031525,0.4725539648839037,2018,A
3306,0.2838001185006484,0.23565013679400468,0.48054974470534706,2018,H
3307,0.1832449161092429,0.25796826751032825,0.5587868064463214,2018,H
3308,0.3265309592078102,0.19855807818714477,0.474910945220357,2018,D
3309,0.15615481192226494,0.29173412533125903,0.5521110428782611,2018,H
3310,0.2710021840149985,0.27083984931703964,0.4581579666679619,2018,H
3311,0.5155157960343807,0.30765315928875697,0.17683103474275486,2018,H
3312,0.2549195853210619,0.25315688051075186,0.49192353913523995,2018,A
3313,0.17945303732524484,0.3319724936548454,0.488574464052856,2018,H
3314,0.2486114142770912,0.35269424645940045,0.39869435416466953,2018,H
3315,0.5263481755930005,0.25083857646114005,0.22281325291291307,2018,A
3316,0.06705366951089749,0.1565905574057149,0.776355787363667,2018,H
3317,0.06251186470863067,0.11808778553052468,0.819400349139963,2018,H
3318,0.17059641217406596,0.2682780806689946,0.5611255195745738,2018,H
3319,0.3559780181528995,0.2993702436169101,0.34465172829608287,2018,H
3320,0.10382299096163282,0.17582904521687182,0.7203479489203342,2018,H
3321,0.1717857544264747,0.2595999856268544,0.5686142748478321,2018,H
3322,0.10019571459409599,0.18325636304533074,0.7165479260858637,2018,H
3323,0.36020795874547656,0.31519684068330384,0.3245952204394344,2018,A
3324,0.7455566057353695,0.17519833099196705,0.07924505054458829,2018,A
3325,0.261204158899119,0.2895322189359159,0.44926363209907255,2018,D
3326,0.4497437962542383,0.27644966682259264,0.27380652698906155,2018,D
3327,0.5852198476458059,0.20749626444286853,0.2072838928783792,2018,A
3328,0.46208868269255543,0.23828921888745114,0.29962211332115474,2018,H
3329,0.24688591823661463,0.2080391738993256,0.5450748929628986,2018,H
3330,0.12720323022560748,0.344065372178809,0.5287314075296908,2018,H
3331,0.31453467315698397,0.24300680848125777,0.44245850842765083,2018,A
3332,0.44561415042615976,0.2472972158538528,0.3070886287529337,2018,H
3333,0.2661344765085119,0.3186107239788996,0.4152547796443736,2018,A
3334,0.26662523428720897,0.426762768580851,0.3066119921648862,2018,H
3335,0.076099955662817,0.16037267085947368,0.7635273709941824,2018,H
3336,0.31289878946841343,0.29311248837315246,0.3939887122243266,2018,H
3337,0.16463880035540804,0.19838237231892739,0.636978834776245,2018,D
3338,0.08898476799322885,0.15271585831466075,0.7582993811426911,2018,H
3339,0.4949546958271743,0.21187280256744315,0.2931725165065438,2018,D
3340,0.49798749334130304,0.2537591935315273,0.24825331809422355,2018,A
3341,0.2054535724205806,0.2543416947406133,0.5402047229046987,2018,H
3342,0.5694956585986574,0.19797540404082956,0.23252894232756674,2018,H
3343,0.6714849397252416,0.25013985663354305,0.07837520705606492,2018,A
3344,0.2900786844962396,0.3310910019995111,0.3788303035701415,2018,A
3345,0.127072770025521,0.15486607001572836,0.7180611376070088,2018,H
3346,0.2048387906696827,0.31379625775586756,0.48136495157444975,2018,H
3347,0.5446907938563929,0.39436844373331476,0.06094076660124415,2018,A
3348,0.16614689411048086,0.24492144202878122,0.5889316539266303,2018,H
3349,0.2574198673658523,0.3405506018026463,0.40202952089739385,2018,A
3350,0.30455226917242534,0.28105882913950175,0.4143889016880729,2018,H
3351,0.4708915643289259,0.2426422225445445,0.28646620319242216,2018,A
3352,0.15777157814453843,0.15381078780905225,0.6884176265958287,2018,H
3353,0.46191069651797245,0.16116321080422819,0.3769260926777996,2018,H
3354,0.12237719168980005,0.24115126183152916,0.6364715464786708,2018,H
3355,0.3733778341200021,0.21579380654271976,0.4108283742384394,2018,H
3356,0.16125678172327693,0.1978410531221194,0.6409021502534424,2018,H
3357,0.05247387618242471,0.16572682248806633,0.7817993031921541,2018,H
3358,0.10464858026439657,0.2007463705892719,0.6946050317616436,2018,H
3359,0.6727442794438354,0.17087255462896533,0.15638318082836036,2018,A
3360,0.23773797019955478,0.29241495843311177,0.4698470713673335,2018,A
3361,0.45814337481411,0.30355115589120624,0.23830548916289887,2018,A
3362,0.20841744671867302,0.2715851248077252,0.5199974334406555,2018,A
3363,0.4821415072921951,0.2672959366992898,0.25056255104146125,2018,H
3364,0.07945211671347123,0.16900681875690585,0.7515410595625691,2018,H
3365,0.2146645959740768,0.12988441429793873,0.655450990969748,2018,A
3366,0.34316106046944533,0.19872253028767561,0.4581164005505351,2018,H
3367,0.08850275133899858,0.20440376523582482,0.7070934846669399,2018,H
3368,0.06703440955539514,0.15422137263606614,0.7787442265008827,2018,H
3369,0.19346038519805597,0.23089590130983448,0.5756437085250558,2018,H
3370,0.4576789346789783,0.3397813299502268,0.20253973537079492,2018,H
3371,0.21580886817592226,0.27309115905839004,0.5110999727656877,2018,A
3372,0.627479119491734,0.2866168045081773,0.08590408593419614,2018,A
3373,0.2431173911116347,0.3439399087756165,0.412942700112749,2018,H
3374,0.3921594213595861,0.3043159675247719,0.30352460118153457,2018,A
3375,0.22635634469052332,0.2722681519226605,0.5013754884856549,2018,A
3376,0.42608209382474543,0.30145465914757813,0.2724632420606225,2018,D
3377,0.21503923043754627,0.34278739649518614,0.4421733631331601,2018,H
3378,0.23499798653861256,0.18165165778495326,0.5833503581599611,2018,D
3379,0.337393164447428,0.33181098926418706,0.3307958661565998,2018,A
3380,0.1583204398892932,0.2020087138542317,0.6396708313553138,2018,H
3381,0.1718549124678408,0.24283526594737148,0.5853098215847876,2018,A
3382,0.12939456833112223,0.16413619088629608,0.7064692407825817,2018,A
3383,0.7345765374306296,0.1484114759905973,0.11701198657877322,2018,A
3384,0.3610164487317313,0.2923292280085898,0.3466543331937864,2018,H
3385,0.13010006550711165,0.2080609184306156,0.6618390061281653,2018,D
3386,0.07741507652648193,0.14490070851943856,0.777684207503499,2018,H
3387,0.16213907642992023,0.2779439738702272,0.5599169546669064,2018,D
3388,0.5267176085873849,0.3483782687606963,0.12490412141015554,2018,A
3389,0.49166463034779323,0.20835635202784045,0.29997902259142006,2018,H
3390,0.05747885165995037,0.09301525128140258,0.8495058986108514,2018,H
3391,0.24984201848669563,0.3245302920646061,0.4256276745475371,2018,D
3392,0.22981332149526726,0.3298894548304146,0.44029723360842565,2018,A
3393,0.08836673780231168,0.1420600229820996,0.769573238594707,2018,A
3394,0.46064340778826535,0.2780154102890833,0.26134118192265127,2018,D
3395,0.224565029286068,0.2657235929494764,0.5097113827315095,2018,H
3396,0.5269133214474534,0.2359461172998183,0.23714056621978205,2018,D
3397,0.7205397370677455,0.16793273504777997,0.11152753160976468,2018,A
3398,0.3085130856104325,0.2495133570424409,0.44197354741301914,2018,H
3399,0.4045661143547192,0.30637487305997113,0.2890590026512024,2018,D
3400,0.11924903129045843,0.37101384115423675,0.5097371350058851,2018,H
3401,0.23868453862704656,0.29507233909350417,0.466243107378288,2018,A
3402,0.5663246965468961,0.20832916822194358,0.2253461252970529,2018,A
3403,0.15375093074892257,0.2362574945687227,0.6099915746823544,2018,H
3404,0.5222012823756561,0.21781516307199725,0.25998354958529296,2018,H
3405,0.27480059042726523,0.2952404877748477,0.42995891683083337,2018,H
3406,0.1618167628061987,0.1724088164696116,0.6657744219659532,2018,D
3407,0.11480290502679251,0.200109613765466,0.6850874663065802,2018,H
3408,0.3143661535422033,0.4180736855476453,0.2675601758113126,2018,D
3409,0.17496228544125667,0.2155297061921202,0.6095080009160426,2018,H
3410,0.27484118218876546,0.16334480195226933,0.5618140195842555,2018,D
3411,0.3083784632821239,0.2702722909956846,0.42134923082103026,2018,A
3412,0.3782375710827594,0.20781914174596605,0.413943297105382,2018,D
3413,0.214658663667889,0.12822969170626233,0.6571116533181928,2018,H
3414,0.13982563922167918,0.22129652610931325,0.6388778247349001,2018,A
3415,0.377212275813533,0.27679784156124326,0.3459898726911161,2018,A
3416,0.41890546667901707,0.21802261321717695,0.3630719151367523,2018,D
3417,0.8031582975441185,0.10783732632150816,0.08900436868379273,2018,A
3418,0.35485830019360476,0.20811869285597137,0.43702299701631636,2018,H
3419,0.6045087646669629,0.21946136158702742,0.17602987498777298,2018,A
3420,0.3008037283645541,0.09537652959688121,0.6038197519726721,2019,H
3421,0.20955814447903784,0.32333554105482065,0.46710630453203406,2019,A
3422,0.6003752378884228,0.1716924880993954,0.22793227897923543,2019,D
3423,0.1900490554137048,0.17201482615266084,0.6379361234006882,2019,H
3425,0.6793231795343182,0.1759773407737382,0.14469948093370724,2019,A
3426,0.3722205180205615,0.31529070523894237,0.31248878170755007,2019,H
3427,0.3410684235900563,0.2260325585826315,0.43289901286025856,2019,D
3428,0.484838579366333,0.1956644340666386,0.31949698159997464,2019,A
3429,0.37207878102567565,0.2376448179884766,0.3902763960187941,2019,H
3430,0.13934735509945195,0.30517319838813806,0.5554794427871199,2019,H
3431,0.4012475460945278,0.23667834872965668,0.36207409524170814,2019,A
3432,0.24988118744358637,0.38283665989193644,0.3672821526644774,2019,D
3433,0.17185697798702573,0.1473407245849123,0.6808022850104277,2019,H
3434,0.2948951338807857,0.30747784533150185,0.39762702078771256,2019,H
3435,0.6555891845995031,0.1619200498982878,0.18249075805162865,2019,A
3436,0.08388168928600313,0.08636497497944279,0.8297533220751564,2019,D
3438,0.21463262225281846,0.25134409793090046,0.5340232847833348,2019,D
3439,0.4043430659451173,0.20454704599941162,0.3911098806048907,2019,D
3440,0.5352211581023315,0.26161439526069086,0.20316446650519274,2019,H
3441,0.1336642203266417,0.12358168040466412,0.7427540918181137,2019,H
3442,0.35291507568500863,0.2756319903381728,0.37145291907565764,2019,A
3444,0.09902349596891415,0.18538963311977588,0.7155868560101487,2019,A
3445,0.2255718657448604,0.2363941480019313,0.5380339713520472,2019,A
3446,0.4696879563991967,0.2358776577557813,0.29443437591091465,2019,A
3447,0.7034210159751807,0.19610279977848374,0.10047618362545391,2019,A
3448,0.1474462078832417,0.20089075919040522,0.6516630378934072,2019,A
3449,0.24623480709593304,0.20903646749172455,0.5447287105111812,2019,D
3450,0.22548999304459127,0.19877121361748237,0.5757387983049801,2019,D
3451,0.6248290768348196,0.2220083912251775,0.15316253939058344,2019,A
3452,0.046825734362426825,0.08557471965666867,0.8675995602611842,2019,H
3453,0.23728770888462156,0.24133990829673305,0.5213724026868604,2019,H
3454,0.22504323104693502,0.2754093727983069,0.4995473862206507,2019,H
3455,0.48368589882030216,0.24070679194019548,0.27560730923950244,2019,D
3456,0.15951109921115075,0.18759166870947977,0.6528972469805309,2019,H
3458,0.22255774908981987,0.20105947254438594,0.5763827733987406,2019,H
3459,0.17548641007148216,0.21610642861641896,0.608407161312099,2019,D
3461,0.2959014858668136,0.21159541790466943,0.49250309126146335,2019,H
3462,0.447255819281488,0.21728960593615212,0.3354545747823599,2019,A
3463,0.09327706756795429,0.07889177011266663,0.8278311859128845,2019,H
3464,0.33359708047516423,0.2705290147295402,0.3958738998282419,2019,D
3465,0.23574633344797133,0.2718480089318405,0.49240566258724194,2019,H
3466,0.7582536379412051,0.154831399184299,0.08691496039096908,2019,H
3467,0.38908568784399433,0.25170457304018196,0.35920973911582377,2019,D
3468,0.4910297135212019,0.19884536071898296,0.3101249356939226,2019,H
3469,0.42863848340126715,0.30266591768811907,0.2686956038776676,2019,D
3470,0.2998212768632859,0.2670699417941593,0.4331087813425549,2019,A
3471,0.3530919544637821,0.23595958074846868,0.4109484548536417,2019,H
3472,0.21434954707559642,0.24991071719596814,0.5357397406954892,2019,H
3473,0.2778794504473321,0.25311162248735675,0.46900893699941876,2019,A
3474,0.06657963977099578,0.12695774701566645,0.8064626082462842,2019,H
3475,0.2873566303239253,0.33335212743650455,0.3792912422395703,2019,D
3476,0.22392701476657195,0.2700283511244795,0.5060446440430563,2019,D
3477,0.3898550684768525,0.2813335516521252,0.32881136993691484,2019,H
3478,0.18011181427940506,0.27916501234940866,0.5407231882723477,2019,H
3479,0.45231065110184704,0.2836867605736413,0.2640025883245118,2019,A
3480,0.20565946691372058,0.25497039744900024,0.5393701356372794,2019,H
3481,0.4318575697580469,0.15952789403827838,0.40861451757722334,2019,H
3482,0.2584520072566781,0.23694192097077163,0.5046060717725503,2019,H
3483,0.6538406899056565,0.21848765874854162,0.12767165507109227,2019,A
3484,0.16638673904427337,0.19575000021914857,0.6378632458354168,2019,H
3485,0.33264140702780914,0.269294287358627,0.3980643155476717,2019,D
3486,0.3108474556424305,0.22767471684836113,0.46147781757510103,2019,D
3487,0.6711083232008633,0.1636612709884588,0.16523040581067783,2019,A
3488,0.13000379024545208,0.18520958093991494,0.6847866337816869,2019,H
3489,0.373222416528935,0.2761290623847808,0.3506485111521769,2019,D
3490,0.17020320461056107,0.2163053750828153,0.6134914203066238,2019,A
3491,0.30542422126909885,0.3471090697947892,0.3474667238372731,2019,A
3492,0.34470270258325736,0.2699428217518108,0.3853544607637705,2019,D
3493,0.38263602840681826,0.25524693736262816,0.36211703423055375,2019,H
3494,0.2016414367084508,0.11005239277084289,0.6883061879053943,2019,H
3495,0.4776255757521519,0.2524369155875614,0.2699374937591256,2019,H
3496,0.15477245070272821,0.21081262339199378,0.6344149358393857,2019,H
3497,0.05438704977330047,0.12233444704569407,0.8232784913842531,2019,A
3498,0.560367071856641,0.20739572751493504,0.2322371857272629,2019,A
3499,0.4694973431350023,0.22450618732632735,0.30599647450572415,2019,H
3500,0.5529396447130585,0.21054082013598818,0.23651953018389973,2019,A
3501,0.2662578874978288,0.21629921969215285,0.5174428779088572,2019,D
3502,0.31874014942669676,0.22585402848937,0.4554058320180407,2019,D
3503,0.1524234371596526,0.2748723522797765,0.5727042105605711,2019,H
3504,0.06689786081842576,0.12349455697149171,0.8096075834518461,2019,H
3505,0.26745639699503027,0.19860269733223046,0.5339409205739006,2019,D
3506,0.21408261994720204,0.24264616331345812,0.5432712018381786,2019,H
3507,0.4481456291920514,0.236431217052295,0.31542314382154607,2019,H
3508,0.6421268497711113,0.18807269492125356,0.16980045282410847,2019,D
3509,0.4130011557064756,0.23714631073551998,0.34985253355800444,2019,H
3510,0.3936857419000452,0.2634570526710858,0.3428571954947617,2019,A
3511,0.22574598421051775,0.28896859609771613,0.4852854097576587,2019,D
3512,0.39529695947166665,0.22919869587452438,0.37550433968675545,2019,H
3513,0.32218753924153637,0.33244461568784284,0.34536785500472833,2019,D
3514,0.08169933491659244,0.18573053367296055,0.7325701413445547,2019,H
3515,0.6313614903418113,0.1868869538739649,0.18175155578422383,2019,A
3516,0.31849640625191744,0.3467299634791718,0.33477363026891077,2019,D
3517,0.18962282425992885,0.24508727190991378,0.5652899063136844,2019,D
3518,0.06839024030505217,0.11988552411587343,0.8117242455131821,2019,H
3519,0.4259537547580718,0.26316779153087483,0.3108784537110534,2019,A
3520,0.20601889527361492,0.20024403365328566,0.5937370834907341,2019,H
3521,0.6721329567200615,0.18772955767238342,0.1401374806405014,2019,A
3522,0.1220775474748274,0.10786977143934569,0.770052666184666,2019,H
3523,0.18491481417369401,0.2349780094793594,0.580107171379893,2019,A
3524,0.5527030457115159,0.1845339015786458,0.2627630502263116,2019,A
3525,0.5237610800694662,0.18421363408264943,0.29202528088083063,2019,H
3526,0.20391273601403503,0.2420158973747649,0.554071371578254,2019,H
3527,0.12140831236230772,0.2954853805995625,0.5831063194557643,2019,D
3528,0.5763777472730034,0.2485709718670512,0.1750512920358163,2019,A
3529,0.20830346891335413,0.23673238581329747,0.5549641403062949,2019,D
3530,0.3398792499805405,0.2528875817797658,0.40723315333853244,2019,A
3531,0.5215710542011716,0.21973750286761265,0.2586914429312159,2019,A
3532,0.36051043942440564,0.24730113264447615,0.39218841302995705,2019,D
3533,0.1555747558175539,0.1416902033623527,0.7027350358530399,2019,H
3534,0.07827948795727792,0.15277633095583534,0.768944195988048,2019,H
3535,0.36073175435029975,0.2631021809998388,0.37616607458396906,2019,H
3536,0.36769650804387055,0.29028775072847446,0.34201574122765505,2019,H
3537,0.17982234565670296,0.2441017338682551,0.5760759055738808,2019,H
3538,0.38947846449632956,0.22572689744234786,0.3847946330942691,2019,H
3539,0.2723959660046114,0.22799554342289607,0.49960850050660005,2019,H
3540,0.2585660152689017,0.2726206888238999,0.4688132959071984,2019,A
3541,0.11917488528787433,0.23147099058490972,0.6493541166766356,2019,D
3542,0.29631385828309414,0.22500038739656888,0.478685759287391,2019,A
3543,0.6188826503177559,0.23765942461628117,0.1434579151318556,2019,A
3544,0.6750609276676168,0.16949430861305773,0.15544474881816417,2019,A
3545,0.10961736970153206,0.17612190925982452,0.7142607148298263,2019,A
3546,0.38907300248586013,0.24642412340768158,0.3645028741064582,2019,A
3547,0.23428541787457505,0.31694365664715757,0.44877090064299874,2019,H
3548,0.4077499334692063,0.18803867306353808,0.40421138850020194,2019,D
3549,0.23526499943019186,0.2744866602096463,0.49024833042605437,2019,H
3550,0.671286205261373,0.1990369334387493,0.12967687371751208,2019,D
3551,0.1625687801723976,0.2718077194663166,0.5656235053283396,2019,A
3552,0.0819487448814439,0.1717015397297296,0.7463497004876655,2019,A
3553,0.050718372609819984,0.08627233199528195,0.8630093062603281,2019,H
3554,0.24927414343944185,0.21437096468893493,0.5363548670363546,2019,H
3555,0.30085720861323706,0.2743503987841525,0.42479239756966414,2019,H
3556,0.3951217100025439,0.17713416948740512,0.42774411305947035,2019,D
3557,0.15925054719018006,0.18805183218020524,0.6526976032449268,2019,D
3558,0.11666998415945355,0.2022679188418218,0.6810620883063806,2019,H
3559,0.16272004771892354,0.3019982871216287,0.5352816502582868,2019,D
3560,0.565423799718451,0.17627526466603816,0.2583009380990377,2019,A
3561,0.24697490427015759,0.27281089472216574,0.48021421590883784,2019,H
3562,0.07372323058425172,0.1637220143156106,0.762554761308955,2019,H
3563,0.06891598104968781,0.1670132694461168,0.764070756954776,2019,H
3564,0.28530571113150555,0.22497907939302628,0.48971520947546815,2019,H
3565,0.4348995682638231,0.23686011211068467,0.32824032955959975,2019,H
3566,0.14064413726255387,0.2183394501445022,0.6410163877576753,2019,H
3567,0.08243523951006095,0.10680971799123022,0.810755029149752,2019,H
3568,0.19731013779745696,0.2620817347147417,0.5406081225207477,2019,A
3569,0.1886435772893731,0.22942443676363902,0.5819319884305149,2019,A
3570,0.6330736406567951,0.18721565608519627,0.17971070325800853,2019,A
3571,0.12757137344228203,0.18626730648213793,0.6861613101414727,2019,A
3572,0.48593460541650413,0.27312485314146867,0.24094053150791983,2019,H
3573,0.245107895445412,0.26798411237276304,0.4869079822477176,2019,H
3574,0.3373651037916822,0.2958124918688428,0.36682242420768985,2019,D
3575,0.6999803493863396,0.17740998464136662,0.12260965603818635,2019,A
3576,0.2232174697149164,0.2982723334823607,0.478510196802723,2019,H
3577,0.41436202702597585,0.23962769272021592,0.3460102653526471,2019,A
3578,0.46912597898919445,0.2888954401864435,0.24197858579141582,2019,D
3579,0.31904155270403617,0.3303848905317696,0.3505735368959795,2019,A
3580,0.1815378182011823,0.23364056873226,0.5848216329347727,2019,H
3581,0.0741727772923913,0.10606158751639776,0.8197656401582648,2019,D
3582,0.23294191318729418,0.27749794658646837,0.4895601352591839,2019,A
3583,0.3159391849257071,0.3517356470150424,0.33232515315808914,2019,H
3584,0.06588819168316419,0.08721810048949158,0.8468936929261831,2019,H
3585,0.05422057410765479,0.1845843958720711,0.761195030330715,2019,A
3586,0.1603867669973439,0.1896128982252785,0.6500003347773778,2019,D
3587,0.19147209228716533,0.25189984309457075,0.5566280745523714,2019,A
3588,0.6750488290668929,0.12045775349752404,0.20449342364439993,2019,A
3589,0.3568036350066707,0.21988877471352475,0.42330758531275103,2019,D
3590,0.2973039410999088,0.2868829297742062,0.4158131291258851,2019,A
3591,0.1729106538143705,0.37782520000345793,0.44926414618217153,2019,H
3592,0.5279361237814995,0.19082259570134552,0.2812412904512627,2019,A
3593,0.38760855053833376,0.29751069737336727,0.31488076202240656,2019,A
3594,0.3676893025608859,0.23121407051290477,0.40109662195915563,2019,D
3595,0.3105297516581878,0.2488262614806602,0.4406440017623132,2019,A
3596,0.2294978932917048,0.273587489420642,0.4969146123205994,2019,H
3597,0.5744969646042837,0.2229652410266089,0.20253778443500017,2019,H
3598,0.36376858014433927,0.3067159611168809,0.3295154686728874,2019,A
3599,0.15393881137813906,0.21656258048432475,0.6294986031704827,2019,D
3600,0.33485898223465266,0.1864956188181379,0.47864541136484373,2019,H
3601,0.11886270074998027,0.3334560177425228,0.5476812628810453,2019,H
3602,0.08328507771407477,0.19396483588225025,0.7227500963377825,2019,A
3603,0.24954882090721217,0.22881745868517825,0.521633715440556,2019,H
3604,0.2810968515745221,0.26107630158221623,0.45782683690915427,2019,H
3605,0.24290530640605837,0.30292757735733095,0.4541671311377719,2019,H
3606,0.38430711854618593,0.1978790301982111,0.4178138512556031,2019,D
3607,0.3924879925334818,0.22849232114479603,0.3790196714205611,2019,A
3608,0.5325627612681635,0.2351272120043926,0.23231002176039015,2019,H
3609,0.25916596026304434,0.20529376086996112,0.5355402813505216,2019,H
3610,0.28986627764426515,0.3257653373351771,0.38436837508645044,2019,A
3611,0.3079258971953216,0.24260040325962315,0.4494736945780015,2019,D
3612,0.3015059480096372,0.22838777801535978,0.47010626900794944,2019,H
3613,0.38579915767988776,0.3570235587514475,0.2571772686675035,2019,D
3614,0.42640689000916215,0.2881865859600351,0.2854065140966953,2019,A
3615,0.3774097111880467,0.32306559407052937,0.29952470964258515,2019,A
3616,0.4897109048188524,0.17927271314280083,0.3310163671371856,2019,A
3617,0.1406805304275553,0.1441935893835688,0.7151258801888759,2019,H
3618,0.10066534854169118,0.1525257687442838,0.7468089075492937,2019,H
3619,0.6006164640253692,0.17656023217339376,0.22282330380123713,2019,D
3620,0.23913049365808262,0.2624856865321276,0.4983838247768435,2019,A
3621,0.4267158835207295,0.292108380449796,0.2811757260953671,2019,A
3622,0.40866396202998095,0.2674850935867383,0.32385096425149573,2019,H
3623,0.5608980228376054,0.20058657368940846,0.23851541340709367,2019,H
3624,0.09115281167620133,0.20675201828505477,0.7020951675552171,2019,H
3625,0.3125296532165718,0.3010848686274419,0.3863854980242012,2019,D
3626,0.24065035887256428,0.24670463733093725,0.5126450137306059,2019,H
3627,0.47631444629320724,0.20585032261558542,0.31783522612415366,2019,H
3628,0.09953374190659973,0.09403874030956837,0.8064275165420686,2019,H
3629,0.2614430221218093,0.3096721677097904,0.4288848052013467,2019,H
3630,0.6822947974936633,0.2020361474743814,0.11566904509784803,2019,A
3631,0.1061253938885242,0.25325135848120756,0.6406232426632146,2019,D
3632,0.06841292212708122,0.22044836978589488,0.7111387093287874,2019,H
3633,0.11985976079862319,0.1934518514134234,0.6866883840626632,2019,A
3634,0.3269312195454906,0.3018939993657442,0.37117477115465797,2019,H
3635,0.23571241562994918,0.2868617598005625,0.4774258295365421,2019,D
3636,0.1129492183322694,0.1501160666991884,0.7369347348367573,2019,H
3637,0.35527610301593,0.25328860618218657,0.3914352858348298,2019,A
3638,0.6351315876005977,0.19722498776147324,0.16764342960498269,2019,A
3639,0.3876379163086932,0.26981657247971513,0.3425455012774843,2019,D
3640,0.4157871734177923,0.21226091359442134,0.3719519179548403,2019,A
3641,0.19137086364207978,0.1991094577468633,0.6095196711604763,2019,H
3642,0.5546486702648749,0.2673092379839491,0.17804209423470305,2019,H
3643,0.23130048063650574,0.22105087727494663,0.5476486470556016,2019,D
3644,0.37680755774988334,0.2528366504215526,0.3703558017626716,2019,D
3645,0.07174370384388702,0.13960288286736924,0.7886534108052171,2019,D
3646,0.4819153225006998,0.22265008793459576,0.2954345696964893,2019,D
3647,0.44012207973785916,0.2428300172878166,0.3170479079413779,2019,H
3648,0.31443403045460966,0.14799805172487282,0.5375679203040443,2019,H
3649,0.38476110184412793,0.33996762024696486,0.2752712878430147,2019,H
3650,0.3786615652216192,0.3276424437747569,0.29369600093773146,2019,H
3651,0.37257698799902195,0.2535619667106219,0.3738610552244635,2019,A
3652,0.13055305349696916,0.21568704303258998,0.6537599171298388,2019,D
3653,0.49747270171194397,0.24256496460808727,0.25996232374586126,2019,A
3654,0.11538030084984187,0.25001432992206546,0.6346053543269315,2019,D
3655,0.23906307255445577,0.20079892606637526,0.5601379964121155,2019,H
3656,0.12248241411141775,0.30138281209762535,0.5761347638568496,2019,H
3657,0.07935042360283233,0.14766381607001888,0.7729857603271489,2019,A
3658,0.5990553051612495,0.21737409847935343,0.18357059387587019,2019,A
3659,0.7342189631046825,0.13134841678572803,0.13443260893371844,2019,A
3660,0.27219532608764313,0.21485986812570448,0.5129448057866522,2019,D
3661,0.3239439831476727,0.2988285248916255,0.3772274919607019,2019,H
3662,0.27062253657884755,0.20870028774977112,0.5206771781549082,2019,A
3663,0.25241402198386864,0.12323800848839152,0.6243479732530303,2019,H
3664,0.2724241395716241,0.23623390112827639,0.49134195930009944,2019,D
3665,0.4709265911283949,0.21616179336204114,0.3129116204766176,2019,A
3666,0.3214602363961477,0.3169386305532063,0.36160113801769983,2019,D
3667,0.15168996825486986,0.20317991711253303,0.6451301096655436,2019,D
3668,0.4626577763274371,0.2636444761945305,0.273697754928613,2019,D
3669,0.5064656692133099,0.2234981740679263,0.27003617658697876,2019,H
3670,0.20303140382748217,0.23073022102973417,0.5662383850768914,2019,D
3671,0.17591271782411924,0.23997361274614462,0.5841136694297363,2019,H
3672,0.13220153288356248,0.21032829284813392,0.6574701568836158,2019,H
3673,0.3809693458876624,0.2745578141216671,0.3444728399906705,2019,D
3674,0.15313356109711487,0.287515727851479,0.5593507135349332,2019,A
3675,0.7140629941244612,0.14459158356846902,0.14134541734001604,2019,A
3676,0.5137513113494209,0.22317753986471398,0.26307114878586507,2019,A
3677,0.22008469090243743,0.2079514126554919,0.5719639063761783,2019,H
3678,0.14547688186100913,0.2254856694301055,0.6290374511924123,2019,A
3679,0.0455975274615025,0.14264129976761314,0.8117611783588202,2019,H
3680,0.23652455884567655,0.17784089952276438,0.5856345540491935,2019,D
3681,0.16702446439619592,0.24575262688798385,0.587222913682874,2019,H
3682,0.531120878698914,0.29988425347492276,0.1689948693783677,2019,A
3683,0.2631665357361992,0.2724410669860083,0.4643923972777926,2019,H
3684,0.2014076283380083,0.2536767575480123,0.5449156290151406,2019,H
3685,0.15792347705333146,0.16520863761022023,0.6768678803693944,2019,H
3686,0.13198947607790623,0.1533861749449874,0.714624330350655,2019,H
3687,0.19808077329739257,0.22677731025021738,0.5751419164523902,2019,H
3688,0.4660506797958397,0.21213053613535562,0.32181878903585837,2019,H
3689,0.043131251974082095,0.06267256009396355,0.8941961933646695,2019,H
3690,0.43337760687511867,0.2800176810029559,0.28660472205603305,2019,H
3691,0.39180449335769013,0.2812864531167532,0.3269090386243955,2019,D
3692,0.5394550919113218,0.25453517017971367,0.20600974784307194,2019,D
3693,0.2998047498248921,0.20080101428749822,0.49939423092055607,2019,A
3694,0.5298725363690756,0.20303240484382742,0.26709505382004317,2019,H
3695,0.7457219785224241,0.12936569405360707,0.12491233239102247,2019,H
3696,0.3328411805530291,0.23479766970829086,0.43236113980457264,2019,D
3697,0.28722097591704004,0.2169228518622478,0.49585616725365855,2019,A
3698,0.17043232163584773,0.3508210672239543,0.47874659872256364,2019,A
3699,0.194784713255901,0.24971586625753647,0.5554994304206701,2019,D
3700,0.3148589997878835,0.2914507933590469,0.3936902167871772,2019,D
3701,0.04892267488545734,0.10900396605244271,0.8420733801720784,2019,H
3702,0.2459956281447708,0.20599363345880792,0.5480107433634751,2019,H
3703,0.2764225218229693,0.26586105242298647,0.45771645058931304,2019,H
3704,0.21296722381055874,0.2034269475906685,0.5836058186646653,2019,H
3705,0.3687367299755207,0.2610581369118701,0.37020514304671676,2019,H
3706,0.1945638951141839,0.20673071272982138,0.5987053871889408,2019,H
3707,0.1694068993205792,0.17178990383247184,0.6588032018140028,2019,H
3708,0.3865196657536101,0.28003876939263117,0.33344157478786624,2019,D
3709,0.1034655461186708,0.15480889977683357,0.7417255652803668,2019,H
3710,0.4134591735561579,0.21453621695451594,0.3720046243904875,2019,A
3711,0.5659489026747081,0.18624617618300857,0.24780492859286396,2019,D
3712,0.5163545110168747,0.19049759990507587,0.2931478841109956,2019,D
3713,0.3132249582649719,0.2536494979258111,0.4331255338751095,2019,H
3714,0.6109082491270351,0.16506403157865934,0.2240277143272519,2019,A
3715,0.472741165817754,0.21442242959442723,0.3128363946537112,2019,A
3716,0.5622747030082921,0.24772738589894416,0.1899979160598176,2019,D
3717,0.7706295704126017,0.11375869667296552,0.11561174843647544,2019,A
3718,0.29427588048251324,0.37193077494916266,0.3337933445683241,2019,H
3719,0.06457389873191378,0.11514715830049989,0.820278933033479,2019,H
3720,0.16980809161619237,0.174353506363828,0.6558384045035067,2019,D
3721,0.21347509894948494,0.2047133381512005,0.581811557932261,2019,H
3722,0.1353678922999373,0.22376130642170647,0.6408708174212809,2019,H
3723,0.18839974586304123,0.2647530880865973,0.546847175984469,2019,D
3724,0.3712598668639555,0.26171044615174055,0.3670296820172503,2019,A
3725,0.08023820843844716,0.19595176631963485,0.7238100177913376,2019,H
3726,0.08817913336759921,0.1492759003074945,0.7625449532863904,2019,H
3727,0.24555797474519622,0.428103419669358,0.3263385956513385,2019,H
3728,0.1857030786643917,0.2696317112613355,0.5446652150413265,2019,A
3729,0.22457305022934504,0.3515177453486796,0.4239092044219755,2019,H
3730,0.5758661272565428,0.20204302637470703,0.22209085630285771,2019,A
3731,0.34470606723875385,0.2864966638897724,0.36879726887147396,2019,A
3732,0.3393073814936339,0.3003444917753037,0.3603481366651699,2019,A
3733,0.5835139020163663,0.19092849194705422,0.22555761100363325,2019,A
3734,0.14343239237165492,0.20052842371720406,0.6560391752187971,2019,H
3735,0.31568521477088834,0.3643917336744227,0.31992306645585017,2019,A
3736,0.36489601241411956,0.2656880615939073,0.3694159259919732,2019,H
3737,0.6516877907667847,0.18895826896525833,0.159353960136172,2019,H
3738,0.20676064261140814,0.3097193613220995,0.4835200109676536,2019,H
3739,0.262281549786817,0.2317590773988382,0.5059593777813987,2019,H
3740,0.30570293359057993,0.29576590230274047,0.39853117404078703,2019,A
3741,0.22773022713505922,0.21974353274753164,0.5525262450844629,2019,H
3742,0.08173217301210474,0.16969804193776605,0.7485697875336562,2019,H
3743,0.19456335257526336,0.29304902467409616,0.512387632684748,2019,A
3744,0.08374329418646827,0.17155363982829916,0.7447030771611036,2019,H
3745,0.3264108812486068,0.24364912881077214,0.4299399700724063,2019,D
3746,0.20535893786360315,0.2843904385191883,0.5102506136831012,2019,D
3747,0.061985514834496935,0.14339617783366837,0.7946183293731358,2019,H
3748,0.6527786333101396,0.18845456148913597,0.15876680147543415,2019,H
3749,0.27278293116383406,0.20131083161613672,0.5259062521211905,2019,H
3750,0.6856985687114839,0.17286493938448952,0.14143649687108048,2019,A
3751,0.16965794471155324,0.20129661646687827,0.6290454276456977,2019,H
3752,0.42262039837020837,0.19884397452904803,0.37853563206779745,2019,D
3753,0.09357816834063128,0.18388617231286938,0.72253566679708,2019,H
3754,0.27714710322343755,0.2097817853841786,0.5130710989747497,2019,H
3755,0.2930823774838058,0.3478961939707102,0.3590214186113765,2019,A
3756,0.6736972797206374,0.19069068631898697,0.13561201781745105,2019,A
3757,0.5106234850609462,0.1816771745512529,0.30769933976691927,2019,D
3758,0.26539144462015574,0.37947422993584423,0.3551343055757852,2019,D
3759,0.6166552271988491,0.22376015326499898,0.15958462201967877,2019,A
3760,0.06344024344565076,0.12416894413745472,0.8123908173839484,2019,D
3761,0.4572061943928271,0.23009407950408164,0.31269972113603767,2019,A
3762,0.7508003693929927,0.15832445293998867,0.09087515873012623,2019,A
3763,0.3160329646623285,0.29240137523107806,0.39156566010659355,2019,H
3764,0.38908911199646495,0.34830703661291257,0.26260383152240757,2019,H
3765,0.162683895958572,0.21390823472785772,0.6234078568959361,2019,H
3766,0.33803135325013817,0.22955449755180987,0.4324141392639445,2019,H
3767,0.4476979762045703,0.24714470018554877,0.3051573136757734,2019,H
3768,0.4743129308313531,0.1923204734864248,0.33336660064927576,2019,H
3769,0.13116218829897347,0.21526095571272533,0.6535768659224088,2019,D
3770,0.043342046337323664,0.14692253182593076,0.8097354246307136,2019,H
3771,0.4454093993098562,0.2558943308732881,0.2986962549156947,2019,D
3772,0.06455648261417764,0.13213979492013347,0.8033037274327427,2019,H
3773,0.4443739037125252,0.22449543856591872,0.33113065275450243,2019,A
3774,0.46951434225779903,0.22930430171043836,0.3011813560317627,2019,H
3775,0.5901995408207289,0.22328980981953342,0.18651064935973785,2019,A
3776,0.19791813709084852,0.2414374208714529,0.5606444420376987,2019,D
3777,0.16288884087810188,0.29462365726127376,0.542487509311205,2019,H
3778,0.29688537437759016,0.2799300550315242,0.4231845606567782,2019,D
3779,0.24269282909264,0.2337303046948905,0.5235768711795233,2019,H
3780,0.41856936341817086,0.27934674516753605,0.30208388893076626,2019,A
3781,0.3447098952056091,0.24718354652356575,0.40810655827082526,2019,A
3782,0.4670752028928296,0.20067309410990783,0.33225170796431636,2019,H
3783,0.3953185578474047,0.25549467280954624,0.3491867643759954,2019,D
3784,0.2037779112014488,0.2574217289341957,0.5388003648314093,2019,A
3785,0.10455411051726898,0.2088796288014995,0.6865662730988661,2019,H
3786,0.723284387940257,0.19471302669828203,0.08200257542735351,2019,A
3787,0.47836193461304627,0.2813484334817942,0.24028961700399862,2019,H
3788,0.14959875143014031,0.2290303955228583,0.6213708518052381,2019,H
3789,0.22340989277936207,0.2962545964723793,0.4803355008141513,2019,D
3790,0.23082214135735948,0.22293677104026743,0.5462410876023732,2019,H
3791,0.6538361608370981,0.17256741893503014,0.1735964301619791,2019,A
3792,0.03693190110223084,0.11739335132798978,0.845674722113629,2019,H
3793,0.27937705916824634,0.292288982836807,0.42833397786316163,2019,A
3794,0.16282106392082804,0.22721593395569364,0.6099630195081663,2019,D
3795,0.40456333161423513,0.3775421868208033,0.2178944840484884,2019,D
3796,0.12743023837685077,0.22488516399827949,0.6476846088007409,2019,H
3797,0.2577424437127079,0.19815916180875523,0.5440983994455908,2019,A
3798,0.23084456432770076,0.2027111497971035,0.5664443082269377,2019,A
3799,0.168475872856784,0.2318710479649164,0.5996530766947727,2019,H
3801,0.3028553797415361,0.19301723213356228,0.5041274030260628,2020,A
3802,0.4288212950756136,0.25767405278916106,0.31350465213522544,2020,H
3803,0.45037017937766355,0.36629716457954253,0.18333266597690154,2020,A
3804,0.547423197500991,0.23523293837686757,0.21734385915508767,2020,A
3805,0.25620987198174056,0.25936618045737475,0.484423937626777,2020,A
3806,0.63767148046578,0.16715678889887006,0.19517172566829613,2020,A
3807,0.3472632213148256,0.24039728532126195,0.4123395132321273,2020,A
3808,0.1665704544875791,0.28405203778531396,0.5493774928259457,2020,H
3810,0.22865969801408212,0.2597527744082428,0.5115875275776749,2020,A
3811,0.19520841937155256,0.24247282674378398,0.5623187439505559,2020,H
3812,0.1474999849237352,0.24506838472182912,0.6074316229038549,2020,A
3813,0.17665948938529705,0.23105275110802523,0.5922877495725704,2020,A
3814,0.3728828578095771,0.29932650117658616,0.3277906211456218,2020,A
3815,0.11495498016432519,0.1773169685430693,0.7077280363914443,2020,H
3816,0.4237690341005503,0.3510173901734102,0.2252135806930932,2020,A
3817,0.16467042236246668,0.20369226329366028,0.6316373168273999,2020,H
3818,0.5611562119513919,0.22243055075863008,0.21641323728997808,2020,D
3819,0.34833581208935976,0.16797864364749526,0.48368556288959663,2020,A
3820,0.4180854906495765,0.2288282225330238,0.353086301718561,2020,A
3821,0.4074678423566212,0.2917121228021067,0.3008200447753795,2020,A
3823,0.19255643682817727,0.22801460171740318,0.5794289614544195,2020,D
3824,0.1703770419858381,0.2095677917124963,0.6200551663016656,2020,A
3825,0.3530999076379273,0.2788735077691987,0.3680265746587666,2020,H
3826,0.09698595838782485,0.17413506479586618,0.7288789718492552,2020,H
3827,0.3200966405812054,0.33672076481336316,0.34318259957248526,2020,A
3828,0.15115232682314314,0.26021249563683707,0.588635172572966,2020,H
3829,0.2054673743944516,0.21555374781225764,0.5789788728262372,2020,H
3831,0.35643271023317835,0.2863913432018401,0.3571759465649816,2020,H
3832,0.1272790396917444,0.1543019620930969,0.7184190155998467,2020,A
3833,0.1785834076868996,0.2084608161508393,0.6129557811293148,2020,H
3834,0.13678718873534795,0.17549017637709682,0.6877226361293186,2020,H
3835,0.3058023220288149,0.2715879790144374,0.42260967908853275,2020,H
3836,0.27159975158117494,0.2844078521269075,0.44399237642370276,2020,A
3837,0.6708252709515833,0.18527717099277943,0.14389757419856178,2020,H
3838,0.10480193768162727,0.26923490798961935,0.6259631580540436,2020,H
3839,0.2891758552874469,0.27375631547639256,0.4370678342032143,2020,A
3840,0.1912367952795584,0.20277151165219473,0.6059916881011933,2020,D
3841,0.4480390816242085,0.19741718939004618,0.3545437339527992,2020,D
3842,0.39820561074174066,0.21485497544296717,0.386939413815292,2020,D
3843,0.385807404630506,0.2671231344190768,0.3470694708845247,2020,D
3844,0.11795170302178377,0.1884935221458545,0.6935547686235445,2020,D
3845,0.2560042727629845,0.22450437818545863,0.5194913291833421,2020,A
3846,0.34017885126508113,0.3485800801275514,0.3112410686073674,2020,D
3848,0.11700071556560432,0.1765053383596568,0.7064939460747387,2020,A
3849,0.3182889088611241,0.257964957644639,0.42374614342834427,2020,D
3850,0.07321662470327155,0.1506669441443779,0.776116429910587,2020,H
3851,0.23868211416199084,0.20318335325200088,0.5581345276189544,2020,A
3852,0.5050549337814374,0.19236189332179113,0.3025831828308789,2020,D
3853,0.36140912535276354,0.28440575985950617,0.3541851247218377,2020,H
3854,0.16321798459636813,0.263585976080616,0.5731960293889083,2020,D
3855,0.2651283594748533,0.32147978004967376,0.41339186544252665,2020,A
3856,0.18546633063982831,0.19643182646465754,0.6181018428955142,2020,D
3857,0.5609492908250114,0.1772276018349573,0.26182311230708516,2020,A
3858,0.16188433190570675,0.3073325462714404,0.5307831143722722,2020,H
3859,0.5158492633118598,0.22485070483640698,0.2593000318517333,2020,A
3860,0.3770708390356991,0.2141808655634662,0.40874829540083474,2020,A
3861,0.0967780494668723,0.15087068809759352,0.7523512624355342,2020,H
3862,0.1812342718113503,0.2785508052112636,0.5402149279444396,2020,A
3863,0.28138508198676565,0.23912295302587885,0.4794919550532481,2020,A
3864,0.21412982077983259,0.22033242274329498,0.5655377564768724,2020,H
3865,0.49765396897442865,0.2515771572158323,0.25076887877679277,2020,H
3866,0.2602960651173493,0.27073768854093655,0.4689662562758216,2020,H
3867,0.19051397972927972,0.2887239648837611,0.5207620529034321,2020,A
3868,0.16111893708891412,0.1744802877074878,0.6644007640277272,2020,D
3869,0.17022634244881374,0.23552044930537108,0.5942532256305032,2020,H
3870,0.22745307261189388,0.25276141827123455,0.5197855091168716,2020,A
3871,0.34728059157354024,0.26396427894409097,0.38875513444942245,2020,H
3872,0.07903083092169755,0.18023927141426377,0.7407298914552216,2020,H
3873,0.28960088290579517,0.24554347532091456,0.4648556318391828,2020,H
3874,0.3259674248550339,0.2884119000557908,0.38562067508917536,2020,D
3875,0.3269889272436731,0.25029689046373416,0.4227141624243777,2020,A
3876,0.29777894714527925,0.29094763038885335,0.4112734224658674,2020,H
3877,0.5187002521727867,0.2673686803314,0.21393106749581348,2020,A
3878,0.495178956375493,0.3333304201216481,0.1714906235028589,2020,A
3879,0.145386651081973,0.15642932372194815,0.6981840326466595,2020,A
3880,0.2414173720502021,0.2185568275492685,0.5400257854993681,2020,H
3881,0.16618017201464777,0.19482383772956904,0.6389959877722562,2020,H
3882,0.37636571370401467,0.27947156050466654,0.3441627257913187,2020,A
3883,0.3730004813886303,0.2633588159301407,0.36364069771417523,2020,A
3884,0.2183203074132166,0.2528845737052994,0.5287951039803228,2020,D
3885,0.09812835406946611,0.16604643776437836,0.7358251994738114,2020,H
3886,0.3988681342676912,0.21838346133698003,0.3827483870106409,2020,H
3887,0.41309764820668265,0.25916857526105663,0.32773378646636836,2020,D
3888,0.1916304995928814,0.26060622066287226,0.5477632698101388,2020,A
3889,0.43361268801374053,0.1784927855821464,0.38789452392058615,2020,D
3890,0.07814896651514348,0.15819936509139332,0.763651675223162,2020,H
3891,0.2930623192883151,0.21610528492922151,0.4908323808813022,2020,A
3892,0.2998328742318673,0.2560218131773734,0.4441452927225444,2020,H
3893,0.4177822909527103,0.21598653006104862,0.366231181469768,2020,A
3894,0.21343062925329578,0.2925986977167548,0.49397068296405705,2020,D
3895,0.35670917458625984,0.217585069413078,0.42570574606655476,2020,A
3896,0.15237945163371006,0.24125330028234251,0.6063672282157323,2020,A
3897,0.3876477373180543,0.26861865536623925,0.34373359738159887,2020,H
3898,0.22485058564886265,0.21848214808438618,0.5566672811679122,2020,H
3899,0.33833697716629324,0.23908440436149384,0.42257864330748157,2020,A
3900,0.0959969486583283,0.14581184247936582,0.7581912150711229,2020,H
3901,0.5058166397568804,0.1977065446553945,0.29647680813714455,2020,D
3902,0.3669026359379272,0.2459007369375301,0.3871966320915965,2020,A
3903,0.49846976580682417,0.25826120706174543,0.24326901719732294,2020,A
3904,0.15744258546146256,0.2612107134700648,0.581346693617892,2020,H
3905,0.15522619588341066,0.20969899689412774,0.6350747923213005,2020,H
3906,0.27378880265281896,0.3171275854315153,0.4090836168827195,2020,A
3907,0.33367811116064044,0.2420182735582245,0.4243035954129201,2020,A
3908,0.25666750939334393,0.25607632073945624,0.4872561649001461,2020,H
3909,0.3297954995086154,0.2744417614645327,0.39576273902685205,2020,A
3910,0.438109893946971,0.2784156991715614,0.28347440812323116,2020,D
3911,0.4780257348261429,0.27886246550209287,0.2431118046388181,2020,H
3912,0.09399375129015473,0.2028303110479889,0.7031759376618562,2020,H
3913,0.2718741730122733,0.3848585693551156,0.3432672526655574,2020,D
3914,0.6589549007188479,0.21830652170967646,0.122738578813239,2020,D
3915,0.1752779262792515,0.17626348654224214,0.648458583453216,2020,A
3916,0.1424563115505841,0.16124036912246806,0.6963033044257867,2020,H
3917,0.4995286811647419,0.24038958412304903,0.2600817297451553,2020,H
3918,0.08745903302682757,0.1501777111097479,0.762363257105188,2020,D
3919,0.2578416364015158,0.2562769885322963,0.48588138500029526,2020,D
3920,0.11846271100017823,0.21474216361176865,0.6667951080033651,2020,H
3921,0.3100947515537968,0.27317165858770365,0.416733599792607,2020,D
3922,0.19195593712976944,0.24282499345771258,0.5652190743795718,2020,A
3923,0.5043693289025829,0.18066460551586702,0.31496605564744257,2020,D
3924,0.21674505579379777,0.2817755326005185,0.5014794116056835,2020,H
3925,0.11425464864876089,0.21964801790092525,0.66609732848326,2020,D
3926,0.5457564716639705,0.2553418506429978,0.19890168266008537,2020,A
3927,0.6335431213124151,0.19732526299916509,0.1691316144466564,2020,A
3928,0.3456701598124899,0.30380117442616156,0.35052865582724113,2020,A
3929,0.1822712934318992,0.3269988160944963,0.4907298755724434,2020,H
3930,0.23872638139869692,0.27961375923219833,0.4816598792373195,2020,D
3931,0.16139478233126514,0.23281327982177016,0.6057919353634378,2020,H
3932,0.6359101326079776,0.16790006358244436,0.19618979635899744,2020,A
3933,0.1884424001276552,0.2932179826963814,0.5183396295935978,2020,A
3934,0.17977791237225324,0.23369397902955233,0.586528098664087,2020,D
3935,0.38393343463379265,0.22961789476747674,0.3864486606646232,2020,H
3936,0.2195126432006086,0.27830733300150223,0.5021800287649429,2020,H
3937,0.49805176478647256,0.20280637832785608,0.2991418618527251,2020,H
3938,0.13081861874653797,0.17057995781276794,0.6986014085395329,2020,H
3939,0.5179703674692973,0.224554393815928,0.25747523871477473,2020,A
3940,0.43824476263655554,0.20936080758556233,0.3523944446790434,2020,D
3941,0.1277341594883207,0.21072341754767812,0.6615424192387107,2020,H
3942,0.4312178634242254,0.24339918642005065,0.32538294518867034,2020,D
3943,0.04751561762473628,0.0993331571095295,0.8531512414086588,2020,D
3944,0.25227033708098195,0.2760313583425657,0.4716982946423449,2020,D
3945,0.34800315355825356,0.285725254072957,0.36627159236878937,2020,D
3946,0.15891903175549676,0.2607602137386547,0.5803207694070097,2020,H
3947,0.5169004289757427,0.22497064604852413,0.2581289349098406,2020,D
3948,0.2811086193058618,0.27011650090767175,0.4487748698523591,2020,D
3949,0.27990377897911206,0.23282105849689674,0.48727514265577637,2020,A
3950,0.1842060494751543,0.27811335808938403,0.5376805974025155,2020,H
3951,0.2702887193227255,0.21391103710282514,0.5158002485415032,2020,D
3952,0.33898190135861084,0.3001391456834898,0.36087895792495295,2020,A
3953,0.13869499427511187,0.1963293048668763,0.664975710792119,2020,H
3954,0.7070928633878394,0.18929062899280658,0.10361649023466579,2020,D
3955,0.18525190743204667,0.2936828949959375,0.5210651876379085,2020,H
3956,0.22342108863832633,0.2959081226813273,0.48067077377918516,2020,A
3957,0.2404439317648873,0.2984038306251026,0.461152257478225,2020,H
3958,0.21201249980358625,0.27138817323073144,0.5165993319327361,2020,H
3959,0.29180144575278155,0.23856927000139208,0.46962926934466515,2020,D
3960,0.3806539053534601,0.24782786352712124,0.3715182410535262,2020,A
3961,0.4909470101024656,0.2370559715230615,0.27199703824268784,2020,A
3962,0.29795815179048657,0.25677331705025425,0.44526854109336655,2020,A
3963,0.40990627440958916,0.24797947534871864,0.342114255208746,2020,H
3964,0.25979040914511814,0.35323508878384446,0.3869745020710374,2020,H
3965,0.6477708120053044,0.16778789550188566,0.18444129249281005,2020,A
3966,0.1917357351728156,0.3152531685374837,0.4930110888391202,2020,A
3967,0.11829122383560058,0.20919152527545445,0.6725172434383645,2020,H
3968,0.14626022926812066,0.20240955144664097,0.6513302093511308,2020,D
3969,0.18021926999155932,0.20869857092472066,0.6110821541166662,2020,D
3970,0.14452005087410236,0.17318173948851354,0.6822981897691691,2020,A
3971,0.24903992903344518,0.19825031462937823,0.5527097513701229,2020,A
3972,0.2067836638741233,0.25727536655772,0.535940964601103,2020,H
3973,0.3819374634686432,0.20341837964559287,0.41464415191871024,2020,A
3974,0.13682996030747452,0.23801673434222825,0.625153292932663,2020,H
3975,0.4100522465022953,0.2593063337582496,0.3306414197394551,2020,A
3976,0.188512267705496,0.2574259282707972,0.55406180154018,2020,D
3977,0.0650963038131817,0.18772291273223277,0.7471807946304563,2020,H
3978,0.1300171043298432,0.20470538629025084,0.6652775118634325,2020,H
3979,0.21310775804631144,0.2766528104330697,0.5102394464217802,2020,H
3980,0.1482081764980112,0.305644091483133,0.5461477220847483,2020,H
3981,0.13913988521444298,0.23514042335511887,0.6257196864633842,2020,H
3982,0.5774836611072635,0.1887388442143445,0.23377750461249944,2020,A
3983,0.0726322738885174,0.13957102411083638,0.7877967106929904,2020,A
3984,0.16250560211445783,0.26205544762977073,0.5754389403216639,2020,H
3985,0.42504618971496816,0.2919626236554787,0.2829911766954457,2020,A
3986,0.3850105255969308,0.22449530228719483,0.39049415473118626,2020,A
3987,0.3091642377610768,0.29451105319830023,0.39632470904062295,2020,A
3988,0.6585185455831168,0.2530917876280521,0.08838967920646512,2020,A
3989,0.41425395347547367,0.2383020729742719,0.34744395864909333,2020,D
3990,0.31568208218043736,0.28530290819059256,0.39901501956307756,2020,D
3991,0.3196203907278958,0.23320657350118368,0.44717302086975935,2020,D
3992,0.3462765039258057,0.2874233318999179,0.36630017410838384,2020,H
3993,0.11316300400431127,0.18363353865762022,0.7032034772062833,2020,A
3994,0.6052195968769144,0.16538910912772295,0.22939128778654563,2020,A
3995,0.16617132947640645,0.24759158052721242,0.5862370999304886,2020,A
3996,0.3489957858945478,0.2793016357566713,0.3717025783487807,2020,H
3997,0.06287626122485829,0.16604905623168711,0.771074694961089,2020,H
3998,0.39656190277781606,0.3053894244672634,0.29804866282081316,2020,D
3999,0.2991368479625402,0.31535348434969124,0.3855096875559834,2020,D
4000,0.22388820058602818,0.30448012383765494,0.47163167557631674,2020,A
4001,0.343258128134953,0.33818026003761953,0.3185616267285886,2020,A
4002,0.4053766967400767,0.2342567818517082,0.36036650650705376,2020,H
4003,0.12901127922807307,0.21697812770342365,0.6540105843761591,2020,H
4004,0.0958885721302511,0.2032416291998547,0.7008697912193136,2020,A
4005,0.26697710086776955,0.21500567957550573,0.518017197204983,2020,H
4006,0.39590588557373635,0.2829489267199066,0.3211451777722496,2020,H
4007,0.09163853700384521,0.19011682382213355,0.7182446565587091,2020,H
4008,0.32160385045539924,0.30772974686293453,0.37066641261577365,2020,A
4009,0.8378963068756886,0.10809820406395543,0.054005502176482,2020,A
4010,0.49614122209420425,0.2328773643387596,0.2709814085999825,2020,A
4011,0.17966413472017453,0.33188536452400713,0.48845051565697956,2020,A
4012,0.35046064280723477,0.3594299525958324,0.29010939466282565,2020,A
4013,0.08546937370026488,0.14774068871447546,0.7667899338599694,2020,A
4014,0.36097637823618217,0.2541489717688749,0.38487464999494286,2020,A
4015,0.10472067637304193,0.13968935458899456,0.7555899814555977,2020,D
4016,0.5492804404867337,0.25522879162245854,0.19549078775902243,2020,D
4017,0.2639150219053657,0.17360590969058123,0.5624790559864187,2020,H
4018,0.2903720888953363,0.38408595490675257,0.3255419760661261,2020,D
4019,0.3687858375197333,0.3056919024614517,0.3255222500847075,2020,H
4020,0.17132248693611274,0.241872230923971,0.5868052771728626,2020,H
4021,0.5201592012300434,0.22461357609595514,0.2552272177069476,2020,D
4022,0.42068591958580576,0.26498992785404457,0.31432414262604225,2020,A
4023,0.6346368587736368,0.17614503102647686,0.18921809157343486,2020,A
4024,0.3212476378134072,0.23193366612451993,0.44681869606207275,2020,H
4025,0.061064417740686126,0.10139335660170762,0.837542245525821,2020,H
4026,0.4432971168094704,0.23538587580891504,0.32131699496398014,2020,D
4027,0.25617660871958847,0.253488229457479,0.4903351667899864,2020,H
4028,0.2645342857555617,0.34986477028673385,0.38560094395770445,2020,A
4029,0.29081753906974855,0.34327500462736465,0.36590744636877925,2020,A
4030,0.5232124467603804,0.34023409917781633,0.13655345406180336,2020,D
4031,0.25542630201638566,0.2783274675106771,0.46624623047293706,2020,H
4032,0.19929356970171472,0.2166848753424224,0.5840215648899704,2020,A
4033,0.09225820396770057,0.19006158396432946,0.7176802170350238,2020,H
4034,0.10300559442746766,0.18325228696900356,0.7137421173617654,2020,H
4035,0.2874093319033223,0.27948095522598426,0.4331097128706935,2020,D
4036,0.7940456325229691,0.12473189775531346,0.08122245986521999,2020,A
4037,0.3221305898995463,0.24144998574354215,0.43641943925807264,2020,H
4038,0.1371190021529186,0.2851627637706167,0.577718248977626,2020,A
4039,0.155400353651564,0.22784495912123345,0.6167546822601487,2020,H
4040,0.18818803914643126,0.33506879143327545,0.4767431768708739,2020,D
4041,0.6232665294662055,0.2053923135071695,0.1713411446089906,2020,D
4042,0.11041314611499148,0.2355078308911671,0.6540790217520779,2020,H
4043,0.4384778410969769,0.3263461640322382,0.235175994870785,2020,A
4044,0.7838667704968195,0.11366763499365318,0.10246560405558337,2020,A
4045,0.057260310623442286,0.1287966872701494,0.8139430064525802,2020,H
4046,0.14083218322065116,0.2189545446425444,0.6402132870379654,2020,A
4047,0.25408764538099965,0.21885207936124515,0.5270602752577552,2020,H
4048,0.33252099625711407,0.3697505544064646,0.2977284493364212,2020,D
4049,0.13777546649809347,0.25290682286064753,0.6093177056742052,2020,A
4050,0.36246686746599854,0.26488950365439806,0.37264361894549597,2020,H
4051,0.1310597490372798,0.11294503129864882,0.755995227114652,2020,H
4052,0.41091090915157585,0.24921871769108717,0.33987036322322955,2020,D
4053,0.1259553223836711,0.1425693886915349,0.7314752740236328,2020,A
4054,0.22886116792845926,0.2897494214950887,0.4813894304446669,2020,H
4055,0.3975474831326349,0.2960019542032213,0.3064505626641439,2020,D
4056,0.45286630555330215,0.27153793465310055,0.2755957448924362,2020,A
4057,0.2094875766074238,0.3234306598798285,0.46708176847980143,2020,H
4058,0.10416360123223616,0.11880789392105966,0.7770284936708333,2020,H
4059,0.37817161678443106,0.2915960107527182,0.33023238239695824,2020,D
4060,0.25720915893278296,0.3361872738452201,0.4066035721890506,2020,H
4061,0.6796144723945611,0.17689282608312262,0.14349270400584338,2020,D
4062,0.3088579201220776,0.2347345071131801,0.45640755289652746,2020,A
4063,0.2527239687054415,0.30205866558058975,0.44521736819749563,2020,A
4064,0.27065312539521047,0.23887313538203328,0.49047373922275633,2020,A
4065,0.3822898872735527,0.2661419383098786,0.35156816448246114,2020,D
4066,0.350493859378403,0.2899435198519038,0.3595626207696932,2020,A
4067,0.2810437315585403,0.3170627267346396,0.4018935516409276,2020,D
4068,0.2199174303918702,0.27792864248579824,0.5021539246388048,2020,A
4069,0.3134498649978503,0.23749043132043327,0.4490597036817164,2020,D
4070,0.1650566950241037,0.20122005725406258,0.6337232526888874,2020,A
4071,0.10589198550356842,0.1384350564758422,0.7556729629876431,2020,A
4072,0.20234185289456294,0.24730447072653203,0.5503536962471198,2020,H
4073,0.20078293302297834,0.19855238757080895,0.6006646843732664,2020,H
4074,0.1376358656437085,0.41376823193522866,0.44859591483869715,2020,H
4075,0.05481903511595992,0.12637297962176303,0.8188079734655244,2020,H
4076,0.27104439772338346,0.2906298528523007,0.4383257394902084,2020,D
4077,0.477303007151469,0.2688203519483637,0.25387665083427463,2020,D
4078,0.34260140111807597,0.3310660129587577,0.32633259089022,2020,H
4079,0.1921087145090674,0.33608471419201674,0.47180657626596956,2020,A
4080,0.47521995313986237,0.24445427994141733,0.2803257768528277,2020,A
4081,0.3652030275738832,0.2706712139848473,0.3641257385730546,2020,A
4082,0.08398636849273673,0.1297335888282011,0.7862800259152558,2020,H
4083,0.36583990207806333,0.2670732221185415,0.3670868857375027,2020,H
4084,0.1677014646873972,0.2547268703733711,0.5775716748733394,2020,H
4085,0.5083902353505881,0.2609861919431324,0.23062355532159148,2020,A
4086,0.2664204215837335,0.2958858496860273,0.43769371879613167,2020,A
4087,0.10191435061716696,0.17694466090753835,0.7211409928214666,2020,H
4088,0.3354745693034861,0.2944164939099616,0.3701089268524449,2020,D
4089,0.4020291890348074,0.20437121347868614,0.3935995925194528,2020,A
4090,0.07018293983806946,0.1579420873324053,0.7718749933186219,2020,A
4091,0.14228028767673326,0.18448804566492097,0.6732316840430336,2020,H
4092,0.46304844272818535,0.24214417828272572,0.2948073690549815,2020,A
4093,0.4291145505947062,0.24854381681489915,0.32234162265628724,2020,A
4094,0.2628977133013572,0.2460414046649206,0.4910608919678296,2020,H
4095,0.23975410281808074,0.21893390263877058,0.5413119995102026,2020,H
4096,0.29512327421103585,0.33455757138980785,0.3703191643332639,2020,H
4097,0.30602426184129317,0.4009146764407329,0.2930610567509203,2020,D
4098,0.2011794689980014,0.3654069795538015,0.43341354151408956,2020,D
4099,0.24598849002731052,0.30729630573859207,0.4467152141682049,2020,A
4100,0.311209322857744,0.2856486178127862,0.4031420593294697,2020,A
4101,0.06089390326755136,0.17487498262837795,0.7642310973402641,2020,A
4102,0.16034498680417753,0.21202763133030986,0.627627374414932,2020,H
4103,0.5199451243507621,0.28035299162183946,0.19970188402739866,2020,A
4104,0.327586153048159,0.2697672173507942,0.4026466345681003,2020,A
4105,0.29950686162726325,0.28178528497080024,0.41870784346782913,2020,H
4106,0.317593183143647,0.2594294718758204,0.4229773449805329,2020,A
4107,0.48875404581540244,0.2451635133140523,0.2660824359034916,2020,A
4108,0.2568609559206719,0.27180897562990236,0.47133006844942554,2020,D
4109,0.431605003409826,0.22480764107129045,0.3435873604859372,2020,H
4110,0.2662883972963068,0.3127890352403451,0.42092256249629445,2020,D
4111,0.15986100114408164,0.18681191738497324,0.653327081470945,2020,H
4112,0.3502261833763596,0.3470895198111037,0.3026843166807518,2020,H
4113,0.1803376624999887,0.22918582455774383,0.5904765129422676,2020,D
4114,0.17561539749257818,0.1517398770935747,0.672644745282062,2020,H
4115,0.5158584787743447,0.21210181475445813,0.2720397015041435,2020,D
4116,0.07024242019654098,0.21836387675155253,0.7113937260245301,2020,D
4117,0.2378047636649798,0.21599392251435348,0.5462013038865592,2020,H
4118,0.6981732162672637,0.16171964131867578,0.1401071622822755,2020,A
4119,0.10506593564428472,0.17678296298876198,0.7181511026087167,2020,H
4120,0.20841345322395347,0.23919546786016666,0.5523910689817724,2020,A
4121,0.5000754810190412,0.2684584070886336,0.2314661218264327,2020,H
4122,0.4367231586804956,0.3144447109726664,0.24883211544567685,2020,A
4123,0.1478092976083388,0.18948810839337313,0.6627025790971267,2020,D
4124,0.21441258313007916,0.25858599334227883,0.5270014185605882,2020,A
4125,0.5735472624078467,0.21594199747336543,0.21051075998700278,2020,D
4126,0.28966333749356815,0.32268401076779923,0.38765266167274,2020,D
4127,0.06518362666008246,0.11914374497026099,0.8156726344232533,2020,H
4128,0.5891871160482277,0.2246858940370717,0.1861269874311738,2020,D
4129,0.6075921180177205,0.26303600602304184,0.12937186354160338,2020,A
4130,0.19557413566370274,0.22681867442361892,0.5776071899126783,2020,H
4131,0.06370468056981028,0.14934011171081105,0.7869552188952494,2020,H
4132,0.2627202951420973,0.2547763248906291,0.48250337996727355,2020,A
4133,0.13352920066338514,0.1641609734731718,0.7023098407646042,2020,H
4134,0.5585782522154846,0.2589191015021637,0.18250263013942733,2020,A
4135,0.3441897257469744,0.21637704067876784,0.43943324350836543,2020,D
4136,0.3181841925896348,0.2713796764323864,0.41043612104387134,2020,A
4137,0.05487844869635539,0.18962616959699044,0.7554953823275357,2020,A
4138,0.4488750823865491,0.26167927166411914,0.2894456509163856,2020,H
4139,0.33693016071465065,0.320895541889282,0.3421743073301746,2020,A
4140,0.1717494328738712,0.1562705625260482,0.6719800008747902,2020,A
4141,0.1521385089864204,0.23891095724540337,0.6089505288011224,2020,H
4142,0.2169092910674341,0.26345968951928556,0.5196310293473877,2020,A
4143,0.13604383145516524,0.18948336936713414,0.6744727991777006,2020,H
4144,0.25554803358880895,0.3470400106372207,0.39741193590575546,2020,H
4145,0.6446966648577047,0.17640219853912006,0.1789011291525946,2020,A
4146,0.28092521886661026,0.2337787862811811,0.48529598988515493,2020,A
4147,0.1705182054402065,0.37111957984953386,0.4583622246443671,2020,A
4148,0.2824991284280336,0.2808766742124647,0.4366241973595017,2020,H
4149,0.20619254142393473,0.4148575671533344,0.3789498988733115,2020,A
4150,0.26360261103519395,0.2792103734189903,0.4571870155458158,2020,D
4151,0.2824239816186751,0.2627642134336104,0.45481182481592947,2020,A
4152,0.6969625086984022,0.1509729321091251,0.1520645691265802,2020,A
4153,0.23236784470076163,0.19719133778448183,0.5704408125477026,2020,H
4154,0.2599526095791472,0.24582300870576876,0.4942243817150839,2020,A
4155,0.2926916001881366,0.20830433790305966,0.4990040668758575,2020,D
4156,0.12624380876625121,0.16678615419522094,0.7069700432473448,2020,A
4157,0.6928358323144682,0.16027384123005178,0.14689033514782404,2020,A
4158,0.2400801574145021,0.2855464958966119,0.47437334172183226,2020,H
4159,0.355006650238469,0.266187708863134,0.37880565083250445,2020,H
4160,0.06497626382087668,0.13838447295773534,0.7966392421114096,2020,D
4161,0.35938738514949836,0.22709657717012152,0.4135160178121651,2020,A
4162,0.726626938835492,0.14577342455037387,0.12759961426239227,2020,H
4163,0.26815205709566786,0.32266531378483165,0.40918264402066185,2020,H
4164,0.603003659344953,0.23336148096005063,0.16363487211263095,2020,A
4165,0.3986703879965945,0.2520642645149243,0.3492653375543738,2020,A
4166,0.4815827292187425,0.19958590876906138,0.3188313570451423,2020,A
4167,0.33720062307202564,0.23573341095404357,0.4270659659739308,2020,H
4168,0.27632076666625555,0.2623888629413988,0.461290345557077,2020,H
4169,0.13622108427015323,0.24014807586941814,0.6236308423439554,2020,A
4170,0.12474852626316968,0.19333199253073183,0.681919473755518,2020,H
4171,0.4836622837404411,0.23913971945850743,0.2771979893504708,2020,H
4172,0.1519234227704954,0.19854148147653786,0.6495350808518056,2020,H
4173,0.3557898110218603,0.25944078126127756,0.38476940771686213,2020,H
4174,0.5836665867441074,0.19112485134750576,0.22520856687544047,2020,H
4175,0.3248254501672185,0.2851307351254441,0.39004380477323003,2020,A
4176,0.18379335217466555,0.15945905168524016,0.6567475936565672,2020,H
4177,0.19065490531814247,0.26747244278426857,0.5418726369964277,2020,A
4178,0.09145690534170542,0.21916968673626283,0.6893734116473219,2020,H
4179,0.4940486212605178,0.22683459877104725,0.2791167799684349,2020,A
4181,0.37380003786825267,0.28699389892555405,0.3392060532720859,2021,H
4182,0.26858310444531547,0.3437413352910737,0.38767555032950335,2021,A
4183,0.26195620601787983,0.21940775035328172,0.5186360386617848,2021,H
4184,0.3160360726723264,0.23140415848945742,0.4525597638711624,2021,H
4185,0.2157550022338124,0.3213586645494273,0.46288633818381425,2021,H
4186,0.3900664839596743,0.27422190541610697,0.3357116155912725,2021,H
4187,0.7130862317440991,0.20303494615791937,0.08387882520239004,2021,A
4188,0.3978112769462081,0.3302975670393093,0.271891148563902,2021,A
4189,0.4192598224318424,0.2348331660432358,0.34590700655786816,2021,H
4190,0.29668935669232827,0.2973402417841891,0.40597041145759033,2021,D
4191,0.2548542698580704,0.21913070763992562,0.5260150274690577,2021,H
4192,0.07337887583422605,0.19086376331097696,0.7357573714097864,2021,H
4193,0.11038004975572674,0.10315795092701015,0.7864619993172632,2021,H
4195,0.3451435449462257,0.28732147488956933,0.367534980164205,2021,H
4196,0.438739054125155,0.2978214001903965,0.26343954568444855,2021,D
4197,0.33386681279230584,0.24859165917707426,0.41754153299767366,2021,A
4198,0.4621027449018201,0.30027963594314516,0.23761762412208856,2021,A
4199,0.31798926996979565,0.22647457726870882,0.4555361626956032,2021,H
4200,0.10912736924236864,0.19744056479951544,0.693432060991062,2021,D
4201,0.2934444871621401,0.3888934738107294,0.31766203654360353,2021,A
4202,0.3150895613571039,0.19025262862355444,0.49465782492050286,2021,A
4203,0.25218318948078966,0.24626626799102033,0.5015505623964049,2021,D
4204,0.15426142849347654,0.20809342697650582,0.6376451395629639,2021,H
4206,0.2179510844780214,0.17942202418774364,0.6026268863671812,2021,D
4207,0.41971762861507783,0.2245295545414303,0.3557528069093845,2021,A
4208,0.14660760506913828,0.23885537017575964,0.6145370322056828,2021,H
4209,0.47379523916740246,0.24329760223925703,0.28290715859334054,2021,D
4210,0.47319502834641725,0.2252635349039601,0.3015414417166764,2021,H
4211,0.10260180402423873,0.19416996116490312,0.703228241640557,2021,H
4213,0.7087750854039525,0.1480551178209655,0.143169785599211,2021,A
4214,0.1927472732908535,0.17091949899806455,0.6363332277110821,2021,H
4215,0.6294131692810129,0.1945037599618681,0.17608307696593617,2021,D
4216,0.27741676187720726,0.25141949799623414,0.4711637301924511,2021,A
4217,0.12224622167759602,0.16179655748399827,0.7159572133878251,2021,H
4218,0.500808499853789,0.2980620407522903,0.2011294593939207,2021,A
4219,0.20391307119470126,0.2063085678100484,0.589778365962304,2021,H
4220,0.3796920135689222,0.22656966142126123,0.3937383250098165,2021,D
4222,0.4323845061434399,0.24511141258150013,0.32250408127506014,2021,A
4223,0.04897519991650493,0.11419811233331123,0.8368266852666569,2021,H
4224,0.07289799244111472,0.10815375898857128,0.8189482709220558,2021,D
4225,0.28808041229979753,0.4031054300026833,0.3088141701151534,2021,A
4226,0.4088224876586059,0.2483504015274888,0.3428270959127442,2021,H
4227,0.259146063415603,0.22718148369305968,0.5136724578583912,2021,H
4228,0.3516794899228306,0.3088645150270799,0.339455985115982,2021,A
4229,0.5002471957157946,0.2515616342412013,0.2481911750100578,2021,A
4230,0.35334481828892006,0.20039691227658143,0.44625826943449853,2021,A
4231,0.28488147376532624,0.22834944191362783,0.486769104189261,2021,D
4232,0.2790191900077406,0.22601163882960493,0.4949691810967618,2021,D
4233,0.45829199890132505,0.2641262171008491,0.2775817939319334,2021,A
4234,0.06203568368471071,0.1273104906712527,0.8106538411660796,2021,H
4235,0.15661898503943275,0.151713890409618,0.6916671295180031,2021,A
4236,0.625388393459163,0.17717584454690985,0.19743577192803471,2021,D
4237,0.423268677197423,0.2278177354588361,0.3489135923107947,2021,A
4238,0.28379817969758325,0.24190311891678107,0.47429871131974327,2021,H
4239,0.4124017510196312,0.2515717141602005,0.3360265348201683,2021,D
4240,0.1847768947415803,0.24471226122716053,0.570510846514786,2021,H
4241,0.3199447771863199,0.20457124964035941,0.4754839781403743,2021,D
4242,0.30231775013120776,0.22452054805888252,0.473161711744017,2021,H
4243,0.23273868351175886,0.21296529178974175,0.5542960246984995,2021,D
4244,0.18353536091408137,0.2219033502193101,0.5945612988007161,2021,H
4245,0.14315464359613897,0.22881069792417322,0.6280346485455802,2021,D
4246,0.33504180280277573,0.24699557746224854,0.41796261476792207,2021,D
4247,0.3358683545442241,0.31782561346067734,0.3463060419292061,2021,H
4248,0.13794143529113378,0.2114524557576428,0.6506061139182772,2021,A
4249,0.1863976476394659,0.3082009783118481,0.5054013740486859,2021,D
4250,0.3493813677266813,0.1959496398181195,0.4546689949387261,2021,A
4251,0.0966226412495765,0.127622830623007,0.7757545281274169,2021,H
4252,0.7321106002328129,0.1489295151611966,0.11895986473777576,2021,A
4253,0.5315043766233363,0.17187585837188513,0.2966197625212518,2021,D
4254,0.5749247025055729,0.2249057026820396,0.20016959232886067,2021,H
4255,0.25276918241828567,0.3156398625127918,0.4315909451348152,2021,A
4256,0.32834582825506353,0.23385403540057556,0.43780013634436105,2021,H
4257,0.285566832723267,0.21651536702303142,0.49791781515486266,2021,A
4258,0.390776506963034,0.28389014927605327,0.3253333238926979,2021,A
4259,0.3045572554986066,0.2759176380261697,0.4195251164093312,2021,D
4260,0.35131732416677824,0.2280805967536921,0.42060205424426106,2021,H
4261,0.2972547282334406,0.22229309372224337,0.4804521929454771,2021,D
4262,0.2994399723737986,0.3167770183067761,0.3837830093194253,2021,D
4263,0.4685179633006585,0.21023557069200818,0.32124648587554816,2021,A
4264,0.31196021095462667,0.2285627403945545,0.4594770486508188,2021,D
4265,0.19898104225942748,0.2666935501458297,0.5343253976606352,2021,A
4266,0.07851236875948987,0.10279564664014325,0.8186919846003672,2021,H
4267,0.26076528879065397,0.25708234504246663,0.48215236616687934,2021,A
4268,0.2099866877265468,0.18858632921547458,0.6014269830579787,2021,H
4269,0.38526259528127055,0.2745924111388102,0.34014499357991923,2021,A
4270,0.6278139079741237,0.21998223518889312,0.15220384690287583,2021,A
4271,0.34678094065730436,0.2943685548698755,0.35885050447282024,2021,A
4272,0.3985760879626459,0.2312966227708595,0.3701272992006021,2021,A
4273,0.2823192305610352,0.27050160086851194,0.44717915863634555,2021,A
4274,0.30781379576950424,0.29472547908070235,0.39746071521568593,2021,H
4275,0.09571706030548995,0.11472164578976729,0.7895613013553234,2021,D
4276,0.09115224241706892,0.1323297675277034,0.776517987571701,2021,A
4277,0.5503560076123056,0.22299330342741563,0.2266506988943862,2021,A
4278,0.3774719617949796,0.2237610186088134,0.3987670096620996,2021,A
4279,0.33318597331798516,0.2523619879633852,0.4144520387186297,2021,H
4280,0.2254451392224769,0.2647858052420418,0.5097690654695888,2021,H
4281,0.38537554259971607,0.22734986111324743,0.3872745764188215,2021,A
4282,0.15257140044638,0.20114160844006654,0.646286998564134,2021,A
4283,0.1054240862709206,0.10870474317354827,0.785871175522585,2021,D
4284,0.2625501788037687,0.3203502985490847,0.4170995127130392,2021,H
4285,0.21043677043311323,0.21431929467691968,0.5752439249558596,2021,D
4286,0.11992392352849857,0.16802288659953082,0.7120531923554975,2021,H
4287,0.34152613738584875,0.2723261980466614,0.3861476745015973,2021,D
4288,0.3677545454040913,0.2339033395622833,0.39834210509951795,2021,D
4289,0.3326471151068322,0.2890759606998407,0.3782769341274345,2021,H
4290,0.5269706949866043,0.223522906448554,0.24950638863073427,2021,H
4291,0.4347158513445643,0.2460857112307299,0.31919845729292057,2021,H
4292,0.45809935974837607,0.28047393520237124,0.26142670504925275,2021,H
4293,0.2031288507866652,0.23890823425638077,0.5579629199240078,2021,H
4294,0.29764044900127823,0.22400061446530187,0.4783589415004738,2021,D
4295,0.38699014366133727,0.30339496175890485,0.30961489457975805,2021,D
4296,0.3486204316079884,0.25996122682016726,0.3914183415718444,2021,H
4297,0.6073786556334996,0.2491776875590609,0.14344364935685905,2021,A
4298,0.07368067886043038,0.13183857591765336,0.7944807296998734,2021,H
4299,0.21854257828700038,0.2919223629821531,0.48953505128026603,2021,H
4300,0.4501811092755285,0.31670232843968144,0.2331165523506826,2021,D
4301,0.2430174250550594,0.2742070856793443,0.482775474364435,2021,A
4302,0.1332404775593104,0.15165548518030636,0.715104027326276,2021,H
4303,0.1013377481379351,0.14357013157128026,0.755092097939043,2021,H
4304,0.29311030073581174,0.2811011115623704,0.4257886075700328,2021,D
4305,0.19853310121795154,0.22187686934707387,0.5795900393690822,2021,H
4306,0.24294993800707906,0.24579119488532766,0.5112588869758082,2021,H
4307,0.10302003951338413,0.21899886888204856,0.6779811015386749,2021,H
4308,0.10656296924331847,0.11449347144743527,0.7789435605510097,2021,D
4309,0.2887576818431366,0.3333655604848682,0.37787677754021004,2021,D
4310,0.34979032705268737,0.24103117365344487,0.40917850426092145,2021,H
4311,0.18155204167491387,0.24226174044710883,0.5761862129109238,2021,D
4312,0.5563982569045306,0.2492483696218221,0.19435337844070122,2021,A
4313,0.7826598225114342,0.12478254877556132,0.09255762002066037,2021,A
4314,0.3082041700119245,0.2784186972458473,0.4133771526104431,2021,D
4315,0.20060605520025956,0.2240483976189888,0.5753455471807518,2021,D
4316,0.7158068605804102,0.17940275438819053,0.10479039248197985,2021,A
4317,0.3095194900998713,0.2142325635903958,0.47624794134267917,2021,H
4318,0.5507235157511077,0.26759846549009686,0.18167801875879538,2021,H
4319,0.2897872224841234,0.30505479700083354,0.4051579805150431,2021,D
4320,0.5250580911188245,0.16401764245219183,0.3109242689125105,2021,A
4321,0.7357700418967784,0.14899358511556615,0.11523638540528991,2021,A
4322,0.48955243832850676,0.2545661102492765,0.2558814563892706,2021,H
4323,0.2481546132807105,0.3344328498192224,0.417412536900067,2021,H
4324,0.2285193357603282,0.21944061425187247,0.5520400400536919,2021,H
4325,0.378309992635033,0.20981655701465415,0.4118734304820979,2021,H
4326,0.198786051537716,0.26283839194561776,0.538375541615505,2021,D
4327,0.28290295086134076,0.273411783737988,0.4436852852688861,2021,H
4328,0.40348349458625316,0.259664234866599,0.33685226061304036,2021,H
4329,0.25068009421312626,0.23614303416573781,0.5131768865222971,2021,H
4330,0.08775404350731929,0.1879018488828739,0.7243441001592261,2021,H
4331,0.14851993547374956,0.21564488502700965,0.635835179499241,2021,H
4332,0.13464273184232753,0.13932693331726745,0.7260303373239321,2021,H
4333,0.0987248740779408,0.18475742769169656,0.7165177031974164,2021,H
4334,0.33543452848994715,0.321021853808998,0.3435436077669472,2021,A
4335,0.3848192933443708,0.2785985285051859,0.3365821682163359,2021,D
4336,0.3261912129128084,0.24365816517384078,0.4301506119792435,2021,H
4337,0.2598590078939362,0.2892262087684781,0.4509147734034782,2021,H
4338,0.0601437530349814,0.10152960495111574,0.8383266547419782,2021,H
4339,0.2541827117995313,0.36272888321718244,0.38308840995034,2021,A
4340,0.21456033520207185,0.24009637547995846,0.5453432793838623,2021,A
4341,0.30955532226191473,0.22501808029519157,0.4654266173111086,2021,D
4342,0.1886523102758918,0.2148241326095602,0.5965235571145481,2021,H
4343,0.07865893484423629,0.16824757708605362,0.7530934905532369,2021,D
4344,0.08445577382169779,0.11574141680694938,0.7998028093713531,2021,H
4345,0.5704221989053188,0.2744149773610037,0.15516281379957012,2021,A
4346,0.8064665172773037,0.11938820146677905,0.07414529367355162,2021,A
4347,0.5723224722037717,0.17896681299645353,0.24871071479977477,2021,D
4348,0.6534632179873415,0.18610194808895855,0.1604348388907536,2021,D
4349,0.53435623623103,0.22027491615870698,0.24536884761026292,2021,A
4350,0.22960611568652087,0.2470555831020389,0.5233382912773327,2021,H
4351,0.2100368407711237,0.24973705635478086,0.5402261028740954,2021,A
4352,0.24842809458897788,0.2424214407678329,0.5091504745772967,2021,H
4353,0.6232594802348176,0.2179859005121114,0.15875462670365167,2021,A
4354,0.15868386705096227,0.11000875773111747,0.7313073901190815,2021,H
4355,0.4820431163454379,0.23289026927882314,0.2850666193427927,2021,D
4356,0.15593248441135424,0.1993283896227137,0.6447391272076953,2021,H
4357,0.4649186141764778,0.31265611226889956,0.2224252785216765,2021,D
4358,0.4777690153991263,0.2236290750350971,0.2986019145328303,2021,A
4359,0.60160899513642,0.20947930064068068,0.18891168435468444,2021,H
4360,0.11590715750586678,0.13652683639447313,0.7475660060996602,2021,D
4361,0.761994967135582,0.14622158444880615,0.09178344593208503,2021,A
4362,0.21445913891090151,0.22861973998621277,0.5569211161358317,2021,H
4363,0.509971321079313,0.1559303988517293,0.3340982900030653,2021,A
4364,0.5143713887252969,0.32075147726692477,0.16487712407367092,2021,A
4365,0.32612110589767,0.2852153509819642,0.38866355305447337,2021,A
4366,0.22382880961525753,0.3348308448944432,0.44134033555619173,2021,H
4367,0.2649828224005764,0.33275407534715895,0.4022630873511033,2021,A
4368,0.29762439406804814,0.3518024862506022,0.3505731296154572,2021,H
4369,0.41644337245108826,0.21718395665703108,0.3663726758589345,2021,D
4370,0.09929370587647002,0.16375656175279696,0.7369497199530985,2021,A
4371,0.2639451598168001,0.29254217838959046,0.44351267669477057,2021,H
4372,0.11263573802171134,0.14155219196528565,0.7458120687712396,2021,H
4373,0.32240660448559827,0.23461152341483668,0.4429818671325114,2021,D
4374,0.282976565770485,0.2742494004765506,0.4427740337529645,2021,H
4375,0.37743638186358736,0.24197578753381532,0.3805878405367047,2021,D
4376,0.2643529133770984,0.28671284704975003,0.44893423957315165,2021,H
4377,0.14520922689746035,0.10515355308545173,0.7496372249841415,2021,H
4378,0.2870827398220965,0.2752043428941107,0.4377129023826316,2021,D
4379,0.07533124234183913,0.15511285111758527,0.7695558978482318,2021,H
4380,0.272293038201755,0.20950200454641021,0.5182049473177275,2021,A
4381,0.31434227626682754,0.2700053429770886,0.4156524006242989,2021,D
4382,0.5762710666174101,0.2427217605114944,0.18100719273931043,2021,A
4383,0.37195631988744454,0.27945199301291995,0.34859167716552814,2021,A
4384,0.21981592158053065,0.24023698708617292,0.5399470813991889,2021,A
4385,0.22621470403852043,0.2616013438788774,0.5121839570496559,2021,A
4386,0.37831465333583214,0.2893329947886963,0.3323523518754716,2021,A
4387,0.7192913674365945,0.14302465168507245,0.13768397218598905,2021,D
4388,0.2106734717889628,0.35375476861519645,0.43557175214526006,2021,A
4389,0.2947035574139128,0.2114960281233168,0.49380041942982417,2021,H
4390,0.14556356225687697,0.2277777312710372,0.6266586965379785,2021,D
4391,0.7793495740183999,0.12436063106368987,0.09628981354436168,2021,A
4392,0.3734556688986772,0.23655800925019332,0.38998630198291445,2021,D
4393,0.3694002309848159,0.30662663486259994,0.3239731341525842,2021,H
4394,0.314581132812525,0.30086289167550156,0.38455597551197335,2021,D
4395,0.2858270221498495,0.2455025122448843,0.4686704705723199,2021,H
4396,0.21061395961452387,0.2590518131020469,0.5303342173493218,2021,H
4397,0.6548475989269846,0.15443509859673668,0.1907173024762787,2021,D
4398,0.2607936578155847,0.19701908578924068,0.5421872414940135,2021,D
4399,0.09779287864216839,0.22676066530419373,0.6754464523283477,2021,A
4400,0.44408299582238797,0.24609074703598144,0.3098262621086843,2021,D
4401,0.057758168140424594,0.09240268046896727,0.8498391451817909,2021,H
4402,0.08277233621302806,0.12571442097713617,0.7915132552274701,2021,H
4403,0.4281996460410036,0.2935712313147216,0.27822911271016726,2021,A
4404,0.2158878316566454,0.22324248614007777,0.5608696722691695,2021,D
4405,0.2694499047985482,0.2881267386782817,0.4424233515561164,2021,D
4406,0.3215897185343651,0.25633505879090307,0.42207522764178557,2021,H
4407,0.466032320439047,0.23857555248626108,0.295392127074692,2021,A
4408,0.7454000102024726,0.1460419348415167,0.10855807730775248,2021,A
4409,0.14846722440178825,0.24830995114853846,0.6032228244496732,2021,A
4410,0.43916658610307996,0.2660464725071587,0.29478696125797627,2021,D
4411,0.788194662619795,0.11617870291700945,0.09562664812259329,2021,A
4412,0.35090039033239434,0.26950735506682966,0.379592254600776,2021,H
4413,0.16189826943333663,0.2155670592521791,0.6225346762815381,2021,H
4414,0.251813121392072,0.2518636773116137,0.4963231863951531,2021,D
4415,0.08868573150396951,0.16493182288128294,0.7463824654829626,2021,H
4416,0.3260544334630666,0.20165524003846522,0.47229033394904874,2021,A
4417,0.2234817078371821,0.1970934599222267,0.5794248297570643,2021,A
4418,0.47400026316117216,0.28005671050851993,0.24594302881383479,2021,A
4419,0.04766668066460473,0.10538397589139041,0.8469493490319403,2021,H
4420,0.2813084599354411,0.2646239864252548,0.45406757350751903,2021,H
4421,0.1084732990333222,0.13467155014649732,0.7568551694466318,2021,A
4422,0.20385457168946633,0.30673417400886405,0.4894112543016697,2021,H
4423,0.477647304292701,0.2518680427293478,0.27048464304384373,2021,A
4424,0.43578423156020496,0.18421216301358204,0.3800036153603205,2021,H
4425,0.27086073620134526,0.25895844660511713,0.4701808171935376,2021,A
4426,0.05758091683673383,0.23893502922024093,0.7034840601518425,2021,H
4427,0.17349894271454402,0.20034868246935442,0.6261523648819941,2021,H
4428,0.10129985167922051,0.25693820968433473,0.6417619510540792,2021,H
4429,0.3872639565746458,0.29804950453745965,0.3146865488220019,2021,A
4430,0.30980250965633366,0.23933489254025328,0.45086258786930555,2021,A
4431,0.2184685069387452,0.33543127514005383,0.4461002129541472,2021,D
4432,0.0865368687018615,0.1741058457883545,0.7393572830262571,2021,D
4433,0.2972150503703043,0.26502980738711424,0.4377551472096352,2021,A
4434,0.7784146067533316,0.12923765315785113,0.09234773822617215,2021,A
4435,0.2519120179240953,0.26063720159271514,0.4874507904172971,2021,H
4436,0.3456940054167424,0.26038574847480467,0.393920226240238,2021,A
4437,0.3031579316448394,0.17113678382594907,0.5257052845292114,2021,H
4438,0.29998079227417523,0.3186010700426502,0.3814181376831747,2021,A
4439,0.38377283448275357,0.2507790835136931,0.3654480770364997,2021,A
4440,0.2463954860608674,0.2618067840311757,0.49179772990795706,2021,H
4441,0.5247523871078267,0.2237079742919128,0.2515396485343682,2021,A
4442,0.5819351827022735,0.1947715057283852,0.22329330660228752,2021,H
4443,0.06691920177468565,0.14744596373446217,0.785634836974379,2021,H
4444,0.13568179338444547,0.26777012578593407,0.5965480857966742,2021,H
4445,0.6947828147902008,0.14060569560835748,0.1646114945684954,2021,A
4446,0.2308110866610719,0.2118937212165958,0.5572951821882252,2021,H
4447,0.1917880233037282,0.31752582456088624,0.49068615213538574,2021,H
4448,0.3875217063094068,0.30813876464318174,0.3043395191133039,2021,A
4449,0.25070170216290916,0.3038863226606048,0.4454119950447011,2021,A
4450,0.6098409270846502,0.24408402976995033,0.1460750381783457,2021,A
4451,0.6310228835735235,0.19830693083248274,0.17067018062694003,2021,A
4452,0.3224309571350683,0.2778583940252739,0.39971065877376527,2021,H
4453,0.23351898329319395,0.25695040284622933,0.5095306138605767,2021,H
4454,0.20335498318418277,0.22416463339426398,0.5724803933556607,2021,H
4455,0.41782323371252444,0.29963241003431523,0.2825443363849454,2021,A
4456,0.26205349638367187,0.28700684065360854,0.4509396828309346,2021,H
4457,0.09315563991029085,0.23618454725892027,0.6706598091054986,2021,A
4458,0.27760752246299786,0.26035853698070127,0.46203395545746223,2021,H
4459,0.18949675366448912,0.1763073497293651,0.634195911507307,2021,H
4460,0.5112849607303921,0.28814076804857985,0.20057426128692069,2021,D
4461,0.4022364375817524,0.26195273322358337,0.3358108391287716,2021,A
4462,0.487988173071319,0.2579719201484127,0.25403991174732204,2021,A
4463,0.385543685066037,0.32359550375221563,0.2908608012476399,2021,H
4464,0.2347606534632044,0.1492147676034954,0.6160245739662465,2021,A
4465,0.327166362764091,0.28283520292802394,0.3899984293408314,2021,A
4466,0.17547990557604823,0.2585422090340215,0.5659778928405109,2021,H
4467,0.19567195125700385,0.22505601425279076,0.579272024556098,2021,H
4468,0.2501517095066167,0.2187278400100605,0.5311204455162691,2021,D
4469,0.2926936300676491,0.2720624880967963,0.4352438719014471,2021,H
4470,0.4630105864929217,0.25479210786718404,0.2821973155740019,2021,D
4471,0.12057734804603282,0.1376737104313819,0.7417489514566927,2021,A
4472,0.7961486447708935,0.12365608435117835,0.08019526249602514,2021,A
4473,0.23334824515265776,0.22407727320547663,0.5425744717077582,2021,D
4474,0.07625521984400017,0.08174288320523244,0.8420018814287245,2021,H
4475,0.23381476485402553,0.217497333742437,0.5486878964364837,2021,H
4476,0.1983712288852704,0.2605507029415038,0.5410780582391185,2021,H
4477,0.43817451860758405,0.313171077437054,0.24865441388946938,2021,H
4478,0.3034039478572489,0.2375059693866736,0.4590900628878625,2021,H
4479,0.33225656579936963,0.2799283991313812,0.3878150450033567,2021,H
4480,0.47125241667243917,0.2723529728216234,0.25639461547299125,2021,A
4481,0.3317376211606073,0.25807560907834537,0.4101867548598861,2021,A
4482,0.27179978940008476,0.2002240567142627,0.5279761514021258,2021,A
4483,0.23260093729059694,0.22150021938311223,0.5458988482933446,2021,A
4484,0.47807997932873697,0.2251582002092806,0.29676183039608983,2021,H
4485,0.31005038068037,0.3057246879661511,0.3842249412875864,2021,H
4486,0.2695087102249783,0.32582961308022296,0.4046616717277451,2021,H
4487,0.2992134758467848,0.2328666155927049,0.46791990856051036,2021,H
4488,0.26626349425214985,0.2374613729110138,0.4962751229027289,2021,D
4489,0.15170920590556855,0.14177740563500474,0.706513383492373,2021,A
4490,0.14689365362793091,0.18836807182311685,0.6647382844830597,2021,H
4491,0.46799567687708254,0.29221872658400255,0.2397856015059688,2021,H
4492,0.36761520522623087,0.35086372252587267,0.2815210772149502,2021,A
4493,0.2839221926461261,0.3051096311569602,0.41096817619691367,2021,H
4494,0.2239698191447305,0.24410835494732655,0.5319218408091042,2021,D
4495,0.16899788476850033,0.1408275835834189,0.6901745341316076,2021,H
4496,0.14090938075201118,0.16908931364196159,0.6900013031225005,2021,A
4497,0.3586490188261651,0.2588760378706181,0.3824749333691093,2021,D
4498,0.2129663487659559,0.33766507202525226,0.44936856927468427,2021,H
4499,0.08886868464702073,0.12021131083532056,0.7909199983088415,2021,H
4500,0.41115422221820963,0.2756179803583867,0.3132278172916186,2021,H
4501,0.13459578264416663,0.22709355423667443,0.6383106581521051,2021,H
4502,0.3096850118509218,0.2647587982331239,0.4255561700477393,2021,D
4503,0.04549079914624521,0.08231489744491416,0.8721943214144106,2021,H
4504,0.44313716781062945,0.2433341046586804,0.31352873746479776,2021,A
4505,0.3808173874972069,0.24155949777455213,0.37762312962940237,2021,D
4506,0.10311930303698763,0.11054878379296278,0.7863319231041569,2021,H
4507,0.13163682796325177,0.19527857795103695,0.6730845841516038,2021,H
4508,0.4055132588548367,0.26435349162264155,0.330133224687253,2021,H
4509,0.34105336686257565,0.27947812205508565,0.37946853095055366,2021,D
4510,0.29188488059671464,0.2830546395575268,0.4250604699116512,2021,D
4511,0.39251759233168365,0.29542260802278225,0.31205980957964147,2021,D
4512,0.49765482258663285,0.21629570159149047,0.2860494758218766,2021,A
4513,0.24606667678018787,0.26930391607410414,0.48462940714570796,2021,H
4514,0.3218219680565617,0.3699994874700075,0.3081785494404845,2021,A
4515,0.3697501055644434,0.28482877451438293,0.3454211099870663,2021,A
4516,0.2203596634140874,0.3189326615770835,0.4607076650747217,2021,A
4517,0.5892641372806241,0.2583977777144796,0.1523380701037352,2021,A
4518,0.6574660155141676,0.18196174518943095,0.1605722541975626,2021,H
4519,0.21977321310034711,0.2064963915385245,0.5737303903940747,2021,H
4520,0.5515926172189768,0.20149286785674492,0.2469145248583857,2021,A
4521,0.2802034397327895,0.30652962787570415,0.4132669323915065,2021,H
4522,0.18730418029390536,0.22092737511133412,0.5917684396277069,2021,H
4523,0.4313594220911641,0.20437351292490638,0.3642670699509833,2021,A
4524,0.08394290458629965,0.14520503313679775,0.7708520374416342,2021,D
4525,0.21661566523069734,0.1846139461794866,0.598770388589816,2021,H
4526,0.3241439682798816,0.3954752874737854,0.2803807541804405,2021,H
4527,0.16678824805943762,0.15412798220287355,0.679083764770635,2021,D
4528,0.392258771682454,0.3113884032348748,0.2963528250826712,2021,A
4529,0.13287477022026237,0.1450740848689093,0.7220511374602477,2021,H
4530,0.09006870981025894,0.1390622327586323,0.7708690748157969,2021,H
4531,0.24640866245528473,0.275704998454369,0.4778863341232926,2021,A
4532,0.5824988050828922,0.17096739319453677,0.24653379923904425,2021,A
4533,0.23796228228544866,0.2743006936840065,0.4877370339646521,2021,H
4534,0.3583455940627817,0.2983329536412706,0.3433214522959476,2021,D
4535,0.7394581438973437,0.1579134701100611,0.10262838350906844,2021,A
4536,0.5774731285030846,0.21082152067462415,0.2117053408881837,2021,A
4537,0.4447688571979769,0.2030517695610794,0.35217936330683614,2021,H
4538,0.40530132685286996,0.2864631587904616,0.30823551435666835,2021,A
4539,0.15317861373783984,0.2237504613512388,0.6230709100097602,2021,D
4540,0.38273563794702653,0.3042295294450717,0.3130348226737942,2021,D
4541,0.5474991527593557,0.17585005979721693,0.2766507824763736,2021,A
4542,0.7408897214170657,0.15407815536370054,0.10503212570276062,2021,D
4543,0.1675169388163531,0.1895828090676772,0.6429002521159698,2021,H
4544,0.36604735596929155,0.25396292805158116,0.37998971101207374,2021,D
4545,0.49269547788004675,0.32445599485579846,0.18284853719826225,2021,H
4546,0.7493565461946946,0.1375243841652319,0.1131190721236004,2021,A
4547,0.4502448218792205,0.24167500879220874,0.308080184229732,2021,H
4548,0.23694807004348475,0.2995674270654071,0.46348448798994696,2021,D
4549,0.1984978103598821,0.1509956646732685,0.6505065113074516,2021,D
4550,0.2209589979400777,0.24834520627225123,0.5306958007547248,2021,H
4551,0.5762845311052804,0.20388340848773479,0.21983205543993098,2021,A
4552,0.1318659730974669,0.14397978671447254,0.7241542550892218,2021,H
4553,0.21109014298462145,0.23627916949743977,0.5526306974520462,2021,H
4554,0.09205908077605186,0.09082344408981181,0.8171174757550178,2021,H
4555,0.15372755768248136,0.19719139730780835,0.6490810599108715,2021,A
4556,0.33216415376361486,0.28485923695737597,0.38297659934490164,2021,A
4557,0.2554415564263814,0.3003753585216659,0.4441830751178453,2021,H
4558,0.06839070142569335,0.0970110600561001,0.8345982372764431,2021,H
4559,0.26727443108127885,0.2510519335555305,0.4816736353631906,2021,H
4560,0.41085893519151484,0.25745034591052246,0.3316907188979627,2022,A
4562,0.553552132888137,0.19497073135565882,0.2514771456903115,2022,A
4563,0.24079525595751275,0.18110469617330519,0.5781000379350746,2022,H
4564,0.7159412224563365,0.14291261335336178,0.14114615425619406,2022,D
4565,0.3265420351491093,0.27374135910203234,0.39971659581475083,2022,H
4566,0.3453509033820487,0.30671000906295226,0.3479390875549991,2022,H
4567,0.342796489682422,0.24719884738756737,0.410004672864118,2022,D
4568,0.33291179557681677,0.2705935835464017,0.3964946208767815,2022,A
4569,0.8021149174189292,0.11200036824479247,0.08588471433627827,2022,A
4570,0.25632971961442536,0.21455619673740234,0.5291140960658067,2022,D
4571,0.2159472165475372,0.2096670816626219,0.5743856918557335,2022,D
4572,0.1985028526344287,0.25437770353982575,0.5471194587269066,2022,H
4573,0.16747568672349725,0.1896964881563288,0.6428278201531205,2022,H
4574,0.14913813266058742,0.16521598223356315,0.6856458851058495,2022,H
4575,0.2377799606602571,0.23320661964280076,0.5290134296310497,2022,H
4576,0.39377631901395044,0.32337128353504463,0.28285239745100493,2022,D
4578,0.3221701867524562,0.25494485245942966,0.4228849458869532,2022,D
4579,0.12533900519958815,0.17706112465190127,0.6975998788408545,2022,D
4580,0.24492178838620346,0.20699579927063214,0.5480824123431646,2022,A
4581,0.4325209492597624,0.2506787872795755,0.31680025352655444,2022,H
4582,0.5231063579879597,0.22584383909931205,0.25104980787978215,2022,A
4583,0.32179917965366117,0.26372673195584273,0.414474088390496,2022,H
4584,0.11909188964319978,0.23310349913028436,0.6478046261276768,2022,H
4586,0.6132141958912087,0.19245182148703877,0.19433400248996746,2022,H
4587,0.5082631008285746,0.2613716160651669,0.23036527813920452,2022,A
4588,0.6814973907727264,0.19539225233227955,0.12311036496645618,2022,D
4589,0.6548742071267478,0.20535095234805575,0.13977485045930368,2022,H
4590,0.07334975600787419,0.15625161618649053,0.7703986340144523,2022,H
4591,0.10238044811018963,0.20072133786043844,0.6968982264470062,2022,H
4592,0.2696634833256825,0.2429031126715805,0.487433404002737,2022,H
4593,0.13065420549655005,0.29819854531310774,0.571147254157396,2022,H
4594,0.3633345276134694,0.20861485298982888,0.42805059952848684,2022,A
4595,0.18008618192586226,0.22518953529275768,0.5947242877484337,2022,D
4596,0.11074936388530776,0.13964261063915076,0.7496080354096488,2022,H
4597,0.23692701444220368,0.302163216068988,0.4609097595547009,2022,A
4598,0.4348200117664481,0.2787995549578885,0.28638041837450223,2022,D
4600,0.4063546666947062,0.2707093963134311,0.3229359469259703,2022,H
4601,0.2523597711123085,0.23305349958789412,0.5145867491680122,2022,D
4602,0.3196918201127283,0.28884043365924345,0.3914677263598134,2022,D
4603,0.4485005970476921,0.2935152278880946,0.2579841849983209,2022,H
4604,0.09003117040595927,0.17573326267814623,0.7342355743664749,2022,H
4605,0.37478076166190455,0.2860018948226582,0.3392173335813296,2022,D
4607,0.5039636559703573,0.2502583775093277,0.24577798142147603,2022,D
4608,0.21458140812470797,0.23067253682564734,0.5547460451155372,2022,H
4609,0.38500444804135653,0.2044646574534553,0.4105308870546076,2022,A
4610,0.7906519138817355,0.1477589577214602,0.06158914236664287,2022,D
4611,0.1181717644061739,0.20861636360789562,0.6732118769529842,2022,H
4612,0.2962418079214222,0.24671937628822782,0.45703880088918897,2022,A
4613,0.2663334204567505,0.20981872632076426,0.5238478457719046,2022,H
4614,0.25087559261008047,0.3037872886560736,0.445337118733846,2022,H
4615,0.7032894132825992,0.16227499875051818,0.1344355780327748,2022,D
4616,0.2639311483617066,0.3100285420791535,0.4260403194932474,2022,D
4617,0.35436262167678073,0.24797574786152018,0.3976616056264304,2022,H
4618,0.1890951628052515,0.24632136072968605,0.5645834764650625,2022,H
4619,0.6616207787178149,0.2143453069280911,0.12403391932114764,2022,H
4620,0.40983402815585146,0.27932196124820097,0.3108440006618402,2022,H
4621,0.3658582911517114,0.30467914182779593,0.32946256702049254,2022,A
4622,0.7374705468596833,0.13841789279277197,0.12411155786401784,2022,A
4623,0.16226117573306145,0.23346612701626257,0.6042726972506761,2022,D
4624,0.0865393144743671,0.14156472933537756,0.7718959723331799,2022,H
4625,0.29626534060048854,0.2818592526513526,0.4218754067481589,2022,H
4626,0.5334497761968316,0.22367945906260647,0.24287077467466922,2022,A
4627,0.20656658223204558,0.2706537325353313,0.5227796703314621,2022,H
4628,0.33461550496067555,0.27701563048818106,0.3883688446829283,2022,D
4629,0.5261338653975004,0.2548622470799811,0.21900388628075498,2022,A
4630,0.3734129272056659,0.25403411087596467,0.3725529619183694,2022,A
4631,0.19832592575928745,0.3049948563300211,0.49667924026243315,2022,D
4632,0.3148871071109938,0.2832366385525263,0.4018762344682649,2022,A
4633,0.24289566750888522,0.255181905076882,0.5019224174801252,2022,H
4634,0.08802423264406047,0.15252473937179398,0.7594510379182533,2022,H
4635,0.28773275775296353,0.24850048487869789,0.46376675736833856,2022,D
4636,0.253841379775628,0.2066423878586281,0.5395162422998515,2022,H
4637,0.11354855680231156,0.24375241895382482,0.6426990391450248,2022,H
4638,0.29046545664854495,0.29388026189920485,0.41565427648519643,2022,H
4639,0.31226659548317043,0.23256941675525544,0.45516399769568167,2022,A
4640,0.15878396539057948,0.22416019346377858,0.6170558361785882,2022,H
4641,0.1375087703887061,0.2061548564455188,0.6563363657151945,2022,H
4642,0.33792265785149156,0.2472159934265016,0.41486135865611423,2022,H
4643,0.2419837056058,0.26585453905422823,0.49216176527407907,2022,H
4644,0.36100168738057853,0.2538933095708124,0.3851050129827167,2022,H
4645,0.25372211608858364,0.23302974804308377,0.5132481408353863,2022,A
4646,0.4080031158411928,0.2964415266301103,0.29555535256164295,2022,D
4647,0.5427551685898513,0.21668096725511043,0.24056385422093074,2022,H
4648,0.09639972423286626,0.1575937159033606,0.7460065722814074,2022,H
4649,0.2644221241661262,0.23116555492614835,0.5044123258747794,2022,H
4650,0.28218358764258505,0.25593625257228514,0.4618801448839687,2022,D
4651,0.3141100230274095,0.3120134689821588,0.3738764881222168,2022,D
4652,0.4436835372634067,0.2934590005856624,0.26285744228271607,2022,A
4653,0.7106244864721503,0.16446252065433167,0.1249129854229375,2022,A
4654,0.35676963040752946,0.2871555679491727,0.3560747917091905,2022,D
4655,0.3997019440576506,0.2697146127134095,0.3305834481959936,2022,D
4656,0.3531982622454808,0.3629187249833934,0.28388299786996457,2022,H
4657,0.10266432121235956,0.18846356989365298,0.7088720915092995,2022,D
4658,0.22263182541868123,0.2737138221943302,0.5036543573540424,2022,H
4659,0.2499602614426237,0.23977508122337973,0.5102646473998892,2022,H
4660,0.24204275814571372,0.32253745692059593,0.43541979983485163,2022,A
4661,0.3633671767989531,0.2543142532332745,0.38231856500071865,2022,H
4662,0.5187397715029013,0.23809647852294388,0.243163745007101,2022,D
4663,0.09552883771939093,0.14119196266108117,0.763279177267786,2022,H
4664,0.4457317372961381,0.20920966587693793,0.34505859185987026,2022,H
4665,0.3094796995290085,0.2124206259098368,0.47809968697878896,2022,H
4666,0.5022407633272468,0.23696197062794364,0.2607972561107022,2022,H
4667,0.31296549411490726,0.29484380561276763,0.39219071020643254,2022,H
4668,0.1629729272193224,0.20001243054497309,0.6370146298180701,2022,H
4669,0.2959221518180822,0.28824796855128687,0.41582986969652347,2022,D
4670,0.41818321079375503,0.29387174817640876,0.28794503109572894,2022,A
4671,0.3317556582149194,0.26725040186045285,0.4009939399246278,2022,A
4672,0.6823485622159383,0.17744589506879202,0.14020555513290392,2022,D
4673,0.2099715752630389,0.2398457744532487,0.5501826552507662,2022,H
4674,0.2977657597887065,0.21902634491753079,0.4832078952937627,2022,A
4675,0.24823225797371348,0.30033298222852123,0.45143478463303405,2022,H
4676,0.738859233201976,0.15043990912222274,0.11070085891756447,2022,A
4677,0.45137922601546726,0.23637910956956856,0.3122416743490717,2022,A
4678,0.29873982696725165,0.2765906332381383,0.4246695298605025,2022,D
4679,0.32272972586878074,0.25819444686598314,0.41907584713345103,2022,H
4680,0.249160600367032,0.2806258871215869,0.47021349264316625,2022,H
4681,0.25659438824123443,0.23018493045244362,0.5132206912404293,2022,H
4682,0.2356183475782008,0.20796701635773784,0.5564146310970076,2022,D
4683,0.14361344768593315,0.19169848441227821,0.6646880505171006,2022,A
4684,0.1013931722627809,0.14113177060068413,0.7574750447189006,2022,H
4685,0.19091470355584883,0.2580946550464509,0.5509906513318078,2022,H
4686,0.22422921364802084,0.33827267575737535,0.4374981205287114,2022,A
4687,0.48176330925115346,0.25931628437121723,0.25892039644352177,2022,A
4688,0.29493777775334146,0.32298611478539135,0.38207610746126724,2022,D
4689,0.1302103691082196,0.18942808717376616,0.6803615486850679,2022,H
4690,0.174950828277833,0.23697364663497425,0.5880755250871926,2022,H
4691,0.49568349633733283,0.29621992029717303,0.20809658088196728,2022,A
4692,0.4883796497025415,0.2520929742409081,0.2595273661224427,2022,H
4693,0.6045820277772634,0.2208434265005549,0.17457453082102026,2022,A
4694,0.22267129553991324,0.30056529764925705,0.4767634068108297,2022,A
4695,0.3111935934699951,0.21681707441342404,0.47198933708363455,2022,A
4696,0.15934955794792846,0.1862911582510384,0.65435928628456,2022,H
4697,0.5663602842753952,0.23743319862280954,0.1962065121347416,2022,A
4698,0.22840920170358137,0.16018662693548694,0.6114041589432974,2022,H
4699,0.2554806485602915,0.3048847174259277,0.43963464394788826,2022,A
4700,0.24457150913940273,0.22428206021485741,0.5311464356127936,2022,H
4701,0.06336767594609202,0.12961484238108004,0.8070174816728279,2022,A
4702,0.37029679101080365,0.30856252197678097,0.32114069694652275,2022,H
4703,0.13200093399474497,0.21824937352062412,0.6497497024187384,2022,H
4704,0.17114935703057407,0.2591515585722549,0.5696990943312783,2022,A
4705,0.40765457480423267,0.2184719676023759,0.3738734724945525,2022,A
4706,0.6341833768734205,0.18354553604033877,0.18227109950387496,2022,A
4707,0.47301583555334864,0.25171105414051853,0.2752731301743476,2022,A
4708,0.3743128742775564,0.260193892538889,0.36549323318355453,2022,A
4709,0.6025629289831377,0.20956508661763004,0.18787199184981299,2022,A
4710,0.5300195103690957,0.22785376390125137,0.2421267356637605,2022,D
4711,0.3117469549716653,0.28351847233983346,0.40473456275439385,2022,A
4712,0.1116492973492585,0.1592458276048385,0.7291048924305911,2022,H
4713,0.30188997314769134,0.2639499956521429,0.4341600411342732,2022,H
4714,0.09565478048948499,0.18128115913368792,0.7230640653438808,2022,H
4715,0.5511723370882656,0.2229493135236019,0.22587834938813242,2022,A
4716,0.2396373804410011,0.312272152190756,0.44809046240118927,2022,A
4717,0.09277592989754631,0.25666320132337933,0.6505608849219988,2022,H
4718,0.17431786761844262,0.16782567351582237,0.6578564687998423,2022,D
4719,0.06955081455574492,0.11568254397245088,0.8147666414718042,2022,D
4720,0.46925960202312383,0.28098851191245666,0.24975187116325845,2022,A
4721,0.4146087109103669,0.18917869248208344,0.39621260157460325,2022,A
4722,0.23166035993559597,0.24293975401050485,0.5253998959880066,2022,H
4723,0.45280232435364737,0.34086528814725137,0.20633239743320864,2022,A
4724,0.10115576423815516,0.18395649139082734,0.7148877381622004,2022,A
4725,0.3358663627327334,0.3061178646184078,0.3580157726488588,2022,D
4726,0.498429187127796,0.28850693675750283,0.21306389598291606,2022,H
4727,0.20035303727343765,0.1459461058287842,0.6537008357878,2022,D
4728,0.3168508129598477,0.25055705878139783,0.43259214315991573,2022,A
4729,0.36730101967991363,0.2800501185413043,0.35264886177878196,2022,A
4730,0.09778853383790635,0.12100183328744084,0.7812096465340505,2022,H
4731,0.4631239729865062,0.18505517054612183,0.3518208589508988,2022,D
4732,0.29092373029301755,0.22537205499644375,0.4837042147105386,2022,D
4733,0.3982403879078335,0.23483880857211648,0.36692080352005,2022,A
4734,0.21906194522599,0.301568474995905,0.47936957977810507,2022,A
4735,0.5931806560891525,0.18556459055790764,0.2212547434188322,2022,A
4736,0.24706046321999778,0.22943532611342263,0.5235042156336333,2022,H
4737,0.2498086369384995,0.19624008143016267,0.5539512915654454,2022,H
4738,0.32189798488026117,0.20077245237167748,0.4773295577810077,2022,H
4739,0.39862505085250916,0.2993174317570873,0.3020575024892423,2022,H
4740,0.32014069851891347,0.36812605924901637,0.31173324719912393,2022,A
4741,0.23246559442112205,0.28037610498623394,0.48715829562559015,2022,H
4742,0.4033246953695506,0.26749373002824206,0.3291815845363148,2022,H
4743,0.21002139147443208,0.2569356998704061,0.5330429036881081,2022,H
4744,0.2765774177273986,0.21975832078887625,0.5036642813519401,2022,H
4745,0.3055124467943095,0.23431280570671068,0.4601747325978187,2022,H
4746,0.37509851183518933,0.23316654318853938,0.3917349449762714,2022,A
4747,0.4946361309214766,0.25649512809757935,0.2488687509150513,2022,D
4748,0.1805627589610499,0.26471402704973285,0.5547232264068517,2022,H
4749,0.35597106894325625,0.32142613879724524,0.32260279722655216,2022,A
4750,0.2534484320993798,0.28445346353823614,0.462098104362384,2022,H
4751,0.5322165160601909,0.236842327384405,0.23094115158835007,2022,D
4752,0.44654541860011293,0.2949874209328682,0.2584671704011263,2022,D
4753,0.3570811357992822,0.30522452912996195,0.33769434500486345,2022,D
4754,0.2588068659994777,0.3022813030554061,0.43891183094511615,2022,D
4755,0.3642443194888802,0.29951081393251044,0.3362448765127168,2022,D
4756,0.07740964833304075,0.12004265703883525,0.8025477033204679,2022,H
4757,0.25346817742942335,0.21975933084501384,0.526772471857348,2022,H
4758,0.3125765184599785,0.22450683922920991,0.4629166224425965,2022,A
4759,0.2867783388936982,0.20214989014454351,0.5110717610276506,2022,D
4760,0.12826541050327706,0.24404387542857262,0.6276907190352041,2022,D
4761,0.5314392395364549,0.2480539545615211,0.22050681583613152,2022,H
4762,0.20267515037371595,0.2112368896300232,0.5860879500621533,2022,H
4763,0.20889120469501718,0.21624359736765617,0.5748651880032192,2022,A
4764,0.26475787572256376,0.3096339791421402,0.4256081550694037,2022,H
4765,0.13345338323161085,0.16978228015568206,0.6967643316456534,2022,H
4766,0.5474829436642231,0.2456684284889071,0.20684863281392352,2022,H
4767,0.3110169919590798,0.24345326845134052,0.44552972468841845,2022,H
4768,0.47969956541913666,0.26547265113677976,0.2548277685429224,2022,H
4769,0.20131029082013416,0.22040286048229488,0.5782868337964097,2022,D
4770,0.44490542242934944,0.2034373183623197,0.35165727410949194,2022,H
4771,0.5928055677725422,0.21639368556485775,0.19080074169554614,2022,D
4772,0.36008879094497576,0.3214112176806327,0.31850000130849904,2022,A
4773,0.34495042930439435,0.29607756584878153,0.3589720147809316,2022,H
4774,0.38655891679217214,0.22992107808944037,0.38352000015133364,2022,D
4775,0.4823451289115212,0.25393045698960875,0.26372441409887015,2022,D
4776,0.13656326954737755,0.19403807746879473,0.6693986480167743,2022,D
4777,0.37863710979416326,0.23634861970854715,0.3850142704972896,2022,A
4778,0.1619166272800986,0.20849398870605343,0.6295893765632673,2022,H
4779,0.19586095872549922,0.24616179270737235,0.5579772585012358,2022,H
4780,0.2843998843866831,0.22256737000186777,0.49303273071028797,2022,A
4781,0.2225279115090899,0.21506946590441414,0.5624026325206032,2022,A
4782,0.2214495664521042,0.2152925510317025,0.5632578725820859,2022,A
4783,0.4514240818739677,0.2815890063450482,0.2669869117809843,2022,D
4784,0.3413582448403735,0.33213491545911134,0.32650682976640755,2022,H
4785,0.20712415898889738,0.27554633856024774,0.5173295173520159,2022,A
4786,0.12252441493390265,0.25222944071249104,0.6252461369030256,2022,A
4787,0.5083104463808378,0.22966777375279965,0.2620217947675238,2022,A
4788,0.29910056482542796,0.22316517642047343,0.47773426372115235,2022,D
4789,0.15349972733422498,0.18305731169753103,0.6634429709023514,2022,H
4790,0.26576730226032136,0.2511354155794479,0.48309728216023085,2022,H
4791,0.26296667917192523,0.23067920912150178,0.5063541166736267,2022,D
4792,0.7313603729656434,0.16813135869323906,0.1005082559234831,2022,A
4793,0.38406814866549693,0.2561080530323095,0.3598237834010322,2022,H
4794,0.5031060356970334,0.20021353627017965,0.2966804379668943,2022,D
4795,0.30018240512405153,0.27520571497692853,0.42461187989901994,2022,H
4796,0.6930600068857066,0.1675708488627501,0.13936912686685518,2022,A
4797,0.3600904184783526,0.2462313610535339,0.3936782155010598,2022,A
4798,0.3071148577496587,0.24277103614513298,0.45011410610520847,2022,H
4799,0.13386087777140745,0.1909426325062614,0.6751964847552774,2022,H
4800,0.13097785672411075,0.17887018798871543,0.6901519428695394,2022,H
4801,0.10855311941183939,0.2333718739547329,0.6580750016663739,2022,H
4802,0.2796257986823323,0.1940296134927837,0.5263445778907764,2022,H
4803,0.3993773176087622,0.2849563850900054,0.31566630723533984,2022,H
4804,0.12263960262585712,0.16811637865239368,0.7092439988535343,2022,H
4805,0.07578802104225779,0.1307052635058786,0.7935067166936269,2022,H
4806,0.2742138776669262,0.1852611583447025,0.5405249639883712,2022,H
4807,0.30897829097115265,0.3485250043901262,0.3424967096057751,2022,H
4808,0.2121570290683057,0.2958819022779247,0.49196105375260846,2022,H
4809,0.245869601794974,0.2924189697526465,0.4617114334194332,2022,D
4810,0.2869950007580809,0.3084795486242965,0.40452546055172994,2022,H
4811,0.7167115865351655,0.16695425959565724,0.11633415883623081,2022,H
4812,0.35528065728009395,0.3094384874664784,0.33528087512164245,2022,H
4813,0.5438486530798028,0.2171348218972983,0.2390165150887913,2022,D
4814,0.4550020876615806,0.225314748246512,0.3196831740260148,2022,A
4815,0.13453382188064722,0.1916444112346656,0.673821766884687,2022,H
4816,0.5923209539891108,0.1949815493248127,0.21269748675196906,2022,A
4817,0.2643715795367663,0.23334239751166563,0.5022860179845142,2022,D
4818,0.17663559638197698,0.2514938735452719,0.5718705449739122,2022,H
4819,0.6145316813548527,0.219539446299448,0.1659288723456993,2022,A
4820,0.09905148195830683,0.1422944310824863,0.7586540770250992,2022,D
4821,0.08976057013741222,0.17261325694142593,0.7376261741629251,2022,H
4822,0.4159170362854035,0.26529499734058887,0.3187879564399002,2022,A
4823,0.4764142125982627,0.22199079820914736,0.30159498422553616,2022,A
4824,0.2901108011634342,0.26804468211815263,0.4418445266525204,2022,A
4825,0.20984998344821118,0.2736886429679379,0.5164613586826896,2022,D
4826,0.5138037126957758,0.31166238160850834,0.17453390817924264,2022,D
4827,0.18449742769595642,0.20166263908232676,0.6138399332217169,2022,H
4828,0.27702668864762636,0.24448946542687358,0.47848384095844626,2022,D
4829,0.12519125108837667,0.15860156291316482,0.7162072008996195,2022,H
4830,0.31791853086641947,0.2680046485587822,0.4140768354759594,2022,H
4831,0.23083609830781304,0.274309771558842,0.49485412019923736,2022,A
4832,0.3393755252519925,0.21994018441898824,0.4406842903290193,2022,H
4833,0.10893558409340069,0.12544374177325276,0.765620684067454,2022,H
4834,0.2910936829894029,0.26712902063784505,0.441777316240967,2022,D
4835,0.14590961021463622,0.2099859322776667,0.6441044599912237,2022,D
4836,0.3083949701250409,0.18239124707036866,0.5092137666616656,2022,H
4837,0.26440859706674286,0.30483188540996575,0.43075951255623757,2022,H
4838,0.27069048910321375,0.2629082706783993,0.4664012352513332,2022,H
4839,0.4159105603407162,0.29375729445727067,0.2903321452020131,2022,D
4840,0.6091527837690759,0.215054472342724,0.17579274388819988,2022,A
4841,0.3148065961111426,0.2733406574530153,0.41185274643584197,2022,H
4842,0.3797265714157523,0.3612058018550112,0.2590676217621828,2022,A
4843,0.29610769453307906,0.242159060405318,0.46173325499571033,2022,D
4844,0.4365500788046098,0.2459085695455093,0.3175413516498809,2022,A
4845,0.25133203413449084,0.2476422916432605,0.5010256791893026,2022,H
4846,0.19949210513035975,0.2915648075937582,0.5089430872758821,2022,H
4847,0.24746843083892278,0.23905719451041785,0.5134743547824446,2022,H
4848,0.59739915692802,0.2158519705347105,0.1867488924054842,2022,A
4849,0.3179121283356643,0.27166848555272816,0.4104193712104463,2022,A
4850,0.2368900636216346,0.28276655831295,0.4803433780654154,2022,A
4851,0.38966080878042697,0.3068068870762513,0.30353228427510676,2022,H
4852,0.47528392917943657,0.2774542757118329,0.2472618100098917,2022,H
4853,0.6270999018068002,0.24957468249141768,0.12332541321825523,2022,A
4854,0.5137491067827226,0.1986041074444432,0.2876467907398881,2022,D
4855,0.3969719479747533,0.2588918110693942,0.3441362508899599,2022,A
4856,0.5991592823336125,0.19500477359100185,0.20583593910833176,2022,H
4857,0.2993538266994382,0.292969736580789,0.4076764168515578,2022,A
4858,0.3039066484298016,0.2871956930834431,0.4088976535197015,2022,A
4859,0.43393145156526236,0.26014167836496166,0.305926870069776,2022,A
4860,0.15231821452597435,0.16033928402577072,0.68734252131647,2022,A
4861,0.27302953353302334,0.24371628427481676,0.4832541921262674,2022,H
4862,0.11692522848585767,0.13655393962362253,0.7465208219564121,2022,H
4863,0.4127675574020229,0.2550216868297711,0.33221075576820597,2022,A
4864,0.6790055845149663,0.18964258593769556,0.131351829547338,2022,D
4865,0.4741602705720456,0.2258457524592202,0.2999939620675729,2022,A
4866,0.08444063920750382,0.16319143309028838,0.7523679463286593,2022,D
4867,0.2808059793515952,0.20580474855356898,0.5133892869959971,2022,H
4868,0.4319100577449011,0.2964849215362278,0.27160499588360226,2022,D
4869,0.20145282105573417,0.22637647490686752,0.5721707040373982,2022,D
4870,0.3580142842625389,0.2492727143186774,0.39271300638583745,2022,H
4871,0.15717405032014434,0.15478559016065727,0.688040349585091,2022,H
4872,0.3123133427163376,0.2603137160633134,0.42737295115445634,2022,A
4873,0.23849740042399872,0.21167728996262256,0.549825304646325,2022,H
4874,0.27374280333744133,0.18332220259452356,0.5429350040021426,2022,H
4875,0.4637088749840445,0.25483893252803697,0.2814521875208649,2022,H
4876,0.23571996306026857,0.2819684077997932,0.482311634106992,2022,D
4877,0.24796233452983305,0.20338174675417245,0.5486559187159946,2022,H
4878,0.5209481589159864,0.20878862700096779,0.27026321905009937,2022,A
4879,0.17799839674962947,0.2451836394529968,0.5768179488962125,2022,A
4880,0.5864198155398977,0.21719788806826038,0.1963823063259493,2022,H
4881,0.6492902120535206,0.2310226932541992,0.11968709096698978,2022,A
4882,0.2476022931131896,0.23929673540984533,0.5131009913451801,2022,A
4883,0.5362661447833424,0.20528012484465405,0.25845374030611107,2022,D
4884,0.21784785802518772,0.3060863620274366,0.4760657898814831,2022,H
4885,0.23213984965589593,0.23956707173322586,0.5282930885449857,2022,H
4886,0.14462065604035254,0.28106045434798177,0.5743188771940314,2022,H
4887,0.10059863614108479,0.2151175899247669,0.6842837838682557,2022,H
4888,0.7853453177864985,0.1225884837777399,0.09206619471047124,2022,A
4889,0.321613738337078,0.2165138300621011,0.4618724465019823,2022,H
4890,0.30530132508507496,0.1965075592453778,0.4981911280871815,2022,H
4891,0.17664910797834896,0.1829847017880245,0.6403662001677339,2022,H
4892,0.25509697209858007,0.287025745563981,0.4578772674362778,2022,D
4893,0.18434848963786402,0.14647165736894407,0.6691798654108262,2022,H
4894,0.13527902868320407,0.18923017770152398,0.675490791131745,2022,H
4895,0.10142282120004133,0.1636427749633619,0.7349344038365969,2022,H
4896,0.3229583335585297,0.27914300523842167,0.39789867113715616,2022,H
4897,0.44839444767353326,0.17509841434570741,0.37650713425546894,2022,H
4898,0.42852332195016646,0.26249523925171103,0.30898144873223016,2022,H
4899,0.17268309969588372,0.24139660570265634,0.585920309502621,2022,H
4900,0.22853968907714564,0.2298387016414346,0.5416216092814197,2022,A
4901,0.08404025644834708,0.1037368142703255,0.8122229416989617,2022,H
4902,0.6794987912829681,0.1692983191818664,0.15120287587576764,2022,H
4903,0.28044620582589147,0.258853844115353,0.4606999401246481,2022,A
4904,0.27034838566115066,0.2618860223381261,0.467765596967777,2022,H
4905,0.10373448033005457,0.2401917172942921,0.6560737899580188,2022,A
4906,0.24330833949377526,0.2589066756397662,0.49778497989940496,2022,H
4907,0.5455181850376177,0.20934455632235618,0.24513726360707966,2022,D
4908,0.35329539136265214,0.20351568841964185,0.4431889053165449,2022,H
4909,0.2033947155079309,0.23264914011999105,0.563956149339132,2022,D
4910,0.24804451801295815,0.20764505091702534,0.5443104310700165,2022,H
4911,0.16696710706983917,0.180786382941428,0.6522465000546253,2022,H
4912,0.3456460476182266,0.29125064844353127,0.3631033138723496,2022,A
4913,0.24950783252682995,0.18859304806358734,0.5618991243766364,2022,A
4914,0.8080817922518246,0.10516071951964995,0.08675750499233163,2022,A
4915,0.24494693903260115,0.24294673476259673,0.5121063063365873,2022,H
4916,0.5904470894357635,0.213920278869872,0.1956326167932031,2022,A
4917,0.19901819865900805,0.27969779837453457,0.5212840079335113,2022,H
4918,0.2772708639246994,0.25671697059471504,0.466012155546478,2022,A
4919,0.5122590560381828,0.242589962114465,0.24515100171556722,2022,A
4920,0.444590232224704,0.2046724563899577,0.35073732628649945,2022,D
4921,0.2381720835101703,0.18379200095581816,0.5780359205010652,2022,D
4922,0.3111766351202458,0.23109129229076852,0.45773207755603934,2022,D
4923,0.5808712069581203,0.22902360012165357,0.19010518795317233,2022,H
4924,0.08443878883541246,0.08629133899380002,0.8292698541652177,2022,H
4925,0.08902836984495692,0.18728150688081302,0.7236901443842084,2022,H
4926,0.28952155169414295,0.26682503300576604,0.4436534053659836,2022,H
4927,0.07934275647540877,0.16777852040604815,0.7528787417449943,2022,D
4928,0.6368192894683136,0.17259848062708918,0.1905822398387048,2022,D
4929,0.13780186479026446,0.2127306064164801,0.6494675387273628,2022,H
4930,0.49916296147128286,0.21682632481996342,0.2840107236428611,2022,A
4931,0.7393715611447319,0.13892258146803552,0.12170585117841515,2022,D
4932,0.17872245839664394,0.1717470015334492,0.6495305251687457,2022,H
4933,0.35529875297376856,0.21593342835454102,0.42876780873758297,2022,H
4934,0.37350152168932943,0.3100652844908449,0.3164332136880406,2022,H
4935,0.5744250562274305,0.18802942900241262,0.237545509803103,2022,D
4936,0.25545881221121197,0.1936862629903355,0.5508549198313989,2022,H
4937,0.16054345788297,0.23399300045030938,0.6054635565678818,2022,H
4938,0.14959864499354986,0.23136674740597618,0.6190345926993129,2022,D
4939,0.5518165952676941,0.23727112460557145,0.21091228509378823,2022,H
4940,0.6269004652747744,0.19941210742535784,0.17368740991517984,2023,A
4942,0.3080005833561138,0.24334252274371618,0.44865691376838496,2023,A
4943,0.6634781234647203,0.1867301583842664,0.14979171318395967,2023,A
4944,0.2387463095241357,0.19334469493407802,0.5679089856076788,2023,H
4945,0.39089826550878576,0.2535758986097489,0.3555258309144116,2023,D
4946,0.22395263057387496,0.2564481443770952,0.5195992250490299,2023,H
4947,0.5441387422780527,0.19060755974256227,0.26525368804527755,2023,D
4948,0.34319316199122113,0.2586406485239137,0.3981661795507576,2023,D
4949,0.1837058902249545,0.15765607896932024,0.6586380308057252,2023,H
4950,0.2644583778799702,0.22776406928912932,0.5077775478638468,2023,H
4951,0.24884410039502272,0.21896188335952613,0.532194021212505,2023,A
4952,0.17007339156692267,0.2006543761506351,0.6292722322824421,2023,H
4953,0.6014008188985547,0.16615779448784754,0.23244138909712456,2023,A
4954,0.48692818449017294,0.23822570101841936,0.27484612442551515,2023,H
4955,0.26212917361700566,0.2606858672996167,0.47718495411632394,2023,H
4956,0.2408260722005238,0.28001796909414955,0.4791559438041653,2023,H
4957,0.34827185902636054,0.2474337955754707,0.4042943354640611,2023,H
4958,0.252115298155098,0.2640943943161841,0.48379031746282547,2023,A
4960,0.40411283393857195,0.23279373066117956,0.3630934354002486,2023,A
4961,0.09720899659200344,0.1434098931848859,0.7593811102231106,2023,D
4962,0.23942859731187274,0.20650724553342892,0.5540641571546985,2023,D
4963,0.3041411576098046,0.25091278770925846,0.44494605964799083,2023,A
4964,0.17016696620638383,0.2599217180784565,0.5699113181986865,2023,H
4965,0.09545402815080946,0.1328945216507953,0.7716514452313415,2023,A
4966,0.5367168736208878,0.23420639737145418,0.22907673894176553,2023,A
4967,0.607505659944494,0.2361488433188902,0.15634550170366954,2023,A
4968,0.40837899787536186,0.2597836428042959,0.3318373493862349,2023,A
4970,0.07165962781512071,0.11952077360200387,0.8088195787146604,2023,H
4971,0.19034019948346823,0.2807924079812485,0.528867417370552,2023,A
4972,0.23735249544937662,0.2519408465922776,0.5107066778265607,2023,H
4973,0.2130057411441998,0.25273177905641964,0.5342624698652733,2023,D
4974,0.4355913863630354,0.2636224576639717,0.3007861559729929,2023,D
4975,0.5401402418264527,0.2439125106910419,0.2159472474825054,2023,A
4976,0.13208017530781238,0.17597047384889608,0.6919493607773989,2023,H
4977,0.19382547342756418,0.1950734531323093,0.6111010734401264,2023,H
4978,0.1662816390345215,0.2806776233985771,0.5530407263910305,2023,H
4979,0.5927046814844458,0.2127904639040907,0.194504864545571,2023,A
4980,0.34775555515397233,0.285969664117286,0.36627477079463416,2023,H
4982,0.3791191291990104,0.27489619639266666,0.34598465454010796,2023,A
4983,0.09248699610712179,0.1446398122248441,0.7628731655910022,2023,H
4984,0.6034895779638957,0.2539535950605764,0.14255683194258148,2023,A
4985,0.34051843078801264,0.22569431146246668,0.4337872527824671,2023,H
4986,0.4617722006643301,0.24008400698809615,0.29814379234757366,2023,D
4987,0.46427111426313145,0.2819331988121798,0.25379568195763524,2023,A
4988,0.16801326600874597,0.2312910741651769,0.6006956486502062,2023,D
4990,0.4829595715014381,0.18871571783167837,0.3283246957657223,2023,A
4991,0.1865352706988992,0.25199913864131435,0.5614656055609476,2023,D
4992,0.05986739147002295,0.1177615827343677,0.8223710382132436,2023,H
4993,0.21469503741818982,0.23448553978513467,0.550819412862568,2023,A
4994,0.17021217653672538,0.2872945469180741,0.5424932765452005,2023,D
4995,0.13407350301210594,0.23879872818345937,0.6271277588703273,2023,H
4996,0.3224703433482275,0.27285429061682787,0.4046753561008374,2023,A
4997,0.09398473154172877,0.12268145490949704,0.7833338048564301,2023,H
4998,0.44690177364386346,0.19834024393812574,0.3547579824180109,2023,A
4999,0.7849328069529972,0.13469989196566245,0.08036728121312542,2023,H
5000,0.14110214972175955,0.15477580601013471,0.704122039301052,2023,H
5001,0.17595519479727398,0.2132262923609913,0.6108185078746811,2023,H
5002,0.35578212137121906,0.34804374055467724,0.296174152975265,2023,H
5003,0.19485328444852168,0.26250853962826126,0.5426381957914321,2023,A
5004,0.2606395985003979,0.2944219677411804,0.44493844369252905,2023,H
5005,0.2485518621320811,0.26022232689086555,0.4912258308452682,2023,A
5006,0.6664026756600184,0.19316126374583198,0.1404360481765153,2023,A
5007,0.3578459642905945,0.25138594575485146,0.39076810982276894,2023,D
5008,0.4166435962702417,0.225082340893651,0.3582740529019999,2023,A
5009,0.2330882793741691,0.3002081121838706,0.466703618376068,2023,A
5010,0.1690745588581094,0.21834548425415665,0.6125799618547879,2023,H
5011,0.2416063788599803,0.2870669510521719,0.47132666015374053,2023,D
5012,0.2766685021622381,0.22913410757678002,0.49419739522803563,2023,H
5013,0.48027611291747857,0.21417419865121237,0.3055496784972016,2023,A
5014,0.22491850545469175,0.22569154155013935,0.5493899380940076,2023,H
5015,0.48419059503853107,0.24879314787846418,0.2670162570830046,2023,A
5016,0.21238438942823631,0.22888628540526856,0.5587293351006024,2023,D
5017,0.4442797302708035,0.2524000978863198,0.3033201718428768,2023,D
5018,0.45067575862457004,0.34428155936435334,0.20504267207696916,2023,D
5019,0.2700440937680786,0.25802087695412895,0.47193503672837317,2023,H
5020,0.5598266839134163,0.21510567067010442,0.2250676404494257,2023,D
5021,0.23659369722585355,0.27881435232621693,0.4845919653490909,2023,D
5022,0.6473265810704243,0.18152233778166807,0.1711510898402516,2023,A
5023,0.16504634295023243,0.2212153445773257,0.6137383025383343,2023,H
5024,0.11934546208575357,0.22277646951846733,0.6578780634287255,2023,H
5025,0.2996095358441198,0.29415783973507087,0.40623260455259436,2023,A
5026,0.17734989827183925,0.173758465677753,0.648891633566881,2023,H
5027,0.20016751453784776,0.21977735503696127,0.5800551403592985,2023,H
5028,0.18256352293790576,0.22552366701117532,0.5919128050838653,2023,H
5029,0.19021618615808847,0.17549692645348425,0.6342869072566423,2023,H
5030,0.6965718260924055,0.16843950262887444,0.13498867624577368,2023,A
5031,0.427537909947408,0.21343751297856486,0.35902458700813455,2023,A
5032,0.088193518707898,0.13877509609682992,0.7730314000964333,2023,H
5033,0.4041012642503907,0.27480465206532356,0.32109406878312446,2023,H
5034,0.5587964513052704,0.23107159190843288,0.21013196672040413,2023,D
5035,0.11018229401018081,0.14878932613596807,0.7410283823373779,2023,H
5036,0.41261925093640883,0.2596425697408036,0.32773817932278754,2023,A
5037,0.2756241731650361,0.20687220357626193,0.5175036282257557,2023,A
5038,0.32226121092167204,0.27860620338105957,0.39913259563137604,2023,D
5039,0.14738894148515602,0.17649886697928197,0.6761122014696695,2023,H
5040,0.06902073159148292,0.15477803760694317,0.7762012221092299,2023,H
5041,0.5021470773011986,0.26880130959107534,0.22905161807478006,2023,H
5042,0.3217644123385435,0.27068553850429916,0.40755003922304994,2023,H
5043,0.4140515770364553,0.22126778968901073,0.364680648175695,2023,A
5044,0.2663054341797227,0.2135503333721073,0.5201442175470089,2023,H
5045,0.3288473784317482,0.28967120826202075,0.3814814232403385,2023,A
5046,0.4585427832253915,0.19254982339122972,0.34890737351516377,2023,D
5047,0.5933078423649851,0.23074562316911373,0.17594653694942805,2023,D
5048,0.5870688034126764,0.23776639493706808,0.17516479916672864,2023,H
5049,0.14317682889966948,0.1446721181688947,0.7121510405138015,2023,A
5050,0.5364397813522278,0.23452870688252217,0.22903151673230396,2023,H
5051,0.09096863033512,0.22895508296378494,0.680076289184622,2023,H
5052,0.29981744981550373,0.26396785421623997,0.43621468603414887,2023,A
5053,0.16452090171107678,0.1830452314849945,0.6524338717709827,2023,H
5054,0.590173564054473,0.21787019480811318,0.19195622871977958,2023,H
5055,0.27132131427843015,0.29006439322974514,0.4386142825577171,2023,H
5056,0.21231731772010895,0.27199563946339383,0.5156870527506047,2023,D
5057,0.1516496507923317,0.1769309763883895,0.6714193554345907,2023,H
5058,0.11185719049394288,0.1828041005853649,0.7053386965030578,2023,H
5059,0.6612369800794445,0.17653817833398078,0.162224854004209,2023,D
5060,0.20478216934382412,0.2883996872140666,0.5068181335080019,2023,D
5061,0.4074430804696674,0.2595985213088063,0.3329583733862577,2023,A
5062,0.31362733775133433,0.27700158422549076,0.40937107802317496,2023,H
5063,0.5306654150500479,0.18168842226025672,0.2876461577226416,2023,H
5064,0.3597661523559619,0.3043608300494273,0.3358730076605032,2023,A
5065,0.26273514934396214,0.3021770353420447,0.4350877954457782,2023,A
5066,0.5772796855001386,0.21665301867088407,0.20606729086192366,2023,A
5067,0.41840075335798166,0.21512792188607088,0.3664713148218401,2023,A
5068,0.4839610187027746,0.23362196152125905,0.2824170247430202,2023,A
5069,0.364133085438799,0.2966444766652216,0.33922241802776426,2023,H
5070,0.2762295837552235,0.26640828505416936,0.4573621411247147,2023,H
5071,0.2114846461627343,0.22595778262708033,0.5625575910784004,2023,H
5072,0.31085757719068,0.2927297411516503,0.39641267172356215,2023,H
5073,0.2790450012390295,0.29714094880906694,0.4238140598860109,2023,A
5074,0.12598486040407444,0.17303248964626175,0.7009826549167176,2023,H
5075,0.4138307135596848,0.24785100242831673,0.33831829394610596,2023,D
5076,0.32062439256496506,0.30483785265866437,0.3745377547763706,2023,H
5077,0.12263591478057351,0.20750271773707651,0.6698613550647158,2023,H
5078,0.3323600851438218,0.23675173297724983,0.43088818187892836,2023,D
5079,0.1313603458305651,0.1783558797505543,0.6902837843529882,2023,D
5080,0.36949077894847826,0.24546164953031635,0.3850475764882592,2023,H
5081,0.7025013220000375,0.17030829593720023,0.12719038454628914,2023,A
5082,0.7119380008351458,0.1576997396633056,0.13036226695212919,2023,A
5083,0.4349842346417537,0.22132536928003319,0.3436903861441057,2023,H
5084,0.5098404406831806,0.1742620964191978,0.3158974678646755,2023,H
5085,0.22290267013869838,0.24014848568003747,0.5369488590824253,2023,H
5086,0.2078273577202375,0.2809081130326461,0.5112645193130089,2023,H
5087,0.2252478716546853,0.22872836505402536,0.5460237781924507,2023,A
5088,0.3802905375844133,0.26870779688883906,0.3510016655267476,2023,H
5089,0.22637577672515233,0.2227905606654669,0.5508336526752733,2023,A
5090,0.5011203768829996,0.2614407811523749,0.23743884196462553,2023,A
5091,0.3081658976277634,0.23659266051185832,0.45524144682743195,2023,D
5092,0.2043969244578957,0.2721980296456422,0.5234050607976234,2023,A
5093,0.3928339897191608,0.27254207629642546,0.3346239240503064,2023,H
5094,0.19009879061058563,0.28920758998524093,0.5206936293382811,2023,D
5095,0.4236204209745975,0.21171494939171187,0.3646646196995831,2023,H
5096,0.49797186324706905,0.24351946212537676,0.258508679594608,2023,A
5097,0.2279906745532505,0.2003174170721342,0.5716918934734543,2023,H
5098,0.33604644140017875,0.27671632791283696,0.3872372207528767,2023,H
5099,0.21580886965370727,0.3086144443237764,0.475576676088409,2023,H
5100,0.4506911766245547,0.21303537811100418,0.33627345519854845,2023,A
5101,0.22821213210752553,0.3186895270522822,0.4530983209719773,2023,H
5102,0.20491329072393868,0.17009766493032244,0.6249890344116316,2023,D
5103,0.24156128957615283,0.2670452286841129,0.4913934668385731,2023,H
5104,0.428204088015047,0.2324500228768834,0.33934587917396225,2023,A
5105,0.4238277546070138,0.2988001597558392,0.2773721005383083,2023,A
5106,0.29819701015101535,0.30514349323628426,0.3966594866785929,2023,H
5107,0.1312524448725008,0.13795384032002078,0.730793724741586,2023,D
5108,0.18170932189507535,0.27584872572233204,0.5424419474155387,2023,H
5109,0.38245629716345886,0.26251578214648014,0.3550279107559535,2023,D
5110,0.0886329002567362,0.1778338183632641,0.7335332888305803,2023,D
5111,0.43191965925163966,0.21849709419547322,0.34958325648699456,2023,H
5112,0.3030952574362131,0.2544734806480069,0.44243124204756507,2023,A
5113,0.5002651622922021,0.2031558735067739,0.29657894681633606,2023,H
5114,0.3648129723641535,0.2855336192582086,0.349653388509423,2023,A
5115,0.17600084786572892,0.22016729260421367,0.6038318595300575,2023,H
5116,0.23107116661409488,0.32846114259179365,0.44046768086000404,2023,D
5117,0.3063519881265544,0.2983815967410296,0.3952664350006309,2023,H
5118,0.4627530073532328,0.24085810156308185,0.2963889010177929,2023,H
5119,0.6486636307209465,0.18683614108637056,0.16450022322562918,2023,A
5120,0.27619547892387125,0.2576728161954071,0.46613170984777547,2023,A
5121,0.12397627114167031,0.2235493648856179,0.6524743838409267,2023,A
5122,0.2166765673075111,0.22131681395670835,0.562006628669888,2023,H
5123,0.2974601313521284,0.28252363405562936,0.4200162246581347,2023,A
5124,0.16516122997695862,0.20520082271478188,0.6296379646929476,2023,H
5125,0.5108404883371301,0.21147571306528834,0.27768378866347404,2023,A
5126,0.3190504711432525,0.2412436838234642,0.43970585496739073,2023,H
5127,0.08728696239740062,0.15351710232448804,0.7591959352781114,2023,A
5128,0.32810106102103365,0.22428228211182236,0.4476166717683053,2023,H
5129,0.05936172730584704,0.1456902447154881,0.7949480422589442,2023,H
5130,0.48820712191895116,0.22978387127172428,0.2820090018422709,2023,H
5131,0.12381811887264622,0.2537454097841928,0.622436471343161,2023,H
5132,0.26943990086085384,0.29365539314898687,0.43690472089132054,2023,H
5133,0.3798953641409461,0.2244797816798647,0.3956248690803503,2023,A
5134,0.5903898333036391,0.20180862234570818,0.20780153938359902,2023,H
5135,0.2185250273924324,0.2562052141770997,0.5252697435293068,2023,H
5136,0.14865825129054483,0.1319725652633952,0.7193691809625332,2023,H
5137,0.49084513412954794,0.22173110986230202,0.2874237460740427,2023,D
5138,0.2781505166318242,0.2902818614319116,0.4315676169692105,2023,D
5139,0.2068441309826529,0.1889116814378428,0.6042441776453967,2023,H
5140,0.5762271623521598,0.19004842185859858,0.23372441578924166,2023,A
5141,0.6741266902596624,0.17420710359474276,0.1516661999367778,2023,D
5142,0.3306623354487848,0.21422696692381218,0.4551106727921344,2023,D
5143,0.2998657573192265,0.25177630793217337,0.4483579347486,2023,H
5144,0.10842132544800905,0.16478980257324635,0.7267888794293254,2023,H
5145,0.36829801721238725,0.3179869671439914,0.31371501564362153,2023,D
5146,0.5798109102839487,0.19767471490174168,0.22251436984725612,2023,A
5147,0.2506028559732547,0.2947625461684886,0.4546345879241492,2023,D
5148,0.5759112720232307,0.2387044598451358,0.1853842730986872,2023,A
5149,0.3023483172542995,0.2651757491564057,0.4324759435234024,2023,D
5150,0.41682605833140934,0.26629276526577006,0.31688116646871306,2023,H
5151,0.33343980873050877,0.2630743549847434,0.4034858362847478,2023,H
5152,0.28898078017328765,0.187889033032724,0.5231301867939884,2023,A
5153,0.06621525589295163,0.1070823093665364,0.8267024260481679,2023,H
5154,0.16598191313209895,0.2599234919740567,0.574094593652081,2023,H
5155,0.08121464748246572,0.15079768592001216,0.7679876529381242,2023,H
5156,0.3091062962798555,0.32020750685436816,0.37068618693166894,2023,D
5157,0.29508369961496156,0.19531650001102288,0.5095998003740155,2023,A
5158,0.3789566303678213,0.27878418621062423,0.3422591734874471,2023,D
5159,0.33388707077759605,0.21217056005232116,0.4539423741371366,2023,D
5160,0.5525573057757397,0.22247581709281442,0.22496686719733838,2023,A
5161,0.498813573466397,0.19074607664081653,0.3104403548598403,2023,D
5162,0.23214388390175753,0.25114245611860586,0.5167136550125829,2023,H
5163,0.15153364764935714,0.23884655986761272,0.609619777581869,2023,D
5164,0.38702066482733316,0.2664499085660171,0.3465294166725424,2023,A
5165,0.24759841248064332,0.3087835678562685,0.44361800972898063,2023,H
5166,0.4266286449803241,0.22786123571112116,0.34551012427560873,2023,H
5167,0.6404731930967945,0.17573586561781007,0.18379094625244904,2023,A
5168,0.22545234379511492,0.2058436647438311,0.5687039964281078,2023,H
5169,0.07676879865454318,0.09527215833377593,0.8279590454952076,2023,H
5170,0.17382839150031806,0.22428584512133695,0.6018857733124526,2023,A
5171,0.05236905920210849,0.14289326717409315,0.8047376835579056,2023,H
5172,0.414658217701345,0.18093539965557906,0.4044064000277639,2023,A
5173,0.41785997944536474,0.18416588237510365,0.3979741580477467,2023,H
5174,0.22877445116866954,0.18787101087803634,0.583354542920348,2023,A
5175,0.6201763620350114,0.21519129476055873,0.16463234320442985,2023,A
5176,0.2029798426041154,0.2216083098936099,0.5754118276340598,2023,A
5177,0.3470207457686714,0.3138345301002147,0.3391447141970063,2023,A
5178,0.269543641068565,0.17729274079802484,0.5531636330345714,2023,A
5179,0.40177975077002187,0.23801020742507495,0.3602100219366882,2023,H
5180,0.4847877972444885,0.19348893859658942,0.3217232492577609,2023,A
5181,0.48976788264491883,0.1736380742995215,0.3365940455390866,2023,D
5182,0.7145372553908153,0.1632419598679655,0.12222080336767067,2023,A
5183,0.7272423657526819,0.15366025362789595,0.11909740048763695,2023,A
5184,0.0943403155788568,0.1639565211895465,0.7417031458469087,2023,D
5185,0.39560736673526503,0.23060358367051184,0.37378903966011573,2023,A
5186,0.3212636791854628,0.253022647009467,0.4257136638709627,2023,A
5187,0.263845892942467,0.18811955368865965,0.5480345533688734,2023,D
5188,0.06652894845042379,0.1839928392200321,0.7494782048789634,2023,H
5189,0.11515469284905044,0.17601918197652813,0.7088261425591093,2023,H
5190,0.25051524557119603,0.3478943604863267,0.4015903889754235,2023,H
5191,0.17061630776651995,0.1664222394641884,0.6629614627033991,2023,A
5192,0.6796561793199957,0.1613156353389708,0.15902820769277545,2023,A
5193,0.13341339513343584,0.18737352697722823,0.679213062988175,2023,H
5194,0.20556582814586088,0.22840751920127633,0.5660266576199166,2023,D
5195,0.2025948448111614,0.1545854042950786,0.64281975089376,2023,H
5196,0.2165804905750015,0.24762111678047607,0.5357984025786301,2023,H
5197,0.3735349880900416,0.2841892021823422,0.3422757948264549,2023,H
5198,0.4046283887306799,0.22243710921419887,0.37293450702217507,2023,D
5199,0.36658058149162626,0.23538920673130206,0.3980301919088567,2023,A
5200,0.39538425806834376,0.20961209957816684,0.39500364235348934,2023,H
5201,0.3941364725375161,0.23469625016660578,0.3711672723288244,2023,H
5202,0.6456101833306894,0.19138630391015754,0.16300351027562604,2023,A
5203,0.13627586665826072,0.17577433660687722,0.6879497917678082,2023,H
5204,0.47567739018468674,0.20524757185929918,0.31907503795601416,2023,A
5205,0.42612889784989294,0.229162446230737,0.3447086509523163,2023,A
5206,0.08807153300165159,0.1536194075587902,0.758309068131902,2023,H
5207,0.7862065280858784,0.14214438921288583,0.0716490926353433,2023,A
5208,0.13865428322275788,0.1510786144482847,0.7102671234389358,2023,H
5209,0.290265918651572,0.24554870504110146,0.4641853812743802,2023,H
5210,0.24866740224144293,0.19825851490651344,0.5530740704344094,2023,D
5211,0.14468746181124242,0.2466739164498135,0.6086386391236323,2023,D
5212,0.07958152665785646,0.14122729282555224,0.7791911904506987,2023,H
5213,0.2747693294970452,0.22971646517476804,0.49551421526229417,2023,A
5214,0.17405572334960576,0.21994256750527996,0.6060017190792216,2023,H
5215,0.16331067042574787,0.21862953779231717,0.6180597818478278,2023,D
5216,0.31162073387153316,0.19290231943599037,0.49547694420894967,2023,D
5217,0.25658204575136195,0.24522143874013835,0.49819653040966094,2023,H
5218,0.1984488696824751,0.20174453612554913,0.5998065991590296,2023,H
5219,0.5644643099741178,0.20625011297148,0.22928558698850968,2023,H
5220,0.24968961269045611,0.19698256390282506,0.55332783830788,2023,D
5221,0.3136562474576341,0.35208144361570487,0.3342623238278222,2023,H
5222,0.3529616083434508,0.29410474051619173,0.3529336710085724,2023,D
5223,0.30307276267746924,0.28402656952493943,0.4129006777316988,2023,H
5224,0.21291786259474688,0.20347684220244555,0.5836053051369149,2023,H
5225,0.182077823104829,0.22803097967506988,0.5898911972201012,2023,D
5226,0.28658426317864416,0.26378586521288466,0.4496298616743637,2023,D
5227,0.5051946408472335,0.21442513946335937,0.28038022465646095,2023,D
5228,0.09896040506885583,0.13965478115338556,0.7613848112942317,2023,H
5229,0.2684333287292499,0.215072550223711,0.5164941309811467,2023,H
5230,0.5260849868012595,0.18618399636970348,0.287731019312564,2023,D
5231,0.27988889161972086,0.34474935318489464,0.3753617551953847,2023,D
5232,0.13295127447538227,0.1854034435329794,0.6816452857169285,2023,H
5233,0.19809080502518292,0.24782975995628365,0.5540794399855872,2023,D
5234,0.4075819438224279,0.26321674835443115,0.3292012978890336,2023,H
5235,0.27500422966046756,0.24800886078512016,0.4769869045873585,2023,H
5236,0.29479233261915744,0.24717414411691774,0.45803353319803247,2023,D
5237,0.4146396254318334,0.2552485817537856,0.3301117828802735,2023,D
5238,0.06483681624961112,0.12412250088686895,0.8110407014899712,2023,H
5239,0.46309589462768536,0.19985622287055746,0.3370478775347034,2023,D
5240,0.13312526943000855,0.20147010566872883,0.6654046298683163,2023,H
5241,0.27948061248929595,0.20029139687859687,0.5202280055332683,2023,H
5242,0.045406127199431434,0.08223611769292055,0.872357774975863,2023,H
5243,0.5747144532136486,0.19580556477652933,0.22947996710866095,2023,A
5244,0.17949225014359285,0.24700761504615107,0.5735001248761487,2023,D
5245,0.3095186569975839,0.22391654926862803,0.46656480863494937,2023,H
5246,0.3103555291064221,0.27264681966247567,0.4169976512311022,2023,A
5247,0.5217689506061446,0.21948158605144175,0.25874944347419876,2023,H
5248,0.3620660157600845,0.24167139601757517,0.39626260809055514,2023,A
5249,0.48862621098516784,0.2605286852404367,0.25084509384028814,2023,A
5250,0.6402173724798575,0.20221121555104168,0.15757140451852017,2023,D
5251,0.5761460300197735,0.19749161638930457,0.22636233868976077,2023,D
5252,0.14490977992818996,0.17254611869583067,0.6825441162771405,2023,H
5253,0.3444280638667963,0.24511421240627126,0.4104577088257713,2023,H
5254,0.1964599403371893,0.20015309070768203,0.6033869888233436,2023,H
5255,0.32349535914745847,0.2856219219062127,0.3908827288804361,2023,D
5256,0.10546223926960668,0.1890330533636125,0.705504687498566,2023,H
5257,0.3024258563840601,0.2623247254055119,0.435249418210428,2023,D
5258,0.1691836858615442,0.17644492262807943,0.6543713704003981,2023,D
5259,0.3966082228453902,0.2205583243284832,0.3828334379249654,2023,A
5260,0.09285813344461918,0.15844918815362,0.7486926933029219,2023,A
5261,0.11632556694524658,0.1192559789774174,0.7644184491102823,2023,A
5262,0.22109151519575065,0.22093926788168713,0.5579692218896158,2023,H
5263,0.35835922899266115,0.26996872661439725,0.37167204439294155,2023,A
5264,0.34240932408942953,0.21715803652196475,0.4404326393886057,2023,A
5265,0.6015213768982104,0.20285954121775518,0.19561907194992703,2023,A
5266,0.2924805799460768,0.26550073745878655,0.4420186875621903,2023,H
5267,0.44710058714941486,0.19039725797217036,0.362502149911361,2023,A
5268,0.37633136004326545,0.19822529399235522,0.425443331063218,2023,H
5269,0.32005893880980407,0.29650699366771915,0.3834340675224768,2023,H
5270,0.130636862140354,0.15737864041607547,0.7119844887512267,2023,H
5271,0.3413875099180945,0.29433787635292724,0.3642746335971932,2023,A
5272,0.4450338299605417,0.2789638449093877,0.2760023350641781,2023,H
5273,0.74654700180472,0.1326954564336715,0.12075753058573739,2023,H
5274,0.17987041725534603,0.21088126419966938,0.6092483160614578,2023,H
5275,0.6632837604182762,0.1959177870648484,0.14079845748392902,2023,A
5276,0.3932335484222891,0.20894578841905223,0.39782067805981997,2023,D
5277,0.3248847776284148,0.29821540636254557,0.37689983091020074,2023,H
5278,0.19197041494468578,0.22187371525015284,0.5861558797392689,2023,H
5279,0.10197424216642985,0.18428059464416233,0.7137451644311712,2023,H
5280,0.12741157792448993,0.16406213687816576,0.7085263075490861,2023,D
5281,0.23923825229685547,0.26751624292583304,0.4932455097443653,2023,D
5282,0.7121441124712611,0.14635389850489663,0.1415019977161863,2023,D
5283,0.2443913970254338,0.22358203130721507,0.5320265617332437,2023,H
5284,0.557629611912159,0.23732255628657595,0.20504782683421122,2023,A
5285,0.6704790030656379,0.19217270748328732,0.13734829690165534,2023,A
5286,0.27770168139515433,0.20090953470520265,0.5213887938337506,2023,H
5287,0.3649896108302952,0.3561441754315395,0.2788662286393266,2023,D
5288,0.3835254338523115,0.19948278033432956,0.4169917733957247,2023,D
5289,0.06328648428176478,0.09576869175453558,0.8409448078207747,2023,H
5290,0.10727173984059574,0.16919175730086236,0.7235365003750148,2023,H
5291,0.5669094645472996,0.24707211715742416,0.18601843443820099,2023,A
5292,0.3906111449308763,0.2821243317076656,0.3272645084602969,2023,A
5293,0.49232391821331195,0.24978023235913413,0.2578958444605001,2023,H
5294,0.2096409771525093,0.25743629728051204,0.5329227156328712,2023,H
5295,0.12281946791669691,0.15814880729088196,0.7190317297594749,2023,H
5296,0.3598090805544209,0.19430813443391856,0.4458827750775532,2023,H
5297,0.19471125221767596,0.27824384178692574,0.5270448960612908,2023,A
5298,0.27259936111094,0.2722365961100444,0.45516403781196174,2023,H
5299,0.16619183663672832,0.1804993505255075,0.6533088178048181,2023,D
5300,0.4324013345603252,0.3027928422338551,0.26480580830465866,2023,A
5301,0.6859066974568392,0.21370174599213887,0.1003915627598389,2023,A
5302,0.14035954302547904,0.17443710307285673,0.6852033464510837,2023,H
5303,0.2714394170044056,0.27223733009777445,0.45632324793076623,2023,H
5304,0.5764387927294069,0.22810303182009337,0.19545819531871478,2023,A
5305,0.5871132297622745,0.23517071477918208,0.17771604800796262,2023,A
5306,0.5945851611827929,0.18052614466098038,0.22488868422211927,2023,D
5307,0.5771126669798203,0.2613346251163937,0.1615527029367321,2023,A
5308,0.40991776735933283,0.2986669101283071,0.2914153125782526,2023,H
5309,0.3633832216208519,0.2369834351971799,0.3996333282808073,2023,A
5310,0.409936859091317,0.2476747949281366,0.34238832611233166,2023,A
5311,0.41689750717437585,0.19907404884374622,0.3840284489489316,2023,A
5312,0.11992195143848704,0.16957312850788428,0.7105049200536288,2023,H
5313,0.28564679757492856,0.22089793888257372,0.4934552635424978,2023,A
5314,0.07724832959196198,0.15915724528152322,0.7635944300935685,2023,H
5315,0.2861671155232976,0.232700193739481,0.4811326907372215,2023,A
5316,0.16346538596316343,0.1768768375761551,0.6596577565924666,2023,H
5317,0.2602983402453362,0.23394152098151458,0.5057601338060955,2023,H
5318,0.08380698108157299,0.16099431712740334,0.7551987092416041,2023,H
5319,0.36354110817131025,0.3310246503174005,0.30543423654423546,2023,A
5320,0.25188357351222324,0.1885310640174417,0.5595853426021202,2024,H
5321,0.13129397587325353,0.14063279907204762,0.7280732300217526,2024,H
5322,0.4813236370400061,0.2071721779632847,0.31150418996376295,2024,A
5323,0.30265282108344316,0.22733849827052013,0.47000866574487543,2024,D
5325,0.40988182365260445,0.21697047933172772,0.37314769701566797,2024,A
5326,0.11269719892159231,0.1567366665391043,0.7305661370228304,2024,H
5327,0.4865638621783374,0.23711598682451088,0.2763201559642054,2024,H
5328,0.6629891727717431,0.16347882142398285,0.1735320095295645,2024,A
5329,0.657292442809373,0.16113478673088696,0.18157278660266463,2024,D
5331,0.5572640002819457,0.23788145329224783,0.204854556359914,2024,A
5332,0.14025567728586005,0.2094634432267067,0.6502809043227019,2024,A
5333,0.1547838863277178,0.24804392742749803,0.597172171343623,2024,H
5334,0.17789328026986553,0.17032950552600612,0.651777224138236,2024,H
5335,0.27273054707667777,0.2608911642078786,0.46637826884722866,2024,H
5336,0.3377047039720407,0.2757312664417945,0.38656403952027224,2024,A
5337,0.42138582120956897,0.26069813628531135,0.31791604250511957,2024,D
5338,0.3553759221419613,0.39399424105305475,0.25062983183793014,2024,A
5339,0.09360592323910522,0.17502516015374517,0.7313689277830204,2024,H
5340,0.3218683388920269,0.24689581872867464,0.43123582251108356,2024,A
5341,0.8326575107423381,0.10469071023193051,0.06265178065554605,2024,A
5342,0.12506621284745698,0.18977802741029268,0.6851557448410892,2024,D
5344,0.1311890059591587,0.1583596392284549,0.7104513697135474,2024,D
5345,0.3588772454563083,0.28041692301366006,0.36070582159592407,2024,A
5346,0.2694633560342451,0.27321892192382885,0.45731773197603354,2024,H
5347,0.2658843825591343,0.29510606585344284,0.4390095416533155,2024,D
5348,0.48537410574661305,0.1744546221971355,0.3401712844738857,2024,H
5349,0.593110967811327,0.21980411206425945,0.1870849399926285,2024,A
5350,0.11018730191322716,0.09882037132978305,0.7909923205481725,2024,H
5351,0.10455260199843534,0.1351810950896681,0.7602662979448427,2024,A
5352,0.19646472619144775,0.25203198844635905,0.5515033002633544,2024,D
5353,0.25152789531553504,0.25187676357257344,0.4965953609801066,2024,D
5354,0.45535541377467426,0.26603156504810427,0.27861301124311405,2024,A
5356,0.1397187614219216,0.2633909914617881,0.5968902471162902,2024,H
5357,0.3977549244409995,0.23234416561462545,0.36990090001026754,2024,A
5358,0.4690117976929297,0.30108305898040993,0.2299051532607678,2024,A
5359,0.2796652339639279,0.21504785401161527,0.5052869020903493,2024,A
5360,0.2833745693818313,0.22397244203104183,0.4926529885871269,2024,D
5361,0.2664517470987782,0.24276260236958658,0.4907856604657428,2024,H
5362,0.10390381205097672,0.13779745446534483,0.7582987359672053,2024,H
5364,0.40885827338080266,0.2909890236180823,0.30015268313289983,2024,H
5365,0.2632408245305267,0.27187019856489364,0.4648889868386871,2024,D
5366,0.14468574652849853,0.23676927276046997,0.6185449856780851,2024,H
5367,0.507649699203911,0.2301368232923747,0.2622134775037143,2024,A
5368,0.22046752149556362,0.23016209473259527,0.5493703986730023,2024,D
5369,0.08864538875087415,0.12341487676065466,0.7879397133784929,2024,D
5370,0.629370830959639,0.251267622686109,0.11936154387072496,2024,D
5371,0.13519633746975362,0.209519492436017,0.6552841700942292,2024,H
5372,0.2975679683940456,0.21995455398964636,0.4824774676822005,2024,D
5373,0.3685686567053128,0.18956885557174452,0.441862482755889,2024,H
5374,0.33155138071308393,0.30282130579878125,0.36562731348813476,2024,H
5375,0.3442123277700469,0.24849139298168857,0.4072962593800497,2024,A
5376,0.6796738843938904,0.18716901205494466,0.13315711348527218,2024,A
5377,0.37346872249158913,0.25019659768592456,0.3763346847895401,2024,A
5378,0.4840290677128331,0.2300445138043116,0.2859264383510702,2024,D
5379,0.23802698211643544,0.23497987826818653,0.5269931296812705,2024,H
5380,0.57859538029569,0.23029280767511176,0.19111181699625204,2024,A
5381,0.10216523617392474,0.21793408362866126,0.6799006727468333,2024,H
5382,0.31391728649377215,0.2591186996146711,0.4269640039574492,2024,H
5383,0.5540855400303091,0.17822868207786077,0.26768578658417413,2024,H
5384,0.09391384545309274,0.14682407991968108,0.7592620932536778,2024,H
5385,0.23602745896266306,0.28010381996763845,0.48386871610264476,2024,H
5386,0.41557419410503976,0.22318722557236917,0.36123860515785977,2024,D
5387,0.33564662237980597,0.2122486690026378,0.45210471855166395,2024,D
5388,0.16591805692307204,0.21200728404241376,0.6220746590345142,2024,D
5389,0.46100668320658533,0.21001208077330957,0.3289812211189439,2024,H
5390,0.14897775735160965,0.1887882559678479,0.662233979229962,2024,H
5391,0.37373012845714815,0.2378000633706551,0.3884698081721966,2024,A
5392,0.26283048075984,0.2843541664711083,0.4528153527690517,2024,A
5393,0.3063344449851108,0.23494339584953208,0.45872216909946467,2024,H
5394,0.38068457786077475,0.272962129959658,0.3463532921795673,2024,A
5395,0.2754452433952405,0.25658512228094393,0.4679696442579228,2024,A
5396,0.535917022996058,0.20863067711887537,0.2554523147862277,2024,H
5397,0.6577676573333627,0.23902738542987514,0.10320493985207402,2024,A
5398,0.14217846975864437,0.2220994381147846,0.635722092126571,2024,H
5399,0.22639469102255863,0.31706029906244815,0.45654501984910073,2024,H
5400,0.37536847658576367,0.23417955013227795,0.3904519633478509,2024,A
5401,0.3544327810988963,0.20183306344878413,0.4437341504852658,2024,D
5402,0.24383670732593096,0.2135707267046516,0.5425925709364713,2024,H
5403,0.09031140498676386,0.13922719223876437,0.7704614071206438,2024,D
5404,0.052794052804379044,0.09386598210645158,0.8533399539132985,2024,H
5405,0.42032980284484917,0.20783190739361398,0.3718382798274294,2024,D
5406,0.342406934854878,0.18032918097664452,0.4772638767178969,2024,H
5407,0.6422027564501714,0.15404646162357208,0.20375077695920293,2024,H
5408,0.4578863156571214,0.1853295823414505,0.3567841069684816,2024,H
5409,0.2506918591816641,0.23388534251491902,0.515422778435202,2024,D
5410,0.49825898285503617,0.17369449481624044,0.3280465198451964,2024,D
5411,0.34619102729087964,0.29709070232734863,0.3567182703817715,2024,H
5412,0.2215773595619618,0.22990539283396283,0.5485172426370216,2024,D
5413,0.17948951862157894,0.1767200519974732,0.6437904343480014,2024,H
5414,0.26398925943003,0.19991456454202464,0.5360961958961603,2024,H
5415,0.500343177813022,0.21499307707933593,0.2846637550417496,2024,H
5416,0.7030839163957768,0.15788771973573654,0.13902836883554048,2024,H
5417,0.22824946873013166,0.21023367890786973,0.5615168473949447,2024,H
5418,0.3978291197276416,0.26653444814685834,0.33563642219139256,2024,D
5419,0.2976995939525398,0.26003745064710215,0.4422629454662507,2024,H
5420,0.6296417696842146,0.20707415617508398,0.16328407165717462,2024,H
5421,0.21330211904941151,0.17968579872098767,0.6070120921637082,2024,H
5422,0.14509504344575372,0.16346380311964734,0.691441136049911,2024,H
5423,0.33554955201734055,0.24626866643645232,0.41818176664504597,2024,A
5424,0.3434107319675625,0.2644311443257965,0.39215811377253357,2024,H
5425,0.22774263404398312,0.2670400378467868,0.5052173430103913,2024,D
5426,0.1974852394011322,0.20032741735396245,0.602187333310798,2024,H
5427,0.23410174067229747,0.1622255142291048,0.6036727426150709,2024,A
5428,0.17041595682485244,0.16523300537974514,0.6643510228942413,2024,A
5429,0.3655814251207688,0.1979705119544394,0.43644806292479177,2024,D
5430,0.6552288928725494,0.17665525389725412,0.16811585323019643,2024,A
5431,0.23576879279363627,0.18167846185150902,0.5825527503219085,2024,H
5432,0.24349276964209687,0.2662442384215507,0.4902629869692989,2024,D
5433,0.36789624636322144,0.24246904841368036,0.3896346952889906,2024,A
5434,0.28244002858490663,0.2536337043469156,0.4639262770022854,2024,D
5435,0.1152365774830938,0.17590387274500327,0.7088595348707417,2024,A
5436,0.16323037656928133,0.16922835004343803,0.6675412783543343,2024,A
5437,0.47885682471607166,0.24471889249928833,0.276424302652855,2024,D
5438,0.656662933108061,0.21146756407330916,0.13186951275273726,2024,A
5439,0.2294167086185447,0.2156610251497921,0.5549222463634486,2024,A
5440,0.12753848058207232,0.21415615046345463,0.6583053739215267,2024,D
5441,0.33108708996771613,0.2583996891050748,0.4105132010589941,2024,H
5442,0.37893318399122267,0.214963096058696,0.4061037199500815,2024,D
5443,0.15592027049639942,0.21277794046690132,0.6313017989708066,2024,H
5444,0.3996782174897733,0.2192470109625773,0.38107476658059564,2024,A
5445,0.4794032450287306,0.236078804138559,0.2845179408986029,2024,A
5446,0.2767009582025705,0.19438500141596549,0.5289140453485179,2024,D
5447,0.281017899841336,0.21833103712698965,0.5006510729657817,2024,H
5448,0.22928493590043972,0.190493037802006,0.5802220262975545,2024,H
5449,0.2761717567616128,0.2505914769835382,0.4732367761889565,2024,H
5450,0.3542255248828175,0.2264162180823647,0.4193582719359789,2024,A
5451,0.25518591918652983,0.3145373495604586,0.43027673622006524,2024,H
5452,0.2903139873405746,0.20903088790342408,0.5006551098548402,2024,H
5453,0.14684358108754655,0.18116611687495596,0.671990311971605,2024,H
5454,0.6553772778502546,0.18006359011366088,0.1645591320360844,2024,D
5455,0.6137053057832411,0.1966213739198781,0.18967332029688064,2024,A
5456,0.20584451318226918,0.1839863194495157,0.6101691822693763,2024,H
5457,0.2507780828170338,0.28491685391072613,0.46430507320634756,2024,H
5458,0.22896894606449106,0.23562781583564038,0.5354032331328146,2024,H
5459,0.37636474498106115,0.22712811466411828,0.3965071453218743,2024,H
5460,0.29445686221329775,0.2457117616546368,0.45983137613206554,2024,A
5461,0.4952185702487369,0.1831089902326661,0.3216724345515432,2024,D
5462,0.42989445520514136,0.23047108303339547,0.3396344617614632,2024,H
5463,0.12694523015885356,0.25808991661571623,0.6149648656430645,2024,H
5464,0.41962157809706574,0.2203061915393404,0.3600722253965402,2024,D
5465,0.42623655455475257,0.2102270412823398,0.3635364041629077,2024,A
5466,0.4322605266917539,0.24817085661822644,0.3195686067559121,2024,D
5467,0.5890624506252725,0.19296173674654304,0.21797579772702336,2024,A
5468,0.16290736241564668,0.22663597962465584,0.6104566480255902,2024,H
5469,0.21829699458687923,0.21011833678577094,0.5715846686273499,2024,D
5470,0.08983388367835436,0.13439518973462242,0.7757709129276255,2024,D
5471,0.2183826688958003,0.19271737099225664,0.58889996259547,2024,H
5472,0.2997870597157986,0.2876102769365971,0.41260265341349694,2024,A
5473,0.3964366760837943,0.26475252285046463,0.33881081099984867,2024,H
5474,0.1312091770091953,0.196290639415283,0.6725001835755218,2024,H
5475,0.449778417351599,0.30460003117433104,0.2456215266388014,2024,A
5476,0.18226127385713328,0.2055032388430937,0.6122354872997731,2024,A
5477,0.22773898519085614,0.31325242180382634,0.4590085731371027,2024,A
5478,0.19869538407771228,0.23116567255761503,0.5701389632328876,2024,D
5479,0.28441709282239497,0.21886524333458934,0.4967176588759619,2024,H
5480,0.33887607478451615,0.307023817710492,0.35410011743909947,2024,A
5481,0.3776732956281863,0.23666686463557216,0.38565982483508027,2024,A
5482,0.4571742642175471,0.18921128360675007,0.353614449692176,2024,D
5483,0.6859709680506562,0.1611280675850453,0.15290095194666423,2024,A
5484,0.2912126192377314,0.3076837919221324,0.4011035689719212,2024,A
5485,0.6015522215218355,0.19746808137645178,0.20097969710171282,2024,D
5486,0.5540243248132096,0.20590439358935195,0.24007128656449214,2024,A
5487,0.1373886576937929,0.14609850731598698,0.7165128511331448,2024,D
5488,0.47094408003593907,0.23538213311168596,0.29367377195121375,2024,A
5489,0.21929574432144774,0.23626785765761013,0.5444364029879959,2024,D
5490,0.1769950722755187,0.151005114651381,0.6719998279742615,2024,D
5491,0.09905939519322926,0.13723456230801476,0.7637060375317022,2024,A
5492,0.2773080489803011,0.2193679136615629,0.5033240522592972,2024,H
5493,0.2641649118900701,0.2387738621635435,0.497061216012279,2024,H
5494,0.5002959110077917,0.25183705552927704,0.24786702352882392,2024,A
5495,0.42859921988770483,0.23575145112386742,0.33564932898842775,2024,H
5496,0.05620577710440915,0.11503815954438124,0.8287560695600268,2024,H
5497,0.22729172275417406,0.22533723698016864,0.5473710501997648,2024,D
5498,0.10278621062741307,0.16498980061576254,0.7322239862732977,2024,H
5499,0.3529155973013498,0.24510908706207968,0.4019753057024631,2024,D
5500,0.34013155924804855,0.2632427361103468,0.3966256847733898,2024,D
5501,0.6106748337196571,0.19019380627752228,0.19913136993692795,2024,A
5502,0.3310487056779793,0.3283213093497037,0.34062998000526323,2024,A
5503,0.17879664100056236,0.19798945622839606,0.6232138978039877,2024,H
5504,0.5587291262894792,0.17697971409873878,0.2642911571282552,2024,A
5505,0.36836797856029674,0.26645984687929297,0.3651721546921955,2024,D
5506,0.556382139720237,0.24122433697191062,0.20239353324195986,2024,H
5507,0.5611549993143511,0.2110953160084262,0.2277496846772227,2024,A
5508,0.6810974440807384,0.1896255313013703,0.12927704200257936,2024,A
5509,0.5500509466377691,0.2187275450373012,0.23122151329198345,2024,D
5510,0.6068213407981725,0.17793739186458626,0.21524126733724125,2024,A
5511,0.16532270693728424,0.20496944683425844,0.6297078462284574,2024,H
5512,0.14124187399255925,0.19523245657316143,0.6635256694342794,2024,H
5513,0.12189147437793212,0.1681466424270246,0.70996188567857,2024,H
5514,0.6040769533377564,0.16786975690292957,0.22805328727578708,2024,D
5515,0.40849700316104826,0.2559156166001221,0.3355873802388296,2024,A
5516,0.17691273306956337,0.23393423981498185,0.5891530271154547,2024,D
5517,0.10605560729219358,0.12484021437910538,0.7691041957133891,2024,D
5518,0.3376626743607227,0.3493395783964628,0.31299775717692196,2024,A
5519,0.41185754249310524,0.24334224057773612,0.34480022686326595,2024,D
5520,0.17831368850780016,0.20675410140744407,0.6149321902165409,2024,D
5521,0.46879252436824714,0.24592192141790678,0.2852855591808999,2024,H
5522,0.5646833165947891,0.16504291835625565,0.27027377498306265,2024,D
5523,0.11024141897847954,0.17975169562660256,0.7100068754608104,2024,H
5524,0.11996385877383642,0.1766025175940592,0.7034336335662118,2024,H
5525,0.3526171868270818,0.2984238384209818,0.34895898468604386,2024,A
5526,0.4593048888026358,0.27057536880244265,0.27011972749376045,2024,A
5527,0.3570804842549678,0.28248185874360326,0.36043764706732156,2024,A
5528,0.20484339852335634,0.31284994724107834,0.48230666416967294,2024,H
5529,0.17871217037607331,0.23080485347710566,0.5904829662127135,2024,A
5530,0.7041036002374907,0.14175576628841405,0.15414063719938537,2024,A
5531,0.4787614034192329,0.17189384904495,0.349344750019344,2024,A
5532,0.39737649895598254,0.31626436844491895,0.2863591325990986,2024,A
5533,0.13398718593210626,0.18532031295594056,0.6806925098042974,2024,D
5534,0.14839114948361423,0.223369659197867,0.6282392012526262,2024,H
5535,0.3679644941855747,0.28019781549571476,0.35183769031871037,2024,A
5536,0.3088126076496809,0.23742143716269284,0.4537659651217338,2024,A
5537,0.35765628281907347,0.2683260346855436,0.37401768249538286,2024,H
5538,0.12320004926031343,0.19059650963754915,0.68620343116803,2024,H
5539,0.1748316996863911,0.2570147519018051,0.5681535384776963,2024,H
5540,0.21858962187616263,0.23684948180235033,0.5445608913544334,2024,A
5541,0.04029761509424831,0.10841020585976913,0.8512921824608318,2024,H
5542,0.6454038618183761,0.21067848044797124,0.14391767015128715,2024,A
5543,0.6545556760572236,0.18100305648789902,0.1644412699384043,2024,A
5544,0.29140583397465236,0.27218779329851045,0.43640636279272976,2024,H
5545,0.15518530047575674,0.22709766439708365,0.617717045061267,2024,A
5546,0.22165099341454408,0.2698727295184444,0.5084762870011191,2024,A
5547,0.18902995146840765,0.3007425861090678,0.5102274475213634,2024,D
5548,0.2469341734133017,0.2127985820137364,0.5402672396059084,2024,A
5549,0.2822233585581169,0.16983129813612374,0.547945348272813,2024,A
5550,0.2676457693210115,0.2971328151706117,0.4352214055742693,2024,A
5551,0.3980183644489285,0.2751061872463058,0.3268754532718196,2024,H
5552,0.4927625960985212,0.22043262787767315,0.2868047809908593,2024,A
5553,0.2760824954527244,0.24219640290771294,0.48172110660661627,2024,H
5554,0.2958062389708664,0.2960825247806455,0.40811123624848816,2024,H
5555,0.31248126161407064,0.21900939185234977,0.4685093465335797,2024,H
5556,0.3645847015491633,0.2662371884609285,0.3691781199240159,2024,A
5557,0.27985186109621973,0.2690316030095293,0.4511165458283586,2024,A
5558,0.1082239781173769,0.15080115907571842,0.7409748454222166,2024,H
5559,0.6976463527295652,0.15203036141035461,0.15032329579418754,2024,D
5560,0.44629129370129306,0.23094143488161759,0.3227672813511968,2024,H
5561,0.6358998372101299,0.18129689858677991,0.1828032791042513,2024,A
5562,0.14155034488256935,0.1837255713291515,0.674724103656494,2024,D
5563,0.3220780801709397,0.22851520942052642,0.4494067104085339,2024,H
5564,0.195316731375035,0.21806045169441413,0.5866228218976046,2024,H
5565,0.4628208278787092,0.3345664079163215,0.2026127791061306,2024,A
5566,0.38517913969393464,0.25746742146197255,0.3573534537452539,2024,A
5567,0.23463393404642607,0.2786745294026036,0.48669152910038954,2024,A
5568,0.3122561456934934,0.27100305404374253,0.4167408002627641,2024,H
5569,0.07244729010963318,0.1180277137543871,0.8095249837183452,2024,H
5570,0.5385581175217659,0.23350289827065537,0.22793898917463254,2024,D
5571,0.3310895318363877,0.2709401699622934,0.39797030813542644,2024,A
5572,0.3416514488619778,0.20307026865138908,0.4552782924207408,2024,D
5573,0.10717064517476786,0.1259339709451779,0.7668953813965275,2024,A
5574,0.1370086101172586,0.19325280071296172,0.6697385767521453,2024,A
5575,0.1724265523697526,0.2340966366610644,0.593476815936237,2024,A
5576,0.33269111816437474,0.33055951818742274,0.3367493437799875,2024,A
5577,0.49462416206578563,0.23937355760822507,0.2660022753589358,2024,A
5578,0.35696342326706615,0.23213514028573637,0.41090144638130494,2024,H
5579,0.25426198263833955,0.22164931969257276,0.5240886976690876,2024,A
5580,0.25540337149732345,0.2630284625660372,0.4815681659366393,2024,H
5581,0.1920172362946233,0.23065329118645783,0.5773294737606821,2024,H
5582,0.2902955071147692,0.25131024655097794,0.4583942513013068,2024,H
5583,0.3930913221080441,0.24002334488218866,0.36688534791092847,2024,A
5584,0.14806612613823886,0.24692281386354678,0.6050110624817414,2024,H
5585,0.2908361073180095,0.2858487639186457,0.4233151287633447,2024,D
5586,0.20674963299891744,0.22861780406326493,0.5646325480366564,2024,H
5587,0.41868110124116026,0.2122638859480367,0.3690550028766955,2024,D
5588,0.5437571212968736,0.19915565925885778,0.2570872169607418,2024,A
5589,0.14314820891013463,0.18098164848963558,0.6758701177649612,2024,H
5590,0.27476481291539834,0.24343490098499895,0.4818003010007639,2024,H
5591,0.07278143127184648,0.11612913757735756,0.8110894174913982,2024,H
5592,0.3821072987439664,0.21876716909851554,0.39912553215751806,2024,A
5593,0.3032159610989049,0.2837210965563004,0.4130629522789022,2024,D
5594,0.16884708086393194,0.17399608973050276,0.6571568443067265,2024,H
5595,0.37036111898526863,0.23267909774607398,0.3969597932027649,2024,H
5596,0.46540100922213506,0.20718256258418788,0.3274164331607307,2024,H
5597,0.09106701868525745,0.1743232923309019,0.7346097001597117,2024,H
5598,0.33713400357566964,0.23664606862702356,0.42621993773141437,2024,D
5599,0.5982985928941238,0.2079591765889237,0.1937422305169525,2024,D
5600,0.3128658991273702,0.3371135740383749,0.3500205019989863,2024,A
5601,0.5520130939390128,0.23223355921719102,0.21575332697558128,2024,A
5602,0.39322388572709555,0.2987259846096087,0.3080501296632958,2024,A
5603,0.22818503708492058,0.24699422554475806,0.5248207423373751,2024,D
5604,0.21207135188443318,0.2503487823836186,0.5375798607648945,2024,D
5605,0.31822278616333993,0.2505599080563439,0.4312173157144237,2024,A
5606,0.17722643077174238,0.2056936328357418,0.61707994881015,2024,H
5607,0.3025946958711141,0.24597332072810485,0.45143198340078117,2024,H
5608,0.3755669870177751,0.24565820020980333,0.3787748127724216,2024,A
5609,0.1513601491561499,0.17036316612623845,0.678276682234085,2024,H
5610,0.3029442809114978,0.26242829565795645,0.43462741349643813,2024,H
5611,0.29988978491883067,0.2248505370184455,0.4752596879968311,2024,H
5612,0.26391018200085786,0.2215343333311585,0.5145554846679836,2024,H
5613,0.13320828906778595,0.15534856694722085,0.7114431340508857,2024,H
5614,0.5592568372819728,0.28193627379262637,0.15880689140892776,2024,D
5615,0.14751375071095219,0.22300191085562518,0.6294843334663689,2024,A
5616,0.0718665949795489,0.10890994537522854,0.819223449711115,2024,H
5617,0.27826049998959573,0.21816724973468257,0.5035722502757219,2024,A
5618,0.14198199865715247,0.2464527879813733,0.6115652083944206,2024,H
5619,0.5695630299922104,0.2078710186809989,0.2225659513267907,2024,D
5620,0.30454114904030233,0.2616607551715489,0.43379810572225624,2024,H
5621,0.2968799146093415,0.3502135976846415,0.3529064877060171,2024,A
5622,0.44578793681061324,0.24995750579756745,0.3042545573918194,2024,D
5623,0.2532981176420421,0.30262791301004277,0.44407396934791515,2024,H
5624,0.5242433208309273,0.22877328910752226,0.24698339999565774,2024,D
5625,0.6326532357664364,0.2086512220007818,0.15869551988103994,2024,H
5626,0.18896413849639515,0.24759403464980903,0.5634418367879032,2024,H
5627,0.4204391504731945,0.25463905510657664,0.32492179442022884,2024,D
5628,0.46027918459893,0.2428098395693554,0.29691098079876826,2024,A
5629,0.25966906182707983,0.296086874138585,0.4442440541002277,2024,H
5630,0.11738264785129555,0.16103223690555213,0.7215851214519695,2024,D
5631,0.23702156460080723,0.28311510159211717,0.47986335864234425,2024,A
5632,0.41490991814211053,0.2568598160276612,0.3282302509290671,2024,A
5633,0.09759583502628315,0.13168882283763886,0.7707153384107878,2024,D
5634,0.09132623285523955,0.1515439181818218,0.7571298514464656,2024,D
5635,0.0905189380212046,0.14336757171372294,0.7661134977156531,2024,H
5636,0.31872502925682383,0.21775715426317302,0.4635178115129495,2024,H
5637,0.2740928336335597,0.2143933728883303,0.5115137785769487,2024,H
5638,0.20434479780295545,0.24772292007962282,0.5479322672162606,2024,H
5639,0.241839834287905,0.2515940674992475,0.5065660882787398,2024,H
5640,0.35481235453803883,0.2893440618975429,0.3558435785973646,2024,D
5641,0.4997294466440147,0.2080674517587677,0.29220308917958326,2024,H
5642,0.4117282138961569,0.2549937354266541,0.3332780655783502,2024,H
5643,0.509851864857336,0.2084848511173473,0.28166329395942397,2024,A
5644,0.20556858998812277,0.21940710962000243,0.5750242854907136,2024,D
5645,0.4409841681870701,0.24061157562940608,0.31840425618352386,2024,A
5646,0.6481250788389558,0.17577344713156062,0.1761014889306447,2024,A
5647,0.3142045030819309,0.27320774767797806,0.4125877492400912,2024,A
5648,0.7455669917243042,0.14784539867034158,0.10658760712182737,2024,A
5649,0.2839389622297335,0.2278519851504761,0.48820905261979036,2024,A
5650,0.23944100105844235,0.3340448104512317,0.4265141636550573,2024,H
5651,0.08541867672807908,0.12879520742839864,0.7857861046676514,2024,D
5652,0.09666504258542978,0.1625640666330854,0.7407709019573557,2024,H
5653,0.3848218924774988,0.2904590154176274,0.32471909210487376,2024,A
5654,0.0769400724334857,0.13899741566812712,0.7840625019642796,2024,H
5655,0.21761332946294654,0.24545873260169418,0.5369279429024133,2024,H
5656,0.2852945153127191,0.193434260759924,0.5212712338614645,2024,H
5657,0.29649017139933836,0.24479247649421865,0.4587173620405505,2024,D
5658,0.12113061951554642,0.16280476683876938,0.7160646235797916,2024,H
5659,0.26941491754869185,0.263940172263271,0.4666449151550907,2024,A
5660,0.1574470480244791,0.2701241992184813,0.572428747789986,2024,H
5661,0.1919486937935444,0.20221904412150415,0.6058322670520052,2024,H
5662,0.15843323204891588,0.22295603276909506,0.6186107475996233,2024,D
5663,0.42536703031034656,0.2565345639086605,0.3180984157151002,2024,H
5664,0.09043040976253319,0.1130490741573672,0.7965205247724437,2024,A
5665,0.35823463070427675,0.23460372679488248,0.407161637533787,2024,D
5666,0.2737153071204778,0.3566023280027742,0.369682384744963,2024,H
5667,0.3253522961574927,0.28462784074787745,0.39001986309462994,2024,D
5668,0.4709512771558196,0.1935263606562885,0.3355223572208382,2024,H
5669,0.31676259383048433,0.26739709136633194,0.4158403098361301,2024,D
5670,0.22269524319200165,0.2716400643697167,0.5056646974053355,2024,A
5671,0.3606273872530115,0.2850338064252531,0.3543388063217352,2024,A
5672,0.6780763267490156,0.20983783404656933,0.11208585658910297,2024,D
5673,0.3984368390690484,0.22152723621571302,0.38003591478113136,2024,A
5674,0.4880048942889705,0.22345360249440327,0.28854150321662625,2024,A
5675,0.1676890471135382,0.255977006890072,0.576333941029336,2024,D
5676,0.28500434056765983,0.2770503008723266,0.4379453436588523,2024,H
5677,0.2141605590468274,0.20914892770000634,0.5766905182202199,2024,D
5678,0.2535303396885466,0.22918379869724306,0.5172858814824255,2024,A
5679,0.29244350610082553,0.2901999195395835,0.417356574359591,2024,A
5680,0.12070650517184023,0.12839826192675577,0.7508952130331891,2024,H
5681,0.18737566195074107,0.2568157016966764,0.5558086413196364,2024,H
5682,0.23914302963741996,0.2201656870115929,0.5406912883180409,2024,H
5683,0.4388499824248882,0.20340487130588777,0.35774515123627776,2024,A
5684,0.3813801019914828,0.19835753997439706,0.420262343132959,2024,A
5685,0.1619205897408517,0.16861350641179199,0.6694658827373781,2024,H
5686,0.21679330316069,0.23915876808337969,0.5440479262724034,2024,H
5687,0.47311808194554866,0.2595744003059675,0.2673075276825912,2024,H
5688,0.27652466468856085,0.27439871855641074,0.4490766266891359,2024,H
5689,0.08189083391215472,0.16359095944253302,0.75451822030471,2024,H
5690,0.6238872549790105,0.19485274123996374,0.18125998887986436,2024,A
5691,0.13974183643258725,0.1861775501412107,0.6740806233603095,2024,A
5692,0.31625629178018083,0.23953981373463176,0.4442038994522412,2024,D
5693,0.42150986753365965,0.2633316488823005,0.31515849351814723,2024,A
5694,0.42577949495290995,0.25792188439704056,0.3162986305841569,2024,A
5695,0.14301867791886677,0.19247932655575042,0.664502010426544,2024,D
5696,0.3771028683081379,0.29534149274179333,0.3275556389500687,2024,A
5697,0.5158351965606397,0.24707990563413576,0.23708488290406338,2024,A
5698,0.40401605251679795,0.26181892812339674,0.33416499949159045,2024,H
5699,0.2298642925663615,0.2739268976209097,0.4962088098127288,2024,H
5700,0.28491478776838675,0.22720545533076097,0.4878797668349599,2025,H
5701,0.4490009577939486,0.26264797322021327,0.2883510540846769,2025,D
5702,0.44969137491545164,0.21273401982544127,0.33757460029205344,2025,H
5703,0.6644471698088247,0.19158844750322643,0.14396437027031458,2025,H
5704,0.39054160294187,0.23075373133823504,0.378704665719895,2025,D
5705,0.5637843685184497,0.2002750801294468,0.2359405488685765,2025,A
5706,0.2988878981418936,0.2676206347183143,0.4334914671397922,2025,D
5707,0.4344847361130486,0.22301042624121312,0.34250484261279196,2025,H
5708,0.4000149836094015,0.22873388887358823,0.3712511374511179,2025,A
5709,0.6051259966541472,0.21897720282857636,0.17589680051727644,2025,H
5710,0.47447439175194345,0.2569213183490359,0.2686042749978595,2025,A
5711,0.3035471839240529,0.29296398536334584,0.4034888505808163,2025,H
5712,0.12615750079649435,0.14575724412168387,0.7280852525982948,2025,H
5713,0.10273416542640533,0.13482866168471666,0.7624371704053511,2025,A
5714,0.280522410965575,0.30482614275943093,0.41465144627499395,2025,H
5715,0.3385649312830958,0.2722257950140792,0.3892092737028252,2025,H
5716,0.29231561643617937,0.23437389788874077,0.47331049064213365,2025,D
5717,0.4084679941947502,0.2895436427449276,0.30198836306032234,2025,H
5718,0.4340640243462295,0.24387397877815378,0.3220619968756167,2025,D
5719,0.35061695041550395,0.28122953471375434,0.3681535148707417,2025,A
5720,0.3307153598445212,0.2619991553023708,0.40728549975426925,2025,A
5721,0.34263227789383355,0.3411435934597154,0.31622411871234357,2025,A
5722,0.4209479175101037,0.2538050684998272,0.32524701399006917,2025,D
5723,0.21933791155688911,0.19961622742257976,0.5810458759216924,2025,H
5724,0.16689035235780036,0.1762491818931867,0.6568604558149053,2025,H
5725,0.385221948251933,0.24767039367647212,0.36710765310454124,2025,H
5726,0.39189202557163166,0.29056799842774594,0.31753997600062256,2025,H
5727,0.20912800481089774,0.2558511048807119,0.5350208853413367,2025,A
5728,0.2850451711626665,0.27731008438895005,0.43764472954722233,2025,H
5729,0.31249675244474145,0.3281456997413906,0.35935755774797556,2025,A
5730,0.20664679448201137,0.23122505097884924,0.5621281595061934,2025,H
5731,0.41581025896748497,0.3396029998116024,0.24458675115502013,2025,D
5732,0.34184637641490007,0.23605532296459455,0.42209830062050546,2025,H
5733,0.24423082208323943,0.26934501474080835,0.4864241780771133,2025,A
5734,0.31729775207728883,0.1689958944214799,0.5137063634353386,2025,D
5735,0.19339636958465736,0.1871773308668895,0.6194262896143456,2025,H
5736,0.3214687279485609,0.2748657676680371,0.4036655043834021,2025,D
5737,0.35703770479039476,0.25016377808264506,0.3927985171269602,2025,H
5738,0.6000755989367864,0.22071471400984854,0.17920969202041878,2025,A
5739,0.33250859582216963,0.26327833637886533,0.40421305786485767,2025,H
5740,0.4195319821106951,0.21372871073732735,0.36673929225081636,2025,A
5741,0.3856108800237415,0.2622288700362096,0.3521602400059416,2025,H
5742,0.27833952695027286,0.2757042368961524,0.4459562361535747,2025,H
5743,0.11702799795105871,0.13996603669161783,0.7430059492143989,2025,H
5744,0.2135380488879408,0.24089406081061424,0.5455678903014451,2025,D
5745,0.3327644618861693,0.28199708424757414,0.38523847373447156,2025,D
5746,0.3540602447178389,0.3061628772025709,0.33977687807959017,2025,A
5747,0.20955704200001476,0.2568259437009041,0.5336170142990809,2025,D
5748,0.24140203084290643,0.29388139225274185,0.4647165719372981,2025,D
5749,0.23645833256066726,0.26145027831014106,0.502091399063299,2025,D
5750,0.47941189762416253,0.21063632515829112,0.3099517722504927,2025,H
5751,0.20639505494236166,0.23302224551201448,0.5605826896115164,2025,A
5752,0.3499437831699009,0.21375639598983018,0.4362998407084839,2025,H
5753,0.44761225918298053,0.2648711065007177,0.28751662438219455,2025,D
5754,0.13681134365703676,0.20472538679379737,0.6584632745162197,2025,H
5755,0.28393515882756776,0.2615446468199915,0.4545202042865482,2025,A
5756,0.18263235357708693,0.20305744665597872,0.6143102121845687,2025,D
5757,0.27721124123254204,0.26644321606948695,0.4563455327638637,2025,H
5758,0.3996875907989376,0.25746560573012783,0.3428467935368272,2025,A
5759,0.29264482583981,0.23955591352175362,0.46779924077022156,2025,D
5760,0.1953959956922567,0.21931327921892496,0.5852907201217645,2025,H
5761,0.3809544669260036,0.24882892979363178,0.37021658341214964,2025,A
5762,0.1028067484729323,0.16958504681645833,0.7276081947765017,2025,H
5763,0.26344897707063347,0.22582206276856107,0.5107289651278594,2025,H
5764,0.3781194867300112,0.24562228334319922,0.3762582150256284,2025,H
5765,0.28074970076152833,0.2121091391283163,0.5071411700442628,2025,H
5766,0.3511221180180848,0.23694747724332346,0.4119303948044843,2025,H
5767,0.2849252339132155,0.21422882916488806,0.5008459319548428,2025,H
5768,0.467280588053604,0.2505334724436544,0.28218595440390276,2025,D
5769,0.45256671086353634,0.2506562827845749,0.2967770063518888,2025,A
5770,0.4755434894568264,0.2533966270257589,0.2710598835174149,2025,A
5771,0.2841781217450203,0.26644457507084685,0.4493773180852942,2025,H
5772,0.1759223851933749,0.19620845767647185,0.6278691620972069,2025,H
5773,0.35402529055699294,0.2295861670512724,0.4163885423917346,2025,D
5774,0.5482957166526207,0.23226100982626885,0.2194432735211107,2025,H
5775,0.26050515466742846,0.31123646387671594,0.4282583814558556,2025,H
5776,0.6221583947265111,0.20590142016300214,0.17194017517637916,2025,A
5777,0.2657480320007119,0.2182924859762231,0.515959467121904,2025,A
5778,0.26957460315431986,0.20007652943114188,0.5303488500298502,2025,A
5779,0.3186076329628534,0.3183242111457378,0.3630681409902477,2025,A
5780,0.19445596976641255,0.2770755296075476,0.5284684857248787,2025,H
5781,0.36800802468900856,0.24197156907202047,0.39002040623897094,2025,H
5782,0.527974815071164,0.20977997511325774,0.26224521478263213,2025,H
5783,0.2693888883020694,0.2760866553179886,0.454524456379942,2025,H
5784,0.15312548905938086,0.1691591704079766,0.677715330598535,2025,A
5785,0.11834688279427048,0.15394111513823902,0.7277119896498562,2025,H
5786,0.4822437962866237,0.28558071539373103,0.23217549825375275,2025,H
5787,0.1294540120934315,0.1689245435347588,0.7016214443718095,2025,H
5788,0.38073156207200354,0.2071622811124351,0.4121061543320345,2025,A
5789,0.36586191667484064,0.26659646484023186,0.36754161848492756,2025,A
5790,0.29915779834293726,0.1756191593961103,0.5252230447444795,2025,A
5791,0.442637970500561,0.23853106510342345,0.3188309544619083,2025,D
5792,0.33187128271000793,0.27315836882365624,0.39497033853222835,2025,H
5793,0.4037126411029363,0.2248868427352618,0.37140050622769466,2025,H
5794,0.3000872714118062,0.267613845893077,0.43229887276100937,2025,H
5795,0.6688559068954124,0.23612330104001542,0.0950207982733894,2025,A
5796,0.2085278738413873,0.25137007636547876,0.5401020398590266,2025,H
5797,0.4767035708250125,0.2535178067056734,0.2697786224693142,2025,H
5798,0.2085020227099108,0.22470160059032887,0.5667963816668142,2025,H
5799,0.264082386898642,0.2763308190911889,0.4595868089113304,2025,D
5800,0.2348462262177241,0.21096845109874443,0.5541853375846926,2025,D
5801,0.37241960055524564,0.2639576774732172,0.36362272197153733,2025,H
5802,0.2411722610856558,0.25006741086310585,0.5087603280512382,2025,H
5803,0.5225782728647332,0.2172981614145502,0.2601235607536628,2025,D
5804,0.10669853454191762,0.21147714902874215,0.6818243226381573,2025,H
5805,0.3124760592336627,0.24606012957061033,0.4414638211298347,2025,H
5806,0.44388724737278357,0.25672808755940313,0.2993846601007597,2025,H
5807,0.3394248428159185,0.2408211341534708,0.41975402799766454,2025,D
5808,0.36683965818990255,0.23116758993033723,0.40199276678092133,2025,H
5809,0.22384907127193435,0.20015932842036252,0.5759915903735956,2025,H
5810,0.3623665062548636,0.2783727643186929,0.35926072942644355,2025,H
5811,0.1451378970985101,0.19283841480088745,0.6620236756829683,2025,A
5812,0.5727612703241235,0.24161683885009508,0.18562188585872783,2025,A
5813,0.638944077835048,0.2295568109557613,0.13149909630802972,2025,A
5814,0.20042664708869665,0.2762967799256378,0.523276563051558,2025,D
5815,0.3254508446846183,0.27936917588822313,0.3951799992953735,2025,H
5816,0.6453195205213335,0.18742246915791175,0.1672580301889699,2025,H
5817,0.08974456341332575,0.12122113675764203,0.7890343203181288,2025,H
5818,0.3946838916783406,0.2742834041368702,0.33103269425068166,2025,A
5819,0.204566634034654,0.2575350558981873,0.5378983150342126,2025,A
5820,0.1672121652194831,0.27094751769027225,0.5618403170902447,2025,H
5821,0.10581697058659313,0.1342931442701489,0.7598898677585696,2025,H
5822,0.32331204887966786,0.2518085561199137,0.4248794049345259,2025,H
5823,0.2858365726695134,0.27389117905511984,0.4402722482753669,2025,A
5824,0.3724509195088815,0.2463070511135105,0.3812420442787692,2025,A
5825,0.4821817040946748,0.2524266340992372,0.26539168167430294,2025,A
5826,0.5111127332796537,0.21074248778257876,0.2781447739707137,2025,A
5827,0.2145373365525606,0.42415704480198463,0.3613056087113473,2025,D
5828,0.18224507215929622,0.19505842465446202,0.6226965081532952,2025,A
5829,0.12709303044482909,0.2296910504958999,0.6432159215427978,2025,H
5830,0.14495814047609937,0.24423905699571236,0.6108028199128763,2025,A
5831,0.5745259755287467,0.20502204547977324,0.22045197402442607,2025,A
5832,0.19663665851971443,0.2222145888832788,0.5811487699816947,2025,D
5833,0.10872987491024831,0.17772665955086117,0.7135434630553635,2025,H
5834,0.2632405872945928,0.2348246824733856,0.5019347153308603,2025,A
5835,0.3983654652756126,0.30572237482868775,0.2959121598956996,2025,A
5836,0.3735733394038114,0.33291540089783117,0.29351127956657247,2025,A
5837,0.6007608382875381,0.22861822317889988,0.17062094350061585,2025,H
5838,0.24194758606753122,0.23448952995751796,0.5235628740408435,2025,D
5839,0.18412192338206035,0.22737857128829878,0.5884995152637482,2025,D
5840,0.14631362814769056,0.2523955881487484,0.6012908060553029,2025,H
5841,0.3893909645924005,0.26126439524537587,0.34934462029400876,2025,D
5842,0.3665733128091975,0.23989171852256178,0.39353496370118696,2025,H
5843,0.08702450919565113,0.1518671631073402,0.761108314037611,2025,H
5844,0.35707370792324206,0.2498337307227472,0.3930925563869569,2025,H
5845,0.3037800519310912,0.25313278133827516,0.4430871518294724,2025,H
5846,0.4797990364939579,0.2180013325693949,0.3021996309366472,2025,D
5847,0.18351529129443792,0.21878228216955287,0.5977024364701166,2025,D
5848,0.2887238806429031,0.2971329072421606,0.4141432270160976,2025,A
5849,0.6265757168795002,0.20327655027301939,0.17014774029806104,2025,A
5850,0.15865393672341885,0.2227929267716701,0.6185531265708036,2025,H
5851,0.36360637824275854,0.22377500302571876,0.4126186187315228,2025,H
5852,0.36665577934726445,0.2541595200191867,0.37918467579828036,2025,A
5853,0.04062181806462319,0.14008365823138713,0.8192945258770755,2025,H
5854,0.24729795122654427,0.293699730460856,0.45900231334554625,2025,D
5855,0.5978781765822713,0.26881588722847477,0.13330592873867342,2025,A
5856,0.35228387006837075,0.32963326784401087,0.31808287698877974,2025,H
5857,0.37974192434755727,0.2769806607587159,0.34327740495961945,2025,H
5858,0.46844561128183243,0.25332654090223067,0.27822784781593707,2025,A
5859,0.20022850424175045,0.23367213626714264,0.5660993694252143,2025,D
5860,0.3223998381509289,0.2857528567741067,0.3918472951408569,2025,D
5861,0.20477675981820911,0.22777133749426012,0.5674519026875308,2025,D
5862,0.17692339494221235,0.17688101583367707,0.6461956041252718,2025,D
5863,0.07330668585985269,0.137848797354592,0.7888445006426306,2025,H
5864,0.36076953835985476,0.4106061507892784,0.2286243207849743,2025,A
5865,0.49166050181835214,0.19441967841270805,0.3139198197689399,2025,A
5866,0.5484995389953276,0.24280619140804202,0.20869426959663043,2025,A
5867,0.43631632500227263,0.24315551343497158,0.32052815659570216,2025,H
5868,0.4130532269230381,0.25794158164888825,0.3290051914280736,2025,H
5869,0.31212769370928745,0.2597231373662836,0.4281491738914829,2025,H
5870,0.278293483175961,0.22377008344329888,0.49793644331484765,2025,H
5871,0.4687095372061865,0.3060870689567112,0.22520338887004857,2025,A
5872,0.13294787228268798,0.16970861371740367,0.6973435115163813,2025,H
5873,0.26170836789086466,0.23534362617052138,0.5029480059386142,2025,H
5874,0.35800686805265963,0.26278489310632397,0.3792082388410165,2025,D
5875,0.07154371355020263,0.17544006050954755,0.7530162054511531,2025,H
5876,0.32773464664998236,0.2826144595954535,0.3896508838204567,2025,A
5877,0.4004600698295558,0.2455213716275575,0.35401855854288683,2025,A
5878,0.2322688409376014,0.24686522700164562,0.5208659370278067,2025,D
5879,0.3129237045798699,0.27777830863145786,0.409297976854565,2025,A
5880,0.3389949315323067,0.25560845598387655,0.4053966124838169,2025,D
5881,0.2175367240364855,0.21505490025305005,0.5674083608093032,2025,H
5882,0.06791966673151544,0.21597378485778182,0.716106552135993,2025,D
5883,0.2894376290012836,0.24691581647429492,0.46364655452442155,2025,A
5884,0.18702930642423685,0.2645625869405413,0.5484081215363831,2025,D
5885,0.5388755608221738,0.17047345846254292,0.2906509732647027,2025,A
5886,0.2799501246482545,0.3473648946217521,0.37268496582883226,2025,D
5887,0.21412584999533243,0.26519914586286014,0.5206750190429685,2025,D
5888,0.35071381854918093,0.25546305791216334,0.39382313347276315,2025,D
5889,0.5549170766990897,0.2841717284053093,0.1609112073132353,2025,D
5890,0.44493120764531713,0.2600028450790815,0.29506593734149394,2025,H
5891,0.5032786137391121,0.22345784216598688,0.2732635440949011,2025,A
5892,0.1927676112872936,0.24015237760098018,0.5670799937270384,2025,H
5893,0.184066516353624,0.2388281705310833,0.5771053131152927,2025,H
5894,0.4206663362079768,0.242131771582806,0.33720188227510967,2025,D
5895,0.24258371710460747,0.244127808588962,0.5132884643723232,2025,A
5896,0.2622458169615135,0.22457608901617465,0.513178094022312,2025,H
5897,0.19725151383366435,0.2717875314264293,0.5309609621904869,2025,D
5898,0.4255419216807936,0.2884245888112245,0.28603348950798196,2025,D
5899,0.12275563290772161,0.2019211044837753,0.6753232675755569,2025,D
5900,0.41136775282812743,0.286652125220801,0.3019801219510716,2025,A
5901,0.3995780726253102,0.19869439907203348,0.4017275283026562,2025,H
5902,0.2021760231907749,0.26839320853327625,0.5294307583418415,2025,H
5903,0.11463219780706045,0.18654714246211704,0.6988206572472956,2025,D
5904,0.5148667899416378,0.20920885439260628,0.27592437056691727,2025,D
5905,0.25823348418263453,0.2774027286716578,0.4643637970798152,2025,H
5906,0.3255684451664964,0.23725573164020364,0.4371758331274076,2025,D
5907,0.24085005545440008,0.3179617881033646,0.44118815147518164,2025,D
5908,0.19451033920653446,0.27589154648619674,0.5295981242413762,2025,H
5909,0.15187072215632347,0.19052381743710334,0.6576054554395194,2025,D
5910,0.21904817818086408,0.2676381557522785,0.5133136710339113,2025,A
5911,0.4028508904835831,0.2783767906063,0.3187723139430632,2025,H
5912,0.6001983453868571,0.19574675196323707,0.204054917551067,2025,D
5913,0.3318781527515586,0.30588627188162715,0.36223556543270696,2025,H
5914,0.09315341829564784,0.12090674553207821,0.7859398212711127,2025,D
5915,0.3884595465610921,0.24358527498781266,0.3679551983193103,2025,H
5916,0.2527128268349646,0.2982742881778045,0.4490128998883922,2025,H
5917,0.5628670733475835,0.20940482255197643,0.22772810906749394,2025,D
5918,0.1447010738793901,0.1986839906021101,0.6566149479361342,2025,A
5919,0.2999027633954195,0.28774070907046695,0.4123565374682212,2025,D
5920,0.3939921050155866,0.2682404826146753,0.3377674024356306,2025,H
5921,0.5157070456088142,0.21018231944744206,0.27411064984490513,2025,D
5922,0.2558915551843698,0.23972381791896383,0.504384616962559,2025,H
5923,0.11149616450716641,0.14510298474729055,0.7434008730972846,2025,H
5924,0.6640656799672248,0.15938193892693706,0.17655236372115027,2025,H
5925,0.19644774840449672,0.2540107730408299,0.5495414785546733,2025,A
5926,0.37339224331590987,0.23419223897944763,0.39241552763875004,2025,A
5927,0.24339561447862756,0.22016909741923874,0.5364352732009726,2025,A
5928,0.1594757775785537,0.26654023876859484,0.5739839836528514,2025,A
5929,0.31547998990066706,0.2949224670194948,0.3895975430798382,2025,D
5930,0.182477634727044,0.18142284555384855,0.6360995222026344,2025,H
5931,0.6246517236643375,0.19266498688612263,0.18268328448248608,2025,A
5932,0.3962474236437032,0.2631712359411509,0.34058134538219975,2025,A
5933,0.3200939518560155,0.2712920503987575,0.4086139878111196,2025,D
5934,0.1988338368935911,0.22845746526110258,0.5727086829441451,2025,H
5935,0.25274294149253634,0.19116539447307732,0.5560916739684938,2025,A
5936,0.15341968599652914,0.18020860984488027,0.6663716892574296,2025,H
5937,0.2950174905128267,0.2763698652480695,0.42861265417321137,2025,D
5938,0.36205542419400333,0.27272165439540497,0.36522293134469924,2025,D
5939,0.2372374523605272,0.27513117732378645,0.4876313802497938,2025,H
5940,0.2650011588109038,0.30895481659231416,0.42604401466267466,2025,H
5941,0.30578284562877317,0.21566396317713385,0.47855318622703935,2025,H
5942,0.12040130000037746,0.15835714050699132,0.7212415495585236,2025,H
5943,0.571278198043291,0.2292614509566336,0.199460355967129,2025,D
5944,0.4423477551110464,0.2827429302605342,0.27490932456252687,2025,A
5945,0.3056453364476431,0.24043284694942688,0.45392182156998384,2025,A
5946,0.4144606423527463,0.24425156901729964,0.34128779856406144,2025,A
5947,0.31656651124673746,0.27963915171080594,0.4037943271083492,2025,A
5948,0.3452507496687771,0.24701838576429333,0.4077308546328222,2025,A
5949,0.27720026386980223,0.24035203867143054,0.48244771732698216,2025,A
5950,0.48184266311008295,0.3173916817661226,0.20076565015674075,2025,D
5951,0.2951084473002509,0.21053676386899778,0.4943547937978052,2025,A
5952,0.33898818052757257,0.25455024915618407,0.40646158025035084,2025,A
5953,0.1737841701619621,0.1874987446056212,0.6387170852324165,2025,D
5954,0.1395314746792201,0.15770499458278867,0.7027635282544643,2025,H
5955,0.18884534260766447,0.2123769783430243,0.5987776740822573,2025,A
5956,0.09910940789582479,0.1449839426143677,0.7559066370721731,2025,H
5957,0.28614317005500317,0.2579093510172257,0.4559474888618787,2025,D
5958,0.416113474720947,0.28008679452995927,0.3037997208149863,2025,A
5959,0.5681037431799726,0.23764700353567902,0.19424926321845593,2025,D
5960,0.7356234999764052,0.14716347617158443,0.11721304620375234,2025,D
5961,0.2036620984187093,0.1709742030647965,0.6253637034835481,2025,H
5962,0.3992929243337611,0.2752472343912322,0.32545984624206037,2025,D
5963,0.10233134417146032,0.17384531387489702,0.723823332019535,2025,D
5964,0.24983025732194167,0.22126670156929662,0.5289030311746544,2025,A
5965,0.12969861172445424,0.16167620766727936,0.7086251806082663,2025,D
5966,0.18962107282751414,0.18405216305672648,0.6263267541816521,2025,H
5967,0.49690620676269665,0.2355672052173798,0.26752659298697734,2025,A
5968,0.32722469345913063,0.2804335055773613,0.3923417810952932,2025,A
5969,0.5922018855961038,0.18800449300344357,0.2197936412686677,2025,A
5970,0.4906355397315356,0.24761624010884278,0.2617482102255143,2025,A
5971,0.5550708356939498,0.24584184118100808,0.19908733305914958,2025,H
5972,0.16310411506507513,0.19061525551477776,0.6462806542554157,2025,H
5973,0.23798596850300444,0.2550472952646354,0.5069667262982529,2025,D
5974,0.5389002471296839,0.22594947593875828,0.23515026699745034,2025,A
5975,0.3693725535304792,0.279050199471584,0.35157724699793685,2025,A
5976,0.38575635249641826,0.24099124287900797,0.3732523946904664,2025,A
5977,0.34040602511322043,0.2624508431817316,0.3971431416391556,2025,H
5978,0.21101729902599364,0.23695130644115092,0.5520313895658018,2025,H
5979,0.26621402844335956,0.2117431715686048,0.5220427950209819,2025,H
5980,0.23450604060567923,0.19480235842421512,0.5706915811018906,2025,H
5981,0.2850949637853449,0.2662384352580441,0.4486666108907185,2025,D
5982,0.1794858991486942,0.22264298294396634,0.5978711179073395,2025,H
5983,0.24907597778374044,0.3181882568579247,0.43273575045717383,2025,A
5984,0.5787326993617431,0.2516446937021011,0.16962261190320968,2025,H
5985,0.3976334069591004,0.266025425586579,0.3363411575202133,2025,H
5986,0.19032906511116665,0.2104578841470983,0.5992130557087888,2025,D
5987,0.19766153771265213,0.2166878738999811,0.5856505784532594,2025,A
5988,0.4718508266130823,0.2716370728983644,0.25651209055444596,2025,A
5989,0.3220263783325191,0.19416126073955556,0.4838123609279255,2025,A
5990,0.3795742566262626,0.22979193992142868,0.3906337935182014,2025,A
5991,0.46711944774760755,0.25034087957049656,0.28253967268189606,2025,D
5992,0.30566913996683104,0.30535430370252953,0.3889765563306395,2025,A
5993,0.15288125810581518,0.18609106855996363,0.6610276683671673,2025,H
5994,0.22308339220696916,0.2213802309443762,0.5555363818157083,2025,A
5995,0.5468878850417468,0.24900237028977426,0.20410974963553272,2025,D
5996,0.30634210418794044,0.2242056653262828,0.46945224538693786,2025,D
5997,0.11960900214243586,0.16051974831062024,0.7198712594810512,2025,D
5998,0.2858705473944176,0.26425724494838126,0.4498722175913088,2025,D
5999,0.13187710706505795,0.15546643170474217,0.7126564612302001,2025,H
6000,0.12336355333554587,0.18239650089808923,0.6942399581839992,2025,D
6001,0.3711127547123813,0.2793925355442755,0.3494947296115582,2025,D
6002,0.46034605590591365,0.24245776702112823,0.29719617210590443,2025,H
6003,0.20576837253704727,0.2741761365829727,0.5200554859129264,2025,H
6004,0.523727113688177,0.2144284583448989,0.2618444180328166,2025,H
6005,0.3611603316592677,0.2542912430325135,0.3845484203411653,2025,D
6006,0.23102142865914357,0.25072965410737147,0.51824889736527,2025,A
6007,0.1595049295519995,0.2000805669650998,0.6404145233511155,2025,H
6008,0.5075152575572287,0.2228508276106204,0.26963391483215093,2025,A
6009,0.3601687695749424,0.24873357818920827,0.3910976621699569,2025,H
6010,0.2132839709091399,0.21210480324837647,0.5746112258424836,2025,H
6011,0.46130926798356287,0.26072112714393986,0.2779696148066048,2025,A
6012,0.29292498413872764,0.25698206082605785,0.4500929798704832,2025,D
6013,0.16477525779882518,0.17233599219375917,0.6628887301392007,2025,A
6014,0.34782817917205516,0.25238428928639994,0.39978752160743736,2025,H
6015,0.45461839722023734,0.25555123000244734,0.2898303529091005,2025,D
6016,0.30706532862860075,0.28174953798920666,0.4111851433163001,2025,H
6017,0.33412381281838255,0.2981510994817611,0.36772507776574886,2025,A
6018,0.145169597553963,0.15714967583416561,0.6976807340624521,2025,A
6019,0.440873596126786,0.2835904936638994,0.27553593007752974,2025,D
6020,0.18612315945859084,0.23292709041375836,0.5809497600617582,2025,H
6021,0.42635069031991363,0.27489393195924455,0.2987553876549494,2025,A
6022,0.3307362945403215,0.25009116598811226,0.41917255437272744,2025,D
6023,0.34006965524880123,0.22661807188644645,0.4333122827988598,2025,A
6024,0.18135894551071016,0.24011953697536467,0.5785215125468715,2025,H
6025,0.464338851984807,0.24784523536827419,0.2878159126469187,2025,A
6026,0.24672436548652424,0.2543898098440677,0.49888582466940806,2025,H
6027,0.18994508765932835,0.332450213636649,0.477604713605184,2025,H
6028,0.22864202317552598,0.22326965730785764,0.5480883244836701,2025,D
6029,0.34327616123879806,0.26222924597019354,0.3944945927910084,2025,H
6030,0.3459600658870143,0.2375324903100741,0.4165074636711266,2025,D
6031,0.712912499949221,0.16715163308524153,0.11993586199848372,2025,A
6032,0.25747134758122786,0.3026646378424772,0.43986402451040246,2025,A
6033,0.4530579250199563,0.1961325383575078,0.350809511787267,2025,H
6034,0.37495575968136813,0.32255339184573034,0.3024908286046868,2025,A
6035,0.3381620880538032,0.2718720737996802,0.3899658331794629,2025,H
6036,0.1580763987348406,0.20107967480090327,0.6408439264642563,2025,H
6037,0.09888126419522918,0.17426476266287103,0.7268539656913191,2025,H
6038,0.1714228722927457,0.2223671242055155,0.6062099935676314,2025,H
6039,0.20567406673965863,0.2122461875618854,0.5820797456984561,2025,H
6040,0.24470478106210822,0.2628720712773378,0.4924231277923392,2025,H
6041,0.44948885369335345,0.28559446300680763,0.2649166932339466,2025,H
6042,0.36926510389017664,0.25088783311306234,0.3798470778979224,2025,D
6043,0.13483329842614022,0.18037849251347013,0.6847881966427551,2025,H
6044,0.2568806632945953,0.27232262731448725,0.47079671932502504,2025,H
6045,0.2473382536307124,0.24519319907326778,0.5074685423289661,2025,H
6046,0.2190624714632995,0.2293834348680003,0.5515541085698614,2025,A
6047,0.6774709604963838,0.17412989517183522,0.1483991294306199,2025,D
6048,0.3129263534859285,0.26340085447910844,0.42367276719969443,2025,A
6049,0.20244156535403066,0.16635580595142782,0.6312026237274879,2025,D
6050,0.20223693181025348,0.21314588963534678,0.5846171586861847,2025,H
6051,0.4370463812749239,0.2634479014305191,0.2995057272286645,2025,A
6052,0.4865317096312436,0.2663490725262305,0.24711920790841857,2025,D
6053,0.11970725872463146,0.15664758594235018,0.7236451603000721,2025,H
6054,0.5923903051392527,0.2098238876159508,0.19778581717890395,2025,D
6055,0.36575384713969233,0.22588735947451666,0.40835878841873735,2025,D
6056,0.4092164176057939,0.19599659387368673,0.3947870034216805,2025,D
6057,0.5457657066292577,0.23380797942494394,0.22042629904463715,2025,A
6058,0.27041840026868,0.29488449493609653,0.4346970898940623,2025,D
6059,0.0953070634636088,0.13470990371590186,0.7699830303369625,2025,H
6060,0.35308738290536296,0.24593629939678752,0.4009763176978495,2025,H
6061,0.25190766361024564,0.26961432749169983,0.4784779989639471,2025,H
6062,0.262792913852826,0.29831588387211133,0.4388912122091703,2025,D
6063,0.2582896410945546,0.2166487899492224,0.5250615639891693,2025,A
6064,0.5398534971343606,0.23930920273965603,0.2208373050930371,2025,H
6065,0.45923172796094075,0.22195051584486072,0.3188177512271448,2025,D
6066,0.26906701189728827,0.3054624280909896,0.425470564978776,2025,H
6067,0.06291652751559643,0.11014854318441507,0.8269349175032358,2025,H
6068,0.4331951738326913,0.2987712764676224,0.2680335496996864,2025,D
6069,0.2819038872240012,0.2153930796528344,0.5027030331231646,2025,H
6070,0.16211305866623418,0.1713699604775775,0.6665169907902958,2025,A
6071,0.3548125732799401,0.29022629018021434,0.3549611365398457,2025,H
6072,0.39964656820739464,0.20932034942033617,0.3910330724381618,2025,H
6073,0.4709595020624085,0.29292282477590503,0.23611766322757885,2025,D
6074,0.25125224463914536,0.26341083089414463,0.48533689963144133,2025,H
6075,0.17730919255031485,0.21745940418691237,0.6052314082298267,2025,A
6076,0.41456521653810463,0.22592823202486137,0.3595065365358729,2025,H
6077,0.5871173975777011,0.1674010388420242,0.24548156358027476,2025,A
6078,0.19606679296804666,0.18349100483301192,0.6204421972318878,2025,D
6079,0.4067205028703347,0.3318482019121492,0.26143128031635515,2025,D
6081,0.5241302486458975,0.22189451016173076,0.25397524119237175,2026,H
6082,0.29054884055958713,0.24985851348590707,0.4595926509215595,2026,A
6083,0.34764480510165696,0.24127993606746947,0.4110752637979273,2026,H
6084,0.2356074891923563,0.20125956213536259,0.5631329536393349,2026,H
6085,0.5471665095555887,0.2147847149246244,0.23804879538800186,2026,H
6086,0.31973087791629373,0.20869792598212178,0.47157118120042335,2026,H
6087,0.20557059076334816,0.21694176517546546,0.5774876490282402,2026,H
6088,0.4334407947216723,0.2583939143831779,0.30816530579631096,2026,D
6089,0.32659036076996434,0.21246542508323918,0.4609442191138502,2026,A
6090,0.6189207396048341,0.18226191171982373,0.19881735860944974,2026,A
6092,0.3590364184064343,0.22664219709877534,0.41432139442889765,2026,A
6093,0.30896820911475276,0.20630780776246907,0.4847239880898318,2026,D
6094,0.19744023496802007,0.24924255660955894,0.5533172084224208,2026,D
6095,0.5509424961424236,0.2099563166616031,0.23910119216302697,2026,H
6096,0.29178934261256756,0.2752208768937545,0.43298978049367776,2026,D
6097,0.4055969203357161,0.2503137568321753,0.34408931786505487,2026,H
6098,0.2137706096810131,0.2391051933208297,0.5471242069322647,2026,H
6099,0.6137670362431688,0.22761275627410218,0.15862021741683652,2026,A
6100,0.5000067343747349,0.24083860240796195,0.25915466818435684,2026,A
6101,0.18952126566510466,0.27348880001143155,0.5369899343234638,2026,A
6102,0.19520699198861816,0.30041660985176133,0.5043763981596207,2026,D
6103,0.273798632388381,0.24556006340752956,0.4806413042040895,2026,D
6104,0.2759983164998197,0.25737495357527446,0.4666267398590132,2026,D
6105,0.42375930572809223,0.25012075460142963,0.32611993967047814,2026,D
6106,0.1694938461846979,0.24017032341867858,0.5903358353636773,2026,D
6108,0.47547079043020973,0.26819619828807434,0.2563329963805548,2026,D
6109,0.1481832645861343,0.24874093272004974,0.6030758076608698,2026,H
6110,0.3586677947537629,0.26352021316002233,0.37781200202032217,2026,A
6111,0.1567092680113236,0.2436251278730823,0.5996656140497015,2026,D
6112,0.30252779707854144,0.2810879703218954,0.416384212731348,2026,A
6113,0.5890808146514043,0.23135235602057513,0.17956684919623545,2026,A
6114,0.3859804197528804,0.2215144286565798,0.3925051317223249,2026,D
6115,0.13992745658693054,0.19297892443620465,0.6670936326362625,2026,D
6116,0.3185829352625833,0.20885121212423527,0.47256583771202015,2026,D
6118,0.2530803399224157,0.308335934715761,0.43858372039476956,2026,A
6119,0.34748753890126727,0.2820463951603822,0.37046608580656565,2026,H
6120,0.30497354856480374,0.25938533114145756,0.4356411401619535,2026,H
6121,0.22881703264716635,0.23920545966513518,0.5319775225888597,2026,H
6122,0.3185536757488128,0.232107357451757,0.44933896679943014,2026,H
6124,0.2545361642264478,0.2250977986718028,0.5203660321346958,2026,A
6125,0.43856856403580574,0.2481189819668539,0.31331245399734037,2026,H
6126,0.3727599547816116,0.24072907856555015,0.38651097161989206,2026,A
6127,0.18386580559800067,0.2672251615877071,0.548909037781346,2026,D
6128,0.12305284925037678,0.1487594675178947,0.7281876633635133,2026,H
6129,0.46638783742423334,0.2796505164475361,0.25396167096349914,2026,D
