,proba_A,proba_D,proba_H,test_season,true_label
1900,0.3120210537683877,0.2392564878621169,0.4487224583694953,2015,H
1901,0.2235704810114013,0.2130841431669531,0.5633453758216456,2015,H
1902,0.48113984348723365,0.23040786838040236,0.28845228813236407,2015,A
1903,0.19032720519356033,0.21080699488642107,0.5988657999200185,2015,D
1906,0.13166604756827907,0.17115910551551586,0.697174846916205,2015,A
1907,0.3663573632889867,0.24666394858835214,0.38697868812266106,2015,D
1908,0.35299475841400335,0.20541059863785088,0.44159464294814565,2015,A
1909,0.6085657555481854,0.20848830817697353,0.1829459362748411,2015,A
1910,0.35485816532361586,0.2605546744707561,0.384587160205628,2015,A
1911,0.37173906139946217,0.264838682919688,0.36342225568084985,2015,A
1913,0.2827997691998783,0.25856475232797416,0.45863547847214753,2015,D
1914,0.2657462447253221,0.2264411855966735,0.5078125696780044,2015,H
1915,0.3233637723662438,0.24152387465314604,0.43511235298061013,2015,A
1916,0.32928792839259824,0.24689965283670062,0.4238124187707011,2015,A
1917,0.3474489562718124,0.2386181063089512,0.41393293741923637,2015,A
1918,0.21235887889172655,0.16368177210954102,0.6239593489987324,2015,H
1920,0.23289822328291238,0.23466524376963246,0.5324365329474552,2015,H
1921,0.2039762395850762,0.18895750830726277,0.6070662521076611,2015,D
1922,0.22053922458471362,0.22045408628496438,0.5590066891303219,2015,D
1923,0.3742411527667078,0.27150143849960556,0.3542574087336867,2015,D
1924,0.4568048158631713,0.2658662654113341,0.2773289187254945,2015,D
1926,0.4528088293994843,0.2332558487821764,0.31393532181833916,2015,A
1928,0.38777921786750585,0.26989744658909876,0.3423233355433955,2015,A
1929,0.23035220091102263,0.2140151085034453,0.5556326905855321,2015,D
1931,0.49412130753816563,0.25329460275499127,0.2525840897068431,2015,A
1932,0.2563002341586351,0.23911585689543383,0.5045839089459311,2015,A
1933,0.20807511379674337,0.2722987939060058,0.5196260922972509,2015,D
1935,0.32689440999116776,0.24119546945211426,0.43191012055671807,2015,A
1936,0.19248977493547997,0.2178706025988702,0.5896396224656498,2015,A
1937,0.23842456212245783,0.23702787147908105,0.5245475663984611,2015,D
1938,0.29637836784433563,0.24390583330617652,0.45971579884948793,2015,H
1939,0.2946827986042102,0.24600159943269828,0.4593156019630915,2015,H
1940,0.15444042771605104,0.19519708230797916,0.6503624899759697,2015,H
1941,0.4642954520387246,0.22468007914614269,0.3110244688151327,2015,A
1942,0.38537673988170834,0.25583329502865304,0.35878996508963873,2015,H
1943,0.25782167332333,0.24615008719402362,0.4960282394826464,2015,H
1946,0.39434687974040683,0.2450734077397932,0.3605797125198,2015,D
1947,0.22328065376795148,0.20740818073156558,0.5693111655004829,2015,H
1948,0.5324114693858453,0.23579548729112274,0.23179304332303205,2015,A
1949,0.25377652227465,0.25063652081508264,0.4955869569102675,2015,H
1950,0.21425527215564083,0.2874364156251229,0.4983083122192363,2015,H
1951,0.23840688465795182,0.23943222884437862,0.5221608864976697,2015,D
1952,0.3582140527761506,0.30564786872197464,0.33613807850187477,2015,A
1953,0.28502977488268927,0.26182891960325344,0.4531413055140573,2015,A
1954,0.43430911020710494,0.2408773015250697,0.3248135882678254,2015,H
1955,0.1227458110812735,0.13691302110047698,0.7403411678182495,2015,A
1956,0.46146161949262166,0.27995443262906383,0.2585839478783146,2015,D
1957,0.2679044702466696,0.24895536205875846,0.483140167694572,2015,D
1958,0.32731283034309283,0.2529908041782155,0.4196963654786917,2015,A
1959,0.2305535638559838,0.2546360567438587,0.5148103794001575,2015,H
1960,0.367090171938146,0.273475209521351,0.359434618540503,2015,H
1961,0.2834608939360421,0.21538886642543126,0.5011502396385267,2015,D
1962,0.42830872037805,0.22448453018655398,0.34720674943539603,2015,H
1963,0.26805881509636886,0.2590807191101703,0.4728604657934609,2015,H
1964,0.4438235218854756,0.27179002837805116,0.28438644973647326,2015,D
1965,0.3121459277182918,0.23473661756879222,0.453117454712916,2015,A
1966,0.1300560989953743,0.19315571685741587,0.6767881841472099,2015,H
1967,0.22225113272481742,0.23739686514528135,0.5403520021299012,2015,H
1968,0.2348040311188465,0.27152988320627147,0.4936660856748821,2015,A
1969,0.30077040614285205,0.2528017905338871,0.44642780332326093,2015,A
1970,0.30200150948003124,0.2756441155910296,0.4223543749289391,2015,A
1971,0.07540281800835791,0.14138140786015557,0.7832157741314865,2015,H
1972,0.31118854404961993,0.22784496928477307,0.4609664866656069,2015,A
1973,0.287485907103382,0.2266110191269362,0.4859030737696817,2015,H
1974,0.22963301827311516,0.28194794203743667,0.48841903968944816,2015,D
1975,0.31695861430363015,0.2848295325269043,0.3982118531694655,2015,A
1976,0.44020442671290266,0.2834530238264063,0.27634254946069103,2015,D
1977,0.2788878062995782,0.21926574943687954,0.5018464442635423,2015,H
1978,0.35596228170604294,0.22829081635225384,0.4157469019417032,2015,D
1979,0.4688834309937336,0.2571198110990345,0.273996757907232,2015,D
1980,0.23164829358686517,0.2227699378177286,0.5455817685954062,2015,D
1981,0.3232062908247987,0.20115343674624614,0.4756402724289553,2015,D
1982,0.4134621490394493,0.2737126631475661,0.3128251878129845,2015,A
1983,0.1933154610244791,0.22271380221402987,0.583970736761491,2015,H
1984,0.2581921968425998,0.21492918014281856,0.5268786230145817,2015,A
1985,0.31721941988426566,0.23303680025697407,0.44974377985876024,2015,A
1986,0.11931463168340026,0.16931876162678888,0.7113666066898109,2015,H
1987,0.24148400804147233,0.2563481564001393,0.5021678355583884,2015,H
1988,0.3392598466126602,0.2760550612836336,0.38468509210370627,2015,H
1989,0.2925209435498845,0.2813630359262915,0.426116020523824,2015,A
1990,0.18474975728481113,0.17563750751076043,0.6396127352044285,2015,H
1991,0.37643688058466945,0.29734267458631464,0.3262204448290159,2015,A
1992,0.26105160143142003,0.21688643399353688,0.5220619645750432,2015,H
1993,0.2875563569770445,0.254582931283662,0.4578607117392934,2015,A
1994,0.26648689877945897,0.25769273724904584,0.47582036397149524,2015,A
1995,0.32269508637726135,0.20253453292893875,0.4747703806937999,2015,H
1996,0.34253532338478354,0.30586475351988024,0.3515999230953363,2015,A
1997,0.27404448054053315,0.24196647532221316,0.48398904413725363,2015,D
1998,0.4614135927688741,0.22128339044432077,0.317303016786805,2015,D
1999,0.2897908537169048,0.2851438772557763,0.425065269027319,2015,H
2000,0.31445828964620903,0.23835795712993577,0.4471837532238553,2015,A
2001,0.37917506602948636,0.2635779626375962,0.3572469713329175,2015,H
2002,0.43361890061715214,0.26036708500393185,0.3060140143789159,2015,A
2003,0.3490834784723413,0.26703529063716835,0.3838812308904904,2015,D
2004,0.12672446601280335,0.1580150502537058,0.7152604837334909,2015,H
2005,0.3892456060910627,0.2587354671197022,0.35201892678923524,2015,D
2006,0.3488792080691952,0.26085346767069445,0.39026732426011035,2015,A
2007,0.26478797883092386,0.25619323801229116,0.47901878315678487,2015,H
2008,0.21260684095196528,0.22752996820917426,0.5598631908388605,2015,H
2009,0.11684712783952078,0.15796586217503933,0.7251870099854398,2015,H
2010,0.3142709393991322,0.23332329098933105,0.4524057696115369,2015,D
2011,0.2859457775345948,0.3139749288430165,0.40007929362238875,2015,A
2012,0.32578157335831776,0.25037557123282533,0.42384285540885686,2015,H
2013,0.23349838664497385,0.21583013748513621,0.55067147586989,2015,H
2014,0.22427636594039455,0.24700057333425285,0.5287230607253527,2015,H
2015,0.28823487684617444,0.2666622837078101,0.44510283944601536,2015,H
2016,0.43608143255086507,0.2669670913825456,0.29695147606658934,2015,A
2017,0.237879350226832,0.17865648826259076,0.5834641615105773,2015,D
2018,0.5998150299903533,0.2490670864410383,0.1511178835686084,2015,D
2019,0.23287499469701542,0.22348088060411514,0.5436441246988695,2015,A
2020,0.28162434829870325,0.2837568760918112,0.43461877560948553,2015,D
2021,0.5309279078564566,0.24987391641759077,0.21919817572595257,2015,H
2022,0.24849662410755644,0.21092907446995857,0.5405743014224851,2015,A
2023,0.30982824985804064,0.27316079189340503,0.41701095824855433,2015,A
2024,0.192622663434453,0.1781300060075662,0.6292473305579808,2015,A
2025,0.2945535721286063,0.2559841763686198,0.44946225150277386,2015,H
2026,0.41885066953553546,0.2647893146357336,0.316360015828731,2015,A
2027,0.2061733934186022,0.21639408725067275,0.577432519330725,2015,H
2028,0.27125420930972777,0.20903749627915563,0.5197082944111165,2015,H
2029,0.21519797054480938,0.23192653252584683,0.5528754969293438,2015,A
2030,0.339090864737163,0.3297457634413562,0.33116337182148076,2015,A
2031,0.32351437903767993,0.3201534220992862,0.35633219886303386,2015,D
2032,0.29691626304368945,0.2592684309821604,0.4438153059741502,2015,H
2033,0.2275070736898552,0.21244251962632457,0.5600504066838202,2015,D
2034,0.18946582254354308,0.21674803811024257,0.5937861393462144,2015,H
2035,0.3483791073956666,0.2618214063746464,0.38979948622968713,2015,H
2036,0.20782650131649172,0.1896914662412009,0.6024820324423074,2015,D
2037,0.24191808394404635,0.24277153555519454,0.5153103805007592,2015,D
2038,0.4654092433686676,0.2661096499481993,0.2684811066831331,2015,D
2039,0.16854460856890316,0.19732330404313994,0.6341320873879569,2015,H
2040,0.39778542735196565,0.3022664926740087,0.2999480799740258,2015,A
2041,0.19894985218029582,0.2249927888405433,0.5760573589791609,2015,H
2042,0.4776265238173896,0.2536333842298023,0.268740091952808,2015,D
2043,0.15290757502049568,0.21057163314361932,0.6365207918358851,2015,H
2044,0.276421106393189,0.26690075644325,0.4566781371635611,2015,A
2045,0.18069062992269264,0.23254839866399402,0.5867609714133134,2015,D
2046,0.2002891233293148,0.2222208616772274,0.5774900149934578,2015,D
2047,0.45628897452661826,0.2347683606399918,0.30894266483338995,2015,H
2048,0.5205736838784668,0.24325472451394814,0.23617159160758505,2015,H
2049,0.3337200680653149,0.22221477552942898,0.4440651564052561,2015,D
2050,0.289236676559801,0.2666648972300869,0.44409842621011214,2015,H
2051,0.30883170161904394,0.22166944270280978,0.46949885567814625,2015,H
2052,0.12350033380572227,0.20069900667459814,0.6758006595196796,2015,H
2053,0.4320313220752547,0.28064383732234716,0.28732484060239816,2015,D
2054,0.36110666960076654,0.2804535150155941,0.35843981538363934,2015,A
2055,0.30739289299030004,0.2751577799839026,0.41744932702579723,2015,D
2056,0.1886044834648659,0.21719603508327723,0.5941994814518569,2015,D
2057,0.5526721603672523,0.253295038852605,0.1940328007801426,2015,A
2058,0.14957235945449554,0.19549093708041843,0.654936703465086,2015,A
2059,0.203753202947805,0.20466247563020473,0.5915843214219902,2015,H
2060,0.19937264790531312,0.2614097993724981,0.5392175527221887,2015,H
2061,0.33413829691427327,0.2567010060655666,0.4091606970201601,2015,A
2062,0.13160075976317784,0.20807880103690987,0.6603204391999123,2015,A
2063,0.26562567888763483,0.23575751715317309,0.49861680395919195,2015,D
2064,0.4068881146741227,0.24840527654359432,0.344706608782283,2015,A
2065,0.3898826713821653,0.2345131755745416,0.3756041530432931,2015,A
2066,0.37517358807596013,0.2756888028264966,0.34913760909754327,2015,A
2067,0.4146324391856447,0.2856155732847678,0.2997519875295875,2015,D
2068,0.305285362914344,0.23684345088157543,0.45787118620408046,2015,H
2069,0.2836332146637351,0.22957898513621913,0.4867878002000458,2015,H
2070,0.4707842217795552,0.24759980801180922,0.28161597020863544,2015,A
2071,0.1531319259718553,0.2061949039421311,0.6406731700860137,2015,H
2072,0.38449721136444376,0.228861477772147,0.3866413108634093,2015,H
2073,0.38178954899024997,0.276079081723234,0.34213136928651605,2015,H
2074,0.314056219807416,0.2780508027459847,0.40789297744659925,2015,H
2075,0.3455012127162514,0.2764233831120407,0.3780754041717079,2015,D
2076,0.288577641782188,0.2699652865169519,0.4414570717008602,2015,H
2077,0.2671584131400675,0.2851542072732071,0.4476873795867255,2015,D
2078,0.19791519653283285,0.23363693391405269,0.5684478695531144,2015,H
2079,0.270341199781492,0.23925398719958532,0.4904048130189226,2015,D
2080,0.2886429638189226,0.2482738974173233,0.4630831387637541,2015,H
2081,0.3832359016606875,0.2666469069092836,0.350117191430029,2015,H
2082,0.2871428536765836,0.2297318997585321,0.48312524656488426,2015,A
2083,0.28943874030183137,0.28891634416124246,0.4216449155369261,2015,H
2084,0.24487825761244425,0.25147370341740694,0.5036480389701488,2015,H
2085,0.27896480433096554,0.2714827590908702,0.4495524365781642,2015,D
2086,0.2138984886840861,0.20668806471561285,0.579413446600301,2015,D
2087,0.237088327151625,0.2382820202680633,0.5246296525803117,2015,A
2088,0.3576512132363742,0.2385930615624701,0.4037557252011556,2015,D
2089,0.48191832597812195,0.2611689108625968,0.25691276315928124,2015,A
2090,0.3114855525422432,0.270161643980476,0.41835280347728077,2015,H
2091,0.3242813981179842,0.23899438035642911,0.43672422152558665,2015,A
2092,0.40324107158095296,0.2305942872772062,0.36616464114184083,2015,H
2093,0.37255733153246534,0.288940773566285,0.3385018949012497,2015,H
2094,0.38848791442042563,0.25898259179209393,0.35252949378748044,2015,H
2095,0.2344158547382953,0.22606628185974098,0.5395178634019637,2015,D
2096,0.12582282407355616,0.19446531947086537,0.6797118564555785,2015,H
2097,0.2096968098556101,0.2606889422282636,0.5296142479161263,2015,H
2098,0.3152404875874298,0.2284374986435027,0.45632201376906756,2015,A
2099,0.3694379208548989,0.2539930526757373,0.3765690264693638,2015,D
2100,0.343534167095186,0.2937482451192489,0.362717587785565,2015,H
2101,0.2769565445549854,0.26554257379091595,0.45750088165409863,2015,A
2102,0.5020709686165952,0.2384370315546643,0.25949199982874044,2015,D
2103,0.27430012089890676,0.2720440113778621,0.45365586772323124,2015,A
2104,0.2613187301368753,0.24288959989382597,0.49579166996929874,2015,D
2105,0.29344534066531575,0.24203146854737592,0.4645231907873082,2015,H
2106,0.2650122657934674,0.27891513159411346,0.45607260261241916,2015,H
2107,0.18090476196073504,0.19143545562411063,0.6276597824151544,2015,D
2108,0.2572182925769666,0.23811961041137694,0.5046620970116564,2015,D
2109,0.16523945033056928,0.21530380008429245,0.6194567495851383,2015,A
2110,0.2783162925532157,0.2940409399922591,0.4276427674545251,2015,D
2111,0.2580791790978423,0.29145539568212075,0.4504654252200369,2015,H
2112,0.2696472074842943,0.2281974632729651,0.5021553292427405,2015,D
2113,0.1263952499445332,0.18619921506333828,0.6874055349921285,2015,H
2114,0.41238430531875464,0.2629169720941867,0.3246987225870587,2015,H
2115,0.27108015146086645,0.24029218498339486,0.48862766355573867,2015,H
2116,0.14336431288591905,0.19626288638127742,0.6603728007328035,2015,H
2117,0.2957192429750928,0.2266607190934306,0.4776200379314766,2015,A
2118,0.28260612927231515,0.2277170835328115,0.48967678719487334,2015,D
2119,0.2897073713161188,0.2916688419608711,0.41862378672301015,2015,H
2120,0.3527809337530821,0.28298458427513923,0.3642344819717787,2015,D
2121,0.43574992455764144,0.22079901454755507,0.34345106089480354,2015,D
2122,0.2651689007468016,0.28807414695420047,0.44675695229899787,2015,H
2123,0.24877118150275485,0.24233837090308435,0.5088904475941608,2015,D
2124,0.48253762351832635,0.2605081367935777,0.25695423968809594,2015,A
2125,0.29343778661081465,0.24285240237418035,0.4637098110150049,2015,A
2126,0.49963689781129844,0.2507051732507526,0.24965792893794897,2015,A
2127,0.31362671491490235,0.248871610542335,0.4375016745427626,2015,H
2128,0.33709640759155646,0.2387660116750692,0.4241375807333743,2015,A
2129,0.24580736973256195,0.24334251170164367,0.5108501185657944,2015,A
2130,0.2798877398070841,0.2549994455794525,0.46511281461346343,2015,D
2131,0.5292350508443701,0.24162290733309819,0.22914204182253164,2015,A
2132,0.2808632073362204,0.21743528091652164,0.501701511747258,2015,H
2133,0.5139185377654489,0.2365408242467624,0.24954063798778867,2015,A
2134,0.33220784331454495,0.22697117345758808,0.44082098322786695,2015,H
2135,0.31427845380909813,0.30935863648886064,0.3763629097020413,2015,A
2136,0.27683457569856595,0.2541053592570451,0.4690600650443891,2015,H
2137,0.3202133260914184,0.23401204966074843,0.44577462424783326,2015,D
2138,0.26931782770920587,0.25239022266593786,0.47829194962485627,2015,H
2139,0.32225906627652706,0.27522393609220624,0.40251699763126664,2015,D
2140,0.2701708152690114,0.27163749261242354,0.4581916921185651,2015,A
2141,0.10716881731142541,0.16286495945320625,0.7299662232353682,2015,H
2142,0.25810837640010464,0.24494044864678768,0.4969511749531077,2015,D
2143,0.2991628322967496,0.25245347554229164,0.44838369216095864,2015,H
2144,0.28824283356460345,0.26681851078656554,0.44493865564883106,2015,H
2145,0.22342686463511183,0.2741586346857604,0.5024145006791277,2015,H
2146,0.21698887909954623,0.21691591327472684,0.5660952076257268,2015,A
2147,0.17015227839197442,0.22601348483116482,0.6038342367768608,2015,D
2148,0.2865034181821168,0.25897681329430083,0.4545197685235824,2015,A
2149,0.2621138609740516,0.2392261561463405,0.49865998287960805,2015,D
2150,0.44180508069157715,0.26069928796775277,0.29749563134067014,2015,H
2151,0.4381658353343769,0.2896069434400116,0.27222722122561155,2015,D
2152,0.367508672231746,0.2580651579422528,0.3744261698260011,2015,A
2153,0.19434082998423682,0.2130707633892848,0.5925884066264784,2015,A
2154,0.2972143491675691,0.2348785685406884,0.4679070822917424,2015,H
2155,0.2674151535784664,0.2863563177311366,0.4462285286903971,2015,A
2156,0.2316747288484437,0.25878348249973393,0.5095417886518223,2015,A
2157,0.27452133909892174,0.2465374858146225,0.4789411750864558,2015,H
2158,0.40934254684014243,0.24962162627206846,0.34103582688778916,2015,A
2159,0.3756055165186335,0.20938306528882616,0.4150114181925404,2015,A
2160,0.33440399943138654,0.259659581684256,0.4059364188843574,2015,D
2161,0.19326910971337408,0.22799148230059904,0.578739407986027,2015,H
2162,0.35237139460490285,0.2507126094420358,0.3969159959530612,2015,H
2163,0.196685085114795,0.20475057755911824,0.5985643373260867,2015,H
2164,0.23872107786905797,0.26322201989431293,0.49805690223662913,2015,H
2165,0.3391432927997857,0.22724649507892153,0.43361021212129286,2015,A
2166,0.09585586397032521,0.13221102687117403,0.7719331091585007,2015,H
2167,0.33226409275065,0.2378804957624117,0.4298554114869383,2015,H
2168,0.5180375657894825,0.2583379711466996,0.22362446306381792,2015,A
2169,0.26372041674449037,0.29343647799448064,0.44284310526102905,2015,H
2170,0.17877617454214326,0.20123302092101614,0.6199908045368406,2015,D
2171,0.4736232113132245,0.27209516008425333,0.2542816286025221,2015,A
2172,0.27307205648736554,0.2517101848413084,0.47521775867132593,2015,D
2173,0.17942987526973395,0.23071390238851566,0.5898562223417504,2015,H
2174,0.173248045994191,0.21345806757024505,0.613293886435564,2015,A
2175,0.41468208965768877,0.23171578635715148,0.35360212398515983,2015,H
2176,0.26781608146700264,0.22837933742104338,0.503804581111954,2015,H
2177,0.28001931422985243,0.2567432321324301,0.46323745363771757,2015,H
2178,0.2628700487717516,0.2097967298160801,0.5273332214121683,2015,D
2179,0.2150898281250951,0.2141536425328959,0.5707565293420089,2015,A
2180,0.16383959503738718,0.23477631738936525,0.6013840875732476,2015,H
2181,0.3198353014348064,0.30202268122421877,0.37814201734097486,2015,A
2182,0.31394863810569884,0.2489681202274945,0.4370832416668067,2015,D
2183,0.3167552336607012,0.23432823606409783,0.448916530275201,2015,H
2184,0.24894941969211556,0.19443722612224867,0.5566133541856357,2015,D
2185,0.37954173033549116,0.2794504414936041,0.3410078281709046,2015,A
2186,0.4119892563516377,0.2643169148725652,0.32369382877579705,2015,A
2187,0.4502211229774479,0.2218012472095903,0.32797762981296197,2015,H
2188,0.21218220098917331,0.25537398457490906,0.5324438144359176,2015,H
2189,0.4372192775202937,0.28092658586086044,0.28185413661884584,2015,D
2190,0.25376047574469096,0.2391674240472031,0.5070721002081059,2015,A
2191,0.6166306954892751,0.23292848864911597,0.1504408158616089,2015,A
2192,0.16893475313210393,0.19109050430007707,0.6399747425678189,2015,H
2193,0.26709527878431966,0.21439020436726527,0.5185145168484151,2015,D
2194,0.3854322367683759,0.2731667234863648,0.34140103974525937,2015,A
2195,0.27359076101840024,0.21976115018181963,0.5066480887997801,2015,A
2196,0.18390705284650213,0.23711409324471872,0.5789788539087791,2015,H
2197,0.3671007689546711,0.28248364663587033,0.35041558440945847,2015,A
2198,0.29880518424104124,0.21916272052718477,0.48203209523177387,2015,A
2199,0.1958792777524622,0.20053446829323474,0.6035862539543031,2015,H
2200,0.40164327409083433,0.24069425821123616,0.3576624676979296,2015,H
2201,0.39198943888231436,0.2918264262878369,0.3161841348298487,2015,D
2202,0.2046210647185421,0.23218737622473368,0.5631915590567242,2015,A
2203,0.17579986324533933,0.21862210354082773,0.6055780332138329,2015,H
2204,0.5612430325527812,0.25667484670509616,0.18208212074212257,2015,A
2205,0.3391461054545295,0.252792252142854,0.4080616424026164,2015,A
2206,0.2912827679419299,0.22503632140380228,0.48368091065426777,2015,D
2207,0.343972245704454,0.2801550949791485,0.3758726593163976,2015,H
2208,0.2363316404696817,0.2456487463823644,0.518019613147954,2015,D
2209,0.29358701237865115,0.25520163853161626,0.4512113490897326,2015,D
2210,0.2419116737593064,0.19843236242506265,0.5596559638156309,2015,D
2211,0.35827479820378216,0.22386311179721277,0.41786208999900515,2015,H
2212,0.2148402596277453,0.2129073318904721,0.5722524084817826,2015,H
2213,0.29832500558380537,0.27425735783508,0.4274176365811146,2015,H
2214,0.36758872971082024,0.2225979878489731,0.4098132824402067,2015,D
2215,0.4314740799824046,0.24727821084145116,0.3212477091761442,2015,H
2216,0.35227610857812347,0.3262648538081315,0.321459037613745,2015,A
2217,0.12491804026396504,0.19759376729173567,0.6774881924442993,2015,H
2218,0.19276325560420018,0.2255251362239376,0.5817116081718623,2015,H
2219,0.3427224236268083,0.2874125098266919,0.3698650665464997,2015,D
2220,0.3913268475262264,0.2710365615842336,0.33763659088954007,2015,A
2221,0.18738279944928993,0.20527541417234618,0.607341786378364,2015,H
2222,0.21324731981805647,0.2060070944822553,0.5807455856996883,2015,H
2223,0.28869964864428693,0.25048939424357447,0.46081095711213854,2015,D
2224,0.27580633394953086,0.26632792184180365,0.4578657442086656,2015,A
2225,0.46369090572969823,0.27313683822143003,0.2631722560488718,2015,H
2226,0.26586928035365215,0.2709865840374656,0.46314413560888223,2015,A
2227,0.1498918600505385,0.21135688546612036,0.6387512544833411,2015,H
2228,0.34740568792135923,0.22011534270969713,0.4324789693689436,2015,A
2229,0.387576674749792,0.2597541233353323,0.3526692019148756,2015,D
2230,0.18689691919483828,0.19177286787605655,0.6213302129291052,2015,D
2231,0.3654123139091791,0.26907598858578446,0.3655116975050364,2015,A
2232,0.22341735180663594,0.20164049283933053,0.5749421553540336,2015,D
2233,0.4626362042545844,0.24729066863550014,0.2900731271099154,2015,A
2234,0.5321701668569703,0.23346588809045588,0.23436394505257382,2015,D
2235,0.1873211957416122,0.21301703427287602,0.5996617699855117,2015,H
2236,0.20161102177307613,0.22531123631380395,0.57307774191312,2015,H
2237,0.1716914663080914,0.1858459547620204,0.6424625789298882,2015,H
2238,0.18136676665091808,0.19410906365433958,0.6245241696947423,2015,H
2239,0.47205585520322124,0.2894047173756953,0.2385394274210835,2015,A
2240,0.31146000964061027,0.27797428997793355,0.4105657003814562,2015,A
2241,0.15041928317755277,0.17167534785615582,0.6779053689662914,2015,D
2242,0.1990298285895975,0.20831468963237634,0.5926554817780262,2015,H
2243,0.5008195488001733,0.23905113598171926,0.2601293152181074,2015,D
2244,0.2033171811733067,0.21464537530980057,0.5820374435168928,2015,H
2245,0.12111580890273704,0.1480707165930649,0.7308134745041981,2015,D
2246,0.3350242761838109,0.27501103934238524,0.38996468447380384,2015,D
2247,0.156291229134603,0.18354256278900088,0.6601662080763961,2015,H
2248,0.22188623043013367,0.2650159537618292,0.5130978158080371,2015,H
2249,0.444558260770143,0.25482444801839144,0.3006172912114655,2015,A
2250,0.30299787652027244,0.266211287697293,0.43079083578243454,2015,H
2251,0.33707715942486893,0.2779597283197934,0.3849631122553377,2015,H
2252,0.28626984211280027,0.2504246307818343,0.4633055271053655,2015,D
2253,0.3447828619828185,0.2310007612722203,0.4242163767449612,2015,H
2254,0.5170845333357025,0.24840694259000007,0.2345085240742974,2015,H
2255,0.34588312125755283,0.23127191395455418,0.42284496478789296,2015,D
2256,0.1363291917225579,0.18653866205738354,0.6771321462200586,2015,H
2257,0.41537566976791024,0.26333994359512986,0.32128438663695985,2015,A
2258,0.4296917037456538,0.3003540640331974,0.2699542322211488,2015,D
2259,0.19296506550752854,0.201812717791425,0.6052222167010464,2015,A
2260,0.2457694452339546,0.2661308277291136,0.4880997270369317,2015,D
2261,0.2837816766072445,0.2688854372100876,0.4473328861826679,2015,H
2262,0.38451100589909726,0.24840078050982836,0.36708821359107424,2015,H
2263,0.1647706099101366,0.20716813953548227,0.6280612505543811,2015,H
2264,0.33500817140045763,0.22703588201066724,0.43795594658887504,2015,D
2265,0.2525328015625723,0.1848628103656831,0.5626043880717447,2015,A
2266,0.3266356198784187,0.22253599779598532,0.45082838232559597,2015,H
2267,0.2345252925313448,0.19546017464967694,0.5700145328189783,2015,D
2268,0.2967153421707423,0.2948341514817206,0.40845050634753716,2015,H
2269,0.2301796769870954,0.23863772918016662,0.531182593832738,2015,H
2270,0.2973063363345844,0.2823276513948707,0.42036601227054476,2015,D
2271,0.11655103555061766,0.17752535699313068,0.7059236074562516,2015,H
2272,0.4645151523574917,0.26128852157957194,0.2741963260629363,2015,D
2273,0.4732304424332653,0.2597447525105885,0.26702480505614623,2015,H
2274,0.42831161226886727,0.2547612792948279,0.3169271084363049,2015,H
2275,0.386763015638832,0.25442576976785813,0.3588112145933099,2015,H
2276,0.3867461139150294,0.24988782456248215,0.36336606152248846,2015,D
2277,0.143658430788081,0.17211223977444476,0.6842293294374742,2015,H
2278,0.4417708777551543,0.23022309071053823,0.3280060315343074,2015,D
2279,0.19679018675333168,0.22563873023785688,0.5775710830088115,2015,H
2280,0.5511361274555738,0.1888216903435802,0.2600421822008459,2016,A
2281,0.40253859104971307,0.24705825730811293,0.35040315164217395,2016,A
2282,0.5763473350650041,0.20498792357894277,0.2186647413560531,2016,D
2283,0.5745680340538631,0.1992900849396906,0.22614188100644617,2016,H
2284,0.28969647376552277,0.24791383600193745,0.4623896902325398,2016,H
2286,0.2634653821082114,0.1972142185992889,0.5393203992924996,2016,D
2287,0.32692147784753395,0.2224759700678072,0.4506025520846588,2016,A
2288,0.47357030956536805,0.25676068703855953,0.26966900339607236,2016,A
2289,0.4814592424103629,0.22067840558970744,0.2978623519999296,2016,H
2290,0.29529609033461524,0.2533345712163039,0.45136933844908084,2016,H
2291,0.32726622599451355,0.2675334708185066,0.40520030318697986,2016,A
2292,0.19451591699846027,0.2272415820367708,0.5782425009647689,2016,H
2293,0.4561425306144981,0.2586002714090096,0.2852571979764923,2016,A
2294,0.3009969325551869,0.23001279974569183,0.4689902676991214,2016,A
2295,0.4740591283406512,0.2609762030321402,0.2649646686272085,2016,H
2296,0.2896690054878983,0.24608120490950414,0.46424978960259755,2016,D
2297,0.26239255225133384,0.2729161262902522,0.46469132145841385,2016,A
2299,0.19659289534109828,0.24918157226451645,0.5542255323943853,2016,H
2300,0.40715940214041535,0.280853428532098,0.31198716932748666,2016,A
2301,0.3425150475643317,0.24536469807029088,0.4121202543653775,2016,D
2302,0.23549694402022647,0.246435712914712,0.5180673430650615,2016,D
2303,0.2461885140992887,0.25028688081683703,0.5035246050838743,2016,H
2304,0.336201883839757,0.2773051393064354,0.38649297685380746,2016,A
2305,0.24914302346710443,0.2336263827884345,0.517230593744461,2016,H
2306,0.2573909435464796,0.2787311543655175,0.46387790208800295,2016,D
2307,0.17724122345557772,0.23245460940540902,0.5903041671390133,2016,H
2308,0.26740825793083917,0.23170385779212035,0.5008878842770405,2016,H
2310,0.4804595033414068,0.25362184068479854,0.2659186559737946,2016,A
2312,0.33912756493749446,0.23587943227141517,0.4249930027910904,2016,A
2313,0.23169821029194929,0.25383750360741947,0.5144642861006312,2016,A
2314,0.36060890229902504,0.26857939758479504,0.37081170011618003,2016,D
2315,0.36264420014220244,0.2862273970507614,0.35112840280703617,2016,H
2316,0.2960566534899301,0.2617658201354714,0.4421775263745984,2016,H
2317,0.2682965920945413,0.24980805549948087,0.4818953524059778,2016,H
2318,0.4611111493079049,0.26307243247032536,0.2758164182217697,2016,D
2319,0.4075240382604238,0.27730984097268474,0.31516612076689143,2016,A
2320,0.20480762406913258,0.2179719947231602,0.5772203812077071,2016,A
2322,0.3897665927877209,0.2729835214166032,0.3372498857956759,2016,A
2323,0.20412381213504122,0.260225530673041,0.5356506571919178,2016,H
2324,0.11896152377782347,0.17293896061812372,0.7080995156040528,2016,H
2325,0.27792379655523886,0.2707603546148085,0.4513158488299527,2016,H
2326,0.15053454752421924,0.1995951304273936,0.649870322048387,2016,H
2327,0.4467684551691577,0.26691009221462325,0.28632145261621905,2016,H
2328,0.20919965281389682,0.24671557378411518,0.544084773401988,2016,H
2329,0.17113839320113616,0.21358357360384647,0.6152780331950174,2016,H
2330,0.38000888558143564,0.23359990240872733,0.3863912120098371,2016,H
2331,0.4957364447707042,0.2903982472079693,0.21386530802132636,2016,H
2332,0.16955447143402858,0.22201595840821656,0.6084295701577549,2016,H
2333,0.2312484591673143,0.24859431473931018,0.5201572260933756,2016,H
2334,0.463844724565677,0.2690352857765007,0.2671199896578224,2016,A
2335,0.42820188319607255,0.2858390639734044,0.28595905283052314,2016,D
2336,0.4305258734962365,0.2684197562123096,0.3010543702914538,2016,A
2337,0.5714476617729126,0.25239468306953977,0.17615765515754764,2016,A
2338,0.40208461682437324,0.27590594272913116,0.32200944044649565,2016,A
2339,0.3831671908243371,0.2825291642791383,0.3343036448965247,2016,H
2340,0.25419602611719005,0.2348004142964524,0.5110035595863576,2016,D
2341,0.5647893927638352,0.24264947473213513,0.19256113250402968,2016,A
2342,0.38974921128617745,0.280215979624134,0.3300348090896885,2016,D
2343,0.5878747467400514,0.243476586569306,0.16864866669064263,2016,A
2344,0.2552716967827952,0.25355927015479496,0.4911690330624099,2016,D
2345,0.2264363608040582,0.27965784035131397,0.4939057988446279,2016,D
2346,0.5412005318905617,0.2513866555999624,0.20741281250947596,2016,A
2347,0.3472414006005275,0.27996793418368515,0.3727906652157874,2016,D
2348,0.13559825112016874,0.18803776820650658,0.6763639806733246,2016,D
2349,0.319557662064823,0.23422543734824983,0.44621690058692715,2016,H
2350,0.19239705756986836,0.22427286150327466,0.583330080926857,2016,H
2351,0.46220619661309875,0.24863293814341983,0.28916086524348145,2016,D
2352,0.3359785286441135,0.28114787969006094,0.3828735916658256,2016,H
2353,0.18869476950367833,0.25173273397231977,0.559572496524002,2016,H
2354,0.11081540859300278,0.17785712182622782,0.7113274695807694,2016,H
2355,0.2037373532591434,0.2066155930505949,0.5896470536902617,2016,A
2356,0.23637586633600075,0.21014828634426932,0.5534758473197299,2016,D
2357,0.38854819542166547,0.28044129329365847,0.3310105112846761,2016,A
2358,0.1619199146355196,0.22343526889490795,0.6146448164695725,2016,H
2359,0.2886151593761886,0.20647894327216107,0.5049058973516503,2016,D
2360,0.43950791525204375,0.277553645668477,0.2829384390794793,2016,D
2361,0.13585412852284126,0.19370533060838258,0.6704405408687762,2016,H
2362,0.16093558947521347,0.22970192213517732,0.6093624883896093,2016,H
2363,0.3811824672331432,0.2817929073000745,0.33702462546678236,2016,H
2364,0.42178686291262985,0.289382497657295,0.28883063943007514,2016,A
2365,0.4531705933412337,0.24995961601288083,0.29686979064588553,2016,D
2366,0.10040765667617327,0.15943234460609818,0.7401599987177286,2016,D
2367,0.4374644443438749,0.2752956280627188,0.2872399275934064,2016,H
2368,0.23364518668791773,0.21825848166293688,0.5480963316491454,2016,H
2369,0.22988193844308902,0.22527915012968813,0.544838911427223,2016,D
2370,0.6222170226319282,0.23904000075638743,0.13874297661168433,2016,A
2371,0.13099737481979962,0.1999897457770578,0.6690128794031426,2016,D
2372,0.402450866987435,0.2562157798632179,0.3413333531493471,2016,A
2373,0.5465840613163672,0.24022947058814662,0.2131864680954862,2016,A
2374,0.1460433946422835,0.2338232681875947,0.6201333371701218,2016,D
2375,0.3582390305311316,0.29415215603256534,0.347608813436303,2016,H
2376,0.1340041555204241,0.21908726217335583,0.6469085823062202,2016,H
2377,0.26402012549722864,0.22938952508263585,0.5065903494201355,2016,H
2378,0.2768790965587198,0.2476524226948389,0.47546848074644144,2016,A
2379,0.23134649281984782,0.2411101521688425,0.5275433550113097,2016,H
2380,0.1370434514883225,0.21188558469882923,0.6510709638128482,2016,A
2381,0.42163119225523105,0.24332415340955973,0.33504465433520914,2016,H
2382,0.20901870456076033,0.19661098262387028,0.5943703128153693,2016,H
2383,0.11321056736311104,0.18778365045370485,0.6990057821831842,2016,D
2384,0.3524329363656297,0.276064879118703,0.3715021845156673,2016,D
2385,0.48941600202958957,0.2519887060231319,0.25859529194727854,2016,A
2386,0.5608907050236541,0.2671243215678154,0.17198497340853047,2016,H
2387,0.293862351270561,0.2560081920333981,0.450129456696041,2016,A
2388,0.14767127138940198,0.19708556185337137,0.6552431667572266,2016,H
2389,0.2615046081313555,0.22611877753978163,0.512376614328863,2016,D
2390,0.5209610634704007,0.25335231419169923,0.22568662233790007,2016,A
2391,0.22652346806255846,0.23702542230863258,0.5364511096288089,2016,D
2392,0.28800137364084166,0.2533176552779091,0.4586809710812494,2016,D
2393,0.4250031858637477,0.28543711446518133,0.28955969967107087,2016,D
2394,0.28035624265551323,0.23432148418085358,0.48532227316363324,2016,A
2395,0.3622407716140252,0.27874007388818955,0.3590191544977852,2016,H
2396,0.21182017885885263,0.2129218940678981,0.5752579270732493,2016,H
2397,0.2295764962165274,0.26428126760941156,0.5061422361740611,2016,H
2398,0.5098042439436004,0.26794339776860543,0.22225235828779427,2016,A
2399,0.2260142815507064,0.2729703548007898,0.5010153636485037,2016,H
2400,0.2840308752610881,0.2766477332703359,0.439321391468576,2016,D
2401,0.07710808021554691,0.16446795123550248,0.7584239685489507,2016,H
2402,0.3196998537927383,0.29764090268257676,0.382659243524685,2016,H
2403,0.39175861990289895,0.30030239848804535,0.3079389816090556,2016,D
2404,0.2203444471069844,0.1918205820195492,0.5878349708734664,2016,H
2405,0.6121045047414616,0.21044666287360353,0.17744883238493486,2016,A
2406,0.22651356045660975,0.22900597460280467,0.5444804649405856,2016,H
2407,0.18361231396302571,0.22228719497961397,0.5941004910573603,2016,D
2408,0.2630786007902137,0.25236198459494436,0.48455941461484187,2016,H
2409,0.3207623951792885,0.2615211140758878,0.41771649074482364,2016,A
2410,0.2954285201622787,0.273074801104795,0.43149667873292635,2016,H
2411,0.25280799459018466,0.24777420260804484,0.49941780280177045,2016,A
2412,0.16267866824612476,0.2139403680646891,0.623380963689186,2016,H
2413,0.4373534158275546,0.2596027794854615,0.30304380468698394,2016,H
2414,0.1558524679452173,0.23725865374944102,0.6068888783053418,2016,H
2415,0.40130725006728574,0.2836753821688236,0.31501736776389067,2016,H
2416,0.45706944526733145,0.26720544322452894,0.2757251115081398,2016,A
2417,0.4801858180850579,0.2770396895181586,0.24277449239678364,2016,H
2418,0.40560807393913906,0.24783514756249037,0.3465567784983705,2016,D
2419,0.2614612554574063,0.2714703021459018,0.4670684423966919,2016,H
2420,0.3198795096415048,0.3039263952730621,0.3761940950854331,2016,H
2421,0.5157732391149256,0.2547495628729774,0.22947719801209704,2016,H
2422,0.2843144758341283,0.2630815465696041,0.45260397759626775,2016,H
2423,0.43062517403964334,0.2589631124892006,0.310411713471156,2016,H
2424,0.34803094066880386,0.2911316868346344,0.36083737249656167,2016,D
2425,0.2254233056599374,0.21662672098364813,0.5579499733564145,2016,H
2426,0.2165402652606327,0.2054701800223571,0.5779895547170102,2016,H
2427,0.11085073567357062,0.17562100931124056,0.7135282550151888,2016,D
2428,0.294538012477694,0.25645848813997113,0.4490034993823349,2016,H
2429,0.22318783709443832,0.2695335482153065,0.5072786146902551,2016,H
2430,0.22144358310787687,0.25081680409664836,0.5277396127954748,2016,H
2431,0.4480391379216483,0.29539997461064704,0.2565608874677048,2016,H
2432,0.21360904710944612,0.256762654159283,0.5296282987312709,2016,H
2433,0.1255817816874084,0.20336247257092915,0.6710557457416625,2016,H
2434,0.16379018543198784,0.23462742917161103,0.6015823853964012,2016,H
2435,0.3300471991514248,0.2524078112077306,0.41754498964084474,2016,D
2436,0.46075543574836964,0.2538598783850879,0.2853846858665424,2016,A
2437,0.5554804223695559,0.24897274579781767,0.1955468318326265,2016,A
2438,0.3263986001152942,0.2833219173785509,0.3902794825061549,2016,H
2439,0.4805280539047668,0.2670192245414868,0.25245272155374626,2016,A
2440,0.5390468722973623,0.2590548295052231,0.20189829819741464,2016,A
2441,0.2567947372426207,0.2920342610493389,0.45117100170804053,2016,H
2442,0.29220416232067686,0.250274545188566,0.4575212924907572,2016,D
2443,0.37878859306335455,0.27205391452078576,0.34915749241585975,2016,H
2444,0.34229601115760117,0.24771118380146556,0.4099928050409333,2016,A
2445,0.251248222212005,0.25848506776977687,0.4902667100182182,2016,H
2446,0.11060717334829712,0.18546762409886003,0.703925202552843,2016,H
2447,0.26508461360526697,0.2670969628770238,0.46781842351770936,2016,H
2448,0.31099330701169586,0.24640901184463482,0.44259768114366926,2016,A
2449,0.40925648893623495,0.2668635842245174,0.32387992683924777,2016,A
2450,0.21877793682809993,0.22671662833063175,0.5545054348412684,2016,H
2451,0.3655057641417735,0.26613476574577016,0.3683594701124563,2016,H
2452,0.18520100869409423,0.1853490497473745,0.6294499415585313,2016,H
2453,0.5717741376401113,0.2379218441221482,0.19030401823774046,2016,A
2454,0.27599058575783514,0.24569258924123974,0.4783168250009251,2016,A
2455,0.16973951186870412,0.21199314602792646,0.6182673421033694,2016,H
2456,0.3456109754088368,0.2976966661221222,0.35669235846904096,2016,A
2457,0.2258302255435635,0.2701391939946946,0.5040305804617419,2016,D
2458,0.14910005331022436,0.20689137961146886,0.6440085670783068,2016,H
2459,0.3866884168279925,0.26176649314093314,0.35154509003107437,2016,A
2460,0.4452713641775513,0.2797472219805477,0.27498141384190095,2016,D
2461,0.28625381281445833,0.2573700663380004,0.45637612084754126,2016,H
2462,0.12369467797959495,0.16387858432863994,0.7124267376917651,2016,H
2463,0.33493982353626933,0.27536300806539366,0.389697168398337,2016,H
2464,0.26718017789299053,0.2274381508517109,0.5053816712552985,2016,H
2465,0.1706423417782859,0.20173334491432218,0.6276243133073919,2016,H
2466,0.20169145946923014,0.2597772626287416,0.5385312779020283,2016,A
2467,0.3246999613177662,0.31543131373325567,0.35986872494897815,2016,A
2468,0.5108995741052142,0.26802248126109074,0.22107794463369507,2016,A
2469,0.142854127650037,0.19058433186703155,0.6665615404829314,2016,H
2470,0.2788343122107789,0.25754714036351956,0.46361854742570136,2016,H
2471,0.16549259295638333,0.24100386093203444,0.5935035461115822,2016,H
2472,0.34993836659401084,0.2693019755406202,0.38075965786536903,2016,D
2473,0.5610255109035458,0.26301072168966316,0.17596376740679104,2016,D
2474,0.2489638698561447,0.2528786332820008,0.49815749686185457,2016,H
2475,0.4245536812192109,0.2524410938453162,0.3230052249354729,2016,A
2476,0.4089246875009771,0.28036331490455413,0.3107119975944686,2016,D
2477,0.34778972112766443,0.2753643586245952,0.37684592024774033,2016,A
2478,0.3313192192366262,0.27558307075745936,0.3930977100059145,2016,H
2479,0.33111037145264566,0.23979386890557436,0.4290957596417801,2016,H
2480,0.1352439302925182,0.18799262713160145,0.6767634425758803,2016,H
2481,0.1540261202919754,0.22000647531797782,0.6259674043900468,2016,H
2482,0.3645570324940571,0.3017672459780327,0.33367572152791014,2016,A
2483,0.2656499030604969,0.2982264395083168,0.43612365743118636,2016,D
2484,0.4752868033410756,0.26278643668398494,0.26192675997493947,2016,A
2485,0.33943069130043035,0.2776827445596805,0.38288656413988925,2016,A
2486,0.32523002693397873,0.25143440413880963,0.4233355689272117,2016,H
2487,0.36430272752317056,0.2951980653715559,0.3404992071052736,2016,H
2488,0.3788056559964577,0.2538869007383902,0.3673074432651521,2016,H
2489,0.20228006789219408,0.2092330608204297,0.5884868712873762,2016,D
2490,0.26671184893255484,0.2631760330518561,0.47011211801558905,2016,D
2491,0.4240807491120109,0.3098813363754177,0.26603791451257147,2016,A
2492,0.13803459220523162,0.19901968742714052,0.6629457203676279,2016,A
2493,0.4334621750157138,0.26693921388416664,0.29959861110011965,2016,D
2494,0.40675409636638393,0.27515083228332426,0.31809507135029175,2016,A
2495,0.46521291354999406,0.25197421959518745,0.28281286685481843,2016,D
2496,0.27210942712527364,0.2733325445848369,0.4545580282898894,2016,H
2497,0.15456377583714173,0.20251905352290905,0.6429171706399492,2016,H
2498,0.10961384694790045,0.17565890922182806,0.7147272438302715,2016,H
2499,0.28692878588771215,0.26930915730834964,0.44376205680393827,2016,H
2500,0.3215637166751616,0.30861780986481935,0.36981847346001917,2016,D
2501,0.5917484300684486,0.2637496486798076,0.14450192125174388,2016,D
2502,0.3779553255754027,0.28170073440949067,0.3403439400151067,2016,H
2503,0.09889028742916219,0.1570746292360861,0.7440350833347518,2016,A
2504,0.1899294899415945,0.24301944842074627,0.5670510616376593,2016,A
2505,0.249968506900552,0.24447355252466668,0.5055579405747813,2016,H
2506,0.30378452146758056,0.26186962108635214,0.43434585744606724,2016,D
2507,0.0991965070372493,0.16829060699803722,0.7325128859647134,2016,D
2508,0.4335283067676478,0.2629916149801863,0.3034800782521659,2016,D
2509,0.3329351443208413,0.23620877055370795,0.43085608512545076,2016,A
2510,0.2672187645972815,0.24773130926446074,0.48504992613825776,2016,H
2511,0.2743058281108959,0.28956514387094806,0.4361290280181561,2016,A
2512,0.20205046993543366,0.22593888667359874,0.5720106433909676,2016,H
2513,0.41615084069948455,0.2763038316613154,0.3075453276392,2016,H
2514,0.2688600366320267,0.2692532605631005,0.46188670280487293,2016,A
2515,0.10490023313225219,0.18794145268032889,0.7071583141874189,2016,H
2516,0.3720645081921033,0.27708381206624644,0.3508516797416502,2016,H
2517,0.27400536104897405,0.2632432325980974,0.4627514063529286,2016,H
2518,0.1818160939103901,0.23518331630253278,0.5830005897870771,2016,H
2519,0.5231791429521606,0.2645866526977614,0.21223420435007806,2016,A
2520,0.14490773726387224,0.20691805883873918,0.6481742038973886,2016,H
2521,0.4173173461107462,0.2676813626499643,0.3150012912392895,2016,A
2522,0.29655842585144193,0.25205421332760075,0.4513873608209572,2016,H
2523,0.4328770150777154,0.30907158863698325,0.2580513962853013,2016,D
2524,0.1695638875424474,0.21534239116224552,0.6150937212953071,2016,H
2525,0.29049954151092133,0.26508535851073717,0.44441509997834155,2016,H
2526,0.27884990574884816,0.27124983786379525,0.44990025638735665,2016,D
2527,0.27627192342624746,0.2766985432844323,0.44702953328932044,2016,H
2528,0.4078297072665117,0.26708096924976915,0.3250893234837192,2016,D
2529,0.46723926809789335,0.27541543857007467,0.2573452933320318,2016,A
2530,0.25677787042541544,0.2955167315196232,0.44770539805496135,2016,H
2531,0.35650633230102463,0.2717594411190726,0.37173422657990285,2016,D
2532,0.17651390107028622,0.21538657968998612,0.6080995192397276,2016,H
2533,0.1851611049274733,0.22830610758317724,0.5865327874893494,2016,H
2534,0.27135967712277137,0.2535263059312367,0.4751140169459919,2016,H
2535,0.37652518616444813,0.2792777727483059,0.3441970410872459,2016,D
2536,0.18842190656847713,0.23500868610540593,0.576569407326117,2016,H
2537,0.5521923149950685,0.26416946375928896,0.18363822124564255,2016,H
2538,0.3022962409695423,0.26937085607205724,0.42833290295840043,2016,H
2539,0.27026489736802245,0.2661819251903367,0.4635531774416409,2016,H
2540,0.11951186393614825,0.18145286761467042,0.6990352684491812,2016,D
2541,0.2574777171291559,0.2621473362471852,0.48037494662365887,2016,H
2542,0.3089954503968332,0.26827210644642907,0.42273244315673786,2016,H
2543,0.4158157958042383,0.2603883596734075,0.3237958445223542,2016,A
2544,0.22003660006901143,0.2215016808557919,0.5584617190751966,2016,A
2545,0.2398067924303746,0.24461005898539187,0.5155831485842335,2016,H
2546,0.6249970511047722,0.2366316111082451,0.13837133778698263,2016,A
2547,0.414995234432314,0.2715630858006973,0.3134416797669886,2016,A
2548,0.1568779198438966,0.1992545872881985,0.6438674928679048,2016,D
2549,0.39408534519153654,0.2839301873398072,0.3219844674686563,2016,H
2550,0.25290081168263817,0.23728935319380967,0.5098098351235522,2016,H
2551,0.4025490724531262,0.27369571556881667,0.3237552119780571,2016,H
2552,0.15327819941793086,0.22505432357689195,0.6216674770051772,2016,H
2553,0.28922359554164934,0.2724264488509393,0.4383499556074113,2016,A
2554,0.36499268132817486,0.26647142011690483,0.36853589855492036,2016,H
2555,0.3410991351305426,0.2987290393339342,0.3601718255355232,2016,D
2556,0.422559440450484,0.28066910578617094,0.29677145376334507,2016,A
2557,0.18850892354095558,0.21556083861142003,0.5959302378476244,2016,H
2558,0.23857878704945829,0.2662359343064193,0.4951852786441224,2016,H
2559,0.32788198853821093,0.25938770497662733,0.4127303064851617,2016,H
2560,0.315366869977559,0.2349547312276662,0.4496783987947749,2016,D
2561,0.5481981189804325,0.2642503275282696,0.18755155349129793,2016,A
2562,0.21328596630410662,0.23213246439825697,0.5545815692976364,2016,H
2563,0.24037246641179194,0.2512881960062935,0.5083393375819146,2016,H
2564,0.26098980664425525,0.271649604650718,0.4673605887050267,2016,H
2565,0.2238317429162088,0.26299419127033863,0.5131740658134526,2016,D
2566,0.16831774223428678,0.20728811775902722,0.624394140006686,2016,D
2567,0.1735432638049003,0.2004024227765783,0.6260543134185215,2016,A
2568,0.5254833055978277,0.2578430334324188,0.2166736609697534,2016,A
2569,0.2805532919789521,0.2497059526319721,0.4697407553890756,2016,H
2570,0.38540707936204643,0.2781875722015173,0.33640534843643627,2016,H
2571,0.3858188784822247,0.2547400698883471,0.35944105162942824,2016,D
2572,0.19904430988471353,0.2596326431099267,0.5413230470053598,2016,D
2573,0.2964019092273485,0.270423904869675,0.43317418590297657,2016,H
2574,0.1593109458470969,0.19697939000254924,0.6437096641503539,2016,H
2575,0.18871280722003514,0.22157063142900116,0.5897165613509637,2016,D
2576,0.29356609853271276,0.26683433154994896,0.4395995699173382,2016,H
2577,0.15919872237942986,0.2253021161526961,0.615499161467874,2016,D
2578,0.25392377261804394,0.26737144467301244,0.47870478270894357,2016,H
2579,0.47090991407885047,0.28463552629051087,0.24445455963063872,2016,A
2580,0.2749179008096577,0.24771461715868526,0.4773674820316569,2016,H
2581,0.24423812161371172,0.23895366877483873,0.5168082096114495,2016,H
2582,0.2489857298315856,0.26432192159053935,0.4866923485778751,2016,H
2583,0.48728759914709946,0.25223416309881963,0.2604782377540809,2016,A
2584,0.16839092728140548,0.2298815823566579,0.6017274903619366,2016,H
2585,0.3197703812507601,0.3025358005814056,0.37769381816783426,2016,D
2586,0.4834726770202608,0.2664611535401459,0.25006616943959326,2016,A
2587,0.12903433019878902,0.17150155865154937,0.6994641111496616,2016,H
2588,0.3485799432812792,0.2831864781489728,0.36823357856974803,2016,A
2589,0.3233376940790966,0.286692985848477,0.38996932007242635,2016,H
2590,0.3499866112250502,0.2632520353396426,0.3867613534353072,2016,H
2591,0.5592739292519248,0.248507359608609,0.1922187111394661,2016,A
2592,0.38298823223036266,0.2744172995541733,0.34259446821546413,2016,H
2593,0.37803221583550567,0.2565656448043181,0.36540213936017624,2016,D
2594,0.10977251872364573,0.1725334833228837,0.7176939979534706,2016,H
2595,0.4144201857795081,0.28875681539308196,0.2968229988274098,2016,D
2596,0.32408790268658777,0.2802739824463292,0.3956381148670831,2016,H
2597,0.39212218043686903,0.22780703137685196,0.38007078818627904,2016,A
2598,0.17553854518652656,0.21311536681294296,0.6113460880005305,2016,H
2599,0.2266345630169614,0.24163338823936395,0.5317320487436746,2016,H
2600,0.2989481122263618,0.2477117782866852,0.4533401094869529,2016,H
2601,0.4112044566688997,0.2753950402387966,0.3134005030923038,2016,A
2602,0.35467477190148894,0.29915370979317435,0.3461715183053367,2016,A
2603,0.3155355347469803,0.2826598588426045,0.40180460641041527,2016,H
2604,0.36567177862198597,0.28472638328033856,0.34960183809767553,2016,H
2605,0.3311235171828376,0.3088881120413964,0.35998837077576595,2016,H
2606,0.4353649270941702,0.28155368803449876,0.28308138487133117,2016,D
2607,0.478511777037202,0.26995389436690675,0.25153432859589114,2016,A
2608,0.20787094301940043,0.23542930566072168,0.5566997513198779,2016,A
2609,0.18763478812588907,0.2210526450015733,0.5913125668725377,2016,H
2610,0.2676252371677007,0.26230681901161795,0.47006794382068134,2016,H
2611,0.5529149362607911,0.2334767924390128,0.21360827130019597,2016,A
2612,0.29410872207748434,0.28802176548042896,0.4178695124420868,2016,H
2613,0.2802473647047753,0.23699218291597363,0.482760452379251,2016,D
2614,0.259814303901556,0.24372855805239857,0.49645713804604535,2016,D
2615,0.3079882957752568,0.26356031169983624,0.4284513925249068,2016,D
2616,0.2836888470606145,0.2734656931905436,0.44284545974884204,2016,A
2617,0.2060317145843726,0.2315667565357249,0.5624015288799025,2016,A
2618,0.29826466892155135,0.3095638404526742,0.39217149062577433,2016,A
2619,0.3748780376878961,0.25295004315221675,0.3721719191598872,2016,A
2620,0.1918893630362913,0.22079779808433306,0.5873128388793757,2016,D
2621,0.5007116616848034,0.2705712649490467,0.22871707336614983,2016,D
2622,0.13689819022929223,0.16799206362057725,0.6951097461501305,2016,H
2623,0.3700818709711105,0.27526096361662405,0.35465716541226555,2016,A
2624,0.6127351303205215,0.2376885674893025,0.14957630219017612,2016,H
2625,0.14759430958331846,0.19974396768597075,0.6526617227307108,2016,H
2626,0.2559346360769496,0.24558505230326114,0.4984803116197892,2016,H
2627,0.3788447026732192,0.2880414384166705,0.33311385891011036,2016,H
2628,0.2454605325182082,0.23596052158542088,0.518578945896371,2016,A
2629,0.30811975769193617,0.2542513042730962,0.43762893803496766,2016,D
2630,0.35619751909961445,0.2552614478665196,0.388541033033866,2016,D
2631,0.31900349776223175,0.27125502785612854,0.4097414743816396,2016,H
2632,0.17540613090929671,0.223316879832794,0.6012769892579093,2016,D
2633,0.15386943496070427,0.19733444596635846,0.6487961190729372,2016,H
2634,0.35494501907219395,0.27140494428842854,0.3736500366393775,2016,A
2635,0.22077649826927295,0.24693483864310806,0.5322886630876189,2016,H
2636,0.43591027147402933,0.27904378648016603,0.2850459420458047,2016,A
2637,0.3639150270258131,0.28354906416099634,0.3525359088131907,2016,A
2638,0.1431567836104236,0.1994019275186515,0.6574412888709249,2016,H
2639,0.3686243330098397,0.28055174355533413,0.3508239234348262,2016,A
2640,0.2514067006795359,0.25598440401116634,0.4926088953092978,2016,H
2641,0.30639472765005576,0.28895911452741707,0.40464615782252716,2016,A
2642,0.30613070906450435,0.26679225447917865,0.4270770364563169,2016,H
2643,0.14521690865511325,0.19914140617209014,0.6556416851727966,2016,H
2644,0.35106077055911794,0.26554843895160146,0.38339079048928054,2016,A
2645,0.11771494813403664,0.1743023925675946,0.7079826592983688,2016,H
2646,0.20063882930154062,0.19696684257239422,0.6023943281260651,2016,H
2647,0.09799108087790274,0.15048041425557276,0.7515285048665244,2016,H
2648,0.30004714362623075,0.2757189104516484,0.4242339459221209,2016,D
2649,0.5324896585989393,0.23631323030530874,0.23119711109575206,2016,A
2650,0.5913585212331136,0.2462191901010562,0.16242228866583022,2016,A
2651,0.24829280306384147,0.25799311014300713,0.49371408679315143,2016,H
2652,0.23296364889894663,0.24964068055413735,0.517395670546916,2016,H
2653,0.09630464838963497,0.17858987416205513,0.7251054774483099,2016,H
2654,0.24373652258033776,0.2598267908709986,0.4964366865486636,2016,A
2655,0.35003424372179054,0.2771988335767651,0.37276692270144435,2016,A
2656,0.3579357861181058,0.28701381247630536,0.3550504014055889,2016,D
2657,0.20151842134977882,0.1933657519893316,0.6051158266608896,2016,H
2658,0.5478869128421696,0.25927519334836086,0.19283789380946945,2016,A
2659,0.08254920042488179,0.13655617962524433,0.7808946199498737,2016,H
2660,0.2149261849186493,0.14118670440135192,0.6438871106799988,2017,H
2661,0.41048987154829125,0.23567645406732554,0.3538336743843833,2017,H
2662,0.36851201015116297,0.2837001740223957,0.3477878158264413,2017,D
2664,0.482847990243627,0.27133813879426066,0.24581387096211238,2017,H
2665,0.12537079048049685,0.16837029646057028,0.7062589130589328,2017,A
2667,0.6428677438480656,0.2450237849592594,0.11210847119267511,2017,D
2668,0.38474739800888175,0.24717325691599953,0.3680793450751188,2017,H
2669,0.7804307598817175,0.08126794074860727,0.13830129936967528,2017,A
2670,0.10194845952439682,0.18048105719350924,0.7175704832820939,2017,H
2671,0.13413068153614383,0.21986915126419423,0.6460001671996619,2017,H
2672,0.6221177970658773,0.24648519668957306,0.1313970062445497,2017,H
2673,0.2391604172291997,0.23563289364942874,0.5252066891213716,2017,A
2674,0.30538239775911874,0.20874628199361756,0.4858713202472636,2017,A
2676,0.4531686908867165,0.2509243082803478,0.2959070008329357,2017,A
2677,0.2768806081296791,0.1867616648333047,0.5363577270370162,2017,A
2679,0.13705681808698944,0.16327579893594002,0.6996673829770705,2017,D
2680,0.6474224215791288,0.23068680946233167,0.12189076895853959,2017,A
2681,0.274364507032639,0.33534229703995744,0.3902931959274035,2017,A
2683,0.14561120845631978,0.1508317183102022,0.7035570732334779,2017,H
2684,0.18880054728755344,0.25501921504731634,0.5561802376651303,2017,H
2686,0.07076393618505959,0.1537561684341987,0.7754798953807417,2017,D
2687,0.25780084957151517,0.18956411327999953,0.5526350371484854,2017,D
2688,0.2223142233746573,0.2363173750054389,0.5413684016199038,2017,H
2689,0.1542641346259914,0.18429508460892688,0.6614407807650817,2017,H
2690,0.07881552828883133,0.19804132219475615,0.7231431495164126,2017,H
2692,0.5654537199822268,0.24953070188917897,0.18501557812859418,2017,A
2693,0.6314783006784137,0.20426608716686456,0.16425561215472165,2017,A
2694,0.3607872778142469,0.3188960469732523,0.3203166752125008,2017,H
2695,0.15154554565409786,0.22934043325021666,0.6191140210956855,2017,A
2696,0.4963645592538654,0.2702865409357646,0.23334889981036985,2017,D
2697,0.4278077203786116,0.2600524509354952,0.31213982868589313,2017,A
2698,0.27702234834909734,0.20957624138085543,0.5134014102700473,2017,H
2701,0.34797383800891685,0.3456363277898209,0.30638983420126237,2017,A
2703,0.07833955110267944,0.20634905608824838,0.7153113928090722,2017,D
2704,0.20842202214427175,0.22170848400280707,0.5698694938529213,2017,H
2705,0.04438185325352642,0.11317984828414583,0.8424382984623279,2017,D
2706,0.6065603499289917,0.23572634077501192,0.1577133092959964,2017,A
2707,0.25075870610130707,0.24375796415443374,0.5054833297442591,2017,D
2708,0.19130240532662687,0.1676000655909771,0.641097529082396,2017,D
2709,0.08776159330929033,0.1516333672011577,0.760605039489552,2017,H
2710,0.4698939919809658,0.2948571150732367,0.2352488929457974,2017,A
2711,0.582125584519487,0.21302657629816604,0.20484783918234692,2017,A
2712,0.5341685361192854,0.2241565992037684,0.24167486467694618,2017,A
2713,0.3117400977683086,0.273338748751852,0.41492115347983943,2017,A
2714,0.3352857572106905,0.1987926107954926,0.46592163199381686,2017,D
2715,0.624081412447309,0.1905424112975956,0.18537617625509537,2017,A
2716,0.04872335019163863,0.09044741676966063,0.8608292330387006,2017,H
2717,0.3117486170004597,0.3008854535291439,0.38736592947039633,2017,H
2718,0.4330328745512705,0.2712780342144986,0.2956890912342311,2017,H
2719,0.16057469575578667,0.2522054549592367,0.5872198492849766,2017,H
2720,0.21052325049045398,0.26907377125733745,0.5204029782522086,2017,H
2721,0.051592723487115674,0.10858870783034058,0.8398185686825438,2017,H
2722,0.25145719493986446,0.2941157388493214,0.4544270662108141,2017,D
2723,0.30420885663559755,0.279279479452044,0.4165116639123585,2017,H
2724,0.44330423454840195,0.24485580196677673,0.31183996348482124,2017,A
2725,0.492151178102655,0.23455510647995984,0.2732937154173851,2017,A
2726,0.30093640226366136,0.30054708348828457,0.3985165142480541,2017,D
2727,0.10803730124243,0.2379895189572205,0.6539731798003494,2017,H
2728,0.24780680361645,0.2822399368202637,0.46995325956328626,2017,A
2729,0.4061634504527934,0.25442521593499823,0.33941133361220843,2017,D
2730,0.06817836956262803,0.12962163071668273,0.8021999997206893,2017,H
2731,0.32151356684225824,0.28737047255814907,0.39111596059959264,2017,H
2732,0.3696473983565173,0.3016482829688469,0.32870431867463573,2017,D
2733,0.062389181287082006,0.09738484437908547,0.8402259743338325,2017,H
2734,0.4493130324471856,0.3785724418166314,0.17211452573618302,2017,H
2735,0.5189971683099345,0.18558085970423419,0.29542197198583137,2017,D
2736,0.555921782521188,0.22886792701845726,0.21521029046035473,2017,H
2737,0.2960004346494953,0.28875486244712023,0.4152447029033844,2017,D
2738,0.344474521402645,0.23492709436490813,0.42059838423244694,2017,D
2739,0.39453874102985953,0.2092302778887619,0.3962309810813786,2017,D
2740,0.18574890862827675,0.28057662210712886,0.5336744692645945,2017,A
2741,0.264024225466958,0.25125529866542695,0.48472047586761513,2017,H
2742,0.27128670661809917,0.27307275380627916,0.4556405395756217,2017,A
2743,0.2678917867952354,0.2951847016468073,0.43692351155795733,2017,A
2744,0.15958209863387224,0.25011326380810966,0.5903046375580181,2017,H
2745,0.3932978490972437,0.32688517115633214,0.2798169797464241,2017,H
2746,0.030639045899178128,0.08368687204540487,0.885674082055417,2017,H
2747,0.1438125052162267,0.1855835468472998,0.6706039479364735,2017,H
2748,0.28816974145287094,0.19538926903730935,0.5164409895098196,2017,H
2749,0.473775505369313,0.3173175803400205,0.20890691429066638,2017,A
2750,0.08765389251845201,0.19859181239244647,0.7137542950891015,2017,H
2751,0.4409738428676081,0.29426359014941295,0.264762566982979,2017,A
2752,0.5082751427262551,0.2689513002028315,0.2227735570709135,2017,D
2753,0.13199905683180158,0.23555046752889425,0.6324504756393041,2017,H
2754,0.35321113419296063,0.25591980952044735,0.39086905628659196,2017,H
2755,0.2890498881460373,0.2484865826000613,0.4624635292539015,2017,A
2756,0.7655942293178043,0.17960791447683874,0.05479785620535702,2017,A
2757,0.39998174735688935,0.23035785253068883,0.3696604001124218,2017,D
2758,0.2986128331186261,0.23773437112598897,0.46365279575538504,2017,H
2759,0.40793092710082346,0.23882561385165252,0.3532434590475241,2017,H
2760,0.3240539190342396,0.3190239845993984,0.356922096366362,2017,D
2761,0.5645692113269262,0.2330298644336947,0.20240092423937917,2017,A
2762,0.21560331901342877,0.33912633541399634,0.44527034557257483,2017,A
2763,0.20986634503680263,0.30583757136473494,0.4842960835984626,2017,H
2764,0.2464678698927919,0.25749259634096944,0.4960395337662386,2017,A
2765,0.12350254169555507,0.23780796349356748,0.6386894948108774,2017,A
2766,0.26990875051805446,0.2240711026328192,0.5060201468491264,2017,H
2767,0.3848663375034316,0.2828896575407068,0.33224400495586165,2017,H
2768,0.2478927833829611,0.19917830077607127,0.5529289158409677,2017,H
2769,0.0831413944755334,0.16545108080877385,0.7514075247156927,2017,H
2770,0.6451436412106644,0.22114988141878922,0.13370647737054633,2017,A
2771,0.17303338826331838,0.24312847835042514,0.5838381333862566,2017,H
2772,0.5204896327122485,0.2762191191705642,0.20329124811718735,2017,A
2773,0.15173015391174438,0.2106355229775278,0.6376343231107278,2017,H
2774,0.27980474480241874,0.23235122601517413,0.487844029182407,2017,H
2775,0.30537535381820474,0.28299624971187193,0.4116283964699234,2017,H
2776,0.24081790603730463,0.31552831150292004,0.44365378245977544,2017,H
2777,0.4036960707371834,0.28637566248232277,0.3099282667804939,2017,D
2778,0.17039894622507581,0.25798195529502543,0.5716190984798988,2017,H
2779,0.22452715096446652,0.23432077790973627,0.5411520711257972,2017,D
2780,0.38266167135625523,0.3357404266634051,0.2815979019803398,2017,D
2781,0.29772875509861807,0.3442098634973534,0.35806138140402854,2017,D
2782,0.3503324024922226,0.27587184694298234,0.3737957505647951,2017,A
2783,0.0814111251858796,0.19713033868461335,0.721458536129507,2017,D
2784,0.21241407823874012,0.2576690702970376,0.5299168514642222,2017,D
2785,0.15133345768495568,0.22704585334161867,0.6216206889734257,2017,H
2786,0.21819735027373463,0.2568962220883782,0.5249064276378872,2017,H
2787,0.4832438739573197,0.2528291799610634,0.2639269460816169,2017,A
2788,0.634861268144535,0.2446707486648184,0.12046798319064647,2017,A
2789,0.26847375402276946,0.32984862936599246,0.4016776166112381,2017,H
2790,0.29471981268057434,0.23418013689732914,0.47110005042209646,2017,D
2791,0.47242095605487133,0.2611115469969135,0.2664674969482152,2017,H
2792,0.3786079986937139,0.24817784022500386,0.3732141610812822,2017,A
2793,0.37416763019288996,0.2582162113083211,0.3676161584987889,2017,D
2794,0.3530340305620849,0.2529483320700331,0.39401763736788203,2017,H
2795,0.5188537242096696,0.286693331620607,0.19445294416972336,2017,A
2796,0.12597215570555953,0.15405969068556608,0.7199681536088745,2017,H
2797,0.07343430423775832,0.16430182944506688,0.7622638663171748,2017,H
2798,0.109947421612702,0.1739361320409594,0.7161164463463385,2017,H
2799,0.2789935769561139,0.23018389530718078,0.49082252773670526,2017,A
2800,0.3200736832374705,0.2750706573788387,0.40485565938369095,2017,H
2801,0.20801834158538765,0.27241099415155945,0.519570664263053,2017,H
2802,0.40866422652034745,0.2608099803019248,0.3305257931777278,2017,D
2803,0.2645855331390992,0.2356918911620289,0.4997225756988718,2017,A
2804,0.4350552338980177,0.28158039373390364,0.28336437236807865,2017,A
2805,0.11082343646426482,0.18126599095691107,0.7079105725788241,2017,H
2806,0.18066759304558325,0.21128140283422062,0.6080510041201961,2017,H
2807,0.4267247536486388,0.26478187137997317,0.30849337497138796,2017,D
2808,0.05620279363310706,0.10954100444577121,0.8342562019211217,2017,H
2809,0.2898324354480501,0.24347860650894962,0.46668895804300026,2017,D
2810,0.27132520146763195,0.26033124690488485,0.4683435516274831,2017,H
2811,0.265973066460017,0.2851702705458379,0.44885666299414506,2017,D
2812,0.2845690217588176,0.33996150471446657,0.37546947352671584,2017,H
2813,0.3931965669961249,0.2814680954978593,0.32533533750601584,2017,A
2814,0.3313004009908176,0.29648715527977554,0.372212443729407,2017,H
2815,0.1386134978460707,0.23533792255275687,0.6260485796011723,2017,H
2816,0.6275176241464745,0.25713966333381333,0.11534271251971215,2017,H
2817,0.09727073127594298,0.1947625088674515,0.7079667598566055,2017,D
2818,0.62266037892415,0.1522798788821673,0.2250597421936826,2017,A
2819,0.5462032514884997,0.22717250250231982,0.2266242460091805,2017,D
2820,0.13844005511188606,0.2025349746992065,0.6590249701889075,2017,H
2821,0.2958588799723519,0.2973834950417713,0.40675762498587686,2017,H
2822,0.4677723440269025,0.2777841102718082,0.2544435457012892,2017,A
2823,0.05600561905190051,0.14729773651595407,0.7966966444321454,2017,D
2824,0.16572720828885937,0.21014545993078956,0.6241273317803511,2017,H
2825,0.30679173195919857,0.35395400162903506,0.33925426641176637,2017,A
2826,0.38834000929747237,0.27050374216480694,0.3411562485377207,2017,A
2827,0.836078215173506,0.1188315543352633,0.04509023049123067,2017,A
2828,0.08183314166742024,0.1796196988953542,0.7385471594372255,2017,H
2829,0.632197244392593,0.22694540860740262,0.1408573470000045,2017,D
2830,0.062196313852008654,0.15941424162865833,0.7783894445193329,2017,H
2831,0.20657611942004178,0.28743522613006905,0.5059886544498892,2017,A
2832,0.2088881562122671,0.26054090807597974,0.5305709357117531,2017,A
2833,0.22614283420942546,0.20464279445281316,0.5692143713377614,2017,A
2834,0.27360229796808805,0.1575354914984749,0.568862210533437,2017,H
2835,0.08201393811640023,0.2007930997467563,0.7171929621368435,2017,H
2836,0.3347797267065771,0.31424439308939134,0.35097588020403153,2017,D
2837,0.43427210384517534,0.28306758659373843,0.28266030956108623,2017,A
2838,0.43231913017110435,0.277886561151586,0.28979430867730976,2017,A
2839,0.2482498785818614,0.2522148610855609,0.49953526033257767,2017,H
2840,0.2663459778955795,0.2850705900758897,0.44858343202853074,2017,D
2841,0.31261706203420436,0.24584190446054152,0.4415410335052542,2017,A
2842,0.44110868093216155,0.2980575426316873,0.2608337764361511,2017,D
2843,0.2952508919788771,0.25657939336962776,0.4481697146514951,2017,H
2844,0.3707657251676484,0.2641569546512732,0.36507732018107836,2017,D
2845,0.6390261870515687,0.19035266081389166,0.17062115213453968,2017,D
2846,0.26230071156997636,0.3048060130791105,0.4328932753509131,2017,D
2847,0.03747822832451372,0.0649546746453137,0.8975670970301727,2017,H
2848,0.37333117146104056,0.27732154666737874,0.3493472818715806,2017,A
2849,0.3312115286549354,0.32906727376464806,0.3397211975804165,2017,H
2850,0.21960109443724213,0.32694556804457714,0.4534533375181806,2017,D
2851,0.053567702516763314,0.17892394819627508,0.7675083492869615,2017,H
2852,0.17791537734358262,0.2700249899529647,0.5520596327034527,2017,D
2853,0.0737891177702013,0.17026645335812027,0.7559444288716785,2017,H
2854,0.2020963745313314,0.1988969154216076,0.5990067100470611,2017,D
2855,0.12069428376550674,0.1830342874818659,0.6962714287526274,2017,H
2856,0.35635298094751605,0.3169570631249609,0.32668995592752315,2017,H
2857,0.26991351272888503,0.36136052241666533,0.3687259648544496,2017,D
2858,0.8456707476947998,0.11383455451661956,0.0404946977885807,2017,A
2859,0.5121493690017056,0.22149647010612813,0.26635416089216635,2017,A
2860,0.1182771178606191,0.17016324922238846,0.7115596329169925,2017,D
2861,0.10785065912838895,0.18223735755834217,0.7099119833132689,2017,H
2862,0.24426509936809643,0.2680837426252936,0.48765115800660996,2017,D
2863,0.05184428758093839,0.1706862328701551,0.7774694795489064,2017,H
2864,0.2562193935789631,0.32809671183278216,0.4156838945882548,2017,H
2865,0.18029971633772002,0.25554549125780085,0.5641547924044791,2017,D
2866,0.18872596126693128,0.21951126861987175,0.5917627701131969,2017,A
2867,0.486065785762879,0.2818452430854766,0.23208897115164429,2017,D
2868,0.7530586610039015,0.17495970735617225,0.07198163163992613,2017,D
2869,0.41524741361889594,0.23312673174768203,0.3516258546334221,2017,D
2870,0.1971457090611423,0.24752799302965628,0.5553262979092015,2017,H
2871,0.5075462257766628,0.2423955708559819,0.25005820336735546,2017,A
2872,0.5342966450456103,0.26725697823607014,0.19844637671831972,2017,A
2873,0.26090127739960306,0.2777046408227777,0.46139408177761926,2017,A
2874,0.04356670322728806,0.11302185384051984,0.8434114429321922,2017,H
2875,0.3443002282285755,0.25022500760414146,0.40547476416728295,2017,A
2876,0.6168091865224008,0.27579760569674905,0.1073932077808502,2017,A
2877,0.4201236392817926,0.20004646938203283,0.37982989133617456,2017,H
2878,0.5021878361294684,0.25311110745141335,0.24470105641911827,2017,D
2879,0.15327516829164925,0.1995566143010546,0.6471682174072962,2017,D
2880,0.2265513290464373,0.2846953300433502,0.48875334091021255,2017,A
2881,0.20462523522191062,0.30189858672260805,0.4934761780554813,2017,H
2882,0.2961715202121912,0.24344139417400287,0.4603870856138058,2017,D
2883,0.24646127287642172,0.25111903405471553,0.5024196930688627,2017,H
2884,0.07822944005865963,0.1637140675647423,0.758056492376598,2017,D
2885,0.3113115529821127,0.2223437986057703,0.4663446484121169,2017,D
2886,0.10073085682376678,0.19389291832131855,0.7053762248549147,2017,H
2887,0.44299720561770567,0.28796724697061254,0.26903554741168184,2017,H
2888,0.30908228460543397,0.22486112568151703,0.46605658971304886,2017,H
2889,0.07239353554859843,0.1499360642319327,0.7776704002194689,2017,H
2890,0.3425810165524758,0.29237685432519656,0.36504212912232764,2017,H
2891,0.05771106028821105,0.16964090280555508,0.7726480369062338,2017,H
2892,0.20436947928301605,0.22237489693931387,0.57325562377767,2017,H
2893,0.43634193379291164,0.20410775182459875,0.35955031438248963,2017,D
2894,0.5897025069932551,0.20811640338553733,0.20218108962120754,2017,A
2895,0.37346777620431704,0.24632356005147674,0.38020866374420625,2017,D
2896,0.26314703615148555,0.20772129614959675,0.5291316676989177,2017,H
2897,0.661820414102032,0.1914105657409825,0.14676902015698537,2017,A
2898,0.6017465238182431,0.25806275748437446,0.14019071869738248,2017,D
2899,0.64021082352708,0.24987758232423962,0.10991159414868033,2017,H
2900,0.49131538139391967,0.327324186509173,0.1813604320969073,2017,A
2901,0.5218159466235249,0.2922556757913035,0.18592837758517156,2017,H
2902,0.29577562677505354,0.20380756282090767,0.5004168104040387,2017,D
2903,0.22273006205879406,0.21651317293248507,0.5607567650087208,2017,D
2904,0.3181870728811271,0.230918530241342,0.4508943968775309,2017,H
2905,0.2989148357601333,0.2812963423862571,0.4197888218536096,2017,D
2906,0.2965421338558795,0.26558581022544947,0.43787205591867107,2017,D
2907,0.11687158797767197,0.17395311112451006,0.709175300897818,2017,A
2908,0.0726395303101664,0.15027844229727186,0.7770820273925618,2017,H
2909,0.4098395261507474,0.28187934714098317,0.30828112670826935,2017,H
2910,0.1441779574871458,0.1850510371954225,0.6707710053174317,2017,H
2911,0.1783613687956409,0.22142603043232792,0.6002126007720311,2017,H
2912,0.31551130711305364,0.27688360124355643,0.40760509164339,2017,H
2913,0.5801185903786498,0.207035252406628,0.2128461572147222,2017,D
2914,0.19908519014303525,0.257903898667256,0.5430109111897088,2017,D
2915,0.10412107653973805,0.19395675277738195,0.70192217068288,2017,H
2916,0.33261355774822876,0.29169872446428424,0.37568771778748694,2017,A
2917,0.23384805429092728,0.3104842855472521,0.4556676601618206,2017,D
2918,0.3194655257986178,0.2671482650222275,0.41338620917915464,2017,D
2919,0.5351311501994612,0.2727475924541532,0.1921212573463856,2017,H
2920,0.3759923199268105,0.2908179046739369,0.3331897753992527,2017,H
2921,0.10576328918069533,0.23263526086694658,0.6616014499523581,2017,H
2922,0.28955471241244574,0.2758673147758766,0.4345779728116777,2017,D
2923,0.2628373094028433,0.27974745360696474,0.45741523699019193,2017,H
2924,0.1387999301120848,0.2410026736881026,0.6201973961998126,2017,H
2925,0.4099308359887573,0.27950602887422343,0.31056313513701933,2017,H
2926,0.41954164380913606,0.3948674609901896,0.1855908952006744,2017,H
2927,0.5198964118261706,0.264084843590836,0.2160187445829933,2017,H
2928,0.5199883408779064,0.22721976465600302,0.2527918944660907,2017,A
2929,0.08548623376936478,0.17685431052546513,0.73765945570517,2017,H
2930,0.22741280201681147,0.29657194171691614,0.47601525626627234,2017,H
2931,0.3558930752431361,0.30579767281261117,0.3383092519442527,2017,A
2932,0.14860880353333855,0.24168261796808038,0.6097085784985811,2017,H
2933,0.20218502093643473,0.27928693106741065,0.5185280479961546,2017,D
2934,0.2799433635719122,0.23018626986980456,0.4898703665582833,2017,D
2935,0.24200581235725105,0.2832103189353773,0.47478386870737166,2017,D
2936,0.2503818706480338,0.2959109988122418,0.45370713053972445,2017,H
2937,0.5913172854400732,0.26686848080554676,0.14181423375438007,2017,A
2938,0.2719921550383115,0.2769929294667567,0.4510149154949318,2017,H
2939,0.5782259455547988,0.19637412376255414,0.22539993068264708,2017,A
2940,0.12146018859691173,0.22128429137876443,0.657255520024324,2017,H
2941,0.08357323173346558,0.212593251117297,0.7038335171492376,2017,H
2942,0.3372581207986532,0.3325935383055839,0.3301483408957629,2017,H
2943,0.2641323387687288,0.3080482624088747,0.42781939882239645,2017,D
2944,0.08447230446108571,0.20640126984745866,0.7091264256914556,2017,H
2945,0.31388859727452917,0.25581800986699055,0.43029339285848034,2017,H
2946,0.2733926720408719,0.2954568783307684,0.4311504496283598,2017,D
2947,0.269508126752194,0.28348331035544305,0.44700856289236296,2017,H
2948,0.11429385098921298,0.20234770427638019,0.6833584447344068,2017,H
2949,0.46847700587456975,0.296436002920812,0.23508699120461815,2017,A
2950,0.3069868896617878,0.2811067722328963,0.4119063381053159,2017,H
2951,0.42050209420187923,0.2629716860414797,0.3165262197566411,2017,H
2952,0.16005113909740976,0.2600698429445745,0.5798790179580158,2017,H
2953,0.28104493083753057,0.29408911644605895,0.4248659527164105,2017,A
2954,0.33948406552415417,0.3101359046355291,0.3503800298403167,2017,H
2955,0.3790754484985532,0.336981810926357,0.28394274057508984,2017,D
2956,0.5532293865473042,0.253322743738412,0.19344786971428363,2017,A
2957,0.3137697847027911,0.2652114565108327,0.42101875878637623,2017,H
2958,0.6361499396605793,0.1971051259302923,0.16674493440912835,2017,A
2959,0.7237900456660751,0.1762978023106159,0.09991215202330889,2017,A
2960,0.1440867834826069,0.22316059412627448,0.6327526223911186,2017,H
2961,0.1629377178740391,0.2621940551737974,0.5748682269521636,2017,A
2962,0.16104232300640708,0.2397732755356061,0.5991844014579868,2017,H
2963,0.4707879231993516,0.24415092888726694,0.2850611479133814,2017,A
2964,0.3970194455531245,0.3155140344506352,0.2874665199962403,2017,H
2965,0.2931140423007993,0.31269805042330917,0.39418790727589154,2017,D
2966,0.3176203915892474,0.2596844025547046,0.42269520585604803,2017,H
2967,0.35533489579387534,0.3584511120801537,0.28621399212597093,2017,A
2968,0.4023757591717891,0.22727944395600452,0.37034479687220645,2017,A
2969,0.11358876424247043,0.2016143153525369,0.6847969204049927,2017,H
2970,0.5675276245178087,0.22330085877934958,0.20917151670284162,2017,A
2971,0.640714813279102,0.20654173153253289,0.15274345518836518,2017,A
2972,0.09808403630077503,0.1758272752802647,0.7260886884189603,2017,H
2973,0.4293181181829531,0.233444982547935,0.3372368992691119,2017,A
2974,0.348561660781568,0.3278687476692304,0.32356959154920156,2017,A
2975,0.7594414004007812,0.16822993411448445,0.07232866548473425,2017,A
2976,0.19430679140201895,0.21992458409323057,0.5857686245047504,2017,A
2977,0.29336845811756185,0.4017053701381139,0.3049261717443242,2017,D
2978,0.5733849315949792,0.2523140462946807,0.1743010221103402,2017,D
2979,0.2146561526193833,0.252175313935051,0.5331685334455657,2017,D
2980,0.1806644693866702,0.23849113991517912,0.5808443906981506,2017,A
2981,0.1591214500060435,0.24306742930363118,0.5978111206903253,2017,D
2982,0.16854059297557072,0.17367128618015962,0.6577881208442697,2017,H
2983,0.1744323401858339,0.24605971125695333,0.5795079485572129,2017,D
2984,0.449225351053514,0.3068215407048498,0.24395310824163613,2017,A
2985,0.3355610697283349,0.2800848392398444,0.3843540910318207,2017,D
2986,0.29129028299162096,0.21881609934242258,0.4898936176659565,2017,A
2987,0.41436632556155545,0.22848587142453422,0.35714780301391036,2017,H
2988,0.4009528308352181,0.22581019950174186,0.37323696966304,2017,H
2989,0.32128255149965507,0.24731530367214546,0.4314021448281995,2017,H
2990,0.11626986503477531,0.23163135606651297,0.6520987788987116,2017,H
2991,0.49839855341465744,0.2464886900094004,0.25511275657594223,2017,H
2992,0.1385569795931881,0.16957823134270916,0.6918647890641026,2017,A
2993,0.17870643976523784,0.25421471842222,0.5670788418125422,2017,D
2994,0.360060672122502,0.2989198946600016,0.3410194332174965,2017,D
2995,0.3525502128848687,0.3224829377398427,0.3249668493752884,2017,A
2996,0.4406092338641722,0.2085108657169191,0.3508799004189087,2017,A
2997,0.1621593155379028,0.19307320054104174,0.6447674839210554,2017,D
2998,0.23178690098976457,0.33930149357782,0.42891160543241535,2017,D
2999,0.6465004105298614,0.23459840320614353,0.11890118626399503,2017,D
3000,0.15616738456701698,0.19981892067875995,0.6440136947542231,2017,H
3001,0.05037706562737263,0.15888160824863373,0.7907413261239936,2017,H
3002,0.4569111583589928,0.2877387882587672,0.25535005338224,2017,D
3003,0.2655774605009312,0.30143264530684316,0.4329898941922257,2017,H
3004,0.23312028090323184,0.2471890694965189,0.5196906496002494,2017,D
3005,0.4132138089950997,0.25224548365885524,0.33454070734604496,2017,H
3006,0.2834778554018962,0.2960488400537992,0.42047330454430454,2017,A
3007,0.045502641116425234,0.14291133793449604,0.8115860209490787,2017,D
3008,0.18311715912913143,0.29560992674244546,0.5212729141284231,2017,A
3009,0.34361504783800406,0.25584655030961223,0.40053840185238376,2017,H
3010,0.6176037663906142,0.23560697041049597,0.14678926319888977,2017,A
3011,0.33611196544066435,0.26414988497012837,0.39973814958920717,2017,H
3012,0.6644760053953601,0.20760398974428249,0.1279200048603573,2017,A
3013,0.1502361371511317,0.17109902487804093,0.6786648379708274,2017,H
3014,0.38281505789016973,0.31071124805084105,0.30647369405898933,2017,H
3015,0.188570580670426,0.2541875449635132,0.5572418743660608,2017,H
3016,0.23898640274939187,0.23642721310806486,0.5245863841425432,2017,D
3017,0.1518343980406632,0.2571930008475509,0.5909726011117858,2017,A
3018,0.494316397841087,0.2622320202288503,0.2434515819300626,2017,A
3019,0.23721251215051142,0.2813430101202123,0.4814444777292764,2017,H
3020,0.4845714057269221,0.2847991850555881,0.23062940921748973,2017,H
3021,0.14327931702030552,0.2059443381678968,0.6507763448117977,2017,H
3022,0.3708088530499855,0.28059022245474585,0.3486009244952686,2017,H
3023,0.051333843389698174,0.11744816524542229,0.8312179913648796,2017,D
3024,0.32547534814005713,0.3300204532395199,0.34450419862042303,2017,A
3025,0.1165434928953577,0.21269954895029364,0.6707569581543485,2017,D
3026,0.37668382928827937,0.3650961531712647,0.2582200175404559,2017,H
3027,0.05966631320237286,0.15903937924669068,0.7812943075509364,2017,H
3028,0.1798448461886481,0.26287620997604205,0.5572789438353097,2017,H
3029,0.4948807220024777,0.24020407684505735,0.2649152011524649,2017,D
3030,0.22429432026064772,0.3480624365397387,0.42764324319961367,2017,A
3031,0.383523036290739,0.3096455811668379,0.30683138254242315,2017,H
3032,0.6466319573523915,0.21659318319976262,0.13677485944784587,2017,A
3033,0.4048286480977834,0.34669918991004545,0.24847216199217115,2017,H
3034,0.2119998205746831,0.22583989655542394,0.562160282869893,2017,H
3035,0.09552190521450903,0.2246272741931108,0.6798508205923802,2017,H
3036,0.40671462416062465,0.3074783679173921,0.28580700792198316,2017,A
3037,0.22521777455136316,0.25147363440715664,0.5233085910414802,2017,A
3038,0.13355326020452563,0.2217864318067684,0.644660307988706,2017,H
3039,0.22941690617086682,0.2239010602274586,0.5466820336016746,2017,H
3040,0.27020455382778363,0.21587107402692357,0.5139243721452927,2018,H
3041,0.5327868667548465,0.4639836906609511,0.0032294425842023396,2018,H
3042,0.9682273584459137,0.0010807911681423327,0.030691850385943915,2018,A
3043,0.4818877627442526,0.2654199584749596,0.2526922787807878,2018,A
3044,0.4365902158925372,0.2617913065450787,0.3016184775623841,2018,A
3045,0.20172454579267873,0.29105483533248333,0.5072206188748379,2018,H
3046,0.9905592234257693,7.163727991960082e-05,0.00936913929431109,2018,D
3047,0.6361658000259983,0.1885407418301273,0.17529345814387434,2018,A
3048,0.1568986549297049,0.22669930112001688,0.6164020439502782,2018,H
3049,0.3815113875813988,0.24384755945517397,0.3746410529634272,2018,D
3050,0.4860062298501538,0.254618448498736,0.2593753216511101,2018,D
3051,0.11580728120363412,0.2771268950840294,0.6070658237123364,2018,H
3052,0.23825211643248986,0.2926852971410822,0.4690625864264279,2018,H
3053,0.20488667300486657,0.28847323790316165,0.5066400890919718,2018,H
3054,0.1606155588842661,0.189970659555752,0.649413781559982,2018,H
3055,0.5473438677277719,0.2431618481120529,0.20949428416017518,2018,A
3056,0.5197508939059468,0.28890080767318876,0.19134829842086448,2018,H
3057,0.24457019039681524,0.2743739153316116,0.481055894271573,2018,A
3058,0.054062342089230705,0.16559579755053877,0.7803418603602306,2018,H
3059,0.41087623984852223,0.2579068080561329,0.3312169520953448,2018,A
3060,0.6814549935906713,0.213398620104271,0.10514638630505763,2018,D
3061,0.04371352063740445,0.13704085131677693,0.8192456280458187,2018,H
3062,0.3495189759993027,0.2766140470846798,0.3738669769160174,2018,A
3063,0.2557331450314729,0.2509345954278863,0.4933322595406409,2018,D
3064,0.29393635623400066,0.28722148207256276,0.41884216169343663,2018,D
3065,0.18827765203072688,0.26009704361038605,0.5516253043588871,2018,H
3066,0.27865654776899995,0.2963828558441003,0.42496059638689976,2018,H
3067,0.4685776154984149,0.2643593358314836,0.2670630486701014,2018,A
3068,0.267813006628824,0.29939367154335544,0.4327933218278206,2018,H
3069,0.3627722817768498,0.3062721093916077,0.33095560883154246,2018,A
3070,0.21728523167051086,0.28651004598108293,0.4962047223484063,2018,A
3071,0.29202694194843826,0.3064055056631288,0.40156755238843295,2018,A
3072,0.0663432156090327,0.1683111177615162,0.765345666629451,2018,H
3073,0.15658930954729022,0.22269112308149816,0.6207195673712116,2018,H
3074,0.41569841229293714,0.2727254784149163,0.31157610929214663,2018,D
3075,0.09355997360490476,0.2029416205640845,0.7034984058310108,2018,D
3076,0.5421068808551376,0.2426396348065429,0.21525348433831942,2018,A
3077,0.46551265828508975,0.278287914188265,0.25619942752664526,2018,A
3078,0.3614991011081881,0.28078534023930946,0.3577155586525024,2018,A
3079,0.37104226358641035,0.30912989411106906,0.31982784230252065,2018,H
3080,0.43202587134523146,0.2792631430537705,0.2887109856009981,2018,A
3081,0.42148548714518896,0.32199514265193224,0.2565193702028789,2018,A
3082,0.35871687408886976,0.2851759860295985,0.35610713988153164,2018,A
3083,0.06388299002211631,0.15974911590399238,0.7763678940738913,2018,H
3084,0.2392452459336301,0.2672129106823427,0.4935418433840272,2018,H
3085,0.07255915451369482,0.14938813891364675,0.7780527065726585,2018,H
3086,0.3479188291769004,0.23511182653608917,0.4169693442870103,2018,A
3087,0.16476306655848896,0.22831201378933502,0.606924919652176,2018,A
3088,0.16309214750979284,0.2459998468069114,0.5909080056832957,2018,H
3089,0.16778426885810796,0.21754392005567552,0.6146718110862165,2018,D
3090,0.14353573393260977,0.17582622219275598,0.6806380438746342,2018,H
3091,0.1356125067596424,0.24687514937096286,0.6175123438693948,2018,H
3092,0.38319192735431346,0.27300350305141896,0.34380456959426764,2018,D
3093,0.2242490831764833,0.2370613650327453,0.5386895517907714,2018,D
3094,0.7003820901964237,0.19827937344425445,0.10133853635932187,2018,A
3095,0.4982228182312325,0.28825670264312747,0.21352047912564004,2018,H
3096,0.15462345729522137,0.23576947266897563,0.609607070035803,2018,D
3097,0.4199570165152917,0.27911692501519386,0.3009260584695145,2018,A
3098,0.20382405563832628,0.20436314182254173,0.5918128025391319,2018,H
3099,0.6674864699560255,0.20530987091266992,0.12720365913130455,2018,D
3100,0.25349074875517535,0.21895241271642038,0.5275568385284042,2018,H
3101,0.24913630325001848,0.28601520251494045,0.4648484942350411,2018,D
3102,0.1553209791811961,0.27733762832523573,0.5673413924935682,2018,H
3103,0.5753810985826971,0.26792712852160394,0.15669177289569888,2018,A
3104,0.03439046857811938,0.1037954854870323,0.8618140459348482,2018,H
3105,0.48750498162973777,0.287803903265909,0.2246911151043533,2018,A
3106,0.5399744109116504,0.2189264855613301,0.24109910352701944,2018,H
3107,0.20166830025046056,0.2578770633351638,0.5404546364143756,2018,H
3108,0.27047408766415976,0.33627746844831147,0.39324844388752883,2018,A
3109,0.2453229500127822,0.25217602975726616,0.5025010202299516,2018,H
3110,0.26400535755835774,0.29446681418608167,0.4415278282555607,2018,H
3111,0.34603560655278187,0.22619454912125075,0.4277698443259674,2018,D
3112,0.2705892764074798,0.29054961419679065,0.4388611093957296,2018,A
3113,0.2927368573292378,0.23640747259945294,0.47085567007130924,2018,A
3114,0.08250189441706236,0.23185219793692302,0.6856459076460146,2018,H
3115,0.0921011155523634,0.1610967946989878,0.7468020897486488,2018,H
3116,0.24754724552647558,0.23089890952276368,0.5215538449507607,2018,A
3117,0.5745486569101876,0.2405584807921001,0.18489286229771235,2018,A
3118,0.4269741611428118,0.2554891359378327,0.31753670291935565,2018,D
3119,0.5434658458719899,0.26996873129686993,0.18656542283114017,2018,A
3120,0.02334817216726883,0.1439609205190891,0.8326909073136421,2018,H
3121,0.20387079745122963,0.20865126656142474,0.5874779359873455,2018,A
3122,0.35153365846579604,0.30287759951066673,0.3455887420235372,2018,A
3123,0.5244748993023749,0.2486601611454372,0.22686493955218792,2018,A
3124,0.17175778310490827,0.19821878597943096,0.6300234309156607,2018,D
3125,0.2066936775836628,0.2222142020704193,0.5710921203459179,2018,D
3126,0.4203356445105461,0.33129468185471644,0.24836967363473733,2018,A
3127,0.26006014515937403,0.31244660794384704,0.427493246896779,2018,H
3128,0.1842281841784643,0.23089945254281882,0.5848723632787168,2018,H
3129,0.2748615337075653,0.18822936122630568,0.536909105066129,2018,H
3130,0.22762503189815173,0.2505274346488335,0.5218475334530148,2018,D
3131,0.0838223587594889,0.1804830466797836,0.7356945945607275,2018,H
3132,0.1966998799263871,0.20615427969585104,0.5971458403777619,2018,H
3133,0.4709348712165233,0.2690653477961275,0.2599997809873492,2018,A
3134,0.19020188908492766,0.27166126511895605,0.5381368457961162,2018,D
3135,0.45973372098974186,0.21738508219025812,0.3228811968200001,2018,H
3136,0.7127219992124063,0.16994948656500664,0.11732851422258703,2018,A
3137,0.44252004535802103,0.3368128697859106,0.22066708485606829,2018,D
3138,0.38501648885508893,0.22926583741735024,0.3857176737275609,2018,H
3139,0.5365096041875819,0.21864873179879854,0.2448416640136197,2018,A
3140,0.0670822009765954,0.23762802599233462,0.6952897730310699,2018,H
3141,0.5366154298229642,0.24486757143756657,0.21851699873946928,2018,H
3142,0.418388644788527,0.2533052541291488,0.3283061010823243,2018,D
3143,0.255086870064152,0.314211350531506,0.43070177940434207,2018,A
3144,0.31570493006019623,0.2515194038214056,0.4327756661183982,2018,A
3145,0.38897255485699656,0.29828515853778687,0.31274228660521664,2018,A
3146,0.13577856231019692,0.25034811519284245,0.6138733224969606,2018,H
3147,0.10025317960717017,0.162172856458159,0.7375739639346709,2018,H
3148,0.051237764202063475,0.13046615292514535,0.8182960828727912,2018,H
3149,0.210243482582757,0.2907770418389635,0.49897947557827943,2018,H
3150,0.14549758745019967,0.3068892174422201,0.5476131951075802,2018,H
3151,0.4393756742571413,0.31620781634743167,0.24441650939542697,2018,A
3152,0.36089404758852656,0.32012101293852296,0.31898493947295053,2018,D
3153,0.07960362823378998,0.17870770902410715,0.7416886627421029,2018,D
3154,0.4458262827141609,0.26292883331280964,0.29124488397302933,2018,H
3155,0.33435758486222383,0.2531476968766864,0.41249471826108985,2018,D
3156,0.1252552909942329,0.18049382745422018,0.6942508815515469,2018,H
3157,0.05512382847366382,0.13882210018551502,0.8060540713408212,2018,H
3158,0.18971394797218422,0.1982361049165007,0.612049947111315,2018,D
3159,0.21776772595734323,0.18819026441584574,0.5940420096268111,2018,D
3160,0.5271337557879928,0.23298300199043398,0.2398832422215732,2018,D
3161,0.15914151703662768,0.2558789024248472,0.5849795805385252,2018,H
3162,0.36634102148777176,0.32772824481811913,0.3059307336941091,2018,H
3163,0.144089776409403,0.19969673019937545,0.6562134933912216,2018,D
3164,0.46913484547612566,0.23687204071888274,0.29399311380499166,2018,H
3165,0.48374428428037075,0.24179987710503414,0.27445583861459505,2018,A
3166,0.5901557693325213,0.23400874900063579,0.17583548166684282,2018,A
3167,0.32100463895379744,0.26989334887694255,0.40910201216926,2018,A
3168,0.17230604234765162,0.24688941154462016,0.5808045461077281,2018,A
3169,0.4960770369613136,0.23742283333031594,0.26650012970837045,2018,A
3170,0.4737109633338019,0.23764111275234762,0.2886479239138505,2018,H
3171,0.18236877746700686,0.25047168503965905,0.5671595374933341,2018,H
3172,0.1500595493175287,0.29872691258295164,0.5512135380995197,2018,A
3173,0.19616868272205512,0.2548079898453487,0.5490233274325962,2018,H
3174,0.06706850823442016,0.11361913468995154,0.8193123570756283,2018,H
3175,0.304727466085294,0.21052780496355622,0.4847447289511498,2018,A
3176,0.3082928042688664,0.31361865516465137,0.37808854056648217,2018,D
3177,0.22314578421783723,0.2486016259159434,0.5282525898662195,2018,H
3178,0.06308914037966197,0.1667404409777781,0.77017041864256,2018,H
3179,0.15600222768251382,0.2120490899661128,0.6319486823513734,2018,H
3180,0.6007684900846809,0.2721930430092346,0.1270384669060845,2018,A
3181,0.18383419255317526,0.24170682104807162,0.5744589863987531,2018,H
3182,0.3556740648522087,0.25894500581943863,0.38538092932835266,2018,H
3183,0.18930866722307352,0.26671439896026117,0.5439769338166652,2018,H
3184,0.7560144941785105,0.16301702097906798,0.08096848484242143,2018,A
3185,0.123499816559971,0.22909663901086416,0.6474035444291648,2018,D
3186,0.4990789588905941,0.2781713672606627,0.2227496738487431,2018,D
3187,0.33770112376068456,0.23881327320080495,0.42348560303851046,2018,D
3188,0.22137386600160736,0.2183800217010305,0.5602461122973622,2018,H
3189,0.3738058520309856,0.29122240704655306,0.33497174092246135,2018,H
3190,0.1330712001511592,0.20582377270940116,0.6611050271394396,2018,H
3191,0.5786085930985728,0.19977245430827972,0.22161895259314746,2018,A
3192,0.48696455356229396,0.25706336997758683,0.2559720764601192,2018,H
3193,0.2826172211634532,0.27852817535856955,0.4388546034779772,2018,A
3194,0.4084857483214365,0.302816813323474,0.2886974383550896,2018,H
3195,0.34916403043170763,0.24692267802557258,0.4039132915427197,2018,H
3196,0.12480261957386775,0.21906740052725956,0.6561299798988727,2018,H
3197,0.22819987787767912,0.2338370634865618,0.5379630586357591,2018,H
3198,0.2831647061791543,0.2444654946904207,0.4723697991304251,2018,A
3199,0.15490768672981717,0.21378373999645245,0.6313085732737305,2018,D
3200,0.1988936179490884,0.201116194594482,0.5999901874564295,2018,H
3201,0.07252114105130583,0.16987703537258833,0.7576018235761058,2018,H
3202,0.24972053485867976,0.29360325836602574,0.4566762067752945,2018,A
3203,0.1407695112054043,0.2293619919816769,0.6298684968129189,2018,H
3204,0.27094839208414273,0.28413539019621087,0.44491621771964635,2018,H
3205,0.27247987914196253,0.27689009795581954,0.45063002290221793,2018,H
3206,0.5434389492409348,0.2652577358751899,0.19130331488387525,2018,A
3207,0.3733248026230569,0.27862236035550836,0.3480528370214347,2018,A
3208,0.21011593940659315,0.2072503140610913,0.5826337465323155,2018,H
3209,0.5590056123964786,0.22832091855556771,0.21267346904795364,2018,H
3210,0.6402020431358411,0.20029685127296057,0.15950110559119832,2018,A
3211,0.28863723816588904,0.3085830401152538,0.4027797217188573,2018,A
3212,0.29223965218392034,0.23517818366069668,0.47258216415538307,2018,A
3213,0.2533284728192442,0.2361547681723874,0.5105167590083685,2018,D
3214,0.1111472984654255,0.19408858450413694,0.6947641170304375,2018,A
3215,0.33319547283461315,0.2631642463245339,0.4036402808408529,2018,H
3216,0.0575711658072497,0.17616231395263848,0.7662665202401119,2018,H
3217,0.1217671219820816,0.19230968926304684,0.6859231887548716,2018,A
3218,0.3974333124928318,0.268752483592872,0.333814203914296,2018,A
3219,0.36877638761087733,0.30043152846672583,0.33079208392239695,2018,A
3220,0.16087059404220497,0.1728167970968861,0.6663126088609089,2018,H
3221,0.07628157689195487,0.13034343124330108,0.7933749918647441,2018,H
3222,0.11449981218315942,0.14608264547342834,0.7394175423434123,2018,H
3223,0.2875888234371585,0.3033095416187334,0.409101634944108,2018,D
3224,0.5594134869193581,0.1904766739761656,0.2501098391044763,2018,H
3225,0.43833989255385153,0.2622466405239632,0.29941346692218535,2018,A
3226,0.3857308210835847,0.2953504205062975,0.31891875841011785,2018,D
3227,0.18116236071508068,0.22471287421686822,0.5941247650680511,2018,D
3228,0.3562860055074294,0.25147657206141016,0.39223742243116044,2018,A
3229,0.3632653391268578,0.2558085939493381,0.38092606692380415,2018,A
3230,0.39011735241693624,0.25440483013601856,0.35547781744704515,2018,H
3231,0.2605913123310306,0.25345962247275167,0.48594906519621783,2018,H
3232,0.12210574626449937,0.20514867307433712,0.6727455806611635,2018,A
3233,0.10679408447078177,0.12649868200054973,0.7667072335286685,2018,H
3234,0.11398690929085048,0.17922493501994669,0.7067881556892027,2018,A
3235,0.1495556054512939,0.24984010272712667,0.6006042918215794,2018,D
3236,0.11903260023490463,0.15206611361258884,0.7289012861525064,2018,H
3237,0.6194321865116572,0.1896186543773633,0.19094915911097946,2018,A
3238,0.41228753385953926,0.26236838449712,0.3253440816433408,2018,A
3239,0.5390188313432938,0.2889145418118849,0.1720666268448214,2018,H
3240,0.1401399184185065,0.255712879456733,0.6041472021247605,2018,H
3241,0.5695020902938923,0.23410414046943284,0.19639376923667487,2018,A
3242,0.24358657288026775,0.24259500348459717,0.5138184236351351,2018,A
3243,0.3128868629820283,0.34992321674985916,0.3371899202681125,2018,D
3244,0.09638231283702924,0.2051215973591774,0.6984960898037935,2018,D
3245,0.2247155942669959,0.3634324462394209,0.4118519594935833,2018,A
3246,0.4506180109621667,0.31378372504450586,0.23559826399332753,2018,A
3247,0.2337840484136347,0.2797038338288239,0.48651211775754133,2018,D
3248,0.1821004096787467,0.25427843281789725,0.5636211575033561,2018,A
3249,0.45062480863834364,0.2694727294323965,0.27990246192925977,2018,H
3250,0.3896557361064458,0.26984890731200595,0.3404953565815482,2018,H
3251,0.15490539875514459,0.26377588395309404,0.5813187172917614,2018,A
3252,0.27003677674504856,0.2420341446928661,0.4879290785620854,2018,D
3253,0.09540818688588194,0.23916543405630325,0.6654263790578149,2018,H
3254,0.29697466160594455,0.27930058252035755,0.42372475587369784,2018,A
3255,0.5806164896698882,0.2503096979258893,0.16907381240422248,2018,A
3256,0.2826316863075811,0.2750836019333679,0.44228471175905093,2018,H
3257,0.33366759764470016,0.25478396500903977,0.41154843734626,2018,H
3258,0.21222360985103403,0.264980428071298,0.5227959620776679,2018,A
3259,0.10270976566524538,0.20801178614730706,0.6892784481874475,2018,H
3260,0.47565821298670863,0.22284623104743587,0.3014955559658555,2018,H
3261,0.3392163185985055,0.278512405507795,0.3822712758936995,2018,H
3262,0.17509363495725147,0.31629177973898476,0.5086145853037638,2018,H
3263,0.36699405795134726,0.23990059477900946,0.39310534726964336,2018,D
3264,0.08282089999995282,0.18573980290232622,0.731439297097721,2018,H
3265,0.3279357874189004,0.2803332841324514,0.3917309284486482,2018,H
3266,0.14427903427608618,0.20055141365545784,0.655169552068456,2018,H
3267,0.2978603372148354,0.30189853786092713,0.40024112492423747,2018,H
3268,0.47310925250318336,0.33487164185528656,0.19201910564152994,2018,A
3269,0.6774712318822907,0.19705053810758413,0.1254782300101252,2018,A
3270,0.07567315798470581,0.18455145989291255,0.7397753821223815,2018,H
3271,0.22928386329293102,0.33526494764114356,0.4354511890659255,2018,H
3272,0.42891126724846057,0.31160969188614396,0.2594790408653955,2018,A
3273,0.14767022178012584,0.18674683816592913,0.665582940053945,2018,D
3274,0.7041323596264996,0.18456839495145613,0.11129924542204432,2018,H
3275,0.3388753523755012,0.23264456813282497,0.4284800794916739,2018,H
3276,0.39976319658562465,0.2307582332848402,0.36947857012953517,2018,D
3277,0.13249708378330316,0.19292914744806525,0.6745737687686316,2018,H
3278,0.10287697667210728,0.17054478924582347,0.7265782340820692,2018,D
3279,0.3646679508357255,0.2957842352114187,0.33954781395285577,2018,H
3280,0.27675733177311596,0.29808789660096835,0.4251547716259158,2018,D
3281,0.225042853494112,0.29098767841309553,0.48396946809279245,2018,D
3282,0.4703070543210327,0.28975133632133204,0.2399416093576351,2018,H
3283,0.08273981247770705,0.2343193648315985,0.6829408226906944,2018,H
3284,0.30088142653070854,0.2536014040664014,0.4455171694028901,2018,H
3285,0.25986986532357204,0.23983584107292544,0.5002942936035025,2018,A
3286,0.12252276072076092,0.19637923373985383,0.6810980055393853,2018,H
3287,0.1289103460235063,0.24807777533611097,0.6230118786403828,2018,H
3288,0.4354014303742814,0.277349547431155,0.28724902219456355,2018,A
3289,0.5266623253874874,0.28215935051392715,0.19117832409858534,2018,D
3290,0.5232693372044908,0.2456386371656492,0.23109202562986006,2018,A
3291,0.2728628645138521,0.2970322003658708,0.43010493512027703,2018,A
3292,0.2546475195735437,0.25262993122153937,0.492722549204917,2018,D
3293,0.5781776189594249,0.24408533648312108,0.17773704455745412,2018,A
3294,0.4381906040673123,0.35438105037288614,0.2074283455598016,2018,A
3295,0.1259225621640728,0.2557715449827201,0.618305892853207,2018,H
3296,0.30563868670474736,0.2535079796258134,0.4408533336694392,2018,A
3297,0.3121317540111169,0.21905521625171398,0.46881302973716915,2018,H
3298,0.20643836085082598,0.22469255204571875,0.5688690871034553,2018,H
3299,0.1449004585204112,0.17282157199509154,0.6822779694844973,2018,H
3300,0.20788941811439526,0.22572449957925675,0.5663860823063479,2018,D
3301,0.35936713207319354,0.24992013720430534,0.3907127307225012,2018,A
3302,0.2887667988344774,0.26165994686413246,0.44957325430139017,2018,H
3303,0.32204766512563715,0.3018310844168512,0.3761212504575117,2018,D
3304,0.612371853463021,0.21612120052975017,0.17150694600722877,2018,H
3305,0.3025586729786114,0.25502241806415443,0.4424189089572342,2018,A
3306,0.2387582224397578,0.21865431237015853,0.5425874651900837,2018,H
3307,0.21522686851218287,0.25472527929249933,0.5300478521953178,2018,H
3308,0.30777394176384987,0.22458184325183703,0.467644214984313,2018,D
3309,0.13701181870886453,0.24460117206592794,0.6183870092252075,2018,H
3310,0.2764875147220965,0.2717866625014457,0.45172582277645784,2018,H
3311,0.5081112067440963,0.30970265832906413,0.1821861349268396,2018,H
3312,0.31818445674320855,0.2802676046633838,0.40154793859340765,2018,A
3313,0.2113090851834731,0.23921113283511616,0.5494797819814107,2018,H
3314,0.2956737336216894,0.2762801976137206,0.4280460687645901,2018,H
3315,0.4837530033441925,0.2369938637156879,0.27925313294011966,2018,A
3316,0.08152274646844761,0.21084218291721651,0.707635070614336,2018,H
3317,0.0745904215315643,0.1554583630896145,0.7699512153788212,2018,H
3318,0.17683620089753915,0.27289647418952045,0.5502673249129404,2018,H
3319,0.33376245987896,0.3107600039312426,0.3554775361897974,2018,H
3320,0.11974992198144904,0.19264071122767693,0.6876093667908741,2018,H
3321,0.15848729343723922,0.26994423938632406,0.5715684671764367,2018,H
3322,0.1373968217149425,0.2241583499898504,0.6384448282952072,2018,H
3323,0.3567599543132381,0.2440173005596186,0.39922274512714334,2018,A
3324,0.6947113989742447,0.19725553913140556,0.10803306189434973,2018,A
3325,0.22108023020695555,0.28541859690136534,0.49350117289167905,2018,D
3326,0.471171976126626,0.2756211102861933,0.2532069135871806,2018,D
3327,0.5654722619536572,0.23766715271410746,0.19686058533223535,2018,A
3328,0.46300471773820845,0.23573883633853343,0.30125644592325823,2018,H
3329,0.29418476703544555,0.27860422038514154,0.4272110125794128,2018,H
3330,0.08461088099756162,0.2105431867745459,0.7048459322278926,2018,H
3331,0.31375591690361093,0.21473200091930772,0.4715120821770813,2018,A
3332,0.42798353734549993,0.2818225837139972,0.2901938789405028,2018,H
3333,0.3218274481513756,0.2799976758908854,0.3981748759577389,2018,A
3334,0.3208766140834133,0.36282253558851973,0.3163008503280669,2018,H
3335,0.04340656445503728,0.13431187818090265,0.8222815573640601,2018,H
3336,0.3407078910647605,0.29176176912348467,0.36753033981175487,2018,H
3337,0.22916904277295208,0.247842617178347,0.522988340048701,2018,D
3338,0.10344295140983187,0.19986916152916004,0.6966878870610081,2018,H
3339,0.4975575115132173,0.219157040764177,0.2832854477226058,2018,D
3340,0.5033650822461225,0.23751626353575245,0.259118654218125,2018,A
3341,0.1668492637086762,0.23712877622542644,0.5960219600658974,2018,H
3342,0.5346520688570499,0.2461564932186089,0.21919143792434118,2018,H
3343,0.6650909231908515,0.23809746630503442,0.09681161050411398,2018,A
3344,0.29321362642283,0.2782697408127692,0.42851663276440083,2018,A
3345,0.11611666730152545,0.20203791246365457,0.68184542023482,2018,H
3346,0.21211560264182344,0.2477091012592057,0.5401752960989709,2018,H
3347,0.785045342886246,0.17119543419933209,0.043759222914421955,2018,A
3348,0.14114252537231411,0.21220794797981626,0.6466495266478696,2018,H
3349,0.2660727321388109,0.270414942818424,0.46351232504276524,2018,A
3350,0.3241025172987864,0.289363484754518,0.3865339979466955,2018,H
3351,0.5311164115367001,0.23180899470117422,0.23707459376212567,2018,A
3352,0.15724462144539508,0.1952425969328087,0.6475127816217962,2018,H
3353,0.31412632866853346,0.22237254804657786,0.46350112328488857,2018,H
3354,0.0927854698269081,0.22897125610856384,0.6782432740645281,2018,H
3355,0.36014617841703017,0.2663264379561751,0.37352738362679466,2018,H
3356,0.1377335206450648,0.23776984337686266,0.6244966359780725,2018,H
3357,0.04531733199975684,0.111674651160173,0.8430080168400702,2018,H
3358,0.12286723143122971,0.2099261483517255,0.6672066202170449,2018,H
3359,0.6693310528335978,0.1837124195703464,0.14695652759605568,2018,A
3360,0.35608351623386353,0.2497964142744281,0.39412006949170825,2018,A
3361,0.4553504090472044,0.32939882711416507,0.21525076383863045,2018,A
3362,0.20578819675639767,0.26698488601954884,0.5272269172240536,2018,A
3363,0.42606845419772715,0.2773523046253912,0.29657924117688167,2018,H
3364,0.0770611802150994,0.204595235689283,0.7183435840956177,2018,H
3365,0.21882087864657393,0.18868446289531876,0.5924946584581073,2018,A
3366,0.3309057991729946,0.27629197405455264,0.39280222677245274,2018,H
3367,0.11353229031270909,0.20978607437987995,0.6766816353074111,2018,H
3368,0.06981962346758679,0.14509993109716687,0.7850804454352464,2018,H
3369,0.18124604431547917,0.22315303353281443,0.5956009221517063,2018,H
3370,0.5227921020469557,0.33140339082305836,0.14580450712998597,2018,H
3371,0.23748597428914597,0.3248074460060869,0.4377065797047672,2018,A
3372,0.8023351516608497,0.12836725088868628,0.06929759745046403,2018,A
3373,0.34657410047610293,0.19533457682560823,0.45809132269828884,2018,H
3374,0.40166538808189245,0.2580161289819387,0.34031848293616884,2018,A
3375,0.2439635168888235,0.3361649041789079,0.41987157893226856,2018,A
3376,0.40342476998363114,0.3100927477082312,0.2864824823081377,2018,D
3377,0.1798303193109896,0.28766591874776104,0.5325037619412494,2018,H
3378,0.16338798597536613,0.21899822146610742,0.6176137925585264,2018,D
3379,0.3361093131433603,0.3422320557632783,0.32165863109336135,2018,A
3380,0.13445715314720788,0.1531048965377934,0.7124379503149987,2018,H
3381,0.16501973893658206,0.238682592223757,0.596297668839661,2018,A
3382,0.11172330786712344,0.2133507209325644,0.6749259712003123,2018,A
3383,0.7125919939712189,0.17093246581373786,0.11647554021504322,2018,A
3384,0.3265695013434324,0.2944622545538422,0.3789682441027254,2018,H
3385,0.15461151554249788,0.2618272883982207,0.5835611960592814,2018,D
3386,0.06365725558344432,0.1604882067102936,0.7758545377062622,2018,H
3387,0.18203036582091395,0.2381876888857453,0.5797819452933408,2018,D
3388,0.6775835801812885,0.19294932273078588,0.1294670970879256,2018,A
3389,0.3633995203756123,0.2654398693423935,0.3711606102819942,2018,H
3390,0.04555365613709779,0.09991371919274812,0.8545326246701541,2018,H
3391,0.2600659311084979,0.2662527301790912,0.4736813387124108,2018,D
3392,0.23562861124672402,0.21895771863175453,0.5454136701215214,2018,A
3393,0.11145994283630432,0.1830277002313681,0.7055123569323275,2018,A
3394,0.45595012542217817,0.2800122739367196,0.2640376006411022,2018,D
3395,0.28473505837059254,0.2755845546199575,0.4396803870094499,2018,H
3396,0.5444027395875559,0.24379903803336397,0.21179822237908016,2018,D
3397,0.7175105515854309,0.1920535187854752,0.090435929629094,2018,A
3398,0.2772936072474683,0.24702821039663403,0.47567818235589776,2018,H
3399,0.4282230943646168,0.2585995314524282,0.3131773741829551,2018,D
3400,0.0988151420253634,0.25690282472703513,0.6442820332476015,2018,H
3401,0.265963432883511,0.32794919766923114,0.406087369447258,2018,A
3402,0.5461109772260117,0.25338058977571337,0.20050843299827498,2018,A
3403,0.20090115251556565,0.24919924675719038,0.549899600727244,2018,H
3404,0.5407760889847687,0.23537766084388428,0.22384625017134704,2018,H
3405,0.31027905947655365,0.23435935947533734,0.4553615810481091,2018,H
3406,0.13534143329620327,0.21683841254211075,0.6478201541616859,2018,D
3407,0.1316718175485777,0.2149843581310991,0.6533438243203232,2018,H
3408,0.3996491979085666,0.35578341179312606,0.2445673902983072,2018,D
3409,0.1814522801832639,0.17446926162476786,0.6440784581919683,2018,H
3410,0.13681211674541804,0.215866326357614,0.647321556896968,2018,D
3411,0.2949296566353858,0.2847584779762832,0.420311865388331,2018,A
3412,0.2837302664014043,0.2426677614127814,0.4736019721858143,2018,D
3413,0.22256188031073162,0.14577289295016788,0.6316652267391005,2018,H
3414,0.12886119446148153,0.2244110232211285,0.6467277823173899,2018,A
3415,0.38001010195897805,0.31693876628181233,0.3030511317592096,2018,A
3416,0.3220081305068955,0.24920341622418898,0.42878845326891557,2018,D
3417,0.7987537440420396,0.13608654882234203,0.06515970713561835,2018,A
3418,0.37460803423194844,0.25191186381622965,0.3734801019518219,2018,H
3419,0.5825376565586992,0.21411726951373866,0.2033450739275622,2018,A
3420,0.15089925951072772,0.09486614671968684,0.7542345937695855,2019,H
3421,0.1640163851128689,0.25617730936233085,0.5798063055248002,2019,A
3422,0.4621676826568532,0.2284564375811638,0.30937587976198294,2019,D
3423,0.19147468485494717,0.1407845235385616,0.6677407916064912,2019,H
3425,0.5946456386867255,0.20012808458681042,0.205226276726464,2019,A
3426,0.3982715217824324,0.2533400526766468,0.34838842554092075,2019,H
3427,0.3360409619103195,0.24508137544773761,0.4188776626419429,2019,D
3428,0.3334761805908985,0.21896302182680133,0.44756079758230005,2019,A
3429,0.32410547805714507,0.2638618119729019,0.41203270996995306,2019,H
3430,0.14898360761818122,0.21386694286387473,0.637149449517944,2019,H
3431,0.44891184146842794,0.27772261928325115,0.27336553924832085,2019,A
3432,0.30776747072489546,0.2682885142980088,0.4239440149770958,2019,D
3433,0.13061758704048765,0.1813479306137196,0.6880344823457928,2019,H
3434,0.3547416100029033,0.2863559508331943,0.35890243916390235,2019,H
3435,0.5999380071452978,0.23615173643564405,0.16391025641905824,2019,A
3436,0.12232724389439303,0.13723001190021658,0.7404427442053904,2019,D
3438,0.24445827391339475,0.2553518898629095,0.5001898362236957,2019,D
3439,0.33904279104101626,0.23972217913245694,0.4212350298265269,2019,D
3440,0.5852097649139812,0.24413355121346705,0.17065668387255173,2019,H
3441,0.1552339588257207,0.15931608559680518,0.6854499555774741,2019,H
3442,0.3362688924461628,0.31054492945292167,0.3531861781009154,2019,A
3444,0.15297097434900292,0.2225334168893481,0.624495608761649,2019,A
3445,0.289622289806194,0.242547305150968,0.4678304050428379,2019,A
3446,0.38031566337697514,0.25455215100941114,0.3651321856136137,2019,A
3447,0.6343067543480868,0.1992775713582405,0.16641567429367263,2019,A
3448,0.21809969557372866,0.23832078708908747,0.5435795173371839,2019,A
3449,0.20754504760850212,0.24846728074331695,0.5439876716481808,2019,D
3450,0.2516084697940498,0.22976747676075512,0.5186240534451951,2019,D
3451,0.6281213681517329,0.2100413177467945,0.16183731410147256,2019,A
3452,0.05656565931597181,0.1394680573310508,0.8039662833529775,2019,H
3453,0.24420039451757294,0.24869034975230797,0.5071092557301191,2019,H
3454,0.18849514904442824,0.2352492537367342,0.5762555972188376,2019,H
3455,0.4756208037139199,0.2374393076902304,0.2869398885958498,2019,D
3456,0.2595502041279771,0.2464904268946198,0.4939593689774031,2019,H
3458,0.19523685532477703,0.23649031646444496,0.568272828210778,2019,H
3459,0.22889443923077854,0.2331551587359834,0.5379504020332382,2019,D
3461,0.29102578966478576,0.24294325509323011,0.4660309552419842,2019,H
3462,0.4399057700481093,0.2478840466174229,0.3122101833344679,2019,A
3463,0.10260648835047882,0.13910301305846345,0.7582904985910577,2019,H
3464,0.3415629580873527,0.27930507781887753,0.3791319640937697,2019,D
3465,0.2246398053452668,0.2428964597487016,0.5324637349060316,2019,H
3466,0.6801936858037704,0.2061965716229327,0.11360974257329681,2019,H
3467,0.4072736867015249,0.26840544963739343,0.32432086366108165,2019,D
3468,0.4282909670812263,0.2641134824940237,0.30759555042475,2019,H
3469,0.4929999446343397,0.26388303044750405,0.24311702491815632,2019,D
3470,0.3009055206037507,0.25417677667024313,0.4449177027260062,2019,A
3471,0.3086265749042184,0.25175514561429635,0.43961827948148524,2019,H
3472,0.22082388044107878,0.26939626992128946,0.5097798496376317,2019,H
3473,0.22097178581771093,0.23799005111604107,0.541038163066248,2019,A
3474,0.07075258217465233,0.138487639464994,0.7907597783603537,2019,H
3475,0.33488896552265596,0.27173310458477956,0.3933779298925645,2019,D
3476,0.21312121916986626,0.24395326390064598,0.5429255169294878,2019,D
3477,0.35573592369289975,0.2559896059885923,0.3882744703185079,2019,H
3478,0.15328844748445453,0.2293883803493137,0.6173231721662318,2019,H
3479,0.5234020110823029,0.23320955079251152,0.24338843812518565,2019,A
3480,0.17719638826847767,0.24493574064547974,0.5778678710860425,2019,H
3481,0.2561072298579087,0.23277536187554035,0.511117408266551,2019,H
3482,0.2780494871259808,0.2545055539824233,0.4674449588915958,2019,H
3483,0.5844339220553496,0.2151659510389821,0.20040012690566839,2019,A
3484,0.148420621619559,0.21405958209980647,0.6375197962806346,2019,H
3485,0.34353525523295086,0.2529043836769563,0.40356036109009286,2019,D
3486,0.35055161387179795,0.2657994727883313,0.3836489133398708,2019,D
3487,0.5752009779910701,0.22325360198128477,0.20154542002764514,2019,A
3488,0.14882766206850404,0.21362701340910725,0.6375453245223887,2019,H
3489,0.2823755386047204,0.24895422497473552,0.46867023642054406,2019,D
3490,0.20599919334942215,0.22023859935278015,0.5737622072977977,2019,A
3491,0.3889908123910525,0.28311107394977114,0.32789811365917637,2019,A
3492,0.27198119443587876,0.2824377966853774,0.44558100887874386,2019,D
3493,0.3381197098968595,0.23982478885161468,0.42205550125152574,2019,H
3494,0.2243145617679667,0.16584139260162145,0.6098440456304118,2019,H
3495,0.41281228152699295,0.2742900364829761,0.31289768199003093,2019,H
3496,0.2432493380135142,0.23635902428907407,0.5203916376974117,2019,H
3497,0.07710488728862588,0.14210690269768078,0.7807882100136934,2019,A
3498,0.5091757642973377,0.24366744522742573,0.24715679047523664,2019,A
3499,0.48793376742635997,0.24810795413944317,0.2639582784341967,2019,H
3500,0.4775092000521196,0.2206616183750602,0.30182918157282024,2019,A
3501,0.2562436627813428,0.24216573887787463,0.5015905983407826,2019,D
3502,0.24715593353805912,0.23599134238979605,0.5168527240721448,2019,D
3503,0.20365405743818477,0.2300878373437785,0.5662581052180367,2019,H
3504,0.10334809919165214,0.1748266939656884,0.7218252068426594,2019,H
3505,0.1775751347811794,0.2300908679653999,0.5923339972534207,2019,D
3506,0.2622502348260702,0.24774520623104654,0.49000455894288325,2019,H
3507,0.34228779096093254,0.27303761981032776,0.3846745892287398,2019,H
3508,0.5680428238689685,0.23500296307497773,0.19695421305605382,2019,D
3509,0.4008357685234933,0.24469455932783976,0.35446967214866687,2019,H
3510,0.4078890896851621,0.2534686638691247,0.3386422464457132,2019,A
3511,0.24777070999255651,0.2641379140663477,0.4880913759410958,2019,D
3512,0.382037760599327,0.2464014538104497,0.37156078559022326,2019,H
3513,0.33403752817078336,0.2811643970836311,0.3847980747455856,2019,D
3514,0.11028756188045077,0.17882764257185765,0.7108847955476916,2019,H
3515,0.4999871952706392,0.2335312889908803,0.2664815157384805,2019,A
3516,0.3587560748907428,0.2820217671945452,0.35922215791471196,2019,D
3517,0.23886446101849063,0.22952244257993037,0.5316130964015789,2019,D
3518,0.13585879518574603,0.19184587677578152,0.6722953280384724,2019,H
3519,0.43204829451925986,0.2543314948558625,0.31362021062487755,2019,A
3520,0.2733929934722947,0.24032997318960006,0.4862770333381051,2019,H
3521,0.6584987835129339,0.20723509426390674,0.13426612222315928,2019,A
3522,0.06392018626424428,0.12639829215457687,0.8096815215811789,2019,H
3523,0.19848263380322068,0.24203682050767916,0.5594805456891001,2019,A
3524,0.471448631885203,0.24714361469707016,0.28140775341772695,2019,A
3525,0.420774073711389,0.2288699202520559,0.3503560060365551,2019,H
3526,0.20135490164757835,0.23505977942741244,0.5635853189250093,2019,H
3527,0.1726915381337856,0.21893379795608683,0.6083746639101276,2019,D
3528,0.46346450750741225,0.24833363801931135,0.2882018544732765,2019,A
3529,0.2385955518217614,0.25419336811085463,0.507211080067384,2019,D
3530,0.2963069137391058,0.28024026862967105,0.42345281763122317,2019,A
3531,0.44079019304063616,0.27415760503349035,0.2850522019258735,2019,A
3532,0.32928239408530935,0.26992716649233206,0.4007904394223586,2019,D
3533,0.17538730267505465,0.1822773210590916,0.6423353762658538,2019,H
3534,0.10316129177428603,0.1702233905501207,0.7266153176755933,2019,H
3535,0.3522133950832336,0.25684662472555686,0.39093998019120946,2019,H
3536,0.41216807985895565,0.25392191941152387,0.3339100007295206,2019,H
3537,0.3316371337881765,0.2115273663493411,0.45683549986248245,2019,H
3538,0.28137781586910326,0.26213153901348196,0.45649064511741483,2019,H
3539,0.28367589799915266,0.2586715618688707,0.45765254013197654,2019,H
3540,0.2977691631775299,0.26694359533621237,0.4352872414862578,2019,A
3541,0.11970593480727022,0.2033730625285721,0.6769210026641576,2019,D
3542,0.3295167817133117,0.2519208995491662,0.4185623187375221,2019,A
3543,0.5213948813888206,0.24266374123325984,0.2359413773779195,2019,A
3544,0.6117384381420345,0.22930707752274126,0.15895448433522427,2019,A
3545,0.12595097177846903,0.19702456244790467,0.6770244657736262,2019,A
3546,0.4207138934341854,0.24081639537686952,0.3384697111889451,2019,A
3547,0.30845455988298554,0.22583791518979054,0.465707524927224,2019,H
3548,0.34561065381905,0.23573717052311685,0.41865217565783314,2019,D
3549,0.36115193541271673,0.27584197832565477,0.36300608626162856,2019,H
3550,0.6122723783380519,0.20646108325868648,0.18126653840326157,2019,D
3551,0.17594511203295163,0.21884575455767025,0.605209133409378,2019,A
3552,0.09148106744069681,0.17459739089036466,0.7339215416689384,2019,A
3553,0.09692356390792883,0.15838937141044862,0.7446870646816226,2019,H
3554,0.2146082136616866,0.233681939839525,0.5517098464987884,2019,H
3555,0.31646517403358393,0.2779880815103739,0.4055467444560421,2019,H
3556,0.4274213054385074,0.24148510330272463,0.331093591258768,2019,D
3557,0.22230247294884617,0.2326004375747161,0.5450970894764378,2019,D
3558,0.16194463237963364,0.17223516582213425,0.6658202017982322,2019,H
3559,0.14065410153680372,0.22330303461073334,0.636042863852463,2019,D
3560,0.5487741251735221,0.20955811466189028,0.2416677601645876,2019,A
3561,0.30107097031870284,0.24767702703813976,0.4512520026431574,2019,H
3562,0.09806607853493887,0.19273028688686458,0.7092036345781965,2019,H
3563,0.06601129196821033,0.13062901438878496,0.8033596936430047,2019,H
3564,0.22840699823012456,0.2350433667045668,0.5365496350653086,2019,H
3565,0.3330281537111271,0.26900467822243423,0.3979671680664387,2019,H
3566,0.14247156833861271,0.20333412341122337,0.6541943082501639,2019,H
3567,0.13618616600340047,0.16990921617230642,0.693904617824293,2019,H
3568,0.1984449856340605,0.247667804578151,0.5538872097877886,2019,A
3569,0.2370387245751457,0.24405012654320024,0.518911148881654,2019,A
3570,0.5558288036360878,0.24899084116455586,0.19518035519935636,2019,A
3571,0.16037625780739737,0.19235662386017915,0.6472671183324236,2019,A
3572,0.4717036689689489,0.2547754281280739,0.27352090290297726,2019,H
3573,0.23230519599362692,0.24747198083540992,0.5202228231709631,2019,H
3574,0.3779832898713311,0.2814421210818822,0.34057458904678656,2019,D
3575,0.611878691646123,0.22359140316722834,0.16452990518664878,2019,A
3576,0.250281760078112,0.2611135678965071,0.4886046720253809,2019,H
3577,0.40148660057442465,0.2630861506970068,0.33542724872856855,2019,A
3578,0.40983210891381644,0.2513868098184674,0.33878108126771617,2019,D
3579,0.34409123080951937,0.2724874475993491,0.3834213215911314,2019,A
3580,0.18988195634226673,0.22841246072182175,0.5817055829359116,2019,H
3581,0.08768257649087707,0.14073804459739442,0.7715793789117286,2019,D
3582,0.2151646025688533,0.24630380319639525,0.5385315942347514,2019,A
3583,0.2730190064068528,0.3006800484466481,0.4263009451464991,2019,H
3584,0.0985674827927919,0.14848777187593432,0.7529447453312738,2019,H
3585,0.09259892095332432,0.1770534254510578,0.7303476535956178,2019,A
3586,0.21963158192368062,0.21556140441441216,0.5648070136619072,2019,D
3587,0.2519117446781319,0.2477463460793754,0.5003419092424927,2019,A
3588,0.5673619579581674,0.20345318560584102,0.22918485643599162,2019,A
3589,0.2984032832543699,0.24824280310327343,0.4533539136423567,2019,D
3590,0.3535682570279725,0.25660524334541573,0.3898264996266117,2019,A
3591,0.23857586920253462,0.2239790523889407,0.5374450784085246,2019,H
3592,0.44751257393649807,0.24596627838113203,0.30652114768237,2019,A
3593,0.3924164836992135,0.26344400629637477,0.3441395100044118,2019,A
3594,0.337047833468032,0.2577821245022379,0.40517004202973006,2019,D
3595,0.30332463916639135,0.259741288978598,0.4369340718550107,2019,A
3596,0.30372919255638275,0.26984226864718375,0.42642853879643344,2019,H
3597,0.4873012302559695,0.26863473623512757,0.2440640335089028,2019,H
3598,0.3146664829530771,0.22682716860460997,0.4585063484423129,2019,A
3599,0.17274060965997065,0.21344761030756884,0.6138117800324605,2019,D
3600,0.3230707637894783,0.252434180171264,0.4244950560392577,2019,H
3601,0.1740657801623893,0.24691375012120176,0.5790204697164089,2019,H
3602,0.15479937475449138,0.21326522533893733,0.6319353999065713,2019,A
3603,0.26927412597190253,0.2566755329235626,0.4740503411045348,2019,H
3604,0.27132891088867805,0.28094616257135807,0.4477249265399639,2019,H
3605,0.2741458256993434,0.2507300180049009,0.47512415629575566,2019,H
3606,0.35720987323867964,0.26629585631143804,0.3764942704498824,2019,D
3607,0.4205546687906697,0.24812968376235064,0.3313156474469796,2019,A
3608,0.47262488052058216,0.22349330917447785,0.30388181030493994,2019,H
3609,0.23190975072291353,0.2530529710589307,0.5150372782181558,2019,H
3610,0.38081925559333335,0.26017909218368107,0.35900165222298563,2019,A
3611,0.24619211492850956,0.24227912771428758,0.5115287573572028,2019,D
3612,0.2732498217779239,0.2526405712468914,0.4741096069751847,2019,H
3613,0.42731851297965484,0.26458047344922225,0.30810101357112296,2019,D
3614,0.4104568961331409,0.26141793683353476,0.3281251670333243,2019,A
3615,0.5053802949093223,0.26544878204394107,0.22917092304673656,2019,A
3616,0.46796625383316265,0.2338586682861007,0.2981750778807367,2019,A
3617,0.1750014809053253,0.1675992166417917,0.6573993024528829,2019,H
3618,0.17411472185082996,0.21683130801181882,0.6090539701373513,2019,H
3619,0.4289321109182206,0.2352303783401553,0.33583751074162405,2019,D
3620,0.24414987771471897,0.25541805249207206,0.500432069793209,2019,A
3621,0.3971724481799822,0.2650117779324364,0.33781577388758127,2019,A
3622,0.36139316958099693,0.24477566586724667,0.39383116455175643,2019,H
3623,0.4503584978618098,0.2352452918227986,0.3143962103153915,2019,H
3624,0.17076006620434203,0.21110213328016242,0.6181378005154955,2019,H
3625,0.3496672522005368,0.26879344973851305,0.38153929806095016,2019,D
3626,0.25664766423840896,0.26646228765082536,0.4768900481107656,2019,H
3627,0.4846872611089971,0.2557633043784965,0.25954943451250634,2019,H
3628,0.11490522125716214,0.14973969778098334,0.7353550809618545,2019,H
3629,0.2909960048258772,0.2575829701827901,0.4514210249913327,2019,H
3630,0.5904916133831365,0.21861529212957906,0.19089309448728453,2019,A
3631,0.1263390645920421,0.20816185812617127,0.6654990772817867,2019,D
3632,0.10259294982460375,0.19200283344887548,0.7054042167265208,2019,H
3633,0.22360481024682025,0.2435350127170682,0.5328601770361115,2019,A
3634,0.27993152899837204,0.2538893895764953,0.46617908142513276,2019,H
3635,0.2631144030664069,0.24444756721605237,0.49243802971754075,2019,D
3636,0.1487479222471345,0.21005305312604858,0.641199024626817,2019,H
3637,0.38261088946751015,0.2805180789113752,0.33687103162111465,2019,A
3638,0.5753260621743236,0.23114035405593186,0.19353358376974455,2019,A
3639,0.3864012346786971,0.2509842529960539,0.36261451232524894,2019,D
3640,0.2984727251183159,0.2295907431126975,0.47193653176898653,2019,A
3641,0.22242086630455346,0.2510954654494792,0.5264836682459673,2019,H
3642,0.5511908293562764,0.23549602317086735,0.21331314747285626,2019,H
3643,0.2012224856764417,0.25402219876340826,0.54475531556015,2019,D
3644,0.31135831119799057,0.25227663185165533,0.43636505695035416,2019,D
3645,0.12523037860212402,0.18701512527805045,0.6877544961198254,2019,D
3646,0.34934581222987743,0.21531088804462903,0.4353432997254935,2019,D
3647,0.39453528305261376,0.2824974837927349,0.32296723315465137,2019,H
3648,0.2299588062851608,0.18153691255260543,0.5885042811622337,2019,H
3649,0.4403489630251991,0.27212113286038003,0.2875299041144209,2019,H
3650,0.38951218478164196,0.28989778606494493,0.32059002915341317,2019,H
3651,0.3864417606059048,0.25449527061202226,0.35906296878207283,2019,A
3652,0.14108357380941708,0.21548895191823406,0.6434274742723489,2019,D
3653,0.42710496073032267,0.25524099121165883,0.3176540480580186,2019,A
3654,0.17202207121452193,0.21976617663942416,0.6082117521460539,2019,D
3655,0.18090055082383247,0.2229665591767144,0.5961328899994531,2019,H
3656,0.21610541021983404,0.25863500292516756,0.5252595868549984,2019,H
3657,0.11075719567943976,0.19359576245912086,0.6956470418614393,2019,A
3658,0.5353563849997867,0.23743385893333574,0.22720975606687766,2019,A
3659,0.6153438179484817,0.22254317149970412,0.16211301055181415,2019,A
3660,0.3053432746238221,0.2319579218176495,0.46269880355852844,2019,D
3661,0.3613514656363309,0.2676685691867881,0.37097996517688087,2019,H
3662,0.3057521301897851,0.2654909499380048,0.42875691987221,2019,A
3663,0.17268591429928598,0.1587971587926028,0.6685169269081112,2019,H
3664,0.3034046049605025,0.26116864288203956,0.435426752157458,2019,D
3665,0.34997892829734234,0.2482158154118767,0.4018052562907809,2019,A
3666,0.3770918563347093,0.2672774615104521,0.35563068215483856,2019,D
3667,0.21442919366697072,0.24399342017892128,0.5415773861541079,2019,D
3668,0.38964005023492754,0.2565227292827381,0.35383722048233435,2019,D
3669,0.5224976236184553,0.2284782048420394,0.24902417153950532,2019,H
3670,0.24511587943722613,0.25742478257526724,0.4974593379875067,2019,D
3671,0.138343194841724,0.2106764979816139,0.6509803071766622,2019,H
3672,0.20332495125914352,0.23656865367252394,0.5601063950683325,2019,H
3673,0.3395454150615238,0.27183546082811877,0.3886191241103575,2019,D
3674,0.20683465903624143,0.2472635454042796,0.545901795559479,2019,A
3675,0.6538152305788555,0.21251535693854434,0.13366941248260011,2019,A
3676,0.40657394022655813,0.26416369043974014,0.3292623693337018,2019,A
3677,0.20729535815436143,0.24491511037129476,0.5477895314743438,2019,H
3678,0.21109931478384866,0.22501457126396449,0.5638861139521869,2019,A
3679,0.05962335253581956,0.1468132203818602,0.7935634270823203,2019,H
3680,0.23291661102168273,0.2189613737135532,0.5481220152647641,2019,D
3681,0.17466979866984228,0.2256786024279582,0.5996515989021995,2019,H
3682,0.5316954978823173,0.22134591022847847,0.24695859188920424,2019,A
3683,0.30139701256883134,0.2847069782978853,0.4138960091332833,2019,H
3684,0.2173919796151044,0.2456972129963989,0.5369108073884967,2019,H
3685,0.21264741604388807,0.23585942735925738,0.5514931565968545,2019,H
3686,0.19136816517365776,0.22119741174349336,0.587434423082849,2019,H
3687,0.1786321122591847,0.2439221126530402,0.5774457750877751,2019,H
3688,0.38171839262970625,0.2481934368487847,0.37008817052150905,2019,H
3689,0.06220270795007598,0.10749637578846813,0.830300916261456,2019,H
3690,0.4223791145659299,0.27636565160998333,0.30125523382408675,2019,H
3691,0.4270784022182171,0.2778859392783631,0.2950356585034198,2019,D
3692,0.5146916646496488,0.23369833991327554,0.2516099954370757,2019,D
3693,0.23368697032649827,0.24650913577312766,0.5198038939003742,2019,A
3694,0.5224699181026803,0.24361365806736093,0.23391642382995878,2019,H
3695,0.714725943732529,0.18890345295584587,0.09637060331162516,2019,H
3696,0.3081061532143194,0.24889095627464544,0.4430028905110352,2019,D
3697,0.2975684304179616,0.25104009893360707,0.45139147064843127,2019,A
3698,0.19421554696879376,0.226184257000583,0.5796001960306233,2019,A
3699,0.22708290028497938,0.2309324840704984,0.5419846156445222,2019,D
3700,0.31757453191521806,0.2521246192513999,0.4303008488333821,2019,D
3701,0.06649473504182352,0.16248781545470745,0.771017449503469,2019,H
3702,0.18690251944361108,0.2239180124859021,0.5891794680704867,2019,H
3703,0.28627804375702637,0.2491029894578098,0.4646189667851638,2019,H
3704,0.1634271551554652,0.22281385451671884,0.613758990327816,2019,H
3705,0.4599074677180374,0.21536180738754673,0.32473072489441585,2019,H
3706,0.2590099235809732,0.22640996285809808,0.5145801135609288,2019,H
3707,0.18332799987673246,0.21921762917712226,0.5974543709461453,2019,H
3708,0.41797875939198953,0.273101906916,0.30891933369201047,2019,D
3709,0.13187708487807304,0.20880886209395436,0.6593140530279726,2019,H
3710,0.4080180136379922,0.2514607172935485,0.3405212690684592,2019,A
3711,0.39315502032852495,0.2570427757482967,0.3498022039231782,2019,D
3712,0.407626311693662,0.2536411661527986,0.33873252215353944,2019,D
3713,0.291655900428306,0.2657091251177611,0.44263497445393285,2019,H
3714,0.5003265095383578,0.236879020164524,0.2627944702971183,2019,A
3715,0.4807210207750111,0.24773663122572592,0.271542347999263,2019,A
3716,0.4954575792914883,0.2382623998787052,0.2662800208298064,2019,D
3717,0.6049672834140709,0.20866969440471222,0.1863630221812168,2019,A
3718,0.33172816562885843,0.2607622567960504,0.4075095775750911,2019,H
3719,0.12435058759625062,0.18704651584482618,0.6886028965589233,2019,H
3720,0.17848654609745332,0.22766172808221843,0.5938517258203282,2019,D
3721,0.16865134079106514,0.23296552642679108,0.5983831327821437,2019,H
3722,0.227528649843412,0.22363757090563674,0.5488337792509512,2019,H
3723,0.17121199557550829,0.21223413004171807,0.6165538743827736,2019,D
3724,0.40946813454931774,0.27687850213870774,0.3136533633119745,2019,A
3725,0.09859952933619633,0.18182536121027457,0.719575109453529,2019,H
3726,0.1320205253658252,0.20488934273175508,0.6630901319024197,2019,H
3727,0.37872632448844995,0.22864388483830386,0.39262979067324616,2019,H
3728,0.23635500931710562,0.24579640988668106,0.5178485807962133,2019,A
3729,0.23301308084059946,0.2531639671814995,0.513822951977901,2019,H
3730,0.5514129704286761,0.2393737836973423,0.2092132458739816,2019,A
3731,0.3465443871802397,0.27314819821055625,0.3803074146092041,2019,A
3732,0.2774909921105015,0.25080334326252063,0.4717056646269779,2019,A
3733,0.4427352270521049,0.25882037094482635,0.29844440200306876,2019,A
3734,0.16087076890844854,0.22926847413175136,0.6098607569598001,2019,H
3735,0.4507518259206541,0.2604784780245636,0.2887696960547823,2019,A
3736,0.37183477618523336,0.2460014146653112,0.3821638091494554,2019,H
3737,0.5828796257055802,0.2321964688529027,0.18492390544151716,2019,H
3738,0.29855365140696044,0.237627199865848,0.46381914872719154,2019,H
3739,0.3003034212066266,0.2632623714405817,0.43643420735279176,2019,H
3740,0.35023799022582464,0.29054985821499874,0.3592121515591766,2019,A
3741,0.1854915507289467,0.23214710114508375,0.5823613481259695,2019,H
3742,0.102881366843373,0.1618597395308817,0.7352588936257454,2019,H
3743,0.23360967226509902,0.23176863625367108,0.53462169148123,2019,A
3744,0.09789082713435836,0.184506737502098,0.7176024353635436,2019,H
3745,0.2721956121426456,0.2556601855092024,0.4721442023481521,2019,D
3746,0.17971170545684623,0.21323843849737814,0.6070498560457757,2019,D
3747,0.10418042595687575,0.19508054530421823,0.700739028738906,2019,H
3748,0.5107074609505068,0.23404550225269377,0.2552470367967995,2019,H
3749,0.219570203368346,0.247469949912492,0.5329598467191621,2019,H
3750,0.5720266200305949,0.24235321332204046,0.1856201666473647,2019,A
3751,0.21168932661109421,0.26864280768428617,0.5196678657046196,2019,H
3752,0.3644184839258218,0.23264091767327494,0.4029405984009033,2019,D
3753,0.15371605703327243,0.21879789124558144,0.6274860517211461,2019,H
3754,0.3525349679010287,0.26540186052222264,0.38206317157674874,2019,H
3755,0.32232270895209747,0.27491595995660134,0.40276133109130124,2019,A
3756,0.5398595821244103,0.2334036641553765,0.22673675372021312,2019,A
3757,0.4706386663670653,0.26975078835239436,0.2596105452805403,2019,D
3758,0.3180033381252708,0.2862805584642095,0.3957161034105196,2019,D
3759,0.5444114854092638,0.2543762917259108,0.20121222286482549,2019,A
3760,0.10157443263272477,0.19299003418229016,0.7054355331849851,2019,D
3761,0.3745319396121728,0.2986823124233504,0.32678574796447685,2019,A
3762,0.6090995155291619,0.220122204973046,0.17077827949779217,2019,A
3763,0.32106050225379834,0.2853934175148398,0.3935460802313618,2019,H
3764,0.4195121661563894,0.2607364260286147,0.3197514078149957,2019,H
3765,0.24180127116692343,0.25781804788053336,0.5003806809525432,2019,H
3766,0.30813260976632106,0.2771604078343325,0.41470698239934656,2019,H
3767,0.3619792076112699,0.24997917447350612,0.38804161791522396,2019,H
3768,0.45144495918181393,0.2554954969901515,0.29305954382803456,2019,H
3769,0.1366896292955391,0.1902077837553233,0.6731025869491376,2019,D
3770,0.06392107792234207,0.15395923146680435,0.7821196906108537,2019,H
3771,0.3865983095843965,0.2560936150525035,0.3573080753631,2019,D
3772,0.06099505388223711,0.13373644365587373,0.8052685024618892,2019,H
3773,0.4442311463459005,0.25437276527022795,0.30139608838387144,2019,A
3774,0.39984137805726944,0.24155946238299142,0.35859915955973914,2019,H
3775,0.5394617845089141,0.26948461414460556,0.19105360134648022,2019,A
3776,0.17049324057672224,0.2245771481802378,0.60492961124304,2019,D
3777,0.2437586751444222,0.2586616445430909,0.49757968031248684,2019,H
3778,0.265631847397574,0.25473244895214653,0.47963570365027947,2019,D
3779,0.2410117564469872,0.23973908358020588,0.519249159972807,2019,H
3780,0.33708652117887905,0.34609855033616294,0.316814928484958,2019,A
3781,0.40503334819820747,0.26992554173735156,0.325041110064441,2019,A
3782,0.32264792280590526,0.23673691725738813,0.44061515993670675,2019,H
3783,0.33693674898577414,0.27522379217076837,0.3878394588434575,2019,D
3784,0.1920380900306853,0.23594013524329013,0.5720217747260246,2019,A
3785,0.1553248372428206,0.21206423980953587,0.6326109229476435,2019,H
3786,0.6528131652031816,0.21247744230949403,0.13470939248732447,2019,A
3787,0.43775521414723706,0.26842621295753927,0.29381857289522373,2019,H
3788,0.2750081271262619,0.23491922890806535,0.4900726439656728,2019,H
3789,0.21686347243439927,0.2234898893543892,0.5596466382112115,2019,D
3790,0.23620214642138793,0.23449397693446725,0.5293038766441448,2019,H
3791,0.5874768958918382,0.22145679909614566,0.19106630501201627,2019,A
3792,0.031836723558553194,0.09791575975023947,0.8702475166912074,2019,H
3793,0.37464886503359285,0.25290003579181847,0.37245109917458874,2019,A
3794,0.20539891343877587,0.23573464344406259,0.5588664431171615,2019,D
3795,0.44875443415557553,0.2964037038799366,0.25484186196448777,2019,D
3796,0.2055070028576823,0.2376885973721403,0.5568043997701774,2019,H
3797,0.18172377982371626,0.22190048763363762,0.5963757325426461,2019,A
3798,0.25418919719770594,0.24512341977901697,0.5006873830232771,2019,A
3799,0.19052580616026155,0.23373980698620395,0.5757343868535345,2019,H
3801,0.1794054754246787,0.21914297329315605,0.6014515512821653,2020,A
3802,0.4698905554098845,0.24849466093247416,0.2816147836576413,2020,H
3803,0.38506506957540326,0.29020984584043047,0.32472508458416627,2020,A
3804,0.4570317575473742,0.2851847121468332,0.25778353030579265,2020,A
3805,0.2089067910423987,0.22681354809926743,0.5642796608583339,2020,A
3806,0.5370348758548524,0.22421407930306472,0.23875104484208284,2020,A
3807,0.3278915243588006,0.2738237022503513,0.398284773390848,2020,A
3808,0.20844180433190812,0.24683643310690018,0.5447217625611918,2020,H
3810,0.17832699985489534,0.22167782675151848,0.5999951733935862,2020,A
3811,0.24835091090476377,0.2290764452280177,0.5225726438672186,2020,H
3812,0.1873392322737046,0.2367268259561409,0.5759339417701546,2020,A
3813,0.22921597342618552,0.24317931282081504,0.5276047137529994,2020,A
3814,0.44261464480213825,0.21798356967108126,0.33940178552678046,2020,A
3815,0.1543599261459874,0.2240114379545275,0.6216286358994851,2020,H
3816,0.5268522683908343,0.21722027080106368,0.25592746080810197,2020,A
3817,0.18946360362461032,0.2487316977133301,0.5618046986620596,2020,H
3818,0.5194173478834263,0.2627915502770332,0.21779110183954054,2020,D
3819,0.34184114576896335,0.24117689297304437,0.4169819612579923,2020,A
3820,0.32015859735565994,0.23840257536602885,0.44143882727831113,2020,A
3821,0.4005085301431931,0.2536063746643454,0.3458850951924615,2020,A
3823,0.2180212791918366,0.2244656333937476,0.5575130874144159,2020,D
3824,0.16940610204036088,0.17169353823389738,0.6589003597257418,2020,A
3825,0.3646491663097193,0.2659840621876325,0.3693667715026482,2020,H
3826,0.13032690386470394,0.18488321165200444,0.6847898844832916,2020,H
3827,0.43059147809549675,0.27518004375907146,0.29422847814543185,2020,A
3828,0.18743274549043695,0.22798175146869673,0.5845855030408662,2020,H
3829,0.2198617564986378,0.21596304306047953,0.5641752004408827,2020,H
3831,0.3271193525096948,0.25845006517445795,0.4144305823158473,2020,H
3832,0.17110742895890377,0.20606515848543053,0.6228274125556658,2020,A
3833,0.13551594547715232,0.21009859026001515,0.6543854642628325,2020,H
3834,0.16587461292270134,0.22956381883151988,0.6045615682457788,2020,H
3835,0.20997287837586262,0.24128386842785265,0.5487432531962847,2020,H
3836,0.28331266501366903,0.25638812949089296,0.46029920549543796,2020,A
3837,0.5689369409593512,0.19829755743167224,0.2327655016089766,2020,H
3838,0.13191427640560072,0.19506791833234768,0.6730178052620517,2020,H
3839,0.32722126931320866,0.24705794427631347,0.4257207864104778,2020,A
3840,0.24600059620573422,0.2240027467140696,0.5299966570801962,2020,D
3841,0.4067213231766915,0.2109231581054078,0.38235551871790063,2020,D
3842,0.26435892689783785,0.27676692301259453,0.45887415008956756,2020,D
3843,0.3677754532083763,0.25253830575272573,0.37968624103889803,2020,D
3844,0.19599074917457598,0.22356780881599844,0.5804414420094256,2020,D
3845,0.28698091660840563,0.2405012815816678,0.47251780180992653,2020,A
3846,0.382842164696197,0.2701777301160279,0.34698010518777517,2020,D
3848,0.14206040282391583,0.20488049968053837,0.6530590974955459,2020,A
3849,0.30444759981796116,0.2505686091340147,0.44498379104802427,2020,D
3850,0.07300616057245635,0.16909396396378187,0.7578998754637617,2020,H
3851,0.27790803037164985,0.2822196167063731,0.43987235292197713,2020,A
3852,0.464563848844492,0.2224306060024179,0.3130055451530902,2020,D
3853,0.37192853838709306,0.26534319366614173,0.36272826794676527,2020,H
3854,0.18907641194842104,0.23534471675541171,0.5755788712961672,2020,D
3855,0.33005812165440046,0.2566385549540136,0.41330332339158593,2020,A
3856,0.16432952365719314,0.23332131899450112,0.6023491573483057,2020,D
3857,0.5088609285986837,0.2407602389217116,0.2503788324796047,2020,A
3858,0.21582618827582245,0.2553320009619485,0.528841810762229,2020,H
3859,0.5307302900177034,0.24480844949792072,0.2244612604843758,2020,A
3860,0.4445178485809494,0.258977292112205,0.29650485930684567,2020,A
3861,0.137082240683081,0.19893329852768765,0.6639844607892313,2020,H
3862,0.24554200737134024,0.2542809205833092,0.5001770720453506,2020,A
3863,0.3229926452990471,0.2448692035045264,0.43213815119642646,2020,A
3864,0.18970299100803778,0.19947180991914465,0.6108251990728175,2020,H
3865,0.4840369350438397,0.26002457226956965,0.25593849268659075,2020,H
3866,0.23408412476327978,0.2758603635428455,0.4900555116938746,2020,H
3867,0.23689470926795733,0.2403272506375685,0.5227780400944742,2020,A
3868,0.19423560246748828,0.24121067603760968,0.564553721494902,2020,D
3869,0.22286776783581763,0.2404837376382994,0.536648494525883,2020,H
3870,0.2933898987715064,0.2412309179089369,0.4653791833195568,2020,A
3871,0.36809740075093733,0.2736239516025303,0.35827864764653244,2020,H
3872,0.09897374657134651,0.19122572785879277,0.7098005255698607,2020,H
3873,0.2513394010362935,0.24186919470688564,0.5067914042568209,2020,H
3874,0.34348768810456076,0.22862353164608643,0.42788878024935284,2020,D
3875,0.31673920051110893,0.24666847111979162,0.4365923283690995,2020,A
3876,0.3122504163075692,0.24920362311056127,0.4385459605818695,2020,H
3877,0.5264178914013408,0.252629486949135,0.22095262164952437,2020,A
3878,0.5189359843153071,0.256718398801923,0.22434561688276994,2020,A
3879,0.18562224798769605,0.20897613251100258,0.6054016195013014,2020,A
3880,0.28007989974473757,0.21948158696774664,0.5004385132875158,2020,H
3881,0.16427071809220942,0.2304555055879748,0.6052737763198157,2020,H
3882,0.3551094601184353,0.26485987037237607,0.3800306695091886,2020,A
3883,0.4159201814356321,0.2878102399716088,0.296269578592759,2020,A
3884,0.24247219918239024,0.2632247269401894,0.4943030738774204,2020,D
3885,0.15960526213064968,0.22142105918657498,0.6189736786827753,2020,H
3886,0.40864996642380563,0.28492112235075234,0.30642891122544197,2020,H
3887,0.36060055701905724,0.2602764889745405,0.3791229540064024,2020,D
3888,0.17374559627333597,0.241645493530979,0.5846089101956851,2020,A
3889,0.5395355489500944,0.23131696564378584,0.2291474854061198,2020,D
3890,0.10574611219732308,0.21443345844247158,0.6798204293602055,2020,H
3891,0.3017669252658911,0.246702178592691,0.45153089614141795,2020,A
3892,0.19843342284487434,0.2935499734008332,0.5080166037542925,2020,H
3893,0.37239856250737713,0.23917899291331457,0.3884224445793083,2020,A
3894,0.21655608020813974,0.22708981273315887,0.5563541070587014,2020,D
3895,0.330408125690223,0.26716041399012347,0.4024314603196535,2020,A
3896,0.21435333073375723,0.2448922958469986,0.5407543734192443,2020,A
3897,0.35444734958714613,0.23782322733174302,0.4077294230811109,2020,H
3898,0.2215759610942996,0.21929845621844926,0.5591255826872511,2020,H
3899,0.3610845503040929,0.24002972132277986,0.3988857283731272,2020,A
3900,0.11682601803813643,0.19516065189731865,0.688013330064545,2020,H
3901,0.42831036293151326,0.2658496531692082,0.3058399838992784,2020,D
3902,0.3680992764017641,0.26560693429001764,0.3662937893082183,2020,A
3903,0.4334549062815393,0.29217137636917945,0.2743737173492812,2020,A
3904,0.1948817567970496,0.22503795632492007,0.5800802868780304,2020,H
3905,0.1616398779963029,0.2163131301085092,0.622046991895188,2020,H
3906,0.3442579281163659,0.2759032805885862,0.37983879129504783,2020,A
3907,0.29422249284554536,0.27823686936451136,0.4275406377899434,2020,A
3908,0.22914507368483694,0.2557428294780587,0.5151120968371043,2020,H
3909,0.2982892280611242,0.23420596864930046,0.4675048032895754,2020,A
3910,0.3245594089454427,0.22681518375151183,0.4486254073030454,2020,D
3911,0.4223910005136814,0.26458603733338154,0.3130229621529371,2020,H
3912,0.10777632309547797,0.20462553748928242,0.6875981394152396,2020,H
3913,0.3464454354231905,0.2687323281734029,0.3848222364034066,2020,D
3914,0.5552686271137065,0.2463350871872515,0.19839628569904197,2020,D
3915,0.18412986751623245,0.25548858951951425,0.5603815429642534,2020,A
3916,0.18756524950468284,0.2193106802687123,0.5931240702266048,2020,H
3917,0.4225110371239144,0.2607110835784061,0.3167778792976795,2020,H
3918,0.09097229135701035,0.1790200255361224,0.7300076831068673,2020,D
3919,0.2589080905306746,0.24707320104417024,0.49401870842515516,2020,D
3920,0.14936672697165457,0.22542653623402237,0.625206736794323,2020,H
3921,0.2924134616911837,0.2703488247727647,0.43723771353605173,2020,D
3922,0.254717641104699,0.23401662520467925,0.5112657336906218,2020,A
3923,0.3960949870070571,0.26792258370327365,0.3359824292896691,2020,D
3924,0.2761509985572931,0.2825220107665771,0.44132699067612974,2020,H
3925,0.11894962963135046,0.21102067592883095,0.6700296944398186,2020,D
3926,0.5408350008224904,0.2674845028080605,0.1916804963694491,2020,A
3927,0.48033871729469735,0.2522830229984494,0.2673782597068531,2020,A
3928,0.4196433068312482,0.23067815487417728,0.3496785382945745,2020,A
3929,0.22505158016726304,0.23525960743703955,0.5396888123956974,2020,H
3930,0.23682396914341913,0.2699067564414934,0.49326927441508744,2020,D
3931,0.20082900072022578,0.23254202708847263,0.5666289721913015,2020,H
3932,0.5556843481831559,0.22561784568492,0.21869780613192408,2020,A
3933,0.26624620682721545,0.24349071868269279,0.49026307449009177,2020,A
3934,0.1752372356733982,0.2553211975408052,0.5694415667857966,2020,D
3935,0.45129429604819943,0.25621540844299845,0.29249029550880207,2020,H
3936,0.2603038547111864,0.24926136424145615,0.49043478104735744,2020,H
3937,0.4246613472516334,0.2515336712990593,0.32380498144930736,2020,H
3938,0.13443091430379964,0.19635668627426195,0.6692123994219384,2020,H
3939,0.48837500470575734,0.2614383316407318,0.2501866636535108,2020,A
3940,0.3919714134102341,0.24016683850758727,0.36786174808217853,2020,D
3941,0.1573469567120091,0.2022630984335251,0.6403899448544659,2020,H
3942,0.43565069141709595,0.25700739217891366,0.3073419164039905,2020,D
3943,0.0705290898933602,0.15395466345591524,0.7755162466507246,2020,D
3944,0.2344060563080602,0.2540613229535199,0.5115326207384199,2020,D
3945,0.3097841327561991,0.25451188113896894,0.4357039861048319,2020,D
3946,0.20184270060540146,0.2735755107488763,0.5245817886457222,2020,H
3947,0.4043849366365593,0.25871360825841583,0.3369014551050249,2020,D
3948,0.2936282024247098,0.2275380902826618,0.47883370729262836,2020,D
3949,0.24091317173298887,0.2410835665946584,0.5180032616723527,2020,A
3950,0.22259465257647368,0.258540271613981,0.5188650758095453,2020,H
3951,0.31855341448219926,0.2508091358236297,0.43063744969417106,2020,D
3952,0.4262202513450367,0.27925631264494155,0.2945234360100217,2020,A
3953,0.20792601237741193,0.2097428325617749,0.5823311550608131,2020,H
3954,0.581266548856171,0.2377589883819022,0.18097446276192675,2020,D
3955,0.23026177242548748,0.22041728661697224,0.5493209409575402,2020,H
3956,0.24063814065854736,0.2330212015485483,0.5263406577929044,2020,A
3957,0.33963730950278537,0.26411052198821067,0.39625216850900397,2020,H
3958,0.24649758369106606,0.2758248350159002,0.4776775812930337,2020,H
3959,0.27875309504672513,0.25687716633882185,0.46436973861445313,2020,D
3960,0.5350311517408569,0.2534053017332813,0.21156354652586196,2020,A
3961,0.47213482575151206,0.24423198654115824,0.2836331877073296,2020,A
3962,0.36313813081122476,0.23712574648357845,0.3997361227051968,2020,A
3963,0.465561670229828,0.24635048221049066,0.28808784755968136,2020,H
3964,0.3001105481684214,0.2985853196752947,0.4013041321562838,2020,H
3965,0.5409247714728918,0.23642302631462017,0.2226522022124882,2020,A
3966,0.2712506675494814,0.26053954476270913,0.4682097876878095,2020,A
3967,0.1403285121313913,0.18693278370576544,0.6727387041628433,2020,H
3968,0.1856041770422258,0.23374402044527898,0.5806518025124952,2020,D
3969,0.2030475709034572,0.22396574042179337,0.5729866886747493,2020,D
3970,0.1121494748604412,0.2259507525387507,0.661899772600808,2020,A
3971,0.21223558892538733,0.2312989991727692,0.5564654119018434,2020,A
3972,0.2420235081666059,0.2674086815435271,0.490567810289867,2020,H
3973,0.4273508869581066,0.24894875424511212,0.3237003587967812,2020,A
3974,0.19958760971697243,0.2332001655332351,0.5672122247497925,2020,H
3975,0.3252034796422108,0.2786183637846625,0.3961781565731266,2020,A
3976,0.2690124750889023,0.2322821327644543,0.49870539214664344,2020,D
3977,0.09682864107871314,0.16919443414774205,0.7339769247735447,2020,H
3978,0.12587527600969936,0.21354800279353062,0.66057672119677,2020,H
3979,0.24873877483772572,0.21759132754340008,0.5336698976188742,2020,H
3980,0.11983965522172957,0.21707425561257018,0.6630860891657002,2020,H
3981,0.1539889434084515,0.18964665358921606,0.6563644030023323,2020,H
3982,0.48644248236974963,0.26345494860703456,0.2501025690232159,2020,A
3983,0.10571374844398095,0.18312068599555548,0.7111655655604636,2020,A
3984,0.1554717906476869,0.23730307135372103,0.6072251379985921,2020,H
3985,0.44407033668309626,0.27063586583009713,0.28529379748680667,2020,A
3986,0.3970764826914842,0.28557787970045295,0.3173456376080628,2020,A
3987,0.4382745837340892,0.2722198937838306,0.28950552248208017,2020,A
3988,0.7516437715662452,0.17018411762073143,0.07817211081302343,2020,A
3989,0.37228310638611195,0.24118434636807537,0.3865325472458127,2020,D
3990,0.2804853415209547,0.2340897792788797,0.4854248792001656,2020,D
3991,0.2698502850618332,0.26116742170864116,0.4689822932295257,2020,D
3992,0.3202547040795301,0.2803524081625664,0.39939288775790344,2020,H
3993,0.12781983013958725,0.1937163424591721,0.6784638274012407,2020,A
3994,0.4355610693565276,0.22529513942101947,0.33914379122245286,2020,A
3995,0.18121036322273837,0.2297639261448997,0.589025710632362,2020,A
3996,0.3801481071587876,0.2684510049894483,0.35140088785176404,2020,H
3997,0.060108258032737484,0.12207931007760071,0.8178124318896617,2020,H
3998,0.4093781746314888,0.2995096807795906,0.2911121445889206,2020,D
3999,0.22682191258691436,0.22765421538426078,0.5455238720288248,2020,D
4000,0.22857421002332542,0.27436416012828624,0.4970616298483884,2020,A
4001,0.36700959829504365,0.22274719202827356,0.4102432096766829,2020,A
4002,0.37317137708377174,0.2738255454750599,0.3530030774411683,2020,H
4003,0.1457216394386347,0.23540246526500902,0.6188758952963563,2020,H
4004,0.15744158699555139,0.2208027963432739,0.6217556166611747,2020,A
4005,0.2263925772155544,0.27893290299868306,0.4946745197857625,2020,H
4006,0.4071458227444165,0.2620809178456947,0.33077325940988883,2020,H
4007,0.14741102013017773,0.21384756123163265,0.6387414186381896,2020,H
4008,0.29728263822131246,0.275579981906638,0.42713737987204947,2020,A
4009,0.7560729422766258,0.16488075544025033,0.07904630228312381,2020,A
4010,0.47979881885543424,0.25684772075393475,0.263353460390631,2020,A
4011,0.20071182490606423,0.23981704228449,0.5594711328094457,2020,A
4012,0.39848550794098425,0.25807308999557677,0.34344140206343887,2020,A
4013,0.12549858346904175,0.19015229087229168,0.6843491256586666,2020,A
4014,0.3934024717444313,0.2503447626419252,0.35625276561364344,2020,A
4015,0.13479017351516082,0.19694465277892367,0.6682651737059155,2020,D
4016,0.5527414975257804,0.24470384465455464,0.20255465781966492,2020,D
4017,0.2096228616990253,0.23465477089684164,0.555722367404133,2020,H
4018,0.4284112332658992,0.2844358154458159,0.28715295128828494,2020,D
4019,0.362873668926516,0.26530427532871415,0.3718220557447699,2020,H
4020,0.18542178005343773,0.2647238045971385,0.5498544153494237,2020,H
4021,0.4205882676698036,0.25393874673458233,0.32547298559561394,2020,D
4022,0.5143372120922887,0.22278763626665343,0.262875151641058,2020,A
4023,0.4766756183251833,0.2424814732286709,0.2808429084461458,2020,A
4024,0.20499618262553135,0.2730440565158816,0.5219597608585871,2020,H
4025,0.09132727187012352,0.1504332993102486,0.7582394288196279,2020,H
4026,0.28127261831329664,0.26988909250223925,0.4488382891844642,2020,D
4027,0.3132790192343478,0.2339862444431335,0.45273473632251865,2020,H
4028,0.2769136411821592,0.28651997690976627,0.43656638190807445,2020,A
4029,0.3203968891667212,0.29013534458367124,0.38946776624960755,2020,A
4030,0.6570616455394114,0.21073864235004447,0.1321997121105442,2020,D
4031,0.2662952890721891,0.2565913247926174,0.4771133861351936,2020,H
4032,0.22613500577754608,0.23584127849006054,0.5380237157323933,2020,A
4033,0.15271453885792144,0.22417709587451398,0.6231083652675645,2020,H
4034,0.14794416290305487,0.19382664016774562,0.6582291969291995,2020,H
4035,0.3141651235048821,0.27424292544929296,0.4115919510458249,2020,D
4036,0.687075840002925,0.18615825792276783,0.1267659020743073,2020,A
4037,0.28644574692094416,0.2592233785043408,0.4543308745747151,2020,H
4038,0.14897174320312767,0.232105711959686,0.6189225448371862,2020,A
4039,0.1858542488666797,0.25954064843029584,0.5546051027030244,2020,H
4040,0.20520972739733137,0.25188837614066967,0.5429018964619989,2020,D
4041,0.5362479078577627,0.2562059570352071,0.2075461351070303,2020,D
4042,0.1761568547933273,0.22004527835757337,0.6037978668490993,2020,H
4043,0.41173969967651963,0.27065351357421763,0.3176067867492626,2020,A
4044,0.6316927014341487,0.19651816966292215,0.1717891289029292,2020,A
4045,0.11764115982899295,0.18125850721378725,0.7011003329572199,2020,H
4046,0.15217153594492341,0.23229195448583992,0.6155365095692367,2020,A
4047,0.17519148222639166,0.228970617663524,0.5958379001100843,2020,H
4048,0.3795589405984286,0.2661365172748836,0.35430454212668794,2020,D
4049,0.1342307313462566,0.23516951353276788,0.6305997551209755,2020,A
4050,0.46777219121020625,0.2626579792358531,0.2695698295539406,2020,H
4051,0.12102473611119105,0.1628998273194526,0.7160754365693563,2020,H
4052,0.37220450603868954,0.25933838002100934,0.3684571139403011,2020,D
4053,0.17658648383824654,0.2088174080902995,0.6145961080714539,2020,A
4054,0.23858540716825283,0.2623456450816853,0.4990689477500619,2020,H
4055,0.33508806247454365,0.23731464657675438,0.42759729094870197,2020,D
4056,0.43100972226624745,0.2645823897156472,0.3044078880181053,2020,A
4057,0.24882117424766062,0.23525118707196574,0.5159276386803736,2020,H
4058,0.14667182427973996,0.17572560445936314,0.677602571260897,2020,H
4059,0.3499696991198819,0.2730941321489644,0.37693616873115376,2020,D
4060,0.2933468595181862,0.3006866897694402,0.4059664507123736,2020,H
4061,0.5607273425825829,0.23595107423882436,0.20332158317859267,2020,D
4062,0.3444763573801981,0.25807979680629617,0.3974438458135057,2020,A
4063,0.3753296402110229,0.2860341700238008,0.3386361897651763,2020,A
4064,0.2812695028453384,0.24975934832042893,0.4689711488342328,2020,A
4065,0.36824388061764973,0.2560846145093095,0.3756715048730407,2020,D
4066,0.37873809690039695,0.2684568773004899,0.3528050257991131,2020,A
4067,0.2729928998108685,0.2669060605163253,0.4601010396728061,2020,D
4068,0.285821011595159,0.26206353665001925,0.4521154517548217,2020,A
4069,0.3274434030251481,0.278213557679919,0.3943430392949328,2020,D
4070,0.2070154015896417,0.25321170729769543,0.5397728911126629,2020,A
4071,0.14681459298161825,0.16570598568812664,0.6874794213302552,2020,A
4072,0.12405129517809786,0.21854419064633104,0.6574045141755711,2020,H
4073,0.23248719868213852,0.24623131603492984,0.5212814852829317,2020,H
4074,0.186278136525165,0.2381305226169494,0.5755913408578855,2020,H
4075,0.08076152202190222,0.1639850453757535,0.7552534326023443,2020,H
4076,0.3329979610177399,0.2762591122757875,0.3907429267064726,2020,D
4077,0.4016388305628948,0.27163324577517983,0.3267279236619254,2020,D
4078,0.2917441775915955,0.2763411050083847,0.4319147174000199,2020,H
4079,0.25258142205575335,0.2617400482504124,0.48567852969383424,2020,A
4080,0.5584026724636507,0.22771203991956118,0.2138852876167881,2020,A
4081,0.31259992318579566,0.26107944326406624,0.4263206335501381,2020,A
4082,0.113915868692892,0.18999612181989975,0.6960880094872082,2020,H
4083,0.33313634575924916,0.2560478014289415,0.4108158528118093,2020,H
4084,0.25155978854608324,0.2555715063198769,0.49286870513403985,2020,H
4085,0.4281733421308955,0.25037516564904116,0.32145149222006325,2020,A
4086,0.273143241161251,0.27934510702890936,0.44751165180983965,2020,A
4087,0.14030878746788306,0.2208711014591987,0.6388201110729184,2020,H
4088,0.3594440438767092,0.24925102661134096,0.39130492951194995,2020,D
4089,0.35391518132253647,0.2625973241362908,0.38348749454117276,2020,A
4090,0.10348183134803317,0.19681341361579166,0.6997047550361751,2020,A
4091,0.14009167849834947,0.22113071194019746,0.6387776095614531,2020,H
4092,0.39621399886567005,0.2266285368794556,0.37715746425487445,2020,A
4093,0.30300231936228045,0.2541388647092045,0.44285881592851506,2020,A
4094,0.2716719297062476,0.2565220479943018,0.4718060222994507,2020,H
4095,0.255065597179566,0.2347585209087657,0.5101758819116683,2020,H
4096,0.2950577396196822,0.2801579588696303,0.4247843015106874,2020,H
4097,0.4367383175412602,0.28049281314707186,0.282768869311668,2020,D
4098,0.20263220036883342,0.25820267435410205,0.5391651252770645,2020,D
4099,0.29287943809585576,0.269395542897477,0.43772501900666727,2020,A
4100,0.2903259981672282,0.27791793484899296,0.4317560669837789,2020,A
4101,0.11693544743823585,0.18588365473878266,0.6971808978229815,2020,A
4102,0.1959579364291278,0.23054651262267742,0.5734955509481948,2020,H
4103,0.49240402003177597,0.2617686231457021,0.2458273568225219,2020,A
4104,0.33259375013214526,0.27354176990912177,0.3938644799587329,2020,A
4105,0.35687756747067784,0.24601533901385447,0.3971070935154677,2020,H
4106,0.34433601008991294,0.2510662910396295,0.4045976988704575,2020,A
4107,0.47332091966324447,0.2744500297281649,0.2522290506085907,2020,A
4108,0.2663012087638702,0.27020604996296416,0.46349274127316553,2020,D
4109,0.39250473109606987,0.25967911526951665,0.3478161536344134,2020,H
4110,0.3439343086799482,0.26191924548095646,0.39414644583909525,2020,D
4111,0.1508765763164199,0.23509989541896575,0.6140235282646144,2020,H
4112,0.3732748714913245,0.26564344225840475,0.36108168625027076,2020,H
4113,0.14307388759021067,0.21576845672792486,0.6411576556818644,2020,D
4114,0.15528309334016063,0.20277983476089284,0.6419370718989466,2020,H
4115,0.40532929232465265,0.24231496008201617,0.3523557475933312,2020,D
4116,0.12328197602613719,0.19597260073386874,0.6807454232399941,2020,D
4117,0.2820012313281793,0.24637548681328306,0.4716232818585377,2020,H
4118,0.564303939108327,0.22897456821344853,0.20672149267822462,2020,A
4119,0.1542922509789989,0.22657971261342053,0.6191280364075806,2020,H
4120,0.18973147041196722,0.23791989544769307,0.5723486341403398,2020,A
4121,0.45449076378722536,0.2946484182992012,0.25086081791357345,2020,H
4122,0.43312871539286074,0.2465827461503253,0.32028853845681404,2020,A
4123,0.1438285572127508,0.21744112674639074,0.6387303160408584,2020,D
4124,0.21936543610190393,0.2503397933506673,0.5302947705474288,2020,A
4125,0.46211651705666085,0.24189519806447785,0.2959882848788615,2020,D
4126,0.2920049246520996,0.2830277035569124,0.42496737179098804,2020,D
4127,0.11094623108428418,0.18869345877216986,0.7003603101435459,2020,H
4128,0.5158710077214234,0.23868509909826774,0.24544389318030893,2020,D
4129,0.6120478298640186,0.22475805834133172,0.16319411179464965,2020,A
4130,0.20372423870121734,0.27039508565417447,0.5258806756446083,2020,H
4131,0.09058547655400404,0.1763637621502093,0.7330507612957866,2020,H
4132,0.24686244426185155,0.24655449918481862,0.5065830565533298,2020,A
4133,0.140088560075081,0.21505822491440396,0.6448532150105152,2020,H
4134,0.4888233168659173,0.24721307266384454,0.2639636104702381,2020,A
4135,0.351518549100613,0.25429302158880057,0.3941884293105864,2020,D
4136,0.29681373512648307,0.24198862396520548,0.4611976409083114,2020,A
4137,0.09371029755857956,0.1933169250863501,0.7129727773550703,2020,A
4138,0.3730298480056765,0.26340232299596444,0.36356782899835904,2020,H
4139,0.2873353039414255,0.2967554040513424,0.41590929200723226,2020,A
4140,0.21068451270822222,0.20919508004498366,0.5801204072467941,2020,A
4141,0.12486673486461622,0.21145767536525154,0.6636755897701322,2020,H
4142,0.245338208397252,0.25000803579884445,0.5046537558039036,2020,A
4143,0.13409002900519112,0.22698099368583985,0.638928977308969,2020,H
4144,0.28964543136609844,0.2624476089787502,0.44790695965515126,2020,H
4145,0.5005343204199652,0.23430627713188437,0.26515940244815045,2020,A
4146,0.28457277788621615,0.2691003244612596,0.44632689765252415,2020,A
4147,0.23347707383420543,0.2041615999217103,0.5623613262440843,2020,A
4148,0.27360231837606397,0.27302063554761674,0.45337704607631935,2020,H
4149,0.315777080573083,0.23535813320667623,0.4488647862202407,2020,A
4150,0.29981107289926184,0.2706138438293179,0.4295750832714202,2020,D
4151,0.33383059861960995,0.24481331948628335,0.4213560818941066,2020,A
4152,0.5905862009622322,0.20660310492962533,0.20281069410814248,2020,A
4153,0.2345219243552296,0.24289451253592578,0.5225835631088447,2020,H
4154,0.27527680396189946,0.25649568831245156,0.468227507725649,2020,A
4155,0.26424710386478323,0.25172602969571306,0.4840268664395037,2020,D
4156,0.12229621450438057,0.2157197041571576,0.6619840813384619,2020,A
4157,0.5952446648863714,0.22643362833282915,0.17832170678079945,2020,A
4158,0.2877486019103197,0.24714342621849233,0.4651079718711879,2020,H
4159,0.39256269085115125,0.2607653940579846,0.3466719150908642,2020,H
4160,0.0974659092307147,0.18423055219276135,0.7183035385765241,2020,D
4161,0.34537080894077193,0.2580792639848609,0.39654992707436715,2020,A
4162,0.5736091259707768,0.21240037038431453,0.21399050364490865,2020,H
4163,0.40834350121132124,0.24717893141052658,0.3444775673781521,2020,H
4164,0.5409976742278625,0.23681284867698105,0.2221894770951565,2020,A
4165,0.38837370600428894,0.24607535926098847,0.36555093473472255,2020,A
4166,0.494212477461191,0.2494552357645888,0.2563322867742201,2020,A
4167,0.2128367486030693,0.2670959976647174,0.5200672537322132,2020,H
4168,0.28052490941355335,0.2572068931694601,0.46226819741698666,2020,H
4169,0.16925616612182942,0.20289811255356072,0.6278457213246098,2020,A
4170,0.15757388785441118,0.22162135910967593,0.6208047530359129,2020,H
4171,0.3858812328929214,0.2850991977316287,0.32901956937544985,2020,H
4172,0.15879291449708888,0.22535369853168472,0.6158533869712264,2020,H
4173,0.2580082803568769,0.22482317003708144,0.5171685496060416,2020,H
4174,0.44278766533031316,0.2528982339470647,0.30431410072262216,2020,H
4175,0.3531851503547641,0.2795183753980466,0.3672964742471893,2020,A
4176,0.11199582163783262,0.19870550351249552,0.6892986748496718,2020,H
4177,0.24323643931764544,0.24365445966131136,0.5131091010210432,2020,A
4178,0.11242483772320165,0.1615060586442774,0.7260691036325211,2020,H
4179,0.3687869311819801,0.24962377723790685,0.38158929158011307,2020,A
4181,0.37282496810332943,0.2436621610542932,0.3835128708423774,2021,H
4182,0.3145193523489572,0.27113492963268737,0.41434571801835535,2021,A
4183,0.16329625174865947,0.20962992646407033,0.6270738217872701,2021,H
4184,0.3085866977810133,0.2507658800969516,0.4406474221220351,2021,H
4185,0.23610838860794728,0.23801732679552995,0.5258742845965229,2021,H
4186,0.36440867636069313,0.27252465968853845,0.3630666639507684,2021,H
4187,0.7341628273502346,0.19936437483266525,0.0664727978171,2021,A
4188,0.3713601937666193,0.2452743630764183,0.38336544315696236,2021,A
4189,0.352673999551975,0.23134247309138,0.41598352735664507,2021,H
4190,0.26342203241535794,0.25683071753335374,0.47974725005128827,2021,D
4191,0.27957225215031273,0.23647734842943594,0.4839503994202513,2021,H
4192,0.06106350581699785,0.16266003721674477,0.7762764569662574,2021,H
4193,0.07868127622444228,0.13174292519407219,0.7895757985814856,2021,H
4195,0.30986726959291616,0.259812885226554,0.43031984518052974,2021,H
4196,0.43156494814874086,0.2667925378473052,0.3016425140039539,2021,D
4197,0.34428586764306074,0.27100783003003903,0.3847063023269002,2021,A
4198,0.3801630009038385,0.2467002474877255,0.37313675160843607,2021,A
4199,0.2617962189110077,0.2218733202227858,0.5163304608662065,2021,H
4200,0.12899093820903978,0.18468151535273283,0.6863275464382275,2021,D
4201,0.49831176220437234,0.3103589245314813,0.19132931326414654,2021,A
4202,0.2724652138877774,0.2257539498323044,0.5017808362799182,2021,A
4203,0.2453395643090335,0.2516149271619014,0.5030455085290652,2021,D
4204,0.1485862006794675,0.19863371028794938,0.6527800890325832,2021,H
4206,0.22729622950342981,0.17363069201005216,0.599073078486518,2021,D
4207,0.4112222399015154,0.27090103101537727,0.31787672908310727,2021,A
4208,0.18403392161459525,0.20425299654718287,0.6117130818382219,2021,H
4209,0.46698968415786635,0.2730683178061948,0.25994199803593876,2021,D
4210,0.5154155953732996,0.25133866525472254,0.23324573937197782,2021,H
4211,0.11011132126661591,0.2141602279425578,0.6757284507908263,2021,H
4213,0.5931513033037823,0.20801021121391391,0.1988384854823037,2021,A
4214,0.1943708102910176,0.21067473751102256,0.5949544521979598,2021,H
4215,0.516349004722769,0.2538281254794586,0.2298228697977724,2021,D
4216,0.32970122471684293,0.2575988231180336,0.41269995216512345,2021,A
4217,0.17655682924391966,0.20660935949245948,0.6168338112636208,2021,H
4218,0.5291729649394658,0.23374876120989896,0.2370782738506352,2021,A
4219,0.18925697442927641,0.21233349126073042,0.5984095343099932,2021,H
4220,0.33032491238126166,0.26068209847542523,0.4089929891433131,2021,D
4222,0.406367475008423,0.25806115529499607,0.33557136969658097,2021,A
4223,0.056341480194831775,0.12987310061616067,0.8137854191890076,2021,H
4224,0.0830417836303534,0.1345966195449399,0.7823615968247066,2021,D
4225,0.43563389258107404,0.31988123954142694,0.24448486787749893,2021,A
4226,0.3537588317080521,0.25684318928143574,0.3893979790105122,2021,H
4227,0.25617308087114304,0.24275594318484078,0.5010709759440162,2021,H
4228,0.34114070202223734,0.25056377114319356,0.40829552683456916,2021,A
4229,0.4418561539977142,0.2492923796128145,0.30885146638947125,2021,A
4230,0.41713394832838263,0.20904505618021266,0.37382099549140463,2021,A
4231,0.26083971322509486,0.23392090018264125,0.5052393865922639,2021,D
4232,0.25956859348838424,0.24796961272049903,0.49246179379111665,2021,D
4233,0.42726188857976355,0.27044330204391154,0.30229480937632497,2021,A
4234,0.07571578102204196,0.16917575211734845,0.7551084668606096,2021,H
4235,0.17302104993606188,0.18534803941013978,0.6416309106537984,2021,A
4236,0.5971799003660412,0.211990107401059,0.19082999223289987,2021,D
4237,0.35018245471372483,0.24630268346831743,0.4035148618179577,2021,A
4238,0.26517761202007933,0.24548522388913963,0.4893371640907812,2021,H
4239,0.4225738287181627,0.26211072485820885,0.3153154464236285,2021,D
4240,0.258927594787797,0.2628845406689513,0.4781878645432518,2021,H
4241,0.2590234366563299,0.23398269098974273,0.5069938723539273,2021,D
4242,0.24829788001296005,0.236395874841722,0.515306245145318,2021,H
4243,0.23299040531151743,0.2272743267931401,0.5397352678953424,2021,D
4244,0.23270441363238384,0.21810155064409925,0.549194035723517,2021,H
4245,0.1500226626588233,0.23726349213374104,0.6127138452074358,2021,D
4246,0.3196309108035042,0.25176005273287105,0.42860903646362475,2021,D
4247,0.3707323879355723,0.2661169617461355,0.36315065031829213,2021,H
4248,0.18247874334024364,0.22719125347743185,0.5903300031823245,2021,A
4249,0.2865183448240153,0.20827629712118736,0.5052053580547973,2021,D
4250,0.3388297556073939,0.25749745882358405,0.403672785569022,2021,A
4251,0.07903786695984427,0.13610368713472404,0.7848584459054317,2021,H
4252,0.6651143185122262,0.19290988244822543,0.14197579903954818,2021,A
4253,0.4929014844068225,0.2544277069490294,0.252670808644148,2021,D
4254,0.5048479734487964,0.23067261008722834,0.26447941646397527,2021,H
4255,0.27981887968769315,0.252000727153661,0.46818039315864574,2021,A
4256,0.34094620278546806,0.26775814631036265,0.3912956509041693,2021,H
4257,0.2721906028316993,0.23407341778253352,0.4937359793857671,2021,A
4258,0.35991984158188045,0.2729363509612532,0.36714380745686637,2021,A
4259,0.31706972660345184,0.24978672547731026,0.4331435479192379,2021,D
4260,0.2740457278518699,0.23120621292744192,0.49474805922068815,2021,H
4261,0.25236205910643833,0.23840214881597602,0.5092357920775856,2021,D
4262,0.39863983735508574,0.2743625788184913,0.3269975838264228,2021,D
4263,0.46338364596524717,0.22251311499196613,0.31410323904278664,2021,A
4264,0.23779292849066108,0.23930561065327002,0.5229014608560689,2021,D
4265,0.1888717337927171,0.22444145107705563,0.5866868151302272,2021,A
4266,0.10005094608845964,0.16197575068057748,0.737973303230963,2021,H
4267,0.3020208640547479,0.2473321929608497,0.45064694298440244,2021,A
4268,0.2526026306954621,0.22347591829119487,0.523921451013343,2021,H
4269,0.42803519091024245,0.2321894940312797,0.33977531505847786,2021,A
4270,0.5929904487162043,0.23341414590854906,0.1735954053752466,2021,A
4271,0.3624059584498431,0.2555191984465658,0.382074843103591,2021,A
4272,0.35929433915536285,0.22845559118762876,0.4122500696570084,2021,A
4273,0.27210831223688686,0.24758063562931865,0.4803110521337945,2021,A
4274,0.35044696998519437,0.27259500532035263,0.3769580246944529,2021,H
4275,0.12089212535897818,0.1654467878291524,0.7136610868118693,2021,D
4276,0.10035447647844888,0.16200160139101263,0.7376439221305385,2021,A
4277,0.458847936669511,0.2564971158137366,0.28465494751675235,2021,A
4278,0.38827130701866613,0.28337052565512655,0.32835816732620726,2021,A
4279,0.3067813712410967,0.25215463772255814,0.44106399103634514,2021,H
4280,0.1658031200585221,0.2123115935889318,0.6218852863525461,2021,H
4281,0.37572582420499473,0.22782050885879274,0.3964536669362126,2021,A
4282,0.1655646893327192,0.2309815320676664,0.6034537785996145,2021,A
4283,0.1003990383653187,0.15763122625778253,0.7419697353768987,2021,D
4284,0.3276829063340554,0.26762953382095855,0.40468755984498617,2021,H
4285,0.19211563497274428,0.2118503423701988,0.596034022657057,2021,D
4286,0.13764747669416527,0.19419178075691204,0.6681607425489227,2021,H
4287,0.3427851036695162,0.2513035170741258,0.40591137925635795,2021,D
4288,0.3658839744844983,0.25959099983390904,0.3745250256815926,2021,D
4289,0.39184775662782767,0.22289809723519974,0.38525414613697256,2021,H
4290,0.510165058577583,0.2508739583312617,0.2389609830911553,2021,H
4291,0.4322778640458546,0.2493005615993997,0.31842157435474566,2021,H
4292,0.4311897117919294,0.25644885483988505,0.31236143336818556,2021,H
4293,0.23534079402637756,0.23082606893205493,0.5338331370415675,2021,H
4294,0.3886467308285504,0.2674323492175447,0.3439209199539049,2021,D
4295,0.41218168741661976,0.2680018441362226,0.31981646844715766,2021,D
4296,0.3678795954685572,0.2668509208806565,0.36526948365078626,2021,H
4297,0.5318046838438668,0.2419410258864194,0.22625429026971378,2021,A
4298,0.10184346229310928,0.16462882755969074,0.7335277101472,2021,H
4299,0.26818340552794434,0.24872616902382128,0.48309042544823444,2021,H
4300,0.45599871769406,0.2639238001343182,0.2800774821716218,2021,D
4301,0.2360846270641893,0.22852179915597554,0.5353935737798352,2021,A
4302,0.16536232172418633,0.19206434848250248,0.6425733297933112,2021,H
4303,0.13126034031455816,0.18964204508238378,0.6790976146030581,2021,H
4304,0.26979606898101577,0.2488673631557204,0.48133656786326384,2021,D
4305,0.21879661137048628,0.2486777710921886,0.5325256175373251,2021,H
4306,0.2752296891327799,0.25941761436752037,0.4653526964996998,2021,H
4307,0.14418084662965341,0.1940700733745232,0.6617490799958233,2021,H
4308,0.09689106688808075,0.1551554587613471,0.7479534743505721,2021,D
4309,0.3196149738560145,0.27662929570134576,0.40375573044263974,2021,D
4310,0.30361233535843707,0.25924718069055364,0.4371404839510093,2021,H
4311,0.2308187789937713,0.2523666031989135,0.5168146178073152,2021,D
4312,0.534458599319763,0.25660831048677146,0.20893309019346554,2021,A
4313,0.6659412417225674,0.18751004598595522,0.1465487122914774,2021,A
4314,0.2924669562722845,0.26463657327112056,0.442896470456595,2021,D
4315,0.25440164072767596,0.23998008312959263,0.5056182761427315,2021,D
4316,0.6420600312714718,0.20256719330148668,0.15537277542704156,2021,A
4317,0.26857326600307074,0.23987331086392155,0.49155342313300787,2021,H
4318,0.564784407902591,0.23386273040661654,0.20135286169079256,2021,H
4319,0.29079737152262713,0.2511084363131865,0.4580941921641864,2021,D
4320,0.5468039515269506,0.22684744413131297,0.22634860434173654,2021,A
4321,0.6220945690183357,0.21107344945077428,0.16683198153089002,2021,A
4322,0.4883285247587031,0.22877213141341712,0.2828993438278797,2021,H
4323,0.28973867432783834,0.2834399239655717,0.42682140170658994,2021,H
4324,0.24319083996089488,0.235064914659283,0.5217442453798221,2021,H
4325,0.3729380182732524,0.25251431386957673,0.374547667857171,2021,H
4326,0.21674802085214118,0.24079384511163396,0.5424581340362249,2021,D
4327,0.37684576096342953,0.2479726632336139,0.37518157580295664,2021,H
4328,0.40905995059648165,0.2828340396767319,0.3081060097267865,2021,H
4329,0.27341984090248395,0.2551460905158714,0.47143406858164466,2021,H
4330,0.09441721890629018,0.15342088170117313,0.7521618993925367,2021,H
4331,0.20347601129330786,0.2344596762763582,0.562064312430334,2021,H
4332,0.15232322495469436,0.18532372389692384,0.6623530511483818,2021,H
4333,0.10806068163700407,0.1683196246993128,0.7236196936636831,2021,H
4334,0.32180181536871844,0.281186455672575,0.3970117289587065,2021,A
4335,0.3899000787396465,0.2741691541870327,0.33593076707332087,2021,D
4336,0.28863294969887904,0.25022616772353873,0.4611408825775822,2021,H
4337,0.2862438635383551,0.25813309784250443,0.45562303861914055,2021,H
4338,0.09235066986394552,0.13737483747987206,0.7702744926561824,2021,H
4339,0.3015913575630396,0.29306025934322955,0.4053483830937307,2021,A
4340,0.2519426732893729,0.263767078325325,0.48429024838530205,2021,A
4341,0.2911226036545017,0.2339926632586495,0.47488473308684864,2021,D
4342,0.21999656221903863,0.24483939585782988,0.5351640419231315,2021,H
4343,0.10898468125006366,0.17581054303916857,0.7152047757107678,2021,D
4344,0.08972867748919226,0.13522837236212132,0.7750429501486865,2021,H
4345,0.5114078793964255,0.2585528130997857,0.23003930750378865,2021,A
4346,0.7559323048192909,0.16650524300914812,0.07756245217156095,2021,A
4347,0.5667855639537899,0.20892928135121658,0.22428515469499355,2021,D
4348,0.6238135190155111,0.18968925020726693,0.18649723077722205,2021,D
4349,0.4973812320181094,0.22300049955173368,0.2796182684301569,2021,A
4350,0.25888998833334687,0.26143364373394584,0.4796763679327074,2021,H
4351,0.2472008427844278,0.2298186664651896,0.5229804907503826,2021,A
4352,0.22619981250142485,0.2225804461145784,0.5512197413839968,2021,H
4353,0.5671973712148816,0.24317735474085045,0.18962527404426804,2021,A
4354,0.07728884597830003,0.1260208381736068,0.7966903158480932,2021,H
4355,0.42784923631132143,0.2858156661343063,0.2863350975543722,2021,D
4356,0.20464722287473638,0.23471795900314088,0.5606348181221228,2021,H
4357,0.44326824737169684,0.25564150122376017,0.30109025140454293,2021,D
4358,0.3909010920021921,0.27892241226780584,0.330176495730002,2021,A
4359,0.5396760529200745,0.21911613856432824,0.24120780851559726,2021,H
4360,0.13907786757674617,0.19816828348734883,0.662753848935905,2021,D
4361,0.6877367788576566,0.18969644201741478,0.1225667791249287,2021,A
4362,0.17440427982649206,0.22536863054462894,0.600227089628879,2021,H
4363,0.577079998573371,0.19208675323182686,0.23083324819480214,2021,A
4364,0.5395822449242573,0.2625413484691137,0.19787640660662895,2021,A
4365,0.30550073088550167,0.24916930647694072,0.44532996263755764,2021,A
4366,0.25665176950115204,0.27460360166601083,0.4687446288328372,2021,H
4367,0.34751670480354324,0.27981242516016586,0.3726708700362909,2021,A
4368,0.2534801278217178,0.28330327888217555,0.46321659329610676,2021,H
4369,0.41339539634465944,0.21674200089144074,0.3698626027638998,2021,D
4370,0.1331001230997002,0.2149965370620494,0.6519033398382504,2021,A
4371,0.29739190007176786,0.25583819575008054,0.44676990417815154,2021,H
4372,0.13254999108367815,0.18759822668845358,0.6798517822278682,2021,H
4373,0.34518590965021684,0.24161323035718008,0.4132008599926032,2021,D
4374,0.31352819950653654,0.24996472846595025,0.43650707202751327,2021,H
4375,0.3926061129701206,0.26323268323410814,0.34416120379577125,2021,D
4376,0.3541671424026209,0.29457521586229746,0.35125764173508156,2021,H
4377,0.161761114329868,0.15038264000366422,0.6878562456664679,2021,H
4378,0.2543548612360931,0.2704378750129531,0.47520726375095385,2021,D
4379,0.11988710689584081,0.18036447668886063,0.6997484164152986,2021,H
4380,0.18925241446596075,0.19580239090064225,0.614945194633397,2021,A
4381,0.29418813670253,0.24213134154413232,0.4636805217533376,2021,D
4382,0.5035242062653436,0.23576030996636202,0.26071548376829445,2021,A
4383,0.3865877107438165,0.28484072279178124,0.3285715664644024,2021,A
4384,0.2563313809950989,0.2599563623289866,0.4837122566759144,2021,A
4385,0.21129417029535133,0.24179885700884013,0.5469069726958086,2021,A
4386,0.38443100025828214,0.27422375149911143,0.3413452482426065,2021,A
4387,0.6107436753631214,0.21436860846724215,0.17488771616963647,2021,D
4388,0.3096010522274438,0.31301802800157813,0.37738091977097804,2021,A
4389,0.29488398238665436,0.23768615491426764,0.467429862699078,2021,H
4390,0.08923293428066992,0.17254849151344318,0.738218574205887,2021,D
4391,0.6406261358136602,0.1964677606038064,0.16290610358253327,2021,A
4392,0.36573960933085436,0.26426191210936784,0.36999847855977785,2021,D
4393,0.3966290793285532,0.22968434105270089,0.37368657961874596,2021,H
4394,0.34043220996692064,0.26382714406400537,0.39574064596907393,2021,D
4395,0.3114835017143261,0.25432252345736095,0.4341939748283129,2021,H
4396,0.19571206735558525,0.22887412205167523,0.5754138105927395,2021,H
4397,0.5712242649914462,0.23574190073386703,0.1930338342746868,2021,D
4398,0.21386833463681088,0.21961773733512563,0.5665139280280636,2021,D
4399,0.14103235310644152,0.21106870302456943,0.6478989438689892,2021,A
4400,0.41857493530714684,0.2568890120130069,0.3245360526798463,2021,D
4401,0.06928817925918296,0.14947778137511591,0.7812340393657011,2021,H
4402,0.10106465125860344,0.1796321794006685,0.719303169340728,2021,H
4403,0.4108732546279967,0.23133378103954444,0.3577929643324588,2021,A
4404,0.24236503945503404,0.22768081883046962,0.5299541417144963,2021,D
4405,0.3699407494352773,0.29215623831173787,0.33790301225298486,2021,D
4406,0.3925253545221411,0.26245740213635255,0.3450172433415064,2021,H
4407,0.4120776368771516,0.27512440056623655,0.31279796255661196,2021,A
4408,0.638959636584855,0.21123853075359358,0.14980183266155145,2021,A
4409,0.203487100654931,0.24890632637696808,0.5476065729681009,2021,A
4410,0.4617729986966338,0.26216440319050305,0.27606259811286316,2021,D
4411,0.7085066366385661,0.18425510254651198,0.10723826081492184,2021,A
4412,0.3500111692751395,0.2566010809241151,0.39338774980074537,2021,H
4413,0.2034757475115642,0.2263787476893648,0.570145504799071,2021,H
4414,0.31866817975020495,0.24773778487984083,0.4335940353699543,2021,D
4415,0.1169835177440401,0.1885213601059338,0.6944951221500261,2021,H
4416,0.29118227913651024,0.24529224615880274,0.46352547470468697,2021,A
4417,0.12919844718511686,0.22265770335845583,0.6481438494564273,2021,A
4418,0.42744493885215973,0.25154686104114016,0.32100820010670017,2021,A
4419,0.059694000895202555,0.14513994189267806,0.7951660572121193,2021,H
4420,0.26647461088067287,0.23593330907375654,0.49759208004557076,2021,H
4421,0.15130529676693472,0.18005003632363933,0.6686446669094259,2021,A
4422,0.21375087261289205,0.24256275274288364,0.5436863746442243,2021,H
4423,0.4508457232288245,0.24899943531217128,0.3001548414590041,2021,A
4424,0.4287723945454202,0.2522721532508179,0.3189554522037618,2021,H
4425,0.29506892559923353,0.2641528965960578,0.44077817780470857,2021,A
4426,0.07391599970439759,0.1300730180592491,0.7960109822363534,2021,H
4427,0.2043947170534005,0.21553273774033913,0.5800725452062604,2021,H
4428,0.11453653334038004,0.2098573859262193,0.6756060807334007,2021,H
4429,0.3312292996111211,0.28771783079693664,0.3810528695919422,2021,A
4430,0.3996355458444729,0.26825921745670644,0.33210523669882047,2021,A
4431,0.2744943431382092,0.2673605344212039,0.45814512244058686,2021,D
4432,0.11516694478276913,0.18017677707125493,0.704656278145976,2021,D
4433,0.2998155924146149,0.2576636015712219,0.44252080601416316,2021,A
4434,0.6507631889045831,0.20193288816433286,0.1473039229310842,2021,A
4435,0.3019491761355415,0.25097605471552775,0.44707476914893074,2021,H
4436,0.3210004729240408,0.2560250943822186,0.4229744326937406,2021,A
4437,0.17987120284975383,0.2018863854387454,0.6182424117115008,2021,H
4438,0.32087474342269323,0.2587240716730867,0.42040118490422,2021,A
4439,0.28425642351502733,0.29285787107662103,0.4228857054083517,2021,A
4440,0.22625303587279116,0.22615970724949971,0.547587256877709,2021,H
4441,0.4966135756641359,0.2506755937008198,0.2527108306350444,2021,A
4442,0.5124439054138208,0.2284167311372205,0.25913936344895866,2021,H
4443,0.09774456859904224,0.15816869088820318,0.7440867405127545,2021,H
4444,0.22980435022762735,0.2053557721095146,0.564839877662858,2021,H
4445,0.6311617854079882,0.20754228150631565,0.1612959330856962,2021,A
4446,0.2330657422885122,0.2303847056240398,0.536549552087448,2021,H
4447,0.2144302274997709,0.2489744554128954,0.5365953170873338,2021,H
4448,0.4309379910942924,0.28791795009306764,0.2811440588126399,2021,A
4449,0.28191299853814045,0.2524411337555589,0.4656458677063007,2021,A
4450,0.6243894441206964,0.2382446258910105,0.13736592998829308,2021,A
4451,0.6093146849350727,0.23136509952284104,0.1593202155420863,2021,A
4452,0.3588389311975956,0.27091092025942665,0.3702501485429778,2021,H
4453,0.2925624960856046,0.25253448060127176,0.45490302331312366,2021,H
4454,0.19934514008011764,0.20698074188951188,0.5936741180303705,2021,H
4455,0.39967780899859273,0.2858884356001201,0.3144337554012872,2021,A
4456,0.18499400151623496,0.2851239675224205,0.5298820309613446,2021,H
4457,0.11276770826849059,0.20158852751297285,0.6856437642185367,2021,A
4458,0.32247658133969764,0.24432279730045692,0.43320062135984544,2021,H
4459,0.1631661748351962,0.1854469812458428,0.651386843918961,2021,H
4460,0.5751467508225554,0.21439174577592116,0.21046150340152336,2021,D
4461,0.4242497382779366,0.2815022955023894,0.29424796621967403,2021,A
4462,0.43939558358263636,0.2197856491583736,0.34081876725899,2021,A
4463,0.43477282390133704,0.29339997224025155,0.27182720385841147,2021,H
4464,0.17587576488732132,0.1962934565571463,0.6278307785555324,2021,A
4465,0.36224298134083743,0.24307386433673275,0.39468315432242973,2021,A
4466,0.1745786197941124,0.2435667193979924,0.5818546608078952,2021,H
4467,0.22912942427810012,0.23255701640276324,0.5383135593191366,2021,H
4468,0.24930132226505347,0.23478531037183675,0.5159133673631098,2021,D
4469,0.27892773811202526,0.2576516414193313,0.46342062046864335,2021,H
4470,0.4070491588047744,0.2450325429238078,0.3479182982714178,2021,D
4471,0.09883166282088333,0.16642503032299996,0.7347433068561167,2021,A
4472,0.6902560800423263,0.19637018342445736,0.11337373653321638,2021,A
4473,0.16289866006994014,0.2565114578666201,0.5805898820634398,2021,D
4474,0.06380616218326374,0.12127123713297228,0.814922600683764,2021,H
4475,0.209488546683487,0.23463610542168362,0.5558753478948294,2021,H
4476,0.1941125606965997,0.22168179708896316,0.584205642214437,2021,H
4477,0.4404045620642472,0.2551886251925046,0.304406812743248,2021,H
4478,0.3246007561021705,0.2814472166491197,0.39395202724870976,2021,H
4479,0.37663506018318377,0.27328063358088617,0.35008430623593,2021,H
4480,0.4390746187286332,0.25823266853037086,0.302692712740996,2021,A
4481,0.38899182905008356,0.26969495817459904,0.3413132127753174,2021,A
4482,0.3514604075627166,0.24809598032128702,0.4004436121159963,2021,A
4483,0.22876470308291236,0.21432784265875704,0.5569074542583305,2021,A
4484,0.44166801829129626,0.269770608563558,0.28856137314514574,2021,H
4485,0.30926433205202897,0.26448169552263207,0.426253972425339,2021,H
4486,0.29695601884326944,0.27155499459856886,0.43148898655816165,2021,H
4487,0.38045729137212325,0.2620904259329433,0.35745228269493345,2021,H
4488,0.33392562510876167,0.2312597364247171,0.43481463846652124,2021,D
4489,0.18007806229728343,0.180960731946404,0.6389612057563125,2021,A
4490,0.1640542799738912,0.23082777262134785,0.605117947404761,2021,H
4491,0.4299594976311216,0.26225499925187745,0.30778550311700087,2021,H
4492,0.45473266685335345,0.2888192068338889,0.2564481263127575,2021,A
4493,0.3414739758050769,0.2648605781251609,0.39366544606976234,2021,H
4494,0.24677198044979468,0.23850815544491707,0.5147198641052882,2021,D
4495,0.16151783111971613,0.1973095907393546,0.6411725781409293,2021,H
4496,0.19089959334925033,0.19562662323876165,0.613473783411988,2021,A
4497,0.3440769589238364,0.25847708272681985,0.3974459583493438,2021,D
4498,0.2766384636374073,0.2614613618980219,0.46190017446457077,2021,H
4499,0.12120593964243562,0.17761420186983648,0.7011798584877278,2021,H
4500,0.3969619512572464,0.24376149570713443,0.3592765530356191,2021,H
4501,0.21366388598235805,0.21870167383301625,0.5676344401846256,2021,H
4502,0.2944245764316703,0.23648735647579658,0.4690880670925331,2021,D
4503,0.048693190297386266,0.1259068316284057,0.8253999780742081,2021,H
4504,0.4772014387507608,0.26272697959107577,0.26007158165816346,2021,A
4505,0.3402331981675331,0.2514079352178389,0.408358866614628,2021,D
4506,0.12135085100469079,0.17415944497614977,0.7044897040191596,2021,H
4507,0.1914446401413568,0.2148862998625915,0.5936690599960517,2021,H
4508,0.3767586746149189,0.2593497376141986,0.36389158777088254,2021,H
4509,0.28527414695731007,0.24023971670906685,0.47448613633362297,2021,D
4510,0.3233341770584646,0.26760269927267233,0.409063123668863,2021,D
4511,0.42653970392635066,0.2412656500490221,0.3321946460246272,2021,D
4512,0.4916348669249602,0.22363809473731797,0.2847270383377217,2021,A
4513,0.1574748069418923,0.2385454699372037,0.603979723120904,2021,H
4514,0.3254261873794052,0.27041176418746604,0.4041620484331287,2021,A
4515,0.4288823540387411,0.2818719107847991,0.2892457351764597,2021,A
4516,0.25345429732103286,0.25547777502162206,0.4910679276573451,2021,A
4517,0.533802178508153,0.23906631788707572,0.2271315036047712,2021,A
4518,0.5955778663691791,0.2138322682158942,0.19058986541492665,2021,H
4519,0.222401642570055,0.2169176874761979,0.5606806699537471,2021,H
4520,0.4791748978164859,0.2396285570112872,0.2811965451722268,2021,A
4521,0.31794572220968376,0.2632473540721319,0.41880692371818445,2021,H
4522,0.17156129915915103,0.21983412856708964,0.6086045722737594,2021,H
4523,0.33587424948221606,0.22352732664126507,0.4405984238765189,2021,A
4524,0.11236535350259008,0.18121562225607646,0.7064190242413335,2021,D
4525,0.1336643421575118,0.20779147935213108,0.6585441784903571,2021,H
4526,0.3668325722536683,0.2559472608128459,0.37722016693348587,2021,H
4527,0.1463839491063382,0.18154813203580744,0.6720679188578543,2021,D
4528,0.44334870095099543,0.28223482825445834,0.27441647079454623,2021,A
4529,0.11025961890009127,0.17850688811573856,0.7112334929841702,2021,H
4530,0.1394669387057704,0.19204099260238947,0.6684920686918401,2021,H
4531,0.2775920551179262,0.2600304740156112,0.46237747086646264,2021,A
4532,0.5030744745016857,0.21907903096915413,0.27784649452916016,2021,A
4533,0.20736748367047775,0.24997197478949892,0.5426605415400233,2021,H
4534,0.36933733068669594,0.3038331827513996,0.3268294865619046,2021,D
4535,0.6342575925939296,0.21024435815374284,0.1554980492523276,2021,A
4536,0.5618467147175086,0.22630383892861314,0.21184944635387828,2021,A
4537,0.43982956806463813,0.22923699289129787,0.330933439044064,2021,H
4538,0.3976488926776391,0.2623541810916879,0.33999692623067296,2021,A
4539,0.1866791397008847,0.24365113958089854,0.5696697207182168,2021,D
4540,0.46287926515690875,0.2820162577473381,0.2551044770957531,2021,D
4541,0.5276882559259171,0.24316372998711422,0.22914801408696875,2021,A
4542,0.6482997707812967,0.20145850225755751,0.1502417269611457,2021,D
4543,0.2206872229456356,0.2250939248565598,0.5542188521978045,2021,H
4544,0.33489836549241936,0.25655835922114434,0.40854327528643636,2021,D
4545,0.47851673113369336,0.26524003018139086,0.2562432386849157,2021,H
4546,0.6559647247321924,0.20018265007323985,0.1438526251945677,2021,A
4547,0.40249143591638464,0.25489868520228737,0.34260987888132793,2021,H
4548,0.25549980364574915,0.2621201678368052,0.4823800285174456,2021,D
4549,0.19367728561033842,0.20871783084293705,0.5976048835467245,2021,D
4550,0.1904584627831882,0.23107296018815177,0.5784685770286601,2021,H
4551,0.5951873224802524,0.2447558231635727,0.16005685435617498,2021,A
4552,0.08836469142317244,0.15231192879865282,0.7593233797781748,2021,H
4553,0.17894166544735557,0.22506567516372114,0.5959926593889232,2021,H
4554,0.08034972853005046,0.1372704139112313,0.7823798575587183,2021,H
4555,0.13395332286480055,0.19059948890191925,0.6754471882332802,2021,A
4556,0.357688220808151,0.27256975283869966,0.36974202635314934,2021,A
4557,0.2777313079064697,0.25427734358742954,0.4679913485061007,2021,H
4558,0.056203171453611256,0.13970041860688354,0.8040964099395053,2021,H
4559,0.2632837260134433,0.24799546800889652,0.48872080597766016,2021,H
4560,0.36058782439146525,0.23446281247112538,0.4049493631374093,2022,A
4562,0.4825793039164836,0.23335848844983872,0.2840622076336778,2022,A
4563,0.12742973697438426,0.18325764068613207,0.6893126223394836,2022,H
4564,0.6716194005585077,0.20000562462800964,0.12837497481348273,2022,D
4565,0.2985483849056169,0.2492627996249881,0.4521888154693951,2022,H
4566,0.3228188664653608,0.2706874831023624,0.40649365043227687,2022,H
4567,0.25664650368082487,0.23443616799567213,0.5089173283235031,2022,D
4568,0.35632702740116445,0.2686377994639708,0.3750351731348647,2022,A
4569,0.6938288173199711,0.18439032050483753,0.12178086217519131,2022,A
4570,0.31028374506529105,0.26689909976385273,0.4228171551708562,2022,D
4571,0.23827606776301596,0.22417612417734128,0.5375478080596428,2022,D
4572,0.21450605845981469,0.24006322337728594,0.5454307181628995,2022,H
4573,0.20755195711889052,0.23166164587519342,0.560786397005916,2022,H
4574,0.10892909489279233,0.16388928971625638,0.7271816153909514,2022,H
4575,0.2619779122234602,0.2559250023310481,0.48209708544549174,2022,H
4576,0.45122615693126034,0.2777744862233822,0.2709993568453575,2022,D
4578,0.25851340294284675,0.23158999179527637,0.509896605261877,2022,D
4579,0.1317706710001949,0.1938512435823888,0.6743780854174164,2022,D
4580,0.21137044507369834,0.2473757651384626,0.5412537897878391,2022,A
4581,0.41898137655855805,0.27126795745781973,0.30975066598362216,2022,H
4582,0.5210239932813495,0.2327060446091172,0.2462699621095333,2022,A
4583,0.36046945700817373,0.2642858099298261,0.3752447330620002,2022,H
4584,0.11718698438324601,0.18590425351291798,0.696908762103836,2022,H
4586,0.4988014111483666,0.2405700630522249,0.2606285257994086,2022,H
4587,0.5055769127255599,0.2642095191873959,0.2302135680870443,2022,A
4588,0.6125437491660568,0.2014013018969887,0.18605494893695443,2022,D
4589,0.580304075985366,0.2403064680729072,0.17938945594172667,2022,H
4590,0.10442955805070828,0.16868341577093962,0.726887026178352,2022,H
4591,0.10225076573151419,0.18613780832686208,0.7116114259416239,2022,H
4592,0.2594530758122822,0.23188427803352107,0.5086626461541968,2022,H
4593,0.14367043033040808,0.2271204905578524,0.6292090791117396,2022,H
4594,0.38840434458184836,0.24242058258916308,0.3691750728289886,2022,A
4595,0.16557495931517033,0.22392868311446557,0.6104963575703641,2022,D
4596,0.12250522915160927,0.16375494748717762,0.7137398233612131,2022,H
4597,0.25657183311407283,0.2534336902039989,0.4899944766819282,2022,A
4598,0.42900681123593054,0.2774255928580044,0.29356759590606496,2022,D
4600,0.45595175225902695,0.25977113942068303,0.28427710832028996,2022,H
4601,0.19631390957853687,0.23605659272326684,0.5676294976981964,2022,D
4602,0.3457972083805204,0.2659303023537146,0.38827248926576496,2022,D
4603,0.42323017276360647,0.2646034721662618,0.31216635507013174,2022,H
4604,0.08814824370253392,0.15114168448042212,0.760710071817044,2022,H
4605,0.3626888747295921,0.29112338004506777,0.3461877452253401,2022,D
4607,0.5212776302849705,0.2553328190564386,0.22338955065859087,2022,D
4608,0.18393229368060646,0.21333832252940862,0.6027293837899849,2022,H
4609,0.30830553271244376,0.2572427205593131,0.43445174672824316,2022,A
4610,0.7205163957254849,0.18756415337730203,0.09191945089721307,2022,D
4611,0.1657915197519187,0.19949731836002146,0.6347111618880598,2022,H
4612,0.2560943463237057,0.27141534206078655,0.47249031161550775,2022,A
4613,0.2928591081019644,0.2643008265857531,0.4428400653122825,2022,H
4614,0.23153705599975796,0.23933356153719929,0.5291293824630428,2022,H
4615,0.5985562383497129,0.21481561009094463,0.18662815155934243,2022,D
4616,0.2563269311390367,0.24717587051466064,0.4964971983463027,2022,D
4617,0.32357436388492367,0.2556380520914917,0.42078758402358457,2022,H
4618,0.18653030340496113,0.22444383214454414,0.5890258644504948,2022,H
4619,0.5899744908368569,0.21024798619558607,0.19977752296755694,2022,H
4620,0.43694860726670604,0.26842800026700064,0.2946233924662933,2022,H
4621,0.3446514157676443,0.28428767625578816,0.3710609079765676,2022,A
4622,0.6455476113773355,0.2033368789929683,0.15111550962969608,2022,A
4623,0.16997084251501307,0.21679493552004617,0.6132342219649408,2022,D
4624,0.10160893923104697,0.1688486261771251,0.7295424345918279,2022,H
4625,0.3324991936449383,0.26569587877558704,0.40180492757947456,2022,H
4626,0.4438264119218535,0.23489524867448372,0.32127833940366285,2022,A
4627,0.27123064211040526,0.224461375705223,0.5043079821843718,2022,H
4628,0.37722480282549414,0.2720410569904273,0.35073414018407856,2022,D
4629,0.46644767854042474,0.2459186412816215,0.28763368017795365,2022,A
4630,0.32428490901248713,0.23349012417702636,0.4422249668104865,2022,A
4631,0.24956101485636947,0.22399126207593445,0.526447723067696,2022,D
4632,0.2570343494848567,0.27186656110794943,0.4710990894071939,2022,A
4633,0.25578158788408095,0.2597405929318929,0.48447781918402627,2022,H
4634,0.1431507994077283,0.18712292131318342,0.6697262792790882,2022,H
4635,0.2298706855800037,0.25448339824556615,0.5156459161744301,2022,D
4636,0.22692513988179647,0.27425253617287404,0.49882232394532944,2022,H
4637,0.09966590220295435,0.16616575323976504,0.7341683445572806,2022,H
4638,0.3682688464235556,0.2617398315100234,0.36999132206642094,2022,H
4639,0.3105004997111408,0.23826350831721538,0.45123599197164393,2022,A
4640,0.18629095575272936,0.21132882385629148,0.6023802203909792,2022,H
4641,0.1875741087176882,0.2187572992689086,0.5936685920134032,2022,H
4642,0.3487015003602276,0.2644181375933877,0.3868803620463847,2022,H
4643,0.22965458371656783,0.2411790033398699,0.5291664129435623,2022,H
4644,0.328429063976508,0.224681317581459,0.4468896184420329,2022,H
4645,0.35183396290053875,0.24454573451883788,0.4036203025806235,2022,A
4646,0.38220017194155753,0.28469864497758707,0.3331011830808554,2022,D
4647,0.4301059935020876,0.26121230967631487,0.3086816968215974,2022,H
4648,0.13870624725263125,0.20485138217656002,0.6564423705708088,2022,H
4649,0.22634292656228908,0.2698746008138556,0.5037824726238554,2022,H
4650,0.30642783426514547,0.27448321039771933,0.4190889553371352,2022,D
4651,0.3240404025513396,0.27422881760992346,0.4017307798387369,2022,D
4652,0.45956755021578205,0.25978623560266145,0.28064621418155655,2022,A
4653,0.6007234960220342,0.21992776400505804,0.17934873997290776,2022,A
4654,0.3427862889112588,0.24334856811268105,0.4138651429760602,2022,D
4655,0.4304701438577865,0.2750674069526179,0.29446244918959563,2022,D
4656,0.46077213470898165,0.24624114300940264,0.29298672228161565,2022,H
4657,0.11893817929215052,0.2008790530326603,0.6801827676751891,2022,D
4658,0.23530414590574214,0.24082161710949027,0.5238742369847675,2022,H
4659,0.2266069094651946,0.22498173460001666,0.5484113559347887,2022,H
4660,0.23232227596561822,0.2469963949921075,0.5206813290422744,2022,A
4661,0.3761277257014486,0.24707134525691624,0.37680092904163526,2022,H
4662,0.43720511510503585,0.24665795205547228,0.3161369328394919,2022,D
4663,0.09496350030713491,0.18107164915490476,0.7239648505379602,2022,H
4664,0.390663557616918,0.2497448472293901,0.359591595153692,2022,H
4665,0.3280815743054789,0.2589342275103797,0.4129841981841414,2022,H
4666,0.5173349089528845,0.249307335579137,0.23335775546797866,2022,H
4667,0.39019614819149206,0.2654859995965769,0.3443178522119309,2022,H
4668,0.19985366628605106,0.20460190477604076,0.5955444289379082,2022,H
4669,0.30302780713499816,0.23853120280514994,0.45844099005985184,2022,D
4670,0.38068945534016424,0.24642394092965514,0.3728866037301807,2022,A
4671,0.37863857277690954,0.2842287283364613,0.3371326988866291,2022,A
4672,0.6076098721519414,0.21496888888405588,0.17742123896400272,2022,D
4673,0.22282103502666104,0.2712204228749718,0.5059585420983672,2022,H
4674,0.30505982063101345,0.2674683178823766,0.42747186148660987,2022,A
4675,0.25977429478504976,0.26390011462599744,0.4763255905889528,2022,H
4676,0.595327471770483,0.21911869416287094,0.18555383406664608,2022,A
4677,0.3650150542345942,0.27214252174665676,0.362842424018749,2022,A
4678,0.29154310500775604,0.2546273108182505,0.45382958417399344,2022,D
4679,0.3047363481889256,0.2682506938328673,0.4270129579782071,2022,H
4680,0.23945436708479478,0.2566783199592437,0.5038673129559615,2022,H
4681,0.22867718554961003,0.2155631640164774,0.5557596504339125,2022,H
4682,0.24535851469156292,0.2352819562117844,0.5193595290966526,2022,D
4683,0.14180180857193206,0.21142692071525968,0.6467712707128083,2022,A
4684,0.09226802646614103,0.17912091953087028,0.7286110540029888,2022,H
4685,0.2305967852394784,0.2325727319067932,0.5368304828537284,2022,H
4686,0.27149070103539047,0.26543624744243294,0.4630730515221765,2022,A
4687,0.44550623700006964,0.25056635515182624,0.303927407848104,2022,A
4688,0.3336491034987004,0.28950698337243486,0.37684391312886467,2022,D
4689,0.14397617923531975,0.18499465771853468,0.6710291630461456,2022,H
4690,0.216625431390105,0.2578387567395617,0.5255358118703334,2022,H
4691,0.46585147129534743,0.25280074868488234,0.2813477800197702,2022,A
4692,0.4789339845882027,0.2602484844163474,0.26081753099544985,2022,H
4693,0.6208669932557651,0.22010286508916027,0.15903014165507467,2022,A
4694,0.2521392404179842,0.2462657564902549,0.5015950030917609,2022,A
4695,0.3054978692015556,0.2301503506167071,0.4643517801817374,2022,A
4696,0.2133766853143224,0.22217087343256497,0.5644524412531126,2022,H
4697,0.521703583765113,0.2538810626566537,0.22441535357823322,2022,A
4698,0.19892818139108498,0.21288586008317725,0.5881859585257377,2022,H
4699,0.2673095788971197,0.28353097515278247,0.4491594459500977,2022,A
4700,0.26062508777246307,0.26523514724013175,0.4741397649874051,2022,H
4701,0.08118918792355648,0.16149655587750608,0.7573142561989376,2022,A
4702,0.43657213775314996,0.26862349429979016,0.29480436794706,2022,H
4703,0.13325389051207487,0.20277144538690137,0.6639746641010238,2022,H
4704,0.19417869533404467,0.22174998911913715,0.5840713155468182,2022,A
4705,0.38982138203950095,0.24082181509045897,0.36935680287004,2022,A
4706,0.5271078565230898,0.2265182606155157,0.2463738828613946,2022,A
4707,0.46146589249258685,0.2570027703477787,0.2815313371596344,2022,A
4708,0.3616237784262281,0.25462783813956363,0.3837483834342083,2022,A
4709,0.5119006364852038,0.229335439150562,0.25876392436423407,2022,A
4710,0.44555089505947937,0.2409175876518097,0.3135315172887109,2022,D
4711,0.25928622424370334,0.24727508586713903,0.49343868988915757,2022,A
4712,0.11998741839274463,0.1655225143832322,0.7144900672240232,2022,H
4713,0.2766759410431852,0.266715387269938,0.4566086716868767,2022,H
4714,0.11738908067547642,0.20100097515972268,0.6816099441648009,2022,H
4715,0.5156750783952959,0.226360924578415,0.257963997026289,2022,A
4716,0.25457603527841327,0.28234803074408305,0.46307593397750363,2022,A
4717,0.14172883603605999,0.23238925896807064,0.6258819049958693,2022,H
4718,0.1353176484613724,0.1808928060963338,0.6837895454422939,2022,D
4719,0.07306283834394976,0.15584818834428743,0.7710889733117628,2022,D
4720,0.4376087326627901,0.23923253039013628,0.3231587369470736,2022,A
4721,0.4025359851274177,0.24723768143690206,0.3502263334356801,2022,A
4722,0.1951155133041424,0.22404570366983093,0.5808387830260268,2022,H
4723,0.45955869591318493,0.2588175292234368,0.2816237748633781,2022,A
4724,0.13952225205947832,0.2049871883065197,0.6554905596340019,2022,A
4725,0.35403117517775723,0.27265065881244616,0.37331816600979667,2022,D
4726,0.5149368080484605,0.24611753009459875,0.23894566185694077,2022,H
4727,0.22384661288531557,0.19861826471253802,0.5775351224021463,2022,D
4728,0.41940243435302915,0.266562992065427,0.3140345735815439,2022,A
4729,0.40367063639543793,0.2573542462528444,0.3389751173517176,2022,A
4730,0.1048643131043114,0.17507416596793163,0.7200615209277569,2022,H
4731,0.35744153270745854,0.24277585746681968,0.3997826098257218,2022,D
4732,0.29335703696079735,0.24428850021844054,0.46235446282076204,2022,D
4733,0.39879637308889004,0.24227334127959557,0.3589302856315143,2022,A
4734,0.2625724050430403,0.29192463356712206,0.44550296138983764,2022,A
4735,0.5707312574254603,0.20952859351873943,0.21974014905580025,2022,A
4736,0.2798830190491074,0.24096285685574004,0.4791541240951525,2022,H
4737,0.2462587058420391,0.224674730990128,0.529066563167833,2022,H
4738,0.4196042239511278,0.20547121996696727,0.3749245560819049,2022,H
4739,0.352038734603093,0.2532348733646589,0.39472639203224824,2022,H
4740,0.31270756166030433,0.2767226660184696,0.4105697723212261,2022,A
4741,0.26490288128145206,0.2659999712852536,0.4690971474332944,2022,H
4742,0.38664353708403,0.26199010631719,0.35136635659877996,2022,H
4743,0.20324486808661624,0.23666154530001715,0.5600935866133666,2022,H
4744,0.24603352384997343,0.2426977691971279,0.5112687069528987,2022,H
4745,0.26887900412728805,0.22737830699178893,0.5037426888809231,2022,H
4746,0.39912800470754023,0.23827609210867506,0.3625959031837847,2022,A
4747,0.48421746719307523,0.25681478289599247,0.25896774991093247,2022,D
4748,0.24407679542831304,0.23317778183387547,0.5227454227378114,2022,H
4749,0.36397829416870925,0.277636620211029,0.3583850856202618,2022,A
4750,0.24359375830833005,0.26375047591572026,0.4926557657759498,2022,H
4751,0.48484262604808853,0.24091718599752746,0.27424018795438393,2022,D
4752,0.4566577340543675,0.2682397157407507,0.27510255020488183,2022,D
4753,0.3773427474768202,0.2935190967274779,0.329138155795702,2022,D
4754,0.24818528598473596,0.251548300133649,0.5002664138816151,2022,D
4755,0.3570411431544458,0.28772595979393684,0.3552328970516175,2022,D
4756,0.11678026371828024,0.1791038229594903,0.7041159133222296,2022,H
4757,0.2958823444253845,0.22506834891924488,0.4790493066553707,2022,H
4758,0.30920182180876676,0.2430488250196002,0.44774935317163306,2022,A
4759,0.20253816070267094,0.24327421275774114,0.5541876265395879,2022,D
4760,0.13804704771461287,0.18974491744201205,0.6722080348433751,2022,D
4761,0.5627554685857789,0.24604664651672623,0.19119788489749479,2022,H
4762,0.22140868453972595,0.2226823466229331,0.555908968837341,2022,H
4763,0.2338125051307776,0.22865675241193126,0.5375307424572912,2022,A
4764,0.22915985073556877,0.24137089021481606,0.5294692590496152,2022,H
4765,0.14771077127305385,0.2091195145828815,0.6431697141440647,2022,H
4766,0.4850600121108896,0.25756057604403354,0.25737941184507684,2022,H
4767,0.22637747650316717,0.2323111226455714,0.5413114008512614,2022,H
4768,0.42650248877587754,0.23881354104326713,0.33468397018085533,2022,H
4769,0.18202015242831238,0.1983736914134459,0.6196061561582418,2022,D
4770,0.42702082895926724,0.25061713163685523,0.3223620394038776,2022,H
4771,0.6245236880176626,0.2152932919815738,0.1601830200007635,2022,D
4772,0.39170420484764096,0.2899640115090169,0.31833178364334214,2022,A
4773,0.3636636696111663,0.2543374944301495,0.3819988359586842,2022,H
4774,0.4092038797877915,0.25765922471383434,0.3331368954983741,2022,D
4775,0.46618676934260767,0.24208784644032005,0.2917253842170723,2022,D
4776,0.19470156337433056,0.2304751075378905,0.574823329087779,2022,D
4777,0.41552738885069657,0.26667859802991634,0.3177940131193872,2022,A
4778,0.2032315858910082,0.22482444205199134,0.5719439720570004,2022,H
4779,0.2055946955251872,0.23249860009554202,0.5619067043792708,2022,H
4780,0.3577725108607252,0.23298230229448685,0.409245186844788,2022,A
4781,0.2654949940177208,0.22204007503861398,0.5124649309436652,2022,A
4782,0.1886707800238865,0.2306210619974292,0.5807081579786842,2022,A
4783,0.4614253092820016,0.2538989832362222,0.2846757074817763,2022,D
4784,0.3524732866651798,0.26948523570048644,0.3780414776343339,2022,H
4785,0.18615769988281464,0.2269182519465619,0.5869240481706235,2022,A
4786,0.1682383579283339,0.21807880650505998,0.6136828355666062,2022,A
4787,0.42274700778071983,0.24453904758694547,0.33271394463233467,2022,A
4788,0.17950232813869335,0.22622947504174526,0.5942681968195613,2022,D
4789,0.23612622295724314,0.2218190994830161,0.5420546775597407,2022,H
4790,0.25065141930374785,0.2596531455609833,0.4896954351352688,2022,H
4791,0.3491437602628362,0.23755296906254153,0.4133032706746222,2022,D
4792,0.6588445454009563,0.20395146246412418,0.1372039921349196,2022,A
4793,0.3282712338513116,0.28145154802875016,0.3902772181199382,2022,H
4794,0.505769907226619,0.2450965385286551,0.24913355424472586,2022,D
4795,0.30215256746721963,0.2809055481635424,0.41694188436923796,2022,H
4796,0.5685783382505708,0.2176940680966134,0.21372759365281577,2022,A
4797,0.3492198073344966,0.2721423427527427,0.3786378499127608,2022,A
4798,0.3356144678948546,0.24066470543571397,0.42372082666943134,2022,H
4799,0.19163502087570733,0.2076149358405547,0.600750043283738,2022,H
4800,0.18195387017558728,0.21746087562766828,0.6005852541967445,2022,H
4801,0.15663389680524192,0.2234711449134384,0.6198949582813197,2022,H
4802,0.23263841541716565,0.2442902393691493,0.5230713452136851,2022,H
4803,0.43162808521788637,0.2581789572827126,0.31019295749940107,2022,H
4804,0.18232188092188623,0.1911170955967631,0.6265610234813507,2022,H
4805,0.07411843961641368,0.1562055970294444,0.769675963354142,2022,H
4806,0.22852721424300382,0.24237845741652056,0.5290943283404755,2022,H
4807,0.32153359638551515,0.2881993545215972,0.3902670490928878,2022,H
4808,0.2514627349469523,0.2363274113446424,0.5122098537084053,2022,H
4809,0.3087167918706869,0.25869621990472147,0.43258698822459163,2022,D
4810,0.28042711707537177,0.25550064825065416,0.4640722346739742,2022,H
4811,0.7004269094040243,0.19802398602068366,0.1015491045752921,2022,H
4812,0.39227653861854334,0.2873058988586975,0.3204175625227591,2022,H
4813,0.5801827743363962,0.23132402692094484,0.18849319874265896,2022,D
4814,0.4561753714162525,0.2527872302877187,0.29103739829602887,2022,A
4815,0.13497204230177307,0.21361137008580114,0.6514165876124258,2022,H
4816,0.6157090364409854,0.21909391552431884,0.16519704803469565,2022,A
4817,0.28995558777855457,0.26215380221312423,0.4478906100083212,2022,D
4818,0.22780753700893586,0.24090780468050296,0.5312846583105612,2022,H
4819,0.594850281354923,0.2126275854733463,0.1925221331717307,2022,A
4820,0.14814702962293175,0.1963860212818502,0.655466949095218,2022,D
4821,0.11356517044134652,0.19152364936203187,0.6949111801966217,2022,H
4822,0.37219461468224463,0.2732980808200185,0.3545073044977369,2022,A
4823,0.4393227858534716,0.25115561450676094,0.30952159963976733,2022,A
4824,0.31607420023369426,0.2570248745585702,0.42690092520773565,2022,A
4825,0.19543129790196584,0.23098628387165693,0.5735824182263772,2022,D
4826,0.4974480207724226,0.25359027430400394,0.24896170492357333,2022,D
4827,0.2382403564769177,0.257918536316396,0.5038411072066864,2022,H
4828,0.2670427028612911,0.23991385067318755,0.4930434464655214,2022,D
4829,0.07815473423739275,0.14523943933230732,0.7766058264303,2022,H
4830,0.4496850090810835,0.2585624443957598,0.2917525465231567,2022,H
4831,0.2282830929069885,0.2559703154150438,0.5157465916779677,2022,A
4832,0.3218006669495287,0.28096272412907936,0.3972366089213919,2022,H
4833,0.08643894842111094,0.14667211564320934,0.7668889359356797,2022,H
4834,0.3207496771157168,0.2740415533732102,0.40520876951107293,2022,D
4835,0.2036637021382199,0.22899151718621422,0.5673447806755659,2022,D
4836,0.24000584886318477,0.21735667518610247,0.5426374759507128,2022,H
4837,0.3102698818984076,0.2613359648601463,0.42839415324144614,2022,H
4838,0.3145516756286408,0.23850501230534063,0.4469433120660185,2022,H
4839,0.4370402167923242,0.26788428889047117,0.2950754943172047,2022,D
4840,0.6245821467292041,0.20654464148410853,0.16887321178668752,2022,A
4841,0.28389333796587074,0.25991081368942165,0.4561958483447075,2022,H
4842,0.4338274028669985,0.28503446825880774,0.2811381288741938,2022,A
4843,0.2898515668757706,0.2532553997048207,0.4568930334194087,2022,D
4844,0.4397365822993489,0.24715744144420215,0.3131059762564489,2022,A
4845,0.28133551443951293,0.25848327632083945,0.4601812092396477,2022,H
4846,0.22526473603366096,0.22938692544407957,0.5453483385222595,2022,H
4847,0.19242510790059597,0.20188957937695304,0.605685312722451,2022,H
4848,0.5441705411080237,0.22978324922610976,0.22604620966586664,2022,A
4849,0.4121609712356467,0.2622236690338182,0.325615359730535,2022,A
4850,0.2975010975736906,0.27952274120500203,0.4229761612213074,2022,A
4851,0.4263336766910686,0.23461153825587217,0.3390547850530593,2022,H
4852,0.4640522502335164,0.2461553496871835,0.2897924000793001,2022,H
4853,0.6400250837691437,0.2110317488899566,0.14894316734089968,2022,A
4854,0.46455976556260753,0.24276199504732987,0.2926782393900626,2022,D
4855,0.3212702094404584,0.24250650525081824,0.43622328530872334,2022,A
4856,0.47018060730758654,0.22305338143656125,0.3067660112558522,2022,H
4857,0.3587063149742258,0.2488947475738216,0.39239893745195265,2022,A
4858,0.3216381799052326,0.25512231904916116,0.42323950104560626,2022,A
4859,0.45634504343620924,0.2643192720636579,0.2793356845001331,2022,A
4860,0.20811164413340785,0.21728495398889178,0.5746034018777004,2022,A
4861,0.25930002841583816,0.25532467278254034,0.48537529880162156,2022,H
4862,0.054152478229850684,0.12481118124756335,0.821036340522586,2022,H
4863,0.4154489724166028,0.25792260352051943,0.32662842406287773,2022,A
4864,0.5995456164596391,0.22250027539892073,0.1779541081414402,2022,D
4865,0.427857112595511,0.25670099389033674,0.3154418935141523,2022,A
4866,0.12812399999512616,0.18432703907123202,0.6875489609336417,2022,D
4867,0.2573040731694594,0.23965359572062592,0.5030423311099146,2022,H
4868,0.48763312951319654,0.26070320620792015,0.2516636642788833,2022,D
4869,0.19147035575998755,0.24042328504940763,0.5681063591906048,2022,D
4870,0.42237972970101434,0.2687087470148668,0.30891152328411886,2022,H
4871,0.14516766393706393,0.200914259204563,0.6539180768583731,2022,H
4872,0.3344546106443787,0.25098134721806087,0.41456404213756043,2022,A
4873,0.2538400552665435,0.23352239989701806,0.5126375448364383,2022,H
4874,0.30118527090993163,0.2235336442344873,0.47528108485558096,2022,H
4875,0.40857313781051047,0.2646916801225818,0.32673518206690766,2022,H
4876,0.24512648998573558,0.2790978107180078,0.47577569929625646,2022,D
4877,0.1648762641593553,0.18522484213506543,0.6498988937055792,2022,H
4878,0.4153853925527981,0.24832352220730797,0.3362910852398939,2022,A
4879,0.18448734798338726,0.2458208366752624,0.5696918153413503,2022,A
4880,0.5783570083259122,0.23607898960135482,0.18556400207273296,2022,H
4881,0.5852248356443301,0.2381994788944948,0.17657568546117497,2022,A
4882,0.3413060939213972,0.27123325958395894,0.38746064649464385,2022,A
4883,0.5099886151178333,0.22932488359813305,0.2606865012840335,2022,D
4884,0.20635355792268917,0.2478281355842345,0.5458183064930764,2022,H
4885,0.20370139121463476,0.23659821771841236,0.5597003910669528,2022,H
4886,0.16369532653283034,0.21904021154012565,0.617264461927044,2022,H
4887,0.09518346913168212,0.161497511862027,0.7433190190062908,2022,H
4888,0.6400298594051035,0.20479159599688898,0.1551785445980075,2022,A
4889,0.30905944324084306,0.23340675155112697,0.45753380520802983,2022,H
4890,0.28777113222527134,0.2401252801566838,0.47210358761804494,2022,H
4891,0.16913185804173492,0.19520468754399237,0.6356634544142727,2022,H
4892,0.262109755614241,0.27247489497071414,0.4654153494150448,2022,D
4893,0.18555461432708603,0.2042369330608964,0.6102084526120176,2022,H
4894,0.15864974294995027,0.19720614262818076,0.644144114421869,2022,H
4895,0.08100394976427591,0.15076429500754931,0.7682317552281748,2022,H
4896,0.36209394325940564,0.23373153027753987,0.4041745264630544,2022,H
4897,0.3436290561240907,0.24904160991551066,0.40732933396039855,2022,H
4898,0.39309314659497935,0.2608772338110687,0.34602961959395195,2022,H
4899,0.19684765507694754,0.21182089531571782,0.5913314496073346,2022,H
4900,0.21673766545205544,0.23064818022779038,0.5526141543201541,2022,A
4901,0.07537392146711337,0.1288326251432222,0.7957934533896646,2022,H
4902,0.5538305302906352,0.23802274421362607,0.2081467254957386,2022,H
4903,0.26138206558027344,0.21099932455264547,0.5276186098670811,2022,A
4904,0.2757171252945482,0.26907039919499787,0.45521247551045385,2022,H
4905,0.10651412834971823,0.1782933229790371,0.7151925486712446,2022,A
4906,0.24030803323061206,0.26624596013916574,0.49344600663022214,2022,H
4907,0.5601182739963363,0.23488418274087025,0.20499754326279354,2022,D
4908,0.25834625306977166,0.23078994902161645,0.5108637979086119,2022,H
4909,0.1999116364759093,0.25192470409362844,0.5481636594304623,2022,D
4910,0.2220981640917138,0.24145881913183112,0.5364430167764551,2022,H
4911,0.1813052894564941,0.2132616534919709,0.6054330570515349,2022,H
4912,0.3424222137859583,0.290862907011855,0.3667148792021867,2022,A
4913,0.3264994813950426,0.22028041804556142,0.45322010055939593,2022,A
4914,0.7054363199591596,0.17935118724350207,0.11521249279733839,2022,A
4915,0.2173026487667399,0.25963927018506056,0.5230580810481995,2022,H
4916,0.5654209231988089,0.23524135880654676,0.19933771799464425,2022,A
4917,0.26036623499472333,0.21414234237427124,0.5254914226310055,2022,H
4918,0.33971545138694437,0.2566973410870003,0.40358720752605537,2022,A
4919,0.4953454611462659,0.23628390254288906,0.26837063631084523,2022,A
4920,0.4578482805923499,0.2335360349247162,0.308615684482934,2022,D
4921,0.2139484153228973,0.19110219532867814,0.5949493893484246,2022,D
4922,0.30224850528816205,0.25887950638178336,0.4388719883300546,2022,D
4923,0.4855097514920612,0.2522544548795402,0.26223579362839866,2022,H
4924,0.07951565556107808,0.13416901455475855,0.7863153298841634,2022,H
4925,0.11914765125977109,0.18839317865021335,0.6924591700900156,2022,H
4926,0.2831081056235223,0.25589879617076866,0.4609930982057091,2022,H
4927,0.0955374262123253,0.16652900789282776,0.737933565894847,2022,D
4928,0.5332804832329383,0.22314320672860635,0.2435763100384554,2022,D
4929,0.1651881655704632,0.20223974830870242,0.6325720861208344,2022,H
4930,0.4794204568448613,0.2559055023734585,0.2646740407816803,2022,A
4931,0.6381754683685805,0.2235889720978428,0.13823555953357675,2022,D
4932,0.14146202991284818,0.1904181436850167,0.6681198264021352,2022,H
4933,0.302569532191897,0.26270643886403194,0.43472402894407103,2022,H
4934,0.3773739203677325,0.2783071242193322,0.3443189554129354,2022,H
4935,0.5260694995070845,0.22959037357960907,0.24434012691330642,2022,D
4936,0.2970286383875792,0.22429880282614045,0.47867255878628034,2022,H
4937,0.14961068929523993,0.2144677115292674,0.6359215991754926,2022,H
4938,0.17457994980772956,0.23328114667162736,0.5921389035206431,2022,D
4939,0.4259895504424081,0.25752501536579475,0.3164854341917972,2022,H
4940,0.5292307468826951,0.24831439473133377,0.2224548583859712,2023,A
4942,0.30708705275287307,0.23984593948121394,0.4530670077659131,2023,A
4943,0.5807496621497783,0.23038884058801268,0.18886149726220905,2023,A
4944,0.16411460452923352,0.22525177576005673,0.6106336197107097,2023,H
4945,0.3773105018456342,0.26160930896653095,0.3610801891878348,2023,D
4946,0.2535259787175401,0.22410371079309582,0.522370310489364,2023,H
4947,0.4319582489545731,0.24286833814932898,0.32517341289609797,2023,D
4948,0.272203183744035,0.23416225995189155,0.4936345563040734,2023,D
4949,0.08883691902593358,0.1453549039072535,0.7658081770668129,2023,H
4950,0.22593941035568973,0.263156779294916,0.5109038103493942,2023,H
4951,0.257409870658268,0.25647043205186404,0.486119697289868,2023,A
4952,0.1278669333583953,0.18820466241797562,0.683928404223629,2023,H
4953,0.5420046367139046,0.22832552345368015,0.2296698398324152,2023,A
4954,0.5227061265871343,0.23604037683979856,0.24125349657306716,2023,H
4955,0.29993811295160316,0.22561561504060526,0.4744462720077915,2023,H
4956,0.2607053611103563,0.2481482105361263,0.4911464283535174,2023,H
4957,0.3473171633489661,0.24399991898796505,0.40868291766306875,2023,H
4958,0.3348096739301294,0.2403872915877164,0.4248030344821543,2023,A
4960,0.45768949098320894,0.25386626196294204,0.2884442470538491,2023,A
4961,0.11986487202939371,0.18159445549337377,0.6985406724772324,2023,D
4962,0.2622281477664623,0.23615383755149308,0.5016180146820446,2023,D
4963,0.2230219335871781,0.23881161861768913,0.5381664477951328,2023,A
4964,0.17938282594939173,0.23611283775968075,0.5845043362909276,2023,H
4965,0.13204210191053095,0.181856302964348,0.686101595125121,2023,A
4966,0.4580466883454311,0.26368346784829766,0.27826984380627123,2023,A
4967,0.5715496175864309,0.2407232910082222,0.18772709140534688,2023,A
4968,0.45251245480102265,0.22826494255982577,0.3192226026391516,2023,A
4970,0.07822533508970551,0.15200714352335995,0.7697675213869346,2023,H
4971,0.18546626319200438,0.23783997460200493,0.5766937622059907,2023,A
4972,0.2185931236410722,0.21771750804701756,0.5636893683119102,2023,H
4973,0.15500648250015633,0.21036911853876097,0.6346243989610828,2023,D
4974,0.45279576423974205,0.24620775245001852,0.3009964833102394,2023,D
4975,0.5391257711826319,0.2524360301891039,0.20843819862826424,2023,A
4976,0.1787310026875346,0.20982325732055138,0.6114457399919141,2023,H
4977,0.18854864647708683,0.20328714137694429,0.6081642121459688,2023,H
4978,0.2621430769239464,0.22626641242637702,0.5115905106496765,2023,H
4979,0.6085924300389921,0.21705598161793982,0.1743515883430681,2023,A
4980,0.3397041788237324,0.2552651696142364,0.40503065156203116,2023,H
4982,0.4184346736036907,0.2260187601600822,0.35554656623622705,2023,A
4983,0.11959467224744917,0.17388802888993143,0.7065172988626195,2023,H
4984,0.5934806404610912,0.19913001721220153,0.20738934232670717,2023,A
4985,0.33065961801819604,0.2651805211868418,0.4041598607949622,2023,H
4986,0.46927767720015967,0.23834280286738607,0.2923795199324542,2023,D
4987,0.46366104007060976,0.2521032683473849,0.28423569158200546,2023,A
4988,0.21466654757481216,0.22380784269823553,0.5615256097269522,2023,D
4990,0.4463211214422812,0.2480732679298458,0.3056056106278731,2023,A
4991,0.20669697929438588,0.2292866881110776,0.5640163325945365,2023,D
4992,0.07712678322470261,0.1450471862501859,0.7778260305251115,2023,H
4993,0.21892675703171105,0.22246342263054186,0.5586098203377471,2023,A
4994,0.2433347358566936,0.20886903302171242,0.547796231121594,2023,D
4995,0.10290480906386017,0.16327030216773347,0.7338248887684063,2023,H
4996,0.302945452983323,0.24091595948766223,0.4561385875290148,2023,A
4997,0.10336967302937661,0.16710947131964804,0.7295208556509755,2023,H
4998,0.5167097596444086,0.24319721060830496,0.24009302974728652,2023,A
4999,0.7207912837926376,0.18514639274948388,0.09406232345787863,2023,H
5000,0.12257722499945813,0.17227224954481937,0.7051505254557224,2023,H
5001,0.17167545641871032,0.21129847266476395,0.6170260709165257,2023,H
5002,0.41285066277719346,0.22446084204118907,0.3626884951816174,2023,H
5003,0.23037525692345462,0.22787096967167583,0.5417537734048695,2023,A
5004,0.2695533654388476,0.21664356811024577,0.5138030664509066,2023,H
5005,0.2112351092445011,0.23383006203371925,0.5549348287217796,2023,A
5006,0.643939810815387,0.21155309471867065,0.14450709446594245,2023,A
5007,0.31465765668227946,0.24432813602755526,0.4410142072901654,2023,D
5008,0.37766882599835455,0.24266431800504143,0.379666855996604,2023,A
5009,0.22351253878903493,0.2398843708275905,0.5366030903833746,2023,A
5010,0.11727550860143321,0.21289247760996494,0.6698320137886019,2023,H
5011,0.20971028597204197,0.23608148700763773,0.5542082270203204,2023,D
5012,0.245089716748736,0.22117217202237757,0.5337381112288864,2023,H
5013,0.47795279904855303,0.2433324574938496,0.27871474345759734,2023,A
5014,0.20788389449333475,0.23969954397017262,0.5524165615364927,2023,H
5015,0.4937942053089,0.2431334366699104,0.2630723580211896,2023,A
5016,0.27112487110289507,0.23716720190473892,0.49170792699236604,2023,D
5017,0.5105785163427408,0.2277494826399367,0.2616720010173226,2023,D
5018,0.5350310874746884,0.24416987134334422,0.22079904118196747,2023,D
5019,0.42344106131921194,0.21368037889135025,0.3628785597894378,2023,H
5020,0.528550963706889,0.2168407976858215,0.25460823860728954,2023,D
5021,0.2501063497752332,0.23839615385399515,0.5114974963707717,2023,D
5022,0.5664055948803263,0.24769384828990115,0.18590055682977263,2023,A
5023,0.1804246102894236,0.22467878781652972,0.5948966018940467,2023,H
5024,0.18437500834413426,0.2030109951036296,0.6126139965522363,2023,H
5025,0.3105090603318059,0.2924390562106274,0.39705188345756676,2023,A
5026,0.22863487361620927,0.21824843322537035,0.5531166931584204,2023,H
5027,0.22336750445208026,0.23697935161365366,0.5396531439342661,2023,H
5028,0.21366656524681463,0.21804704186430798,0.5682863928888774,2023,H
5029,0.15356049013112655,0.17122704598023614,0.6752124638886373,2023,H
5030,0.6055144880028144,0.21081015681583584,0.18367535518134964,2023,A
5031,0.32525216116476585,0.2265378285831069,0.44821001025212726,2023,A
5032,0.055692327853769166,0.12587022885604748,0.8184374432901834,2023,H
5033,0.3904138213586884,0.27067775371441166,0.3389084249268999,2023,H
5034,0.527529967854448,0.24172282592506653,0.23074720622048542,2023,D
5035,0.11936262017725754,0.17599291372506734,0.7046444660976752,2023,H
5036,0.3889423122184753,0.22816483167139875,0.382892856110126,2023,A
5037,0.29324509691564915,0.2581898199688406,0.4485650831155102,2023,A
5038,0.35300402145088033,0.2571101979551338,0.3898857805939859,2023,D
5039,0.17850864086395007,0.19377237124801303,0.6277189878880368,2023,H
5040,0.08122307347059171,0.145502326346189,0.7732746001832193,2023,H
5041,0.4461241452542291,0.3010965488141519,0.2527793059316189,2023,H
5042,0.3694689580212007,0.22936959832923043,0.4011614436495689,2023,H
5043,0.3767394303105913,0.2575334414158009,0.36572712827360765,2023,A
5044,0.20842940497018436,0.2089509954801308,0.5826195995496848,2023,H
5045,0.3482900251500144,0.27412289374824633,0.3775870811017393,2023,A
5046,0.34424232932763643,0.23492654297915916,0.42083112769320447,2023,D
5047,0.5180399465991448,0.2527141141311147,0.2292459392697405,2023,D
5048,0.534503001897212,0.2427010053687044,0.2227959927340836,2023,H
5049,0.20618495185005783,0.1931113147202014,0.6007037334297408,2023,A
5050,0.4298292810047106,0.244710515586987,0.32546020340830245,2023,H
5051,0.10911179948727885,0.1642688285365507,0.7266193719761704,2023,H
5052,0.34765300701014396,0.24768108318469154,0.4046659098051645,2023,A
5053,0.16340480301917087,0.21317998953247802,0.6234152074483511,2023,H
5054,0.5391650327478574,0.2537561233033652,0.20707884394877737,2023,H
5055,0.23299482781302328,0.26477926761798193,0.5022259045689947,2023,H
5056,0.19024754482470396,0.23913249093035205,0.5706199642449441,2023,D
5057,0.22930798801286745,0.20562318191987172,0.5650688300672608,2023,H
5058,0.15236267112285323,0.1846327301849588,0.663004598692188,2023,H
5059,0.5240176261492189,0.2157344399972863,0.26024793385349476,2023,D
5060,0.2915729037728156,0.22339112590936888,0.48503597031781553,2023,D
5061,0.4402344299598354,0.26799852720675904,0.2917670428334056,2023,A
5062,0.3731264239024531,0.26883472505428724,0.3580388510432595,2023,H
5063,0.39377814701054786,0.2297800251997183,0.3764418277897338,2023,H
5064,0.35315964447555653,0.2605832293620752,0.38625712616236835,2023,A
5065,0.30843271792290583,0.27777260252415087,0.41379467955294336,2023,A
5066,0.47024240069651646,0.23743887128710295,0.2923187280163807,2023,A
5067,0.3792656156930886,0.24818051228556245,0.372553872021349,2023,A
5068,0.46253885858033306,0.22927556605729146,0.3081855753623755,2023,A
5069,0.422456344800954,0.248467554399102,0.32907610079994404,2023,H
5070,0.2948323280571085,0.23920490290470323,0.4659627690381883,2023,H
5071,0.17070537611778755,0.23939879121708657,0.5898958326651259,2023,H
5072,0.2837855467717053,0.2872462571807259,0.42896819604756875,2023,H
5073,0.29116062376637214,0.2664441210212547,0.4423952552123732,2023,A
5074,0.15741093871289677,0.18114927623000474,0.6614397850570986,2023,H
5075,0.40525418242575784,0.24840250710133527,0.346343310472907,2023,D
5076,0.33109120661402996,0.25515219300024444,0.41375660038572554,2023,H
5077,0.14036310654210982,0.17420454833746615,0.6854323451204241,2023,H
5078,0.29036142231146844,0.2217199319240567,0.48791864576447475,2023,D
5079,0.14116740974401062,0.18903563916459118,0.6697969510913981,2023,D
5080,0.3572505532089016,0.2583479171724539,0.38440152961864454,2023,H
5081,0.6172783396787984,0.23027238449482365,0.1524492758263779,2023,A
5082,0.6717604727622288,0.2149030063078629,0.11333652092990816,2023,A
5083,0.3531878948827316,0.2311314950301853,0.415680610087083,2023,H
5084,0.45163639779220177,0.22001710845489156,0.32834649375290664,2023,H
5085,0.23617065384793207,0.2406239367972834,0.5232054093547845,2023,H
5086,0.19840212087829046,0.25481865521949193,0.5467792239022176,2023,H
5087,0.2579667141389745,0.24571517004823276,0.49631811581279284,2023,A
5088,0.39925467778597723,0.24734934387781746,0.35339597833620523,2023,H
5089,0.33424498749549586,0.22874809098710916,0.43700692151739495,2023,A
5090,0.5446183952648044,0.23766025887756426,0.21772134585763137,2023,A
5091,0.23303110130192603,0.22057409014194337,0.5463948085561307,2023,D
5092,0.22957398816253044,0.21713191469689128,0.5532940971405783,2023,A
5093,0.42805006348876773,0.2825971359597514,0.2893528005514809,2023,H
5094,0.17917100320926285,0.2304128548939531,0.590416141896784,2023,D
5095,0.44461039231904875,0.22676886375623923,0.3286207439247121,2023,H
5096,0.5098725231946829,0.25276124623543933,0.23736623056987774,2023,A
5097,0.3033092407426655,0.24357952851910764,0.45311123073822684,2023,H
5098,0.3665443961483382,0.25608700969354026,0.3773685941581216,2023,H
5099,0.2319013700254945,0.21705708076664385,0.5510415492078617,2023,H
5100,0.4637766037872132,0.2565758513068104,0.27964754490597643,2023,A
5101,0.19087840694518532,0.2385686634260332,0.5705529296287815,2023,H
5102,0.1998628323926977,0.20694795032129215,0.5931892172860102,2023,D
5103,0.28314197200504004,0.26859369943987693,0.4482643285550831,2023,H
5104,0.421644392712863,0.2656083101344478,0.3127472971526891,2023,A
5105,0.4173847563659406,0.2636262704426583,0.3189889731914012,2023,A
5106,0.2767023660822035,0.25734628686568367,0.46595134705211283,2023,H
5107,0.18123502846970244,0.1834445024022772,0.6353204691280204,2023,D
5108,0.239893612569361,0.21501229587102272,0.5450940915596162,2023,H
5109,0.40332097248592136,0.25008622681227183,0.34659280070180687,2023,D
5110,0.09656378483699771,0.1546870990827156,0.7487491160802866,2023,D
5111,0.33579001780900763,0.23984178995879057,0.4243681922322017,2023,H
5112,0.24551252103707005,0.2558546787985502,0.49863280016437994,2023,A
5113,0.5158345408759105,0.259745165043725,0.22442029408036449,2023,H
5114,0.4473502830181112,0.280044525495225,0.27260519148666384,2023,A
5115,0.2514872965945188,0.22732530231812367,0.5211874010873575,2023,H
5116,0.29938610192353843,0.21802014857891025,0.48259374949755146,2023,D
5117,0.32342333874917417,0.2630148645227989,0.41356179672802695,2023,H
5118,0.4621668999643131,0.22576380664575757,0.3120692933899294,2023,H
5119,0.6085853311970213,0.2072850606685609,0.1841296081344178,2023,A
5120,0.3009546833314044,0.2762877666608317,0.4227575500077638,2023,A
5121,0.14236904853506202,0.2140768452437759,0.643554106221162,2023,A
5122,0.2003070025778291,0.2136323618121993,0.5860606356099716,2023,H
5123,0.3364842991549767,0.26418236180593924,0.39933333903908413,2023,A
5124,0.1909705642156272,0.22182042577364589,0.5872090100107269,2023,H
5125,0.37982430114844334,0.2358918673244609,0.3842838315270958,2023,A
5126,0.3300192870332063,0.24750260934125382,0.4224781036255399,2023,H
5127,0.1377170919083421,0.19743314409769153,0.6648497639939662,2023,A
5128,0.26032053371486147,0.23289467916985487,0.5067847871152836,2023,H
5129,0.09203832892237093,0.16069288766468315,0.747268783412946,2023,H
5130,0.4654065253991072,0.24674236362333424,0.28785111097755844,2023,H
5131,0.09899149574452858,0.17540465087567877,0.7256038533797926,2023,H
5132,0.3408772450989816,0.2572754481377665,0.40184730676325187,2023,H
5133,0.4079912812949058,0.25866371525630416,0.33334500344879014,2023,A
5134,0.539635169768657,0.22496430865235187,0.23540052157899113,2023,H
5135,0.28242572530127835,0.2435884223566294,0.4739858523420923,2023,H
5136,0.10662150090443355,0.15361833313457168,0.7397601659609947,2023,H
5137,0.39863538400948695,0.23240089664226532,0.3689637193482477,2023,D
5138,0.3278673848534115,0.28667229360803825,0.38546032153855025,2023,D
5139,0.21647536769033082,0.2183789130165428,0.5651457192931264,2023,H
5140,0.5123126545238225,0.25233927793992333,0.2353480675362542,2023,A
5141,0.5418612102708255,0.22195220298003665,0.23618658674913792,2023,D
5142,0.3129443417929945,0.2541130070998953,0.4329426511071101,2023,D
5143,0.31470737773167884,0.28669779163662423,0.39859483063169693,2023,H
5144,0.14723144249562356,0.20250622822362804,0.6502623292807483,2023,H
5145,0.42461445082265187,0.270608857319345,0.30477669185800327,2023,D
5146,0.5257969165781246,0.20950115511207715,0.2647019283097983,2023,A
5147,0.2470156304130416,0.24710068942056443,0.505883680166394,2023,D
5148,0.552631576393333,0.2277106908746229,0.21965773273204414,2023,A
5149,0.2947256308574515,0.25097920143957614,0.4542951677029724,2023,D
5150,0.35062869874935043,0.27382578797299445,0.37554551327765506,2023,H
5151,0.2660966536588166,0.2580606887330079,0.47584265760817557,2023,H
5152,0.1561883458918061,0.18558208542660398,0.6582295686815899,2023,A
5153,0.05868720778166832,0.13427458389080263,0.807038208327529,2023,H
5154,0.2370032501558927,0.2118932325180009,0.5511035173261064,2023,H
5155,0.13996046298238612,0.17508757520065618,0.6849519618169577,2023,H
5156,0.2901581415327098,0.2362908674071004,0.4735509910601899,2023,D
5157,0.26517565792815595,0.23128678283232043,0.5035375592395236,2023,A
5158,0.4107911086597512,0.2534254958399439,0.3357833955003049,2023,D
5159,0.3662503122402772,0.26313635777428174,0.37061332998544116,2023,D
5160,0.48667135948891377,0.22889592727999572,0.2844327132310905,2023,A
5161,0.45821691661037794,0.24309741242513952,0.2986856709644824,2023,D
5162,0.24511818676714353,0.24401223716352852,0.5108695760693279,2023,H
5163,0.1434066671474418,0.2152910097114609,0.6413023231410974,2023,D
5164,0.3486045854607059,0.2594834185442958,0.3919119959949983,2023,A
5165,0.23264613796522907,0.24611124450145616,0.5212426175333148,2023,H
5166,0.4408964770222839,0.22179271280791402,0.337310810169802,2023,H
5167,0.6131529767013829,0.21607778280938605,0.17076924048923103,2023,A
5168,0.2883863230996798,0.22822845493504074,0.48338522196527933,2023,H
5169,0.06840845397036263,0.12270825126568508,0.8088832947639524,2023,H
5170,0.17907114924317627,0.20659388987726615,0.6143349608795575,2023,A
5171,0.05640764171305668,0.13727086606484087,0.8063214922221024,2023,H
5172,0.34840090992459377,0.2426827078189161,0.40891638225649013,2023,A
5173,0.3876082073635958,0.23014519489846832,0.3822465977379359,2023,H
5174,0.18043903319746799,0.223664078840291,0.5958968879622409,2023,A
5175,0.5458813208876506,0.2289690483287259,0.2251496307836235,2023,A
5176,0.23746546984737438,0.22604363244303194,0.5364908977095937,2023,A
5177,0.36195676329261744,0.26389951017425844,0.3741437265331241,2023,A
5178,0.2412793962281065,0.21320041582617624,0.5455201879457172,2023,A
5179,0.30453638968811,0.2515547443015924,0.4439088660102976,2023,H
5180,0.4501330819975383,0.22261764024189035,0.3272492777605714,2023,A
5181,0.39488613364490543,0.21598090871156075,0.3891329576435338,2023,D
5182,0.647385226980575,0.2162383485506505,0.13637642446877468,2023,A
5183,0.6635724927038829,0.19454047771404268,0.14188702958207444,2023,A
5184,0.08813606097054096,0.1373979514545491,0.77446598757491,2023,D
5185,0.4058200343161722,0.26342975418073117,0.33075021150309664,2023,A
5186,0.2919234376593874,0.2651432169365259,0.44293334540408674,2023,A
5187,0.30586010573869826,0.24369680336283941,0.45044309089846235,2023,D
5188,0.06963020201600444,0.14338431395083787,0.7869854840331577,2023,H
5189,0.1372834252489747,0.17944372604268496,0.6832728487083404,2023,H
5190,0.2197226440777666,0.25907354121700105,0.5212038147052324,2023,H
5191,0.213541968815808,0.1928525802522226,0.5936054509319694,2023,A
5192,0.6453121131502677,0.19665770859104478,0.1580301782586875,2023,A
5193,0.18012289306885168,0.2118759157539103,0.608001191177238,2023,H
5194,0.19851233752327319,0.2202579420106634,0.5812297204660634,2023,D
5195,0.1410049830509649,0.1675438752202574,0.6914511417287778,2023,H
5196,0.1774290858935467,0.21387866378188106,0.6086922503245723,2023,H
5197,0.28329382958818183,0.27348985506177204,0.443216315350046,2023,H
5198,0.3582253727052072,0.26906929157143444,0.3727053357233583,2023,D
5199,0.36703015062977773,0.23719531222245105,0.3957745371477713,2023,A
5200,0.3454067747230752,0.22501166401977254,0.4295815612571523,2023,H
5201,0.3184490684813448,0.2652605994528226,0.41629033206583266,2023,H
5202,0.6113455649944763,0.21267276395286436,0.17598167105265924,2023,A
5203,0.1947286529356083,0.20577233682695395,0.5994990102374378,2023,H
5204,0.43844864764861546,0.2588361369148312,0.3027152154365532,2023,A
5205,0.47358263324631633,0.2511390284733011,0.27527833828038256,2023,A
5206,0.10659008417928909,0.15926646385709792,0.734143451963613,2023,H
5207,0.7382488215959677,0.18129538198052966,0.08045579642350258,2023,A
5208,0.22500794434786456,0.2215483784264578,0.5534436772256777,2023,H
5209,0.26987683885901703,0.24821432250846762,0.48190883863251527,2023,H
5210,0.26728503331379155,0.24236831979543405,0.49034664689077423,2023,D
5211,0.1350907366809456,0.20499126846527208,0.6599179948537823,2023,D
5212,0.05246171800850247,0.11209908450113608,0.8354391974903614,2023,H
5213,0.29865698558406817,0.21939991267319625,0.48194310174273575,2023,A
5214,0.1586424322827414,0.21190819322401386,0.6294493744932447,2023,H
5215,0.1523136098563574,0.21020718158538051,0.6374792085582621,2023,D
5216,0.3923846444161479,0.20289621259334895,0.4047191429905031,2023,D
5217,0.33240702743392764,0.2630918125850031,0.40450115998106917,2023,H
5218,0.19680138944033165,0.22086312988890483,0.5823354806707635,2023,H
5219,0.5059167643184231,0.23383441093359372,0.2602488247479832,2023,H
5220,0.34445216806135154,0.26571422390736665,0.3898336080312818,2023,D
5221,0.3351096650234134,0.2710310712690729,0.3938592637075138,2023,H
5222,0.3804273945122265,0.2459955801032434,0.37357702538452997,2023,D
5223,0.30503027580962694,0.2655747069438323,0.4293950172465408,2023,H
5224,0.18700660079844753,0.21962412397143988,0.5933692752301125,2023,H
5225,0.15822599581489397,0.20520113018509892,0.6365728740000072,2023,D
5226,0.31781795250297906,0.25012428072475335,0.4320577667722676,2023,D
5227,0.5719392820356154,0.24341563424230228,0.18464508372208233,2023,D
5228,0.09451485491558088,0.17713958876868233,0.7283455563157367,2023,H
5229,0.2829172418702787,0.23566814511664302,0.48141461301307814,2023,H
5230,0.44520233363300094,0.2643385063257334,0.29045916004126554,2023,D
5231,0.3718395854252501,0.2355731280585173,0.3925872865162326,2023,D
5232,0.1851435311009921,0.18509797293870245,0.6297584959603054,2023,H
5233,0.20860598543971587,0.23222587195465855,0.5591681426056256,2023,D
5234,0.5025221266912082,0.24341035763757984,0.2540675156712119,2023,H
5235,0.29869848946511646,0.2317005977550197,0.4696009127798638,2023,H
5236,0.3361311801230644,0.2647794363752038,0.39908938350173184,2023,D
5237,0.4190997881876265,0.2464888987715984,0.3344113130407749,2023,D
5238,0.06110163334497797,0.13519178749668406,0.8037065791583379,2023,H
5239,0.4488684283421642,0.23734195918233394,0.3137896124755019,2023,D
5240,0.1837537573665169,0.19828234957548452,0.6179638930579986,2023,H
5241,0.22357687764483392,0.23927378292699794,0.5371493394281681,2023,H
5242,0.031211931892827033,0.09779028921323726,0.8709977788939357,2023,H
5243,0.5290150703068576,0.2335894677192749,0.23739546197386752,2023,A
5244,0.1957077432669783,0.22212596935213574,0.5821662873808859,2023,D
5245,0.32699047695741834,0.25249173157454535,0.4205177914680363,2023,H
5246,0.3215814096820547,0.25309635518636925,0.42532223513157613,2023,A
5247,0.5687277224576325,0.24381610857374664,0.18745616896862094,2023,H
5248,0.3536241472083145,0.2518604853509018,0.3945153674407837,2023,A
5249,0.4731076426979037,0.247395461480331,0.27949689582176523,2023,A
5250,0.6933029848097524,0.16823349410301597,0.13846352108723162,2023,D
5251,0.641009313607682,0.21262821106033797,0.14636247533198005,2023,D
5252,0.13684993294787504,0.20071802550162393,0.6624320415505012,2023,H
5253,0.3301097810817218,0.23769665562286016,0.4321935632954181,2023,H
5254,0.18001188541291566,0.23662023103534516,0.5833678835517392,2023,H
5255,0.3501989701559977,0.252313235314315,0.39748779452968724,2023,D
5256,0.08270594602385145,0.1595693182414812,0.7577247357346673,2023,H
5257,0.30462928821840174,0.25074579544703957,0.4446249163345586,2023,D
5258,0.1458746259427333,0.216608784731581,0.6375165893256858,2023,D
5259,0.3615931408853505,0.2259330704793614,0.41247378863528816,2023,A
5260,0.06129371610899322,0.13474082169709523,0.8039654621939116,2023,A
5261,0.13465686952238035,0.15961938674849158,0.705723743729128,2023,A
5262,0.2069390057535524,0.22037969147655703,0.5726813027698906,2023,H
5263,0.3595431358515658,0.2857644310035787,0.3546924331448555,2023,A
5264,0.39156369036117944,0.26977286145969515,0.33866344817912547,2023,A
5265,0.5472592826597266,0.22899321339087958,0.2237475039493939,2023,A
5266,0.35327675704140643,0.2522585548799335,0.39446468807866003,2023,H
5267,0.462431451780412,0.21197348929074325,0.32559505892884466,2023,A
5268,0.37198291652928356,0.23309572238222168,0.3949213610884948,2023,H
5269,0.3165741291184476,0.26838554015166954,0.41504033072988283,2023,H
5270,0.23978267150905283,0.21090741939847654,0.5493099090924706,2023,H
5271,0.35680849475496906,0.2573772223350747,0.38581428290995623,2023,A
5272,0.5091477766386157,0.23954505251873404,0.2513071708426504,2023,H
5273,0.6706897270622592,0.18330974200578726,0.14600053093195367,2023,H
5274,0.2372572571124872,0.2234800909333499,0.5392626519541629,2023,H
5275,0.5923895513747568,0.219930219471927,0.18768022915331634,2023,A
5276,0.3288674855509506,0.22542906560480716,0.4457034488442423,2023,D
5277,0.37523441100414834,0.25135260675607113,0.3734129822397804,2023,H
5278,0.20977172654468518,0.251782247948648,0.5384460255066668,2023,H
5279,0.11718026393129631,0.17931287352818037,0.7035068625405233,2023,H
5280,0.20790856793898954,0.23118234429387144,0.560909087767139,2023,D
5281,0.24711255534102827,0.2609884235316357,0.491899021127336,2023,D
5282,0.6060194991915113,0.21029667002309682,0.18368383078539186,2023,D
5283,0.2597937570057125,0.2190392494671367,0.5211669935271508,2023,H
5284,0.519842740062159,0.22575074807174322,0.2544065118660979,2023,A
5285,0.6184882591894326,0.2239019623497079,0.1576097784608595,2023,A
5286,0.25292286906640243,0.2191112064489639,0.5279659244846338,2023,H
5287,0.39291927929039633,0.3029768882342217,0.3041038324753819,2023,D
5288,0.3061685649745219,0.2492217067123582,0.4446097283131199,2023,D
5289,0.06679843366594719,0.12825642638640017,0.8049451399476526,2023,H
5290,0.15017794844304055,0.17066472295725207,0.6791573285997073,2023,H
5291,0.5120529739187509,0.2544737239867783,0.23347330209447087,2023,A
5292,0.31528020962921577,0.2981575642399445,0.38656222613083974,2023,A
5293,0.4392648813871772,0.2580067130032495,0.3027284056095732,2023,H
5294,0.24162629758275608,0.2290686680928133,0.5293050343244307,2023,H
5295,0.15487346062429885,0.18057858452795536,0.6645479548477458,2023,H
5296,0.2812147717575728,0.24356177663022266,0.4752234516122045,2023,H
5297,0.25780927624318223,0.2471775851988651,0.49501313855795265,2023,A
5298,0.23584185626200208,0.2199411775343982,0.5442169662035997,2023,H
5299,0.19463490640511547,0.19184200100153345,0.6135230925933511,2023,D
5300,0.39098025922241947,0.26932480586975666,0.3396949349078237,2023,A
5301,0.678892675912395,0.19835246421430977,0.12275485987329521,2023,A
5302,0.17775339945062058,0.23269126336429632,0.5895553371850831,2023,H
5303,0.24835947022347565,0.2769143771219804,0.474726152654544,2023,H
5304,0.559619518722743,0.24694074685566605,0.19343973442159096,2023,A
5305,0.5506461181040795,0.2313258713998136,0.218028010496107,2023,A
5306,0.5492241205890476,0.21130811247523879,0.23946776693571378,2023,D
5307,0.5815437998687267,0.2232490359133586,0.1952071642179147,2023,A
5308,0.4236958412813805,0.2562786685681326,0.32002549015048687,2023,H
5309,0.3573589172511973,0.2549023636431888,0.38773871910561397,2023,A
5310,0.4711056082748132,0.26477179833768383,0.264122593387503,2023,A
5311,0.4110404951859061,0.23463761724833732,0.35432188756575655,2023,A
5312,0.12947220506770918,0.1804212733866856,0.6901065215456051,2023,H
5313,0.38614846935770514,0.27132690345038113,0.3425246271919138,2023,A
5314,0.08908843305142959,0.16108087854412356,0.7498306884044468,2023,H
5315,0.33566008267314834,0.2563045621165674,0.4080353552102843,2023,A
5316,0.16814455880895984,0.1828724083978459,0.6489830327931941,2023,H
5317,0.21730637598521035,0.2183434781332394,0.5643501458815503,2023,H
5318,0.07796251284887297,0.13116589860773964,0.7908715885433875,2023,H
5319,0.3731656653493992,0.2938190707761016,0.33301526387449926,2023,A
5320,0.2998984776658202,0.21666306179917938,0.4834384605350005,2024,H
5321,0.08882191422911323,0.061831037862230945,0.8493470479086559,2024,H
5322,0.3523037196159479,0.2665384576815225,0.3811578227025297,2024,A
5323,0.3251091351116464,0.22693781096903742,0.4479530539193162,2024,D
5325,0.38236458421778513,0.21245857570768314,0.40517684007453175,2024,A
5326,0.06790621597281735,0.09599641961765035,0.8360973644095322,2024,H
5327,0.410319863145416,0.30167337518973514,0.2880067616648488,2024,H
5328,0.6277082853065432,0.21762594938833435,0.1546657653051224,2024,A
5329,0.6392898245425896,0.20709501833185284,0.15361515712555748,2024,D
5331,0.5544861532824354,0.2239842791115773,0.22152956760598722,2024,A
5332,0.09985474422340229,0.16647260436801128,0.7336726514085864,2024,A
5333,0.09865535691377315,0.25366632568733055,0.6476783173988964,2024,H
5334,0.164906413316701,0.19378885023598827,0.6413047364473108,2024,H
5335,0.27796119122053714,0.2376457647183177,0.48439304406114503,2024,H
5336,0.36720714577098806,0.25254607499802956,0.3802467792309825,2024,A
5337,0.3824943883137995,0.2758084148833412,0.34169719680285926,2024,D
5338,0.37033255238296064,0.3762319096947697,0.25343553792226964,2024,A
5339,0.10682952176723584,0.16521059647078049,0.7279598817619837,2024,H
5340,0.38893773406565657,0.2617705686768697,0.3492916972574738,2024,A
5341,0.7821082207010419,0.1495374478527154,0.06835433144624256,2024,A
5342,0.07615184449086715,0.17758945045922708,0.7462587050499058,2024,D
5344,0.1688451622646753,0.15348697929454141,0.6776678584407833,2024,D
5345,0.46716522515538456,0.2161020293545475,0.3167327454900679,2024,A
5346,0.17139224969532085,0.2226351420538823,0.6059726082507969,2024,H
5347,0.24133438995364323,0.28218186084823993,0.476483749198117,2024,D
5348,0.39696169401515374,0.22008014534838696,0.3829581606364593,2024,H
5349,0.5868617545171376,0.2247373634314109,0.18840088205145158,2024,A
5350,0.10100888556767353,0.11012808234977252,0.7888630320825539,2024,H
5351,0.12897684527791486,0.1586037660674478,0.7124193886546375,2024,A
5352,0.1727535582030353,0.23857308163107876,0.5886733601658859,2024,D
5353,0.25711536028875026,0.24583909939387505,0.4970455403173746,2024,D
5354,0.36899763473703884,0.3202149993103209,0.31078736595264017,2024,A
5356,0.11560197107172517,0.24322953684153492,0.64116849208674,2024,H
5357,0.3513323490008358,0.23245191771277757,0.41621573328638667,2024,A
5358,0.48317121168301197,0.2762059554503923,0.2406228328665957,2024,A
5359,0.3091437862976395,0.2365158152751292,0.4543403984272313,2024,A
5360,0.2756130778607852,0.23408501124756995,0.4903019108916447,2024,D
5361,0.16644474754879035,0.22056284451362357,0.612992407937586,2024,H
5362,0.11783983902009719,0.15034677166428953,0.7318133893156133,2024,H
5364,0.3821520190093154,0.2136004513815812,0.4042475296091034,2024,H
5365,0.23857148762626948,0.2789283238103935,0.48250018856333704,2024,D
5366,0.10923412112290934,0.2115905311155732,0.6791753477615174,2024,H
5367,0.5407066405485715,0.2372275185563007,0.22206584089512785,2024,A
5368,0.20499425242811184,0.24298545479196848,0.5520202927799197,2024,D
5369,0.1275198564345567,0.14164194956436402,0.7308381940010792,2024,D
5370,0.6757105624206824,0.18160656253727203,0.14268287504204552,2024,D
5371,0.11372060951245723,0.20232530669382015,0.6839540837937226,2024,H
5372,0.2360586556383086,0.23088097986582204,0.5330603644958694,2024,D
5373,0.2854154014348852,0.21000349009375743,0.5045811084713574,2024,H
5374,0.3730418405413171,0.2632553397844596,0.36370281967422335,2024,H
5375,0.3172952292345827,0.21243353370671214,0.4702712370587051,2024,A
5376,0.6707793641868659,0.19401725190512822,0.1352033839080059,2024,A
5377,0.37699266938925863,0.25375207531922434,0.36925525529151715,2024,A
5378,0.4908641261322335,0.24641734108690905,0.26271853278085744,2024,D
5379,0.2078543347156678,0.21625334406795185,0.5758923212163803,2024,H
5380,0.5502004829280746,0.23656812413403913,0.2132313929378862,2024,A
5381,0.06774508385270411,0.1568011209132495,0.7754537952340465,2024,H
5382,0.304335359961774,0.20897066011449636,0.48669397992372954,2024,H
5383,0.5601586107506537,0.2055086866744318,0.23433270257491465,2024,H
5384,0.09443813931750084,0.1287798014380456,0.7767820592444535,2024,H
5385,0.2591960730336565,0.2207590633378941,0.5200448636284495,2024,H
5386,0.39112449588586334,0.23237491398949253,0.3765005901246442,2024,D
5387,0.2657615561799196,0.2311886981253694,0.503049745694711,2024,D
5388,0.1553377618998856,0.20349114003319485,0.6411710980669195,2024,D
5389,0.4919103909381628,0.19161166476177713,0.31647794430006004,2024,H
5390,0.15514011882445253,0.1618785613258948,0.6829813198496528,2024,H
5391,0.3191904700558256,0.22340907654237724,0.45740045340179714,2024,A
5392,0.27547380906361907,0.2739811828657386,0.45054500807064235,2024,A
5393,0.20124981853348162,0.26606566317686303,0.5326845182896554,2024,H
5394,0.3938042739758279,0.23030294875306295,0.3758927772711091,2024,A
5395,0.2950651713579678,0.28829271734510725,0.4166421112969249,2024,A
5396,0.5190094370391571,0.2297494107015539,0.25124115225928895,2024,H
5397,0.7760325082739071,0.13185105691121188,0.092116434814881,2024,A
5398,0.15291056962953897,0.22093175958727293,0.6261576707831881,2024,H
5399,0.24258408643841928,0.2736592324312332,0.48375668113034753,2024,H
5400,0.39579975500746895,0.24187248039778964,0.36232776459474153,2024,A
5401,0.31799216950330883,0.19715167592514163,0.48485615457154946,2024,D
5402,0.21471090208891344,0.23038014700860357,0.5549089509024829,2024,H
5403,0.08579836948107822,0.1374449463502609,0.776756684168661,2024,D
5404,0.024874299454905574,0.07737323260374566,0.8977524679413488,2024,H
5405,0.4377766311702107,0.23928244487942585,0.32294092395036356,2024,D
5406,0.2602007391706885,0.23870350174428998,0.5010957590850216,2024,H
5407,0.6494984607587269,0.16505535036129507,0.18544618887997796,2024,H
5408,0.4323097979029649,0.21586688218009778,0.35182331991693727,2024,H
5409,0.3051553725426342,0.25568092126113207,0.4391637061962338,2024,D
5410,0.5172690435444329,0.1799262157642955,0.30280474069127156,2024,D
5411,0.4029740019276492,0.2659876615664115,0.33103833650593933,2024,H
5412,0.19140425655156412,0.2560229537005039,0.552572789747932,2024,D
5413,0.15548863271677515,0.23047087647305067,0.6140404908101742,2024,H
5414,0.2497478708996894,0.1743623450117633,0.5758897840885474,2024,H
5415,0.4355942272087891,0.22700564227102285,0.3374001305201881,2024,H
5416,0.7285679608958241,0.14176001016454945,0.12967202893962645,2024,H
5417,0.2929414279720819,0.1804852978545814,0.5265732741733368,2024,H
5418,0.3360847332129566,0.2522329344497432,0.4116823323373002,2024,D
5419,0.26464639994040307,0.23817989793319824,0.4971737021263987,2024,H
5420,0.6057938342166149,0.1848997560661259,0.20930640971725908,2024,H
5421,0.21488024220734922,0.18517552909338136,0.5999442286992694,2024,H
5422,0.1486025441525067,0.22536792738444383,0.6260295284630494,2024,H
5423,0.3461634805386428,0.27773756185490917,0.376098957606448,2024,A
5424,0.32529841541679605,0.29024529866777826,0.3844562859154256,2024,H
5425,0.2456433131120188,0.24193618824815208,0.5124204986398291,2024,D
5426,0.14003667721667348,0.19251650380887034,0.6674468189744561,2024,H
5427,0.27256223436586563,0.16776662206066278,0.5596711435734716,2024,A
5428,0.12684788307866676,0.13975585414198904,0.7333962627793442,2024,A
5429,0.4105646442560381,0.20828020011343285,0.381155155630529,2024,D
5430,0.6548079915643489,0.17312338265870283,0.17206862577694837,2024,A
5431,0.2331008385504647,0.20478203356294747,0.5621171278865879,2024,H
5432,0.2193243707725917,0.20191825189494952,0.5787573773324587,2024,D
5433,0.3325423043770202,0.20686685043327063,0.4605908451897091,2024,A
5434,0.24260123571739178,0.26100242255697004,0.4963963417256382,2024,D
5435,0.1204383379763804,0.18257359870497505,0.6969880633186445,2024,A
5436,0.1954821811561967,0.20561361366149777,0.5989042051823056,2024,A
5437,0.5239988270894516,0.23171772292968454,0.24428344998086393,2024,D
5438,0.6831124761615505,0.19726214428613276,0.11962537955231671,2024,A
5439,0.13904399649290702,0.21725064135076505,0.6437053621563279,2024,A
5440,0.10549869731051524,0.1923699025487394,0.7021314001407454,2024,D
5441,0.2986555389445216,0.25278847300378837,0.4485559880516901,2024,H
5442,0.40740486946195936,0.25685348331904484,0.3357416472189959,2024,D
5443,0.17158705943254224,0.2137567479926623,0.6146561925747954,2024,H
5444,0.4251410958033625,0.2171726951979672,0.3576862089986702,2024,A
5445,0.5458004007394173,0.2091908596266607,0.24500873963392208,2024,A
5446,0.25061625608044763,0.18423579014451003,0.5651479537750423,2024,D
5447,0.2724769510465458,0.21809533487085545,0.5094277140825987,2024,H
5448,0.24066682574005568,0.18332778107433084,0.5760053931856134,2024,H
5449,0.2656545045639148,0.23912092714876956,0.49522456828731565,2024,H
5450,0.37431115834452805,0.2573748904399827,0.36831395121548927,2024,A
5451,0.24366516557115067,0.27276252655062244,0.48357230787822686,2024,H
5452,0.27443113642616895,0.2599455947196236,0.4656232688542075,2024,H
5453,0.17301903133685048,0.2462268009322554,0.5807541677308942,2024,H
5454,0.6678746139257308,0.17645760810835293,0.1556677779659163,2024,D
5455,0.6885815262727926,0.18736912296066582,0.12404935076654164,2024,A
5456,0.20041906042412955,0.19881317051030806,0.6007677690655625,2024,H
5457,0.2217943998245368,0.2788331630639889,0.4993724371114744,2024,H
5458,0.19574595862819946,0.24566907773981628,0.5585849636319843,2024,H
5459,0.38505661980277467,0.2325084075795295,0.3824349726176958,2024,H
5460,0.2839321631434395,0.22115581486024702,0.4949120219963135,2024,A
5461,0.548012223128209,0.18046534077900733,0.2715224360927836,2024,D
5462,0.4625821214409555,0.21553703541682445,0.3218808431422201,2024,H
5463,0.08565335870192449,0.1580805781821527,0.7562660631159228,2024,H
5464,0.37650197467524554,0.24734048791047997,0.37615753741427466,2024,D
5465,0.4650468196051596,0.2529372736333197,0.28201590676152083,2024,A
5466,0.3970823194264704,0.28815573010438933,0.31476195046914024,2024,D
5467,0.5703203302938838,0.19654013446135754,0.23313953524475858,2024,A
5468,0.1660828859639493,0.24202508206487633,0.5918920319711745,2024,H
5469,0.1810155697216067,0.20250123029331504,0.6164831999850783,2024,D
5470,0.11816123433808133,0.17650049923516567,0.7053382664267531,2024,D
5471,0.19530633969255348,0.23045684762354757,0.5742368126838989,2024,H
5472,0.237522907134512,0.2711873774983413,0.49128971536714683,2024,A
5473,0.43713282937386716,0.2214473843544189,0.34141978627171393,2024,H
5474,0.11617937588727131,0.18003782073035166,0.703782803382377,2024,H
5475,0.523871874726716,0.2682464388099436,0.2078816864633405,2024,A
5476,0.1646286767492535,0.21983152949733606,0.6155397937534104,2024,A
5477,0.18211502629607076,0.25456366549157766,0.5633213082123515,2024,A
5478,0.2413971955358273,0.19907357577361356,0.5595292286905591,2024,D
5479,0.32989330539792827,0.22692953435506616,0.4431771602470056,2024,H
5480,0.30739838157297467,0.27394112321729597,0.41866049520972937,2024,A
5481,0.4384742183191483,0.2266671248914205,0.3348586567894313,2024,A
5482,0.4370679067083712,0.2179135869999996,0.34501850629162917,2024,D
5483,0.6317810876035161,0.1645826345451988,0.20363627785128519,2024,A
5484,0.34972857945375463,0.30161972549360344,0.34865169505264193,2024,A
5485,0.6261178459909014,0.1948339000828444,0.17904825392625415,2024,D
5486,0.531768361736819,0.18831958179106262,0.2799120564721184,2024,A
5487,0.09835619654739057,0.1656893623882539,0.7359544410643556,2024,D
5488,0.38692422898880513,0.2457400015563119,0.367335769454883,2024,A
5489,0.1751804160437687,0.23635678163873824,0.5884628023174931,2024,D
5490,0.2083971368911852,0.1852904811162992,0.6063123819925157,2024,D
5491,0.10717625041926614,0.17527677352494295,0.717546976055791,2024,A
5492,0.23634983670824058,0.19347565092611863,0.5701745123656408,2024,H
5493,0.292072806154732,0.2017577554740745,0.5061694383711935,2024,H
5494,0.5661114486057204,0.23646870751278753,0.19741984388149203,2024,A
5495,0.46757234547074394,0.2267773811281345,0.3056502734011215,2024,H
5496,0.03952273959264268,0.09432947799248786,0.8661477824148696,2024,H
5497,0.15387293530731072,0.1929190957938438,0.6532079688988455,2024,D
5498,0.07502079659825175,0.16158166695437817,0.7633975364473702,2024,H
5499,0.3151302795480685,0.25603729455500385,0.42883242589692755,2024,D
5500,0.34121223214175855,0.24439852632500353,0.41438924153323786,2024,D
5501,0.670283182199079,0.17205073890276096,0.15766607889816017,2024,A
5502,0.36682823398352976,0.2930918416761748,0.3400799243402954,2024,A
5503,0.15203076846751035,0.22593232132668473,0.6220369102058049,2024,H
5504,0.694750790465727,0.19391075369241229,0.11133845584186088,2024,A
5505,0.35019378738236895,0.24651267409855887,0.4032935385190722,2024,D
5506,0.6045089392970957,0.2432672550204779,0.15222380568242633,2024,H
5507,0.5189945901515202,0.2427252186770324,0.23828019117144747,2024,A
5508,0.6342232591605539,0.21493004133085802,0.15084669950858806,2024,A
5509,0.49222943042913436,0.21705737935189262,0.29071319021897307,2024,D
5510,0.589555907247032,0.19344545101107272,0.21699864174189534,2024,A
5511,0.09152365726930752,0.15644319228184422,0.7520331504488483,2024,H
5512,0.1260322705975383,0.20728700624328336,0.6666807231591784,2024,H
5513,0.1348663706401378,0.1767470345450031,0.6883865948148591,2024,H
5514,0.5568612770426384,0.21003955175210823,0.23309917120525328,2024,D
5515,0.46067444314896505,0.2505462370049685,0.2887793198460666,2024,A
5516,0.1238459600095658,0.23487484353724356,0.6412791964531908,2024,D
5517,0.0833643683837855,0.12808516179349325,0.7885504698227211,2024,D
5518,0.35380054146836726,0.31385268525205784,0.3323467732795749,2024,A
5519,0.4246720692569467,0.22698728580087688,0.3483406449421763,2024,D
5520,0.19074193062248007,0.22198416532324494,0.587273904054275,2024,D
5521,0.5142686700312102,0.25567546186673235,0.2300558681020574,2024,H
5522,0.5121941231893304,0.1916772460207741,0.29612863078989543,2024,D
5523,0.11776852951099376,0.1862708447886706,0.6959606257003357,2024,H
5524,0.10612027200360968,0.18363874471781677,0.7102409832785735,2024,H
5525,0.3907283030188742,0.3609705977272786,0.24830109925384738,2024,A
5526,0.5352338140255242,0.22895510366948627,0.23581108230498957,2024,A
5527,0.42860005697140585,0.2937050664668058,0.2776948765617884,2024,A
5528,0.12282518506016486,0.22119948124240946,0.6559753336974257,2024,H
5529,0.19846449958627158,0.2318097065064577,0.5697257939072707,2024,A
5530,0.6527619663835773,0.19259115134367594,0.15464688227274673,2024,A
5531,0.5786171790280819,0.2286608904747027,0.1927219304972155,2024,A
5532,0.4082433618586774,0.3163450181336328,0.2754116200076899,2024,A
5533,0.17589280870509882,0.20434598186962,0.6197612094252811,2024,D
5534,0.06881173143491433,0.1529994413581087,0.778188827206977,2024,H
5535,0.47588695010600945,0.27234405206927265,0.25176899782471795,2024,A
5536,0.4080417033698677,0.22452471714644967,0.3674335794836826,2024,A
5537,0.4070542462901906,0.25525702002038736,0.3376887336894221,2024,H
5538,0.11549782929361779,0.18129699487981102,0.7032051758265712,2024,H
5539,0.14652852931628113,0.2777325649700848,0.5757389057136341,2024,H
5540,0.1786910435787226,0.2161950843880996,0.6051138720331778,2024,A
5541,0.026220938510860773,0.08098442417204096,0.8927946373170982,2024,H
5542,0.5799007846948931,0.2775686512651975,0.14253056403990932,2024,A
5543,0.6063028138495306,0.23802953661253234,0.15566764953793727,2024,A
5544,0.3022041199022176,0.2163848624512105,0.48141101764657185,2024,H
5545,0.15619596553030127,0.204924066556834,0.6388799679128648,2024,A
5546,0.16113208895674108,0.29291126462839195,0.545956646414867,2024,A
5547,0.15137449836303188,0.21627496835190727,0.6323505332850609,2024,D
5548,0.31229968768115923,0.19959571677816065,0.48810459554068003,2024,A
5549,0.27241136340422634,0.23137967451561223,0.4962089620801614,2024,A
5550,0.2029108485536688,0.28824189800839717,0.508847253437934,2024,A
5551,0.37527907515908315,0.33721493447724116,0.2875059903636757,2024,H
5552,0.5359002672458121,0.18737663044043174,0.27672310231375613,2024,A
5553,0.24928565437952915,0.25571596431084853,0.49499838130962226,2024,H
5554,0.32944877936237543,0.25411576299010785,0.4164354576475167,2024,H
5555,0.27160220784149686,0.2630813015086653,0.4653164906498377,2024,H
5556,0.3400564195066952,0.320471116340097,0.3394724641532078,2024,A
5557,0.26328233096280595,0.2725857591297595,0.4641319099074345,2024,A
5558,0.09823152464318699,0.1624402967760865,0.7393281785807264,2024,H
5559,0.7194026880537807,0.1506417359482868,0.1299555759979325,2024,D
5560,0.4330475240182898,0.2240341409949899,0.34291833498672025,2024,H
5561,0.7053710684083571,0.1815685540104475,0.11306037758119543,2024,A
5562,0.1278370269804896,0.21405572145567775,0.6581072515638327,2024,D
5563,0.2936916146680411,0.23006654110988323,0.47624184422207555,2024,H
5564,0.1916676267536621,0.27076117209990114,0.5375712011464368,2024,H
5565,0.5259758147898814,0.2722346379543749,0.20178954725574355,2024,A
5566,0.3719804362747362,0.29204452220559773,0.335975041519666,2024,A
5567,0.28471155576555285,0.28703087416807443,0.4282575700663727,2024,A
5568,0.3234247613087167,0.2204207544608753,0.456154484230408,2024,H
5569,0.07944015374435277,0.14489773343489282,0.7756621128207544,2024,H
5570,0.4832868276329471,0.22738395803175138,0.2893292143353014,2024,D
5571,0.32298117768383633,0.32785013198096824,0.3491686903351955,2024,A
5572,0.4084344525092902,0.2303210052857486,0.36124454220496127,2024,D
5573,0.07274529540336055,0.15528651723756473,0.7719681873590748,2024,A
5574,0.14698570041419615,0.20225307609549936,0.6507612234903044,2024,A
5575,0.14471018892108548,0.27371198869075014,0.5815778223881644,2024,A
5576,0.370606745340393,0.29480842217552206,0.33458483248408505,2024,A
5577,0.4703381658875799,0.30577167168381025,0.22389016242860976,2024,A
5578,0.31517765839337925,0.18672065183643438,0.4981016897701863,2024,H
5579,0.2629750306585226,0.24553476383352074,0.49149020550795675,2024,A
5580,0.2511112102803032,0.25401821607555397,0.4948705736441429,2024,H
5581,0.23278683036248546,0.20759880230270542,0.5596143673348092,2024,H
5582,0.35632365080547024,0.23379261971463253,0.4098837294798972,2024,H
5583,0.35161362692045506,0.28652898644097885,0.3618573866385661,2024,A
5584,0.14000642433961913,0.20863964978102081,0.6513539258793601,2024,H
5585,0.30943761068424175,0.2802772310233286,0.4102851582924297,2024,D
5586,0.20460295418585803,0.23622846860582794,0.5591685772083139,2024,H
5587,0.4583907919481597,0.19720085223237982,0.34440835581946055,2024,D
5588,0.4768506211444011,0.2510966779418443,0.2720527009137545,2024,A
5589,0.1823405759861955,0.2260517047787689,0.5916077192350356,2024,H
5590,0.23562989917738855,0.2484223336460967,0.5159477671765147,2024,H
5591,0.05763101109497043,0.14006227566345456,0.8023067132415751,2024,H
5592,0.3613313803530207,0.2527495304041447,0.3859190892428345,2024,A
5593,0.2969353421642772,0.28079440618814716,0.4222702516475757,2024,D
5594,0.14131551064044492,0.1531739152421859,0.7055105741173691,2024,H
5595,0.34130664849798414,0.22069404023756975,0.4379993112644461,2024,H
5596,0.4113411914224723,0.20437713950084144,0.38428166907668626,2024,H
5597,0.07336849127709488,0.1724461973361479,0.7541853113867573,2024,H
5598,0.3623688968427044,0.2513593203557428,0.38627178280155267,2024,D
5599,0.617401889229097,0.19996611999910555,0.18263199077179737,2024,D
5600,0.36643010867587733,0.3036013747738564,0.32996851655026627,2024,A
5601,0.5801443937813269,0.27804338900460107,0.14181221721407208,2024,A
5602,0.41133583999276374,0.26457659432122677,0.32408756568600955,2024,A
5603,0.21326088852417682,0.25531344482957663,0.5314256666462466,2024,D
5604,0.18441062622547452,0.2613475476180216,0.5542418261565039,2024,D
5605,0.2649865025717553,0.26440442016225363,0.470609077265991,2024,A
5606,0.20474318644735495,0.2053129211872022,0.5899438923654429,2024,H
5607,0.26372004602237764,0.2546616022963301,0.4816183516812923,2024,H
5608,0.48416640634921565,0.27787242413655827,0.23796116951422608,2024,A
5609,0.17470823874179614,0.22140700483368578,0.6038847564245181,2024,H
5610,0.3328807856196761,0.253611655175174,0.4135075592051499,2024,H
5611,0.2729897525729142,0.21182642669703583,0.5151838207300499,2024,H
5612,0.24752484330834457,0.26495540484178104,0.4875197518498744,2024,H
5613,0.18573317087226943,0.2217940485533002,0.5924727805744304,2024,H
5614,0.6040305896037609,0.27621107191066446,0.11975833848557457,2024,D
5615,0.09687983263664271,0.1548326002648789,0.7482875670984784,2024,A
5616,0.0549678199314949,0.13009999467555866,0.8149321853929464,2024,H
5617,0.2668583727715223,0.21627382465740982,0.5168678025710679,2024,A
5618,0.13617637480980088,0.2235780519521859,0.6402455732380132,2024,H
5619,0.5379761886070905,0.20179206211814427,0.2602317492747653,2024,D
5620,0.2988797054863812,0.2641366326988276,0.4369836618147912,2024,H
5621,0.3088623740301266,0.2932289150058312,0.39790871096404223,2024,A
5622,0.4330709532654452,0.29135370659589804,0.27557534013865675,2024,D
5623,0.2896460757237088,0.273269819022385,0.43708410525390606,2024,H
5624,0.4424422005357085,0.25929008060208847,0.2982677188622031,2024,D
5625,0.5884809996531709,0.23125729634481287,0.1802617040020163,2024,H
5626,0.17718115290697026,0.25979019009311055,0.5630286569999192,2024,H
5627,0.44023534316887397,0.21683727505896858,0.3429273817721575,2024,D
5628,0.48033346593094456,0.3130620560710494,0.20660447799800583,2024,A
5629,0.1944488486060863,0.28040997100099274,0.5251411803929209,2024,H
5630,0.06984569489151732,0.21375145442620458,0.716402850682278,2024,D
5631,0.26572366308431083,0.2803021583571206,0.4539741785585686,2024,A
5632,0.4798836011577273,0.29059301782688207,0.2295233810153907,2024,A
5633,0.0944081920464105,0.1875875255686824,0.7180042823849071,2024,D
5634,0.08561986279914424,0.15638104854684737,0.7579990886540084,2024,D
5635,0.09974458882105748,0.18519375751835465,0.7150616536605879,2024,H
5636,0.32536681821961655,0.25079376707684137,0.42383941470354214,2024,H
5637,0.2745154018353958,0.23108090309391255,0.4944036950706917,2024,H
5638,0.1749711551570016,0.22496703881734875,0.6000618060256496,2024,H
5639,0.21450900255566094,0.2425336859095532,0.5429573115347859,2024,H
5640,0.44574269437159664,0.2687950150016624,0.2854622906267409,2024,D
5641,0.4384060922395802,0.2551341178694432,0.3064597898909765,2024,H
5642,0.399588922481394,0.26390175765297214,0.33650931986563387,2024,H
5643,0.5051583376142857,0.22901679338609057,0.2658248689996236,2024,A
5644,0.19121218583389524,0.24169603946188767,0.5670917747042171,2024,D
5645,0.3976341545586658,0.22955665526372446,0.3728091901776098,2024,A
5646,0.6443395838060363,0.21245988125971674,0.14320053493424686,2024,A
5647,0.2586643462850606,0.2661976763812233,0.4751379773337162,2024,A
5648,0.715400560218254,0.19137140068288638,0.09322803909885942,2024,A
5649,0.21653063561148547,0.2692129452217617,0.5142564191667528,2024,A
5650,0.27532118964373264,0.26298849330386964,0.46169031705239777,2024,H
5651,0.08399222406638736,0.1345890401650243,0.7814187357685883,2024,D
5652,0.11962530208344678,0.18460485779550892,0.6957698401210443,2024,H
5653,0.43419132265289967,0.2912886358438705,0.27452004150322995,2024,A
5654,0.05890799325334086,0.1382508076048664,0.8028411991417927,2024,H
5655,0.17704734267928493,0.2367217591566427,0.5862308981640724,2024,H
5656,0.1635329409933889,0.18469024156808575,0.6517768174385253,2024,H
5657,0.2737901168042557,0.20695085536722843,0.5192590278285159,2024,D
5658,0.1168386847147579,0.15369970571953825,0.7294616095657038,2024,H
5659,0.2466292644946428,0.28365966023709593,0.4697110752682612,2024,A
5660,0.16334313409976098,0.23772395373658203,0.598932912163657,2024,H
5661,0.2063946091906525,0.20418472212617553,0.5894206686831719,2024,H
5662,0.08583447621913423,0.19428781143109794,0.7198777123497678,2024,D
5663,0.33008449770575166,0.31096715824911547,0.3589483440451328,2024,H
5664,0.1309261690394659,0.1432232464359676,0.7258505845245665,2024,A
5665,0.349742670145745,0.24412125749307514,0.4061360723611798,2024,D
5666,0.40213696155563694,0.2542241751894845,0.3436388632548787,2024,H
5667,0.3149869873586091,0.29107975149519333,0.3939332611461976,2024,D
5668,0.47469171609149324,0.19201686773337556,0.33329141617513125,2024,H
5669,0.28588649760542256,0.3132648418767374,0.40084866051784007,2024,D
5670,0.18179442632641601,0.25910414288459493,0.5591014307889891,2024,A
5671,0.5204880698828139,0.2506956782216952,0.22881625189549093,2024,A
5672,0.6724826322718485,0.22083551434802348,0.10668185338012802,2024,D
5673,0.3743656448209587,0.24159644880764217,0.3840379063713991,2024,A
5674,0.4445797430261087,0.26666711973977564,0.28875313723411566,2024,A
5675,0.12000967814827987,0.18324420285258183,0.6967461189991383,2024,D
5676,0.35883467966452903,0.21285957824174542,0.4283057420937255,2024,H
5677,0.2727758176354471,0.24099700101751692,0.48622718134703585,2024,D
5678,0.28480225315109825,0.20223298299469716,0.5129647638542045,2024,A
5679,0.2910502268491838,0.256709788685048,0.45223998446576813,2024,A
5680,0.12006143418355736,0.14309278407083917,0.7368457817456036,2024,H
5681,0.19798116038849137,0.2155314313215372,0.5864874082899714,2024,H
5682,0.2012485506500441,0.26914186532221557,0.5296095840277403,2024,H
5683,0.4130631924764999,0.20340233596036,0.3835344715631402,2024,A
5684,0.3487337710339255,0.20406007597484174,0.4472061529912326,2024,A
5685,0.15111275720752118,0.22436904017112483,0.6245182026213539,2024,H
5686,0.27240542886366276,0.20680397518109678,0.5207905959552405,2024,H
5687,0.4768654011462805,0.24911350323211884,0.27402109562160076,2024,H
5688,0.2362257938916784,0.2780198797561152,0.48575432635220633,2024,H
5689,0.10558192585415133,0.16404770691497877,0.7303703672308698,2024,H
5690,0.6660169175510515,0.20925917949030254,0.12472390295864587,2024,A
5691,0.15160224090358854,0.20064536604992383,0.6477523930464876,2024,A
5692,0.2954456226544929,0.2554586763368803,0.4490957010086268,2024,D
5693,0.4688747148659507,0.2674175800464242,0.263707705087625,2024,A
5694,0.3302823862686189,0.2927107587180428,0.37700685501333825,2024,A
5695,0.17614140569721054,0.24169350124979974,0.5821650930529897,2024,D
5696,0.3932273460241207,0.2636219166170865,0.3431507373587927,2024,A
5697,0.5357644221599575,0.21411237481872988,0.25012320302131263,2024,A
5698,0.3993690301494388,0.24726965327614306,0.35336131657441816,2024,H
5699,0.16142583177655448,0.23504095069155925,0.6035332175318863,2024,H
5700,0.2286259733978553,0.22623779318340861,0.5451362334187361,2025,H
5701,0.42730546794861757,0.2587546910740162,0.3139398409773661,2025,D
5702,0.37810953843507006,0.16615315564424446,0.4557373059206855,2025,H
5703,0.8119994761121894,0.18392095902710232,0.0040795648607083014,2025,H
5704,0.3389509183771511,0.2274709291453154,0.4335781524775337,2025,D
5705,0.4487718022157971,0.2493870293917487,0.3018411683924541,2025,A
5706,0.2659648801950176,0.2621855274497492,0.47184959235523316,2025,D
5707,0.329763043887292,0.23309857414798943,0.43713838196471866,2025,H
5708,0.41840616341967113,0.207339271905803,0.37425456467452595,2025,A
5709,0.5971518919101444,0.27380109120782054,0.12904701688203507,2025,H
5710,0.475895224474453,0.27137786441686695,0.25272691110868,2025,A
5711,0.29945266432773315,0.27366748141420216,0.4268798542580647,2025,H
5712,0.13954083662079464,0.18197690504162037,0.678482258337585,2025,H
5713,0.0911324059089965,0.14347908049340974,0.7653885135975937,2025,A
5714,0.35895136084351215,0.304309276054174,0.3367393631023139,2025,H
5715,0.3370589112863216,0.25945373600017063,0.4034873527135077,2025,H
5716,0.3270928369163237,0.22789709968197752,0.44501006340169874,2025,D
5717,0.4108467948268349,0.2905708315081737,0.2985823736649914,2025,H
5718,0.4138831439674768,0.2397826054142735,0.34633425061824974,2025,D
5719,0.40498062541152136,0.21922355790973902,0.3757958166787396,2025,A
5720,0.3152178600459487,0.30145427312784995,0.3833278668262014,2025,A
5721,0.4187650008924782,0.23170199409539752,0.3495330050121242,2025,A
5722,0.4290259594678863,0.26915908324304466,0.30181495728906893,2025,D
5723,0.21463548774119734,0.21517068656231414,0.5701938256964886,2025,H
5724,0.16842926445555265,0.21484221705066364,0.6167285184937836,2025,H
5725,0.3462545728453935,0.26402878915396255,0.3897166380006439,2025,H
5726,0.42681166810451887,0.28824149670417376,0.2849468351913074,2025,H
5727,0.18648539331851163,0.22728246818456715,0.5862321384969211,2025,A
5728,0.34150191380210526,0.2574263749686556,0.40107171122923907,2025,H
5729,0.3195043559481173,0.2998068616848969,0.38068878236698583,2025,A
5730,0.1746955458903423,0.21657034322518123,0.6087341108844764,2025,H
5731,0.4148548539118816,0.2812705910382517,0.30387455504986677,2025,D
5732,0.3455010688284355,0.23779117993122664,0.4167077512403378,2025,H
5733,0.2470096332699999,0.23454041470913253,0.5184499520208675,2025,A
5734,0.2020765422959252,0.204448022203702,0.5934754355003727,2025,D
5735,0.16496685366285713,0.21625434662411724,0.6187787997130256,2025,H
5736,0.3057028076308827,0.25784984824112117,0.4364473441279961,2025,D
5737,0.36313241521392875,0.2485537175423263,0.38831386724374495,2025,H
5738,0.639216983047573,0.2013262914203199,0.15945672553210702,2025,A
5739,0.3443670980646062,0.2611038415368715,0.3945290603985222,2025,H
5740,0.40869346377745713,0.25523609023459887,0.33607044598794394,2025,A
5741,0.37880079689391066,0.2691755910695175,0.3520236120365718,2025,H
5742,0.3023776726080348,0.268609469786647,0.42901285760531827,2025,H
5743,0.13602554787008125,0.19135785188337848,0.6726166002465404,2025,H
5744,0.20943667100101232,0.2369129953209636,0.5536503336780241,2025,D
5745,0.41090989041368875,0.26810073499654075,0.32098937458977056,2025,D
5746,0.40960004986416604,0.2876341926888604,0.3027657574469737,2025,A
5747,0.2028035734393216,0.22954795940038816,0.5676484671602902,2025,D
5748,0.2905891186788606,0.26725114451760457,0.44215973680353476,2025,D
5749,0.22253700862035922,0.24724812753405603,0.5302148638455847,2025,D
5750,0.48436435366672964,0.24846141417954296,0.2671742321537275,2025,H
5751,0.19519609922268055,0.2227633988460397,0.5820405019312798,2025,A
5752,0.3754113557756561,0.22337078348065123,0.4012178607436927,2025,H
5753,0.4357059657676649,0.26552056879382757,0.29877346543850747,2025,D
5754,0.09285725302637392,0.19183062896571534,0.7153121180079107,2025,H
5755,0.3159530540724367,0.27571800434375926,0.40832894158380406,2025,A
5756,0.21037832511099855,0.21427098459773072,0.5753506902912708,2025,D
5757,0.3062786511325302,0.25936958559002055,0.43435176327744923,2025,H
5758,0.4354382592964298,0.2550846967890772,0.30947704391449304,2025,A
5759,0.24956186135916048,0.24350906792480131,0.5069290707160382,2025,D
5760,0.15974916865989836,0.21974039116769156,0.6205104401724101,2025,H
5761,0.4237291064823301,0.25282772109513485,0.32344317242253506,2025,A
5762,0.11233021115422194,0.15932109837506492,0.7283486904707132,2025,H
5763,0.2566148146768561,0.26331251624891905,0.48007266907422474,2025,H
5764,0.30676536293848444,0.23272063546923283,0.4605140015922826,2025,H
5765,0.1422297085054828,0.20702470207924561,0.6507455894152716,2025,H
5766,0.26976027003073666,0.26958139938743464,0.46065833058182865,2025,H
5767,0.28296413055769204,0.24967555400249564,0.4673603154398124,2025,H
5768,0.5126583266319817,0.23198168687579085,0.2553599864922275,2025,D
5769,0.47760314488487393,0.264793802287525,0.25760305282760104,2025,A
5770,0.45935639059603656,0.25167680345248333,0.28896680595148,2025,A
5771,0.31139501907636175,0.2561527521998331,0.43245222872380523,2025,H
5772,0.19702124036449284,0.2282175133413864,0.5747612462941207,2025,H
5773,0.31033025598152736,0.25098079325157957,0.4386889507668932,2025,D
5774,0.587792270035658,0.2371694397273045,0.1750382902370375,2025,H
5775,0.24711494456918165,0.25621628367095367,0.4966687717598647,2025,H
5776,0.5820152920309564,0.2293806778152005,0.18860403015384317,2025,A
5777,0.2937948120541097,0.23441737129341852,0.4717878166524718,2025,A
5778,0.22680478446174474,0.233653131786614,0.5395420837516413,2025,A
5779,0.41977748625840683,0.24867052538528386,0.3315519883563092,2025,A
5780,0.18651191661329072,0.23925899460703978,0.5742290887796695,2025,H
5781,0.37274559900211696,0.2479022834226803,0.37935211757520276,2025,H
5782,0.5247677891705845,0.225462539755509,0.24976967107390638,2025,H
5783,0.26910055975073865,0.2581260590330384,0.47277338121622287,2025,H
5784,0.1251693098139903,0.19196457223941799,0.6828661179465917,2025,A
5785,0.13059965604307155,0.17607455718962883,0.6933257867672997,2025,H
5786,0.5385372522717943,0.22962605004577266,0.2318366976824331,2025,H
5787,0.13112372392964877,0.21549740451535307,0.6533788715549981,2025,H
5788,0.2530637548885415,0.25448472444667913,0.4924515206647793,2025,A
5789,0.36605070013409696,0.24727376293893014,0.38667553692697293,2025,A
5790,0.3341845894364221,0.2125183621493213,0.4532970484142565,2025,A
5791,0.4224932211675874,0.2931078506405375,0.284398928191875,2025,D
5792,0.3078068562191379,0.2498130950064284,0.44238004877443377,2025,H
5793,0.3342859225907028,0.2579478043574055,0.40776627305189167,2025,H
5794,0.27987310823321787,0.2579129927736318,0.46221389899315035,2025,H
5795,0.7017925395398535,0.19949164809550265,0.09871581236464375,2025,A
5796,0.20891565547189142,0.24930949998936136,0.5417748445387472,2025,H
5797,0.514377288451845,0.25540426342505457,0.2302184481231005,2025,H
5798,0.21389385606989478,0.22363800319127633,0.562468140738829,2025,H
5799,0.2764384635378728,0.25865845906389934,0.4649030773982278,2025,D
5800,0.24394851412561025,0.2520427078336639,0.5040087780407259,2025,D
5801,0.4047167368541631,0.2510847884618355,0.34419847468400133,2025,H
5802,0.24258143838458715,0.27177454998791684,0.48564401162749604,2025,H
5803,0.5477604282924767,0.2525182423969729,0.19972132931055034,2025,D
5804,0.11629213971528685,0.1839323616847979,0.6997754985999154,2025,H
5805,0.26821600387874595,0.2801491680162177,0.4516348281050363,2025,H
5806,0.4181477537739864,0.2632879656116303,0.3185642806143833,2025,H
5807,0.3156234748738499,0.2459571202846335,0.43841940484151665,2025,D
5808,0.33604133527102564,0.26503684757192975,0.39892181715704456,2025,H
5809,0.22684711180790026,0.2016424173136301,0.5715104708784696,2025,H
5810,0.33918436601197827,0.26227983284624584,0.3985358011417759,2025,H
5811,0.1521216144217261,0.19769436922081757,0.6501840163574563,2025,A
5812,0.5976475684114779,0.2428874908206091,0.15946494076791287,2025,A
5813,0.6587209082506347,0.2235342900705862,0.11774480167877911,2025,A
5814,0.199300755925798,0.2527145398809966,0.5479847041932054,2025,D
5815,0.2861567120672686,0.2592658282879907,0.4545774596447406,2025,H
5816,0.582479763809043,0.22964387513110693,0.18787636105985017,2025,H
5817,0.09116425208336199,0.1774533277693349,0.731382420147303,2025,H
5818,0.4136577323388646,0.2839475656733954,0.30239470198774,2025,A
5819,0.19361072625396863,0.24699057533302732,0.559398698413004,2025,A
5820,0.1410610143190047,0.22767507046862978,0.6312639152123655,2025,H
5821,0.08332287108869976,0.15272095435441846,0.7639561745568817,2025,H
5822,0.39806984048415067,0.24895897075817933,0.35297118875767,2025,H
5823,0.31646286647928934,0.2532583933487036,0.43027874017200696,2025,A
5824,0.3238065376605296,0.2559509605887269,0.42024250175074346,2025,A
5825,0.48158226667423004,0.24790879365152835,0.27050893967424156,2025,A
5826,0.5195252741129912,0.23279919658293088,0.24767552930407793,2025,A
5827,0.323041839814503,0.24741458638103964,0.4295435738044574,2025,D
5828,0.21567619434761082,0.23600125876975492,0.5483225468826343,2025,A
5829,0.13153358097228815,0.20108144232207367,0.6673849767056381,2025,H
5830,0.14990854948502344,0.21390823392721792,0.6361832165877587,2025,A
5831,0.608379803610795,0.19386301086157248,0.1977571855276325,2025,A
5832,0.2481159587581849,0.23945477501125798,0.5124292662305572,2025,D
5833,0.11083973144896239,0.2083373551493617,0.6808229134016759,2025,H
5834,0.2996235208680434,0.25032531768852256,0.4500511614434341,2025,A
5835,0.4668094990238367,0.2928338104653226,0.2403566905108407,2025,A
5836,0.43477686889263845,0.30167878089507794,0.2635443502122836,2025,A
5837,0.6094557499375747,0.2375877595318281,0.15295649053059734,2025,H
5838,0.209207329930165,0.23037603976011958,0.5604166303097154,2025,D
5839,0.1833665671764166,0.21257031597719991,0.6040631168463835,2025,D
5840,0.149068507961483,0.216628699461971,0.634302792576546,2025,H
5841,0.45293743596061875,0.24498579664247377,0.3020767673969075,2025,D
5842,0.3135771299924491,0.25849466430801893,0.42792820569953205,2025,H
5843,0.08463058461576534,0.1606891774711842,0.7546802379130505,2025,H
5844,0.3643762327915014,0.26061004712063607,0.37501372008786243,2025,H
5845,0.2963354343959131,0.27868072546228206,0.42498384014180474,2025,H
5846,0.4633612912686236,0.2462627968773683,0.29037591185400813,2025,D
5847,0.1473973370447749,0.2208497230810292,0.6317529398741959,2025,D
5848,0.32544519678325184,0.27667350658267315,0.3978812966340751,2025,A
5849,0.6118756202541965,0.24222963245875365,0.14589474728704982,2025,A
5850,0.18357930648690166,0.23765354225143362,0.5787671512616648,2025,H
5851,0.35135193953377836,0.2378426177965769,0.41080544266964475,2025,H
5852,0.3287017640427293,0.2798562755371921,0.3914419604200786,2025,A
5853,0.020691426958083455,0.10431469281721573,0.8749938802247009,2025,H
5854,0.2730368422949528,0.24910705907223174,0.4778560986328155,2025,D
5855,0.6263070121109933,0.23084397484365618,0.1428490130453506,2025,A
5856,0.3155569554471846,0.2967255248220035,0.3877175197308119,2025,H
5857,0.41128521967939474,0.238222350999405,0.3504924293212003,2025,H
5858,0.5004423612968905,0.2293330532970583,0.2702245854060512,2025,A
5859,0.22692101288445998,0.1977381402754297,0.5753408468401103,2025,D
5860,0.3377652482195148,0.2435565563049243,0.41867819547556084,2025,D
5861,0.1957394553637763,0.22662606743362354,0.5776344772026001,2025,D
5862,0.1780973224954606,0.2237974512871565,0.5981052262173829,2025,D
5863,0.06340857767234011,0.14447835073260185,0.792113071595058,2025,H
5864,0.44397550511426875,0.2929642111903768,0.2630602836953545,2025,A
5865,0.46884355141454154,0.23181337762195312,0.29934307096350543,2025,A
5866,0.5634527690688992,0.2423140167950064,0.19423321413609446,2025,A
5867,0.3833421039951899,0.2695324951630374,0.3471254008417726,2025,H
5868,0.4409313459119288,0.23668476520009635,0.3223838888879748,2025,H
5869,0.28126125381342804,0.2683950498395725,0.45034369634699956,2025,H
5870,0.2910108789424111,0.21985907257445805,0.48913004848313074,2025,H
5871,0.5465584636979963,0.24348341257239844,0.20995812372960515,2025,A
5872,0.14838442845425956,0.20650289664416846,0.645112674901572,2025,H
5873,0.25746704442606383,0.25599570931785803,0.48653724625607814,2025,H
5874,0.3918301884102601,0.2484878863831385,0.3596819252066014,2025,D
5875,0.05339249583706429,0.15272456502924434,0.7938829391336913,2025,H
5876,0.3944414304019306,0.26867124389079444,0.3368873257072749,2025,A
5877,0.3710079412736418,0.24829711311083885,0.38069494561551925,2025,A
5878,0.2705786373229089,0.27500756966146495,0.4544137930156262,2025,D
5879,0.29157480721748946,0.25186143272529726,0.4565637600572133,2025,A
5880,0.38680307939775505,0.26702659335225887,0.3461703272499861,2025,D
5881,0.25261502267147756,0.22787801545916597,0.5195069618693565,2025,H
5882,0.05531905237588846,0.13681292345871326,0.8078680241653983,2025,D
5883,0.3847484759558749,0.2745615131775507,0.3406900108665745,2025,A
5884,0.19549440318372446,0.2157484160221693,0.5887571807941062,2025,D
5885,0.5777415114913099,0.20757095480277588,0.21468753370591412,2025,A
5886,0.3130550091979633,0.29047290198960984,0.39647208881242696,2025,D
5887,0.22981821491022061,0.24162065080671033,0.5285611342830691,2025,D
5888,0.3693502012374648,0.24146603129736338,0.3891837674651719,2025,D
5889,0.5937201740819152,0.224242752476917,0.18203707344116776,2025,D
5890,0.4536955985949516,0.25415425643913736,0.2921501449659109,2025,H
5891,0.5678782127097174,0.22569285187418828,0.20642893541609436,2025,A
5892,0.23458841218944754,0.22812915955805813,0.5372824282524943,2025,H
5893,0.1942056887799846,0.2710417077187538,0.5347526035012616,2025,H
5894,0.5028089014866864,0.2296903930183827,0.267500705494931,2025,D
5895,0.1954083832483157,0.25625836255342455,0.5483332541982597,2025,A
5896,0.239993728701645,0.23514982989475647,0.5248564414035986,2025,H
5897,0.2057975857565181,0.26573873130955483,0.5284636829339271,2025,D
5898,0.4280829890629378,0.25237680498943915,0.31954020594762306,2025,D
5899,0.1518777038690583,0.21045569988051163,0.6376665962504301,2025,D
5900,0.44050582928873094,0.2754323381424697,0.2840618325687994,2025,A
5901,0.4303272608203629,0.21456058424595362,0.3551121549336834,2025,H
5902,0.20180377551846654,0.24992591644718848,0.548270308034345,2025,H
5903,0.1536518676725667,0.2172405325254228,0.6291075998020106,2025,D
5904,0.5757762166461438,0.23090580981761746,0.1933179735362389,2025,D
5905,0.2980506106117474,0.24438029843354223,0.4575690909547105,2025,H
5906,0.36565369792605373,0.27663343338471325,0.3577128686892329,2025,D
5907,0.24514752474910007,0.2532359100058381,0.5016165652450619,2025,D
5908,0.2325840289768792,0.2678539970115437,0.4995619740115771,2025,H
5909,0.21069609828541858,0.21834461083474324,0.5709592908798383,2025,D
5910,0.18422688371601834,0.22779040330879574,0.587982712975186,2025,A
5911,0.38155505122607336,0.2560792987222171,0.3623656500517096,2025,H
5912,0.5537630797918681,0.2380257907557498,0.208211129452382,2025,D
5913,0.31200973826964334,0.24747527344157,0.44051498828878666,2025,H
5914,0.06913660250409236,0.16851720182408073,0.7623461956718269,2025,D
5915,0.42490023981941455,0.2322191781127106,0.342880582067875,2025,H
5916,0.2640409926081543,0.2600440671117702,0.4759149402800755,2025,H
5917,0.6020505615920038,0.21602760097208248,0.18192183743591378,2025,D
5918,0.145007762401189,0.24576638456395358,0.6092258530348573,2025,A
5919,0.3221502485754483,0.22819947276522326,0.4496502786593284,2025,D
5920,0.420400599862446,0.25813471589758913,0.3214646842399649,2025,H
5921,0.599216481312556,0.2329606754619136,0.16782284322553043,2025,D
5922,0.25403914717511483,0.22666956165608276,0.5192912911688023,2025,H
5923,0.08710289657525716,0.18823533577170806,0.7246617676530348,2025,H
5924,0.636102760005082,0.18712882334041253,0.17676841665450535,2025,H
5925,0.19859115372286687,0.23530584393934945,0.5661030023377837,2025,A
5926,0.42574091936765174,0.2357366532002633,0.3385224274320851,2025,A
5927,0.23952928051719918,0.2499592405373915,0.5105114789454094,2025,A
5928,0.17235488645562255,0.2245409123740651,0.6031042011703124,2025,A
5929,0.30968216826620343,0.26804526131752165,0.422272570416275,2025,D
5930,0.17756654025440663,0.20926879267845708,0.6131646670671362,2025,H
5931,0.5929622711550194,0.21249904192994934,0.1945386869150312,2025,A
5932,0.3822118804458888,0.24189078758297358,0.3758973319711377,2025,A
5933,0.2740750138682699,0.256962032705686,0.46896295342604405,2025,D
5934,0.161434528859377,0.21747141375501133,0.6210940573856116,2025,H
5935,0.1969152658091897,0.23945162929361258,0.5636331048971978,2025,A
5936,0.18868991703686733,0.20475340829284192,0.6065566746702908,2025,H
5937,0.2756157062259847,0.2571931321260907,0.4671911616479245,2025,D
5938,0.3931932593179559,0.24673585085409508,0.360070889827949,2025,D
5939,0.1498367006137429,0.23702688833355762,0.6131364110526994,2025,H
5940,0.2810623711774696,0.2764215872299754,0.4425160415925549,2025,H
5941,0.29742314458161795,0.2043121254498347,0.49826472996854737,2025,H
5942,0.12186368269603742,0.17972915034622572,0.6984071669577369,2025,H
5943,0.5807406452836624,0.21109501843087303,0.20816433628546455,2025,D
5944,0.5013014983065435,0.2796230316133844,0.21907547008007214,2025,A
5945,0.2953057421505596,0.24507050553370355,0.4596237523157369,2025,A
5946,0.4324863128482166,0.24309918331745056,0.32441450383433296,2025,A
5947,0.2898901715965126,0.2561441645790463,0.453965663824441,2025,A
5948,0.3001642549830034,0.2304979536858394,0.46933779133115705,2025,A
5949,0.264734944996042,0.206641943142222,0.528623111861736,2025,A
5950,0.5451481284737334,0.24036100823592038,0.21449086329034608,2025,D
5951,0.3529578690073296,0.23490764558871566,0.4121344854039547,2025,A
5952,0.3060367162412972,0.24802605997183763,0.44593722378686523,2025,A
5953,0.18838132942481256,0.22281325692713472,0.5888054136480527,2025,D
5954,0.13692981223749812,0.19515227039839234,0.6679179173641097,2025,H
5955,0.1234267508769282,0.22421760338535185,0.65235564573772,2025,A
5956,0.1138036602252962,0.20039237388763603,0.6858039658870677,2025,H
5957,0.28816712163372976,0.2640032015917979,0.4478296767744723,2025,D
5958,0.4557102972089764,0.2598034341168123,0.2844862686742114,2025,A
5959,0.5727979478453843,0.20247217511627236,0.22472987703834332,2025,D
5960,0.7247470080396835,0.1758764463556874,0.0993765456046291,2025,D
5961,0.21410403126512315,0.2052083752851693,0.5806875934497076,2025,H
5962,0.39283800700888843,0.27912025508758354,0.3280417379035281,2025,D
5963,0.09740680941175514,0.1979935101010398,0.7045996804872051,2025,D
5964,0.2599594330562095,0.22782084110620923,0.5122197258375812,2025,A
5965,0.11336097525195732,0.19083717712992546,0.6958018476181173,2025,D
5966,0.16078676107504455,0.2347519648770081,0.6044612740479473,2025,H
5967,0.5468416112310355,0.21034548867792713,0.24281290009103743,2025,A
5968,0.29345220711550896,0.26456013972669656,0.4419876531577945,2025,A
5969,0.6276108898615966,0.2034045642359788,0.16898454590242465,2025,A
5970,0.40070490444183393,0.2759008939532762,0.32339420160488974,2025,A
5971,0.5429792261826363,0.2511873015686569,0.20583347224870693,2025,H
5972,0.15960374997286927,0.215968600319009,0.6244276497081217,2025,H
5973,0.213109984581608,0.23630522940243082,0.5505847860159612,2025,D
5974,0.5984585823595014,0.20990076086153361,0.19164065677896497,2025,A
5975,0.43283301561740156,0.2694006396391726,0.29776634474342567,2025,A
5976,0.3068209177516365,0.24880070079528208,0.44437838145308134,2025,A
5977,0.3036027696475104,0.2591681081305331,0.43722912222195665,2025,H
5978,0.17150681341931248,0.21896368947823272,0.6095294971024549,2025,H
5979,0.264832972798808,0.2186663032516925,0.5165007239494994,2025,H
5980,0.16902459058072586,0.20150924117346658,0.6294661682458075,2025,H
5981,0.31306626491777295,0.24305682235304657,0.4438769127291805,2025,D
5982,0.1461737976427599,0.20642497270212212,0.6474012296551179,2025,H
5983,0.31287277058771706,0.26567355840920764,0.42145367100307524,2025,A
5984,0.6609629244594448,0.2050575171547107,0.13397955838584444,2025,H
5985,0.3792142912481044,0.2666083424729063,0.35417736627898927,2025,H
5986,0.18013888797898797,0.21873361650440784,0.6011274955166042,2025,D
5987,0.20190159241829314,0.22333914426587823,0.5747592633158286,2025,A
5988,0.5106224363238983,0.23781415679237375,0.251563406883728,2025,A
5989,0.2547376215014555,0.22430774265973427,0.5209546358388103,2025,A
5990,0.41404904003654575,0.2631355640464866,0.3228153959169678,2025,A
5991,0.5077793198534919,0.25046773032374803,0.2417529498227602,2025,D
5992,0.3477397833469776,0.2762080587805808,0.3760521578724415,2025,A
5993,0.19663118134460209,0.21496963034919658,0.5883991883062013,2025,H
5994,0.22742588989137974,0.19756408730107056,0.5750100228075496,2025,A
5995,0.5877715640037371,0.22609533788207553,0.1861330981141874,2025,D
5996,0.3731851036324652,0.24154628191268604,0.38526861445484883,2025,D
5997,0.0813459586327633,0.1525878359128217,0.7660662054544151,2025,D
5998,0.30391893354078836,0.2652401754685349,0.4308408909906768,2025,D
5999,0.12298392499017954,0.19948803511137544,0.6775280398984449,2025,H
6000,0.11015460766975814,0.21949762616266597,0.670347766167576,2025,D
6001,0.3413774418286079,0.2566594576429568,0.4019631005284352,2025,D
6002,0.44310673149741914,0.2506823825525714,0.30621088595000934,2025,H
6003,0.2023282196474832,0.22707437737310374,0.5705974029794131,2025,H
6004,0.43057596851983787,0.23781331670198297,0.33161071477817916,2025,H
6005,0.385842860393319,0.2460396310244062,0.3681175085822747,2025,D
6006,0.24817522754360738,0.24986744612868297,0.5019573263277096,2025,A
6007,0.14442040865242767,0.24010031212051047,0.6154792792270619,2025,H
6008,0.48569415605151145,0.2444248021534633,0.26988104179502537,2025,A
6009,0.32399936078681524,0.2694626210879089,0.40653801812527585,2025,H
6010,0.22066775662211913,0.23100441124953838,0.5483278321283425,2025,H
6011,0.49323646209459887,0.24790164825373925,0.25886188965166196,2025,A
6012,0.3165812825751657,0.2720042768516426,0.41141444057319165,2025,D
6013,0.18677295781677467,0.2115383311855796,0.6016887109976458,2025,A
6014,0.35626686814198044,0.24593589438911148,0.39779723746890805,2025,H
6015,0.4584919302615399,0.20983866675307353,0.3316694029853865,2025,D
6016,0.3295153958630594,0.2237967026643259,0.4466879014726146,2025,H
6017,0.35393514187644753,0.24183086876308663,0.40423398936046584,2025,A
6018,0.1387886221285505,0.2111843976136769,0.6500269802577725,2025,A
6019,0.43499989620272195,0.2738341893345498,0.29116591446272844,2025,D
6020,0.15070950588977827,0.2291920341624773,0.6200984599477445,2025,H
6021,0.4350622129516005,0.27895879459007555,0.285978992458324,2025,A
6022,0.3307824218475607,0.25507751366668496,0.41414006448575447,2025,D
6023,0.35000571782479356,0.23752667910743222,0.41246760306777425,2025,A
6024,0.17236246367865168,0.22819735673733027,0.5994401795840181,2025,H
6025,0.4673786905967125,0.243729113900442,0.2888921955028456,2025,A
6026,0.20345763165087535,0.2353898211966364,0.5611525471524883,2025,H
6027,0.2512371786016886,0.2380199502647294,0.5107428711335821,2025,H
6028,0.2143672177196694,0.2636340581635415,0.5219987241167892,2025,D
6029,0.3526286650116028,0.22603078071457017,0.42134055427382716,2025,H
6030,0.2979889307749994,0.2427875939125593,0.45922347531244134,2025,D
6031,0.7315513141223758,0.18239265326896767,0.08605603260865652,2025,A
6032,0.2563245471597602,0.27826106829277497,0.46541438454746487,2025,A
6033,0.4721287235705227,0.19974481535160798,0.3281264610778693,2025,H
6034,0.4011565309590414,0.279756403872519,0.3190870651684395,2025,A
6035,0.4035532117301472,0.28475377328203477,0.31169301498781804,2025,H
6036,0.16415906515594597,0.22591501977148076,0.6099259150725733,2025,H
6037,0.11222154753787965,0.19537396855634187,0.6924044839057785,2025,H
6038,0.1937836044582846,0.2322132509623786,0.5740031445793368,2025,H
6039,0.15615630943815453,0.21401289185939182,0.6298307987024536,2025,H
6040,0.18907251294223051,0.25912232502676774,0.5518051620310017,2025,H
6041,0.4764142504972675,0.27586987230816135,0.24771587719457128,2025,H
6042,0.37587630742356803,0.276070016896329,0.34805367568010304,2025,D
6043,0.17248886049102521,0.22638402040904412,0.6011271190999307,2025,H
6044,0.2176959600658572,0.2465893962267776,0.5357146437073651,2025,H
6045,0.2566419811002523,0.23091042607197837,0.5124475928277693,2025,H
6046,0.21199115044148917,0.223888379342257,0.5641204702162538,2025,A
6047,0.6540439496846254,0.20193352662670117,0.14402252368867344,2025,D
6048,0.2706305733720547,0.280079252332745,0.44929017429520024,2025,A
6049,0.20917033376775324,0.20775971440439114,0.5830699518278556,2025,D
6050,0.15329201910490012,0.21641365036051932,0.6302943305345806,2025,H
6051,0.43464114459534686,0.2447138565154548,0.3206449988891983,2025,A
6052,0.4739530998118622,0.23528099348040282,0.2907659067077349,2025,D
6053,0.09309803545498702,0.16178865896450484,0.7451133055805081,2025,H
6054,0.5685392088706706,0.25287136389796644,0.178589427231363,2025,D
6055,0.40974048807002583,0.24793298043828813,0.342326531491686,2025,D
6056,0.43506297462597465,0.21977767742372434,0.34515934795030095,2025,D
6057,0.5550279109701616,0.2442037424373916,0.20076834659244697,2025,A
6058,0.24614418558444315,0.2740651155043469,0.47979069891120985,2025,D
6059,0.08225797645097818,0.15579584700849503,0.7619461765405268,2025,H
6060,0.35144069748546825,0.25742743779398874,0.39113186472054295,2025,H
6061,0.2356915939816924,0.26093615707207846,0.5033722489462291,2025,H
6062,0.26951798810656813,0.24269191738574414,0.48779009450768773,2025,D
6063,0.22753321822067357,0.2282737984540808,0.5441929833252457,2025,A
6064,0.5120901464610204,0.23767914002383214,0.2502307135151475,2025,H
6065,0.4134565082126134,0.2704136332103358,0.31612985857705067,2025,D
6066,0.27514549400462496,0.27374449670518536,0.4511100092901897,2025,H
6067,0.05890899313301222,0.13763085973088995,0.8034601471360978,2025,H
6068,0.5387886539818673,0.21446835037407005,0.2467429956440627,2025,D
6069,0.21981986219213864,0.23144016195370662,0.5487399758541548,2025,H
6070,0.1581446495754408,0.15929097498269185,0.6825643754418673,2025,A
6071,0.31906988269999254,0.3093212855409697,0.37160883175903775,2025,H
6072,0.36373820276749835,0.21922160079445865,0.41704019643804296,2025,H
6073,0.4892441777638829,0.2538370439572364,0.25691877827888066,2025,D
6074,0.28945547319900705,0.23685051408074081,0.4736940127202521,2025,H
6075,0.18471525788377333,0.21822202374871313,0.5970627183675136,2025,A
6076,0.3711422580734785,0.26247216336010065,0.36638557856642073,2025,H
6077,0.5703256121743222,0.21782247878825864,0.2118519090374191,2025,A
6078,0.18716039087567293,0.23768066736067225,0.5751589417636549,2025,D
6079,0.40839167570125134,0.28278179510023016,0.30882652919851844,2025,D
6081,0.5624532322655983,0.18919887410548683,0.24834789362891482,2026,H
6082,0.2517968549012826,0.25242073439558854,0.4957824107031288,2026,A
6083,0.3580014713296148,0.2506645115783225,0.3913340170920626,2026,H
6084,0.23077059225907606,0.23117932257164417,0.5380500851692798,2026,H
6085,0.5148633790762459,0.22456159229243622,0.26057502863131793,2026,H
6086,0.261062853354026,0.22657364572149508,0.512363500924479,2026,H
6087,0.21525792783731668,0.20569325306233335,0.57904881910035,2026,H
6088,0.41101044625110683,0.24382572533654503,0.34516382841234816,2026,D
6089,0.2543628709826653,0.22099963859453461,0.5246374904228002,2026,A
6090,0.619222177757288,0.21964765297235705,0.16113016927035484,2026,A
6092,0.3294104292043205,0.2610777569783944,0.409511813817285,2026,A
6093,0.25564245232134003,0.2352133699699717,0.5091441777086883,2026,D
6094,0.19662858638263558,0.23367551466323258,0.5696958989541319,2026,D
6095,0.4412325564367347,0.2399704372321885,0.3187970063310769,2026,H
6096,0.27282294784536215,0.25461055010609035,0.4725665020485476,2026,D
6097,0.35206682021617597,0.2496125629883474,0.39832061679547665,2026,H
6098,0.2180441808789571,0.23926615852871863,0.5426896605923243,2026,H
6099,0.5447689812096854,0.24620400298103193,0.20902701580928248,2026,A
6100,0.462864947401258,0.2552878946147838,0.2818471579839582,2026,A
6101,0.1905043026636768,0.23282986867237007,0.5766658286639531,2026,A
6102,0.26115052690686724,0.26188750934705013,0.4769619637460826,2026,D
6103,0.3310838566074607,0.25605364655106144,0.41286249684147797,2026,D
6104,0.25761101620814236,0.2566943782862333,0.48569460550562427,2026,D
6105,0.31620910745759756,0.27111414937807776,0.41267674316432473,2026,D
6106,0.16881689932526692,0.22535341997043057,0.6058296807043025,2026,D
6108,0.47621760505619354,0.2530278422182754,0.270754552725531,2026,D
6109,0.13845402915354976,0.18647686147421502,0.6750691093722352,2026,H
6110,0.2957398988743983,0.2737218482174202,0.43053825290818154,2026,A
6111,0.19194194606033826,0.22097643440276551,0.5870816195368962,2026,D
6112,0.3063262994103352,0.26592588703635306,0.42774781355331176,2026,A
6113,0.5270137124212245,0.23708012595507755,0.23590616162369787,2026,A
6114,0.4112856341593718,0.2434069345231943,0.34530743131743385,2026,D
6115,0.1784120643810138,0.21938584078951087,0.6022020948294753,2026,D
6116,0.3073399959993209,0.2518644916199062,0.44079551238077286,2026,D
6118,0.32869575542961943,0.2442307422382931,0.42707350233208746,2026,A
6119,0.3167827344950905,0.2620830855639635,0.42113417994094615,2026,H
6120,0.32538862223022197,0.24452621155231657,0.43008516621746146,2026,H
6121,0.23076306036847413,0.24269764785819167,0.5265392917733343,2026,H
6122,0.31486379663863523,0.2672268736880687,0.417909329673296,2026,H
6124,0.222870842594035,0.24451228658083568,0.5326168708251293,2026,A
6125,0.4642164380156364,0.23874730327843818,0.2970362587059254,2026,H
6126,0.4062108392273649,0.24973351860890114,0.344055642163734,2026,A
6127,0.184106229672005,0.2313313664173916,0.5845624039106033,2026,D
6128,0.13831560727632294,0.1933775420944941,0.6683068506291829,2026,H
6129,0.45644984967944646,0.2536690672063261,0.2898810831142274,2026,D
