,proba_A,proba_D,proba_H,test_season,true_label
1900,0.24301131175391943,0.24658460240308158,0.5104040858429993,2015,H
1901,0.2491619328954335,0.22581193160039292,0.5250261355041735,2015,H
1902,0.3515232286437691,0.30102092244031575,0.34745584891591513,2015,A
1903,0.20599909382600412,0.22673663898482108,0.5672642671891744,2015,D
1906,0.20677997822403676,0.2243098277671035,0.5689101940088594,2015,A
1907,0.3184438590246272,0.25924503666963505,0.42231110430573776,2015,D
1908,0.30143226352473007,0.24182705960282735,0.4567406768724427,2015,A
1909,0.5601249382889495,0.23567986903431337,0.20419519267673752,2015,A
1910,0.312081357406868,0.28489917070889664,0.40301947188423576,2015,A
1911,0.4088077404051125,0.2993351381393083,0.29185712145557946,2015,A
1913,0.28040344393233335,0.28717781675426246,0.4324187393134035,2015,D
1914,0.32363766704910163,0.23901512945406048,0.43734720349683753,2015,H
1915,0.3267244087783196,0.25841964339100953,0.41485594783067137,2015,A
1916,0.3328163472046055,0.27382575744315607,0.3933578953522382,2015,A
1917,0.32095467401800964,0.2420436151185176,0.43700171086347295,2015,A
1918,0.19069145769014792,0.14434690625905097,0.6649616360508013,2015,H
1920,0.21094531042688675,0.20768441330836945,0.581370276264744,2015,H
1921,0.11505697752739169,0.1437769813507332,0.7411660411218751,2015,D
1922,0.20411682786463853,0.20680409122461493,0.5890790809107469,2015,D
1923,0.36173256006867727,0.2814913044304604,0.3567761355008626,2015,D
1924,0.4702261193661224,0.2390480739987008,0.29072580663517655,2015,D
1926,0.4316563100773365,0.2911115412958972,0.2772321486267668,2015,A
1928,0.40898171626020846,0.27011681166715834,0.320901472072633,2015,A
1929,0.23260446095084691,0.21093258294888417,0.5564629561002689,2015,D
1931,0.5205061670697446,0.20666090072703613,0.2728329322032192,2015,A
1932,0.2691852358136842,0.29042333580065344,0.44039142838566275,2015,A
1933,0.24711127495944343,0.3085836131966163,0.4443051118439403,2015,D
1935,0.3402388624563827,0.2644039911045586,0.39535714643905906,2015,A
1936,0.13756616143362085,0.23005780104163212,0.6323760375247465,2015,A
1937,0.2525486166865266,0.2540130573869086,0.49343832592656534,2015,D
1938,0.2841073235589533,0.26995352152923996,0.44593915491180675,2015,H
1939,0.26995438104419023,0.2588026203846438,0.471242998571166,2015,H
1940,0.12443398343840738,0.1915861263905067,0.683979890171086,2015,H
1941,0.4105585073023682,0.28458162608863086,0.30485986660900133,2015,A
1942,0.41444901297284303,0.24615377892030202,0.33939720810685464,2015,H
1943,0.21599387481704904,0.25083074907382863,0.5331753761091226,2015,H
1946,0.37790347742641706,0.25432813025636003,0.36776839231722297,2015,D
1947,0.14533606905512278,0.14944128407787774,0.7052226468669999,2015,H
1948,0.4812061812025911,0.2316427609034284,0.28715105789398016,2015,A
1949,0.3041550872419964,0.29102333498049665,0.4048215777775067,2015,H
1950,0.23026810253404462,0.3072757681317094,0.4624561293342458,2015,H
1951,0.24673031856877425,0.25057276387790617,0.50269691755332,2015,D
1952,0.3550100818825379,0.2772937968950753,0.36769612122238643,2015,A
1953,0.26444265887703333,0.29993006519510806,0.4356272759278587,2015,A
1954,0.44965927561792013,0.25779415225907854,0.29254657212300167,2015,H
1955,0.1854840975520109,0.12562707184093738,0.6888888306070524,2015,A
1956,0.5036886342096707,0.28294038081178086,0.21337098497854867,2015,D
1957,0.32743137406704503,0.25495051164337473,0.41761811428957996,2015,D
1958,0.314566999304259,0.24123696885977403,0.44419603183596706,2015,A
1959,0.24117726756799562,0.276546030940475,0.4822767014915297,2015,H
1960,0.36289634899723877,0.27439971009044783,0.3627039409123132,2015,H
1961,0.21681394611698654,0.23338826866146373,0.5497977852215497,2015,D
1962,0.3750912178821033,0.26681798912493426,0.358090792992963,2015,H
1963,0.2545813111309452,0.24082307796765076,0.5045956109014043,2015,H
1964,0.3920091388544185,0.25349222350777323,0.3544986376378087,2015,D
1965,0.25971157134776546,0.26541653272630006,0.47487189592593465,2015,A
1966,0.1332932320544617,0.15632737660210846,0.7103793913434302,2015,H
1967,0.21727551557214536,0.2698541539893303,0.5128703304385244,2015,H
1968,0.2572709973506534,0.26392231747268374,0.4788066851766635,2015,A
1969,0.2940855060296057,0.27359137527811184,0.43232311869228235,2015,A
1970,0.35901419587935884,0.2871817116800833,0.3538040924405582,2015,A
1971,0.10626694173764005,0.1453745687435117,0.7483584895188485,2015,H
1972,0.2562388329084101,0.24590517661727102,0.4978559904743192,2015,A
1973,0.21664650480241662,0.22564523687656476,0.5577082583210189,2015,H
1974,0.24598579242160032,0.2889635311481713,0.46505067643022835,2015,D
1975,0.30053757236335565,0.2900753308573924,0.4093870967792516,2015,A
1976,0.4603411317624685,0.24667039447933317,0.2929884737581981,2015,D
1977,0.2525909308207029,0.24087890232100787,0.5065301668582892,2015,H
1978,0.297650605290337,0.25404189609825545,0.4483074986114077,2015,D
1979,0.49862425563430385,0.23430818778859247,0.2670675565771038,2015,D
1980,0.26535514235913105,0.22126422704264165,0.5133806305982277,2015,D
1981,0.2921153349629834,0.20745164829588628,0.5004330167411302,2015,D
1982,0.452859248986424,0.32651531155715374,0.22062543945642235,2015,A
1983,0.19533383243043,0.24658127667211907,0.5580848908974508,2015,H
1984,0.24581782603629,0.21359266413977676,0.5405895098239335,2015,A
1985,0.30333971156178496,0.26329129142826807,0.433368997009947,2015,A
1986,0.11023183690190928,0.1514096900464476,0.7383584730516434,2015,H
1987,0.27828551683223696,0.2916319089519005,0.43008257421586216,2015,H
1988,0.2806121564450747,0.2897109994789056,0.42967684407601964,2015,H
1989,0.274928950629672,0.30465076762544796,0.42042028174487994,2015,A
1990,0.09627262345243114,0.1158133761039635,0.787914000443605,2015,H
1991,0.3512873644181267,0.28831547630329235,0.3603971592785802,2015,A
1992,0.20367225941753384,0.20088418432735813,0.5954435562551079,2015,H
1993,0.24534698300825447,0.2951240460498736,0.45952897094187156,2015,A
1994,0.27280338111031893,0.2834172328831262,0.443779386006554,2015,A
1995,0.22597921007739238,0.1873109057256289,0.5867098841969793,2015,H
1996,0.3731561644982458,0.25880431729420633,0.36803951820754827,2015,A
1997,0.2594555781394524,0.25132680599690127,0.48921761586364637,2015,D
1998,0.4111892966016776,0.24789127097203736,0.3409194324262858,2015,D
1999,0.25593565538391305,0.28083604875526413,0.4632282958608229,2015,H
2000,0.3621643195809559,0.2588137710236836,0.37902190939536085,2015,A
2001,0.4695004545980123,0.2845888211388182,0.24591072426316984,2015,H
2002,0.5073697581089451,0.25666041016227736,0.2359698317287778,2015,A
2003,0.30240985181622543,0.29945790444536763,0.3981322437384065,2015,D
2004,0.13765540607849452,0.18462947260409873,0.6777151213174066,2015,H
2005,0.3898663492031962,0.32947968520229876,0.2806539655945053,2015,D
2006,0.43863797896373186,0.2580266143336574,0.3033354067026108,2015,A
2007,0.2727925007468947,0.30276836636182264,0.4244391328912824,2015,H
2008,0.287377644266964,0.254504124550078,0.45811823118295797,2015,H
2009,0.12065950533040747,0.19990458807265019,0.679435906596943,2015,H
2010,0.19794793589606038,0.2263981395696199,0.5756539245343201,2015,D
2011,0.28974425013476546,0.27833152972544517,0.4319242201397888,2015,A
2012,0.3009013443298974,0.27623880095563236,0.42285985471446996,2015,H
2013,0.14522723905812593,0.17891574579747632,0.6758570151443979,2015,H
2014,0.15172014516439483,0.21284865745199194,0.6354311973836139,2015,H
2015,0.22964427904012052,0.2950799675540718,0.47527575340580774,2015,H
2016,0.40822073850127055,0.25967614833242053,0.3321031131663083,2015,A
2017,0.20343009409098445,0.18710034810941065,0.6094695577996053,2015,D
2018,0.655335598964157,0.19279232139074842,0.1518720796450943,2015,D
2019,0.22887930328111591,0.2517777344577597,0.5193429622611244,2015,A
2020,0.3521856249769823,0.24414032940410443,0.4036740456189132,2015,D
2021,0.6074035738658601,0.2305809730797258,0.16201545305441417,2015,H
2022,0.19846962985836464,0.1956163753068846,0.6059139948347514,2015,A
2023,0.3636147487908141,0.29588705510753394,0.3404981961016516,2015,A
2024,0.15076518933630317,0.17246016832268254,0.6767746423410143,2015,A
2025,0.2688476852001889,0.2727529968924659,0.45839931790734506,2015,H
2026,0.5100660040939722,0.2669064346282674,0.22302756127776058,2015,A
2027,0.2573822684493998,0.28813032061300886,0.4544874109375914,2015,H
2028,0.1908063442786205,0.18053092408477828,0.6286627316366015,2015,H
2029,0.24888156078601642,0.2652656115113588,0.4858528277026249,2015,A
2030,0.29722202877398446,0.30382738557117084,0.3989505856548443,2015,A
2031,0.32253652948339734,0.26021256539847626,0.4172509051181263,2015,D
2032,0.31956274426492803,0.28631674529698825,0.39412051043808316,2015,H
2033,0.1589486976936057,0.17448298990722513,0.666568312399169,2015,D
2034,0.16434999476345133,0.21190978819079645,0.6237402170457521,2015,H
2035,0.3385287851675566,0.29635154523998447,0.36511966959245873,2015,H
2036,0.13008825066492602,0.15722398172916807,0.712687767605906,2015,D
2037,0.22653987265689923,0.26504898086558487,0.5084111464775156,2015,D
2038,0.5427093742267259,0.23685001202640113,0.22044061374687285,2015,D
2039,0.20390817671007816,0.23690130279628757,0.559190520493634,2015,H
2040,0.4807742550476782,0.2552170234229562,0.2640087215293657,2015,A
2041,0.23074812150834897,0.25570255721860397,0.5135493212730476,2015,H
2042,0.5444857394605029,0.24257303743599246,0.21294122310350436,2015,D
2043,0.13140648625771384,0.1673885728207785,0.7012049409215076,2015,H
2044,0.3512107908187442,0.26385812095571526,0.3849310882255408,2015,A
2045,0.16577216406075376,0.21419963606896725,0.6200281998702798,2015,D
2046,0.24789298383241312,0.2855546485123426,0.46655236765524405,2015,D
2047,0.48351171992406156,0.23828689395311425,0.2782013861228243,2015,H
2048,0.5170065842445947,0.2244094246900171,0.25858399106538843,2015,H
2049,0.3042797230317207,0.23150344346714077,0.4642168335011389,2015,D
2050,0.3325120692250236,0.24480712106399197,0.42268080971098476,2015,H
2051,0.2643363780019026,0.23122849274241436,0.5044351292556837,2015,H
2052,0.13233310012293448,0.24229815771037594,0.6253687421666901,2015,H
2053,0.36793531639745963,0.2715490185898341,0.36051566501270615,2015,D
2054,0.3786416417566226,0.26195009328028696,0.3594082649630903,2015,A
2055,0.2753835798337052,0.2835877155289912,0.4410287046373033,2015,D
2056,0.17968918653956426,0.24098647832484482,0.5793243351355912,2015,D
2057,0.569193072684905,0.22599934870784552,0.20480757860724938,2015,A
2058,0.10193681031117467,0.15035955523431774,0.7477036344545082,2015,A
2059,0.14508213435159512,0.1615312549351381,0.6933866107132666,2015,H
2060,0.2040163803468351,0.26236543739828727,0.5336181822548782,2015,H
2061,0.44078152161112377,0.23039583619529122,0.3288226421935853,2015,A
2062,0.1292060130538979,0.17285208594032067,0.6979419010057818,2015,A
2063,0.30362215730332126,0.30688136986160663,0.3894964728350724,2015,D
2064,0.4217957143211427,0.2344314478559994,0.34377283782285806,2015,A
2065,0.4475648004043707,0.2125443891611772,0.3398908104344519,2015,A
2066,0.3895334108786369,0.2544130769395952,0.356053512181768,2015,A
2067,0.3972325931817243,0.23078744003656687,0.37197996678170897,2015,D
2068,0.2580857161463336,0.23382532901478176,0.5080889548388842,2015,H
2069,0.27558158617756673,0.21853191156320648,0.505886502259227,2015,H
2070,0.4593867237020063,0.2375453248359159,0.30306795146207777,2015,A
2071,0.11306833800084372,0.17235217894327134,0.7145794830558857,2015,H
2072,0.3744115289862058,0.23417444932903692,0.3914140216847578,2015,H
2073,0.43968629983530705,0.24063275961105457,0.31968094055363827,2015,H
2074,0.28041728640276753,0.2687666392375647,0.4508160743596675,2015,H
2075,0.29355503404638195,0.2793218200825597,0.4271231458710586,2015,D
2076,0.3443583487237868,0.2535586777499115,0.40208297352630196,2015,H
2077,0.3050281420602541,0.2819236689565766,0.41304818898316964,2015,D
2078,0.1351045881289112,0.1950131899470088,0.6698822219240803,2015,H
2079,0.30315618398039357,0.20821377702916644,0.48863003899043994,2015,D
2080,0.34850173349696306,0.2546097164747971,0.3968885500282399,2015,H
2081,0.3905664608356488,0.26889810996439456,0.34053542919995644,2015,H
2082,0.32001080654453307,0.26359862161242875,0.41639057184303835,2015,A
2083,0.30614282930367825,0.3245546046055191,0.3693025660908025,2015,H
2084,0.21685689686260567,0.19555392027160412,0.58758918286579,2015,H
2085,0.2630276602314878,0.306551227579273,0.43042111218923956,2015,D
2086,0.21088781946138618,0.24562061666412838,0.543491563874486,2015,D
2087,0.24692894856832084,0.25555086289810286,0.4975201885335767,2015,A
2088,0.39097487435521805,0.23451688089722086,0.37450824474756095,2015,D
2089,0.47152170960474943,0.22492993928186966,0.3035483511133808,2015,A
2090,0.3306736704453657,0.272444577580378,0.396881751974256,2015,H
2091,0.3636588266263673,0.25634200833279036,0.37999916504084247,2015,A
2092,0.4769131038618003,0.21803649239930983,0.30505040373889075,2015,H
2093,0.38407589742077664,0.271506400057601,0.3444177025216215,2015,H
2094,0.333000985803288,0.26778302813378907,0.3992159860629229,2015,H
2095,0.19275818051339294,0.20242458209830963,0.6048172373882974,2015,D
2096,0.1415696529837898,0.1543426930375302,0.70408765397868,2015,H
2097,0.1735209587293282,0.252157148296863,0.5743218929738092,2015,H
2098,0.2625539917254455,0.2299022343204459,0.5075437739541084,2015,A
2099,0.38963392245421985,0.2430922397844852,0.36727383776129535,2015,D
2100,0.32124578735696024,0.2880748963993201,0.39067931624371943,2015,H
2101,0.3125905009716678,0.2543539413464503,0.4330555576818824,2015,A
2102,0.4551734718285589,0.23942132539256264,0.30540520277887867,2015,D
2103,0.2567822714025335,0.2804660742968444,0.46275165430062176,2015,A
2104,0.3176756942981441,0.26731142805463903,0.4150128776472171,2015,D
2105,0.29928982696082057,0.25077214801167885,0.4499380250275004,2015,H
2106,0.2568793622560114,0.30002004195480353,0.443100595789185,2015,H
2107,0.12390787776037314,0.14200791144366876,0.7340842107959575,2015,D
2108,0.24231339384457334,0.2784940416851253,0.47919256447030123,2015,D
2109,0.13280314362071524,0.17013669227922953,0.6970601641000552,2015,A
2110,0.3586012061509334,0.28226424818868134,0.3591345456603856,2015,D
2111,0.2731839973162729,0.3035733215866325,0.42324268109709395,2015,H
2112,0.27633891165409724,0.252246964299812,0.4714141240460909,2015,D
2113,0.1344878802524369,0.18239188884933843,0.6831202308982249,2015,H
2114,0.453625125539707,0.24539443211233603,0.30098044234795696,2015,H
2115,0.3048616113582491,0.25370428405454154,0.4414341045872093,2015,H
2116,0.11391600470531808,0.16761205875587679,0.7184719365388049,2015,H
2117,0.3042343526974135,0.25292846537614905,0.44283718192643784,2015,A
2118,0.272407699868422,0.22451158427897222,0.5030807158526059,2015,D
2119,0.2650130949805554,0.2851779919127723,0.4498089131066726,2015,H
2120,0.3196778638569965,0.2987358983231816,0.3815862378198215,2015,D
2121,0.4655519706588307,0.2348358193189792,0.2996122100221905,2015,D
2122,0.3017533455143837,0.28030034810761295,0.41794630637800345,2015,H
2123,0.28512103788239634,0.26940129025487425,0.4454776718627295,2015,D
2124,0.5323445268338368,0.23225759240091068,0.23539788076525267,2015,A
2125,0.2769349333437742,0.22043153891937997,0.502633527736846,2015,A
2126,0.5100229042492866,0.20124793029205512,0.2887291654586587,2015,A
2127,0.2946073544955628,0.2611096457187001,0.4442829997857379,2015,H
2128,0.2720788332010963,0.2296788244757227,0.4982423423231811,2015,A
2129,0.2826158205109266,0.2958273935551602,0.42155678593391294,2015,A
2130,0.25171747334988687,0.27922799434501294,0.4690545323050997,2015,D
2131,0.49001922843649653,0.26058398922436626,0.2493967823391372,2015,A
2132,0.244156106391208,0.23515883874315516,0.5206850548656369,2015,H
2133,0.5241692541546934,0.24774288212166223,0.22808786372364442,2015,A
2134,0.33982350239020875,0.24974085802117435,0.41043563958861706,2015,H
2135,0.32293288516352064,0.28365366812455456,0.39341344671192446,2015,A
2136,0.18698557708553298,0.238640281587076,0.574374141327392,2015,H
2137,0.24267276653200665,0.22710251300546852,0.5302247204625248,2015,D
2138,0.2778694374054351,0.2691842461143379,0.45294631648022693,2015,H
2139,0.3189603219721541,0.25676457443085554,0.42427510359699033,2015,D
2140,0.2675096861060553,0.2722567123406142,0.46023360155333104,2015,A
2141,0.10223145762352369,0.14905789923414509,0.7487106431423313,2015,H
2142,0.27976646252400955,0.2912354330547387,0.42899810442125175,2015,D
2143,0.3299820396068489,0.24184850170913733,0.42816945868401396,2015,H
2144,0.2660329478951099,0.2926447944761887,0.44132225762870114,2015,H
2145,0.2434823494301436,0.2771196670401427,0.47939798352971424,2015,H
2146,0.2246725059431468,0.2223359149072964,0.5529915791495565,2015,A
2147,0.18662445647763726,0.24573725667222912,0.5676382868501336,2015,D
2148,0.32606419983168755,0.26619110972662274,0.4077446904416903,2015,A
2149,0.30590718312885423,0.25907988671652293,0.43501293015462283,2015,D
2150,0.3937220506728105,0.27213912173377597,0.33413882759341357,2015,H
2151,0.4612461370805361,0.24221312291016467,0.29654074000929903,2015,D
2152,0.36952790188427087,0.2714203819662892,0.3590517161494395,2015,A
2153,0.22204085844584548,0.266443754282847,0.5115153872713079,2015,A
2154,0.29082277433884035,0.2557609375266628,0.45341628813449697,2015,H
2155,0.297484107478023,0.30392475964469606,0.3985911328772807,2015,A
2156,0.26351912771459585,0.274025637415872,0.46245523486953216,2015,A
2157,0.303071353429089,0.25375042366224376,0.4431782229086676,2015,H
2158,0.3757466619409658,0.26271607757731574,0.36153726048171864,2015,A
2159,0.2707445409991889,0.2730058376319429,0.45624962136886865,2015,A
2160,0.39428765460813425,0.23319172656305995,0.3725206188288055,2015,D
2161,0.13131047535752058,0.20772376563191233,0.6609657590105672,2015,H
2162,0.3416905506351219,0.2661051175310806,0.39220433183379766,2015,H
2163,0.15466276579272495,0.19582930102121895,0.6495079331860567,2015,H
2164,0.2524033933992326,0.2984252057968589,0.44917140080390816,2015,H
2165,0.2961028642853893,0.22062702615865526,0.48327010955595506,2015,A
2166,0.10672241548425472,0.12302724502216446,0.770250339493581,2015,H
2167,0.3375522660494416,0.2550610048313058,0.40738672911925305,2015,H
2168,0.5183000614727582,0.21759850235842004,0.2641014361688219,2015,A
2169,0.30421295241686935,0.292444011760846,0.40334303582228487,2015,H
2170,0.22325213839027747,0.17604722115923185,0.600700640450491,2015,D
2171,0.4468432608363368,0.24162788054421028,0.31152885861945295,2015,A
2172,0.27673229795059645,0.27153860036214705,0.45172910168725666,2015,D
2173,0.18991816334923992,0.236243149041322,0.5738386876094386,2015,H
2174,0.16334711716553557,0.20799188152214768,0.6286610013123172,2015,A
2175,0.3247229314944583,0.3326707575649274,0.3426063109406147,2015,H
2176,0.28605966204066796,0.2554275395325307,0.45851279842680115,2015,H
2177,0.2806675120465655,0.27901189023857786,0.44032059771485704,2015,H
2178,0.2686206830421751,0.1995542024378434,0.5318251145199817,2015,D
2179,0.22888238625762405,0.22464107906048966,0.5464765346818858,2015,A
2180,0.14614371449661723,0.2613564843089976,0.5924998011943857,2015,H
2181,0.3098933197686786,0.2743085968339261,0.4157980833973947,2015,A
2182,0.33789782362811105,0.2377042763347751,0.4243979000371144,2015,D
2183,0.33180516107723257,0.28286103728731776,0.3853338016354498,2015,H
2184,0.1813548456496714,0.20453939559203385,0.6141057587582945,2015,D
2185,0.4718159433528051,0.2542566877565115,0.2739273688906835,2015,A
2186,0.39303697664424064,0.2422380699165503,0.36472495343920897,2015,A
2187,0.49401220359105624,0.22544666700605112,0.28054112940289283,2015,H
2188,0.2384435211919194,0.27173150417626774,0.4898249746318134,2015,H
2189,0.47376785029749385,0.23148912589997075,0.29474302380253553,2015,D
2190,0.2603449735172335,0.27202297681392146,0.46763204966884553,2015,A
2191,0.5540685023980098,0.24930298042769955,0.19662851717429075,2015,A
2192,0.1154690327605524,0.17291915814935488,0.7116118090900927,2015,H
2193,0.259599810682834,0.204697517749239,0.5357026715679267,2015,D
2194,0.45810496440763926,0.2455182744485225,0.2963767611438381,2015,A
2195,0.2940983508900407,0.24079624822865167,0.4651054008813076,2015,A
2196,0.2775454634957413,0.2922889198795548,0.43016561662470404,2015,H
2197,0.39678219560805394,0.24734012340582098,0.35587768098612477,2015,A
2198,0.3622703478877947,0.2606978189251673,0.3770318331870383,2015,A
2199,0.1548850725802075,0.15872463273957532,0.6863902946802173,2015,H
2200,0.34984041365326,0.2401208430738261,0.41003874327291406,2015,H
2201,0.34509783055738597,0.26140210245587236,0.3935000669867417,2015,D
2202,0.15939155785935777,0.2418373030582705,0.5987711390823717,2015,A
2203,0.14390688094476972,0.221068452229868,0.6350246668253626,2015,H
2204,0.5435680912751064,0.23388935981988268,0.22254254890501135,2015,A
2205,0.34894974249796923,0.2666221733309552,0.38442808417107593,2015,A
2206,0.2903120061782394,0.26549769205852347,0.4441903017632367,2015,D
2207,0.29080137725097865,0.27524883165033875,0.4339497910986823,2015,H
2208,0.2399364905929961,0.2707715348509861,0.48929197455601825,2015,D
2209,0.26686403135303893,0.27981116579538173,0.45332480285157883,2015,D
2210,0.1786665209314737,0.1910981382854845,0.6302353407830419,2015,D
2211,0.28804273115334245,0.24576278656631903,0.46619448228033905,2015,H
2212,0.1813941123299928,0.2240777667270918,0.5945281209429161,2015,H
2213,0.2918798779911278,0.283249474636752,0.4248706473721196,2015,H
2214,0.3426447640121289,0.21767036580446078,0.4396848701834108,2015,D
2215,0.46344645665313317,0.22498548927641415,0.3115680540704525,2015,H
2216,0.3126746313030311,0.3034778008026869,0.38384756789428187,2015,A
2217,0.12777974794548178,0.20278251086322807,0.6694377411912904,2015,H
2218,0.15991582520200762,0.2280817123127826,0.6120024624852105,2015,H
2219,0.33633004883092943,0.2579592742504252,0.4057106769186454,2015,D
2220,0.4095735228890243,0.2509497674915017,0.3394767096194739,2015,A
2221,0.19061807556498933,0.21218299596854387,0.597198928466467,2015,H
2222,0.16023906581938452,0.16960084363272332,0.6701600905478924,2015,H
2223,0.2851905191557112,0.28473026146113695,0.43007921938315213,2015,D
2224,0.26284138873340573,0.2671846171763957,0.4699739940901991,2015,A
2225,0.42046420444127364,0.2550971855501652,0.32443861000856095,2015,H
2226,0.2946555647873386,0.2872667544217443,0.418077680790917,2015,A
2227,0.16967353858232748,0.273784979163799,0.556541482253874,2015,H
2228,0.3613859335434137,0.2328792574783974,0.4057348089781888,2015,A
2229,0.4298218699938369,0.24156316789114793,0.328614962115015,2015,D
2230,0.15143153910175491,0.19343751480446972,0.6551309460937754,2015,D
2231,0.3684264609322696,0.26713992509444934,0.3644336139732813,2015,A
2232,0.2370868543394626,0.20577603320270416,0.5571371124578337,2015,D
2233,0.501417388202591,0.26024590359044086,0.2383367082069682,2015,A
2234,0.5598013168198736,0.20378593068665904,0.23641275249346727,2015,D
2235,0.11827451847699223,0.20255815266329708,0.6791673288597104,2015,H
2236,0.15120300573137976,0.2145434062462249,0.6342535880223958,2015,H
2237,0.18720068210636934,0.1922058581769543,0.6205934597166763,2015,H
2238,0.1543751673719898,0.19731012047528732,0.6483147121527231,2015,H
2239,0.46006398098305445,0.2547249734204879,0.28521104559645755,2015,A
2240,0.33554444074318435,0.26439394756463924,0.40006161169217674,2015,A
2241,0.12879593246934568,0.14445267490721767,0.7267513926234365,2015,D
2242,0.15458797145054246,0.2162977100318202,0.6291143185176375,2015,H
2243,0.5539352566306842,0.23013383551591599,0.2159309078534,2015,D
2244,0.14334116408309583,0.17424096433595035,0.6824178715809542,2015,H
2245,0.13568574165476746,0.146497737107327,0.717816521237906,2015,D
2246,0.31199632210793776,0.27684143409951223,0.41116224379255023,2015,D
2247,0.11552833254790798,0.14453157328626534,0.7399400941658264,2015,H
2248,0.2881440552643351,0.306793911171354,0.40506203356431053,2015,H
2249,0.5060619883742491,0.21901523262979045,0.2749227789959607,2015,A
2250,0.2883353830045055,0.2999610897397223,0.4117035272557728,2015,H
2251,0.3035798759732074,0.29226004655133975,0.4041600774754528,2015,H
2252,0.2614206374241238,0.2786442341583577,0.4599351284175189,2015,D
2253,0.35386550165477165,0.23757538214407142,0.4085591162011569,2015,H
2254,0.5684526133980278,0.22515231771941477,0.2063950688825577,2015,H
2255,0.4095789247545323,0.2584827057293173,0.3319383695161505,2015,D
2256,0.14634907655919493,0.14706304704630613,0.7065878763944994,2015,H
2257,0.46871656887688934,0.2406381468364859,0.29064528428662467,2015,A
2258,0.3296202373325072,0.2732197097338389,0.39716005293365364,2015,D
2259,0.11491284156692677,0.14734713731562965,0.7377400211174439,2015,A
2260,0.25659110184783956,0.2800220894019967,0.46338680875016375,2015,D
2261,0.2378358261891937,0.2920024741245636,0.4701616996862431,2015,H
2262,0.3647956214454842,0.26014672108833337,0.3750576574661823,2015,H
2263,0.13338760820013718,0.19532318411615432,0.6712892076837085,2015,H
2264,0.3087710254046029,0.22844610214473815,0.46278287245065924,2015,D
2265,0.21809527358941375,0.19170809758489454,0.5901966288256919,2015,A
2266,0.22504321236728117,0.241145932368655,0.5338108552640641,2015,H
2267,0.2031352996707035,0.19538063453136037,0.6014840657979359,2015,D
2268,0.2798600962952869,0.28445806694826264,0.4356818367564505,2015,H
2269,0.2766935203756711,0.29041964646116175,0.43288683316316695,2015,H
2270,0.30409688005075475,0.2896913167082072,0.4062118032410378,2015,D
2271,0.12245968956651807,0.16247628217422722,0.7150640282592547,2015,H
2272,0.48195513876310697,0.23953728945031894,0.2785075717865744,2015,D
2273,0.4951297414465711,0.24370196622650428,0.2611682923269248,2015,H
2274,0.3374869473356641,0.2696481243833414,0.39286492828099406,2015,H
2275,0.379818513261989,0.2684442949359343,0.3517371918020772,2015,H
2276,0.5247552452482466,0.2361145574730537,0.2391301972786999,2015,D
2277,0.09826650876534085,0.128976858041281,0.7727566331933793,2015,H
2278,0.47147738708049786,0.23409024240126208,0.29443237051824017,2015,D
2279,0.12628897405458933,0.15950911173303678,0.7142019142123737,2015,H
2280,0.3537231565784335,0.25395332517233776,0.39232351824922845,2016,A
2281,0.32691703776038294,0.2692133758663924,0.4038695863732243,2016,A
2282,0.497393489707355,0.21920334984021206,0.28340316045243286,2016,D
2283,0.39909208412848435,0.274993188571132,0.32591472730038384,2016,H
2284,0.310743440351149,0.26656854291911,0.4226880167297412,2016,H
2286,0.21632923651682487,0.24605583454828378,0.5376149289348912,2016,D
2287,0.2892486566276784,0.2332694288231968,0.4774819145491246,2016,A
2288,0.4698354765392765,0.2702948762575768,0.2598696472031465,2016,A
2289,0.47439246376634947,0.23245023832953784,0.29315729790411266,2016,H
2290,0.26917601485056064,0.2326896733095266,0.49813431183991225,2016,H
2291,0.3676334853130724,0.26714218430801684,0.365224330378911,2016,A
2292,0.19047041841722975,0.23815492346360023,0.5713746581191699,2016,H
2293,0.5142510420656122,0.24352144196901257,0.24222751596537528,2016,A
2294,0.2521524038541486,0.2378242258847089,0.5100233702611431,2016,A
2295,0.5209513024056117,0.23863388943196792,0.2404148081624209,2016,H
2296,0.30690249332144925,0.2514954565837762,0.44160205009477443,2016,D
2297,0.21010662265787297,0.2574721926715243,0.5324211846706026,2016,A
2299,0.21021887630080374,0.26652466213038445,0.5232564615688118,2016,H
2300,0.402484434218379,0.275453651449815,0.32206191433180587,2016,A
2301,0.2812537703767021,0.25032541511632933,0.46842081450696854,2016,D
2302,0.2394502454822293,0.258997565904321,0.5015521886134495,2016,D
2303,0.2990261287822499,0.24478039306010183,0.4561934781576482,2016,H
2304,0.2891111993388174,0.2668597081939855,0.44402909246719735,2016,A
2305,0.17448429912234986,0.2843661213890828,0.5411495794885677,2016,H
2306,0.2980304888599402,0.25514431662711007,0.44682519451295,2016,D
2307,0.16676917023250767,0.216940425016511,0.6162904047509814,2016,H
2308,0.24143878079339648,0.2386715681416428,0.5198896510649603,2016,H
2310,0.42746932851078034,0.2474672572953075,0.3250634141939121,2016,A
2312,0.311473021087341,0.27133105983391437,0.41719591907874487,2016,A
2313,0.26132910261325026,0.2687453210431874,0.4699255763435626,2016,A
2314,0.39806276536635493,0.2652899440221999,0.33664729061144555,2016,D
2315,0.3687256419602498,0.264576093735872,0.3666982643038781,2016,H
2316,0.3280984380614729,0.2752231584142425,0.39667840352428463,2016,H
2317,0.26194339549769596,0.26314552769629246,0.47491107680601163,2016,H
2318,0.4779794573073509,0.2830825628889311,0.23893797980371811,2016,D
2319,0.41547462882771447,0.2742871095944642,0.31023826157782153,2016,A
2320,0.1960723157003029,0.20115092064860435,0.6027767636510926,2016,A
2322,0.4531817692551066,0.279279627594118,0.2675386031507759,2016,A
2323,0.22404431069739836,0.26943799636592164,0.50651769293668,2016,H
2324,0.08850744950176484,0.14148460141305141,0.7700079490851841,2016,H
2325,0.2766911787745474,0.28065308356538393,0.4426557376600689,2016,H
2326,0.1201183684979648,0.16727723184123547,0.7126043996607998,2016,H
2327,0.48340416967372823,0.29653328059224576,0.22006254973402647,2016,H
2328,0.18945511147966002,0.24896471851211893,0.5615801700082216,2016,H
2329,0.1936900997837202,0.2604952696043164,0.5458146306119631,2016,H
2330,0.29448958134729497,0.27971239329531294,0.42579802535739186,2016,H
2331,0.5622231799316445,0.2560839897419159,0.18169283032644018,2016,H
2332,0.13042632532764714,0.200757132297987,0.6688165423743656,2016,H
2333,0.15669017858969092,0.19258329088281742,0.6507265305274917,2016,H
2334,0.5130997593682296,0.2614601952180249,0.22544004541374624,2016,A
2335,0.32366302590291857,0.29321041245421176,0.3831265616428695,2016,D
2336,0.3382514439298952,0.2783032470489682,0.3834453090211365,2016,A
2337,0.5846844471823693,0.2503997937628122,0.16491575905481895,2016,A
2338,0.4133763026039397,0.26075669788910794,0.32586699950695264,2016,A
2339,0.37598866026432537,0.25532793180959407,0.3686834079260807,2016,H
2340,0.25226516093105195,0.23650980576225725,0.5112250333066916,2016,D
2341,0.5854412230630313,0.18418127498305661,0.2303775019539122,2016,A
2342,0.3070646630510881,0.3016655253082986,0.3912698116406129,2016,D
2343,0.5832947220741547,0.24478142628348415,0.1719238516423617,2016,A
2344,0.30087263696369226,0.29933396322726724,0.3997933998090406,2016,D
2345,0.21690423588997973,0.2799365278082574,0.5031592363017625,2016,D
2346,0.5577103056741219,0.26788204134521104,0.1744076529806673,2016,A
2347,0.38702162994158734,0.2785921971102956,0.3343861729481174,2016,D
2348,0.12611823502624683,0.189898874260487,0.6839828907132666,2016,D
2349,0.26587687027140267,0.2754589931033425,0.45866413662525524,2016,H
2350,0.14704414734746935,0.19837685288029394,0.6545789997722367,2016,H
2351,0.4850091718019898,0.28231659886199695,0.23267422933601384,2016,D
2352,0.2785856906541928,0.29145306440257135,0.4299612449432358,2016,H
2353,0.26383323972026185,0.25449174485767073,0.48167501542206703,2016,H
2354,0.1345438726435012,0.19734571555437605,0.6681104118021234,2016,H
2355,0.25887892264177703,0.24935890175938438,0.4917621755988387,2016,A
2356,0.19991724317622825,0.20468038879122996,0.5954023680325424,2016,D
2357,0.35931263788096035,0.2680964833631889,0.3725908787558512,2016,A
2358,0.18140963220359974,0.2431514391562835,0.5754389286401168,2016,H
2359,0.2076686094244844,0.2449203547556408,0.5474110358198746,2016,D
2360,0.321625690975985,0.2963870878895954,0.38198722113441974,2016,D
2361,0.11722092428370454,0.16679834336446198,0.7159807323518337,2016,H
2362,0.19427516824982857,0.2760689142448501,0.5296559175053216,2016,H
2363,0.3732520523188938,0.2875747602277635,0.33917318745334285,2016,H
2364,0.3299405087500646,0.291564015232188,0.37849547601774736,2016,A
2365,0.5196811341658898,0.2704579426636919,0.2098609231704189,2016,D
2366,0.10008719184476694,0.12942064199929615,0.7704921661559376,2016,D
2367,0.46444900638951764,0.24709549947995696,0.2884554941305255,2016,H
2368,0.16820658591573712,0.2223663412936182,0.6094270727906439,2016,H
2369,0.21105352088672316,0.20482781302894654,0.5841186660843306,2016,D
2370,0.5931051579197338,0.24237820910870156,0.16451663297156474,2016,A
2371,0.11886946453517418,0.1627377203218121,0.7183928151430146,2016,D
2372,0.43543962461582764,0.24834728020838448,0.3162130951757883,2016,A
2373,0.5820454045262902,0.24228662359215417,0.1756679718815559,2016,A
2374,0.12278699474309987,0.1742596506892871,0.7029533545676132,2016,D
2375,0.3360039149110243,0.27790429233163694,0.38609179275733885,2016,H
2376,0.21709136039768068,0.25438878654753116,0.5285198530547881,2016,H
2377,0.22273741250962992,0.22865598636655954,0.5486066011238103,2016,H
2378,0.28608329758005147,0.2550160305690424,0.45890067185090616,2016,A
2379,0.2537028822941047,0.2817138191496395,0.46458329855625613,2016,H
2380,0.21386834609524194,0.25642588610458356,0.529705767800174,2016,A
2381,0.33728500415481427,0.25606591625685426,0.40664907958833124,2016,H
2382,0.1694087131450219,0.18055495844729857,0.6500363284076798,2016,H
2383,0.09093173969849229,0.11604441949786624,0.7930238408036417,2016,D
2384,0.3139128889990808,0.279915035534061,0.40617207546685774,2016,D
2385,0.47717992917740726,0.23370464446806138,0.28911542635453163,2016,A
2386,0.5298438866860511,0.21665671499325664,0.25349939832069257,2016,H
2387,0.31565438414774444,0.2776916513821107,0.40665396447014474,2016,A
2388,0.12358060612232884,0.16273096261556227,0.7136884312621093,2016,H
2389,0.2105057672347089,0.2623715289799481,0.5271227037853433,2016,D
2390,0.5620068594744703,0.22629510410706735,0.2116980364184626,2016,A
2391,0.21718044686478752,0.28177644259771595,0.5010431105374971,2016,D
2392,0.27045171409158647,0.3063413156770034,0.42320697023140996,2016,D
2393,0.37126159578461293,0.2708965588950262,0.357841845320361,2016,D
2394,0.32919616971054283,0.267781689184677,0.40302214110478096,2016,A
2395,0.30192803808854823,0.2858429687470897,0.4122289931643619,2016,H
2396,0.1509298861877216,0.16877943180016888,0.6802906820121102,2016,H
2397,0.24635966697518977,0.28701573022073557,0.4666246028040741,2016,H
2398,0.5050151345657834,0.295450307299946,0.1995345581342708,2016,A
2399,0.2707623849401592,0.295980880779784,0.4332567342800566,2016,H
2400,0.32805921553517026,0.2869565722701079,0.38498421219472173,2016,D
2401,0.12552695653754545,0.17750089289642065,0.6969721505660345,2016,H
2402,0.28233626673960255,0.2903569737784015,0.4273067594819957,2016,H
2403,0.3109985104370657,0.28539152802194573,0.40360996154098844,2016,D
2404,0.22898800476585798,0.1924932025204761,0.5785187927136665,2016,H
2405,0.5183947525025371,0.2840773545054513,0.197527892992012,2016,A
2406,0.1987652572665517,0.20117648264072352,0.6000582600927244,2016,H
2407,0.16050476715523337,0.1901482172132385,0.6493470156315285,2016,D
2408,0.2603563382307815,0.28963754686132487,0.45000611490789416,2016,H
2409,0.34475713354968157,0.27535633780685365,0.3798865286434654,2016,A
2410,0.34243053947769525,0.25946684150531135,0.3981026190169937,2016,H
2411,0.22344678222858427,0.2936349869526249,0.4829182308187909,2016,A
2412,0.12854135965216051,0.18519094678588138,0.6862676935619583,2016,H
2413,0.32401507935241014,0.29337057781199843,0.38261434283559126,2016,H
2414,0.209356688177508,0.2716189237050962,0.5190243881173958,2016,H
2415,0.38005441431507736,0.26948224262065773,0.3504633430642646,2016,H
2416,0.5075574348151839,0.25199825972747525,0.24044430545734108,2016,A
2417,0.45991870654811495,0.3173228846550513,0.22275840879683398,2016,H
2418,0.4608656858407686,0.23930228540772144,0.29983202875150966,2016,D
2419,0.296581921312724,0.2778353107197676,0.42558276796750827,2016,H
2420,0.2899856340275307,0.3005395777002827,0.40947478827218653,2016,H
2421,0.5188813497565034,0.264868180020255,0.21625047022324206,2016,H
2422,0.2819455396686406,0.2707897469559946,0.4472647133753649,2016,H
2423,0.38200339485182994,0.2596512577630492,0.35834534738512064,2016,H
2424,0.279851095666258,0.29164737034419586,0.4285015339895466,2016,D
2425,0.1896691117118731,0.1887614646597886,0.6215694236283388,2016,H
2426,0.20101835580760669,0.195228960741991,0.6037526834504023,2016,H
2427,0.10961622029181119,0.20948068292190403,0.6809030967862851,2016,D
2428,0.2864501517790372,0.26772462433483957,0.44582522388612306,2016,H
2429,0.23411375012690527,0.2851030369759499,0.4807832128971449,2016,H
2430,0.22256017411739124,0.29490034010289023,0.4825394857797184,2016,H
2431,0.4910247384433385,0.2877115951676896,0.22126366638897224,2016,H
2432,0.2565725686323356,0.264140547550912,0.4792868838167522,2016,H
2433,0.10964954403182463,0.15645283033640475,0.7338976256317706,2016,H
2434,0.1398676451000335,0.20201206051954576,0.6581202943804211,2016,H
2435,0.3444680865540999,0.26481338436039237,0.3907185290855078,2016,D
2436,0.4865246410765139,0.23767297173474813,0.27580238718873823,2016,A
2437,0.4554359983984398,0.30788230613670187,0.23668169546485854,2016,A
2438,0.3015455511320567,0.289781849403578,0.4086725994643654,2016,H
2439,0.4958157681569643,0.2769173580451642,0.22726687379787214,2016,A
2440,0.4851365599038207,0.27723522987539356,0.23762821022078615,2016,A
2441,0.2735954714725469,0.26725221799973525,0.4591523105277178,2016,H
2442,0.2839614364577606,0.25840828615367295,0.45763027738856643,2016,D
2443,0.32393282205264917,0.2749031084147925,0.4011640695325587,2016,H
2444,0.343205872491954,0.2771046590030467,0.3796894685049995,2016,A
2445,0.27172556041561585,0.30367221037776004,0.4246022292066238,2016,H
2446,0.10106622657994588,0.15535159081632155,0.7435821826037331,2016,H
2447,0.2533148034306754,0.30088729303351475,0.4457979035358099,2016,H
2448,0.3757572092262151,0.2745470468546798,0.3496957439191054,2016,A
2449,0.4410545759537156,0.2997244633019908,0.25922096074429407,2016,A
2450,0.15033603512869764,0.21421014407026895,0.6354538208010336,2016,H
2451,0.3115864841847499,0.28648738523468603,0.40192613058056376,2016,H
2452,0.16575340775663605,0.21387752293824275,0.6203690693051211,2016,H
2453,0.5572725068269972,0.2416436816958335,0.20108381147716958,2016,A
2454,0.2880155150226121,0.2821144087878958,0.4298700761894921,2016,A
2455,0.12432871100697238,0.16733899348552833,0.7083322955075001,2016,H
2456,0.28926759721369144,0.30450161478769344,0.4062307879986152,2016,A
2457,0.2521475111560537,0.2812038949332385,0.4666485939107078,2016,D
2458,0.16703869567887358,0.1814100718177954,0.6515512325033308,2016,H
2459,0.3023467079654915,0.30288464896672307,0.394768643067785,2016,A
2460,0.3953756704927302,0.2645153730103124,0.3401089564969571,2016,D
2461,0.27317763404355916,0.29733225085543136,0.4294901151010093,2016,H
2462,0.1675374777674792,0.20375382700243286,0.6287086952300879,2016,H
2463,0.3194717977970851,0.2893293133427109,0.39119888886020426,2016,H
2464,0.29745262676031914,0.2724649303022823,0.43008244293739845,2016,H
2465,0.11859921795893788,0.1495532736757735,0.7318475083652887,2016,H
2466,0.20496573004529825,0.2833547701309305,0.5116794998237714,2016,A
2467,0.26500387219765076,0.30321457196120183,0.43178155584114725,2016,A
2468,0.4573849169111143,0.3127510899759278,0.22986399311295844,2016,A
2469,0.10974836543964349,0.17202492699589306,0.7182267075644636,2016,H
2470,0.26097685430792905,0.244614314239459,0.49440883145261244,2016,H
2471,0.1499604007664778,0.1983228631057566,0.651716736127766,2016,H
2472,0.29520999306242685,0.2959078696891565,0.4088821372484167,2016,D
2473,0.5381780510831229,0.2708672712082459,0.19095467770863134,2016,D
2474,0.2685433979452516,0.27936697217668366,0.4520896298780647,2016,H
2475,0.4253041758713714,0.2560032288685978,0.31869259526003135,2016,A
2476,0.49248765930850913,0.2695973257281835,0.2379150149633076,2016,D
2477,0.3473681650681196,0.27537551725237014,0.3772563176795103,2016,A
2478,0.3242538078572136,0.27991839107161537,0.3958278010711711,2016,H
2479,0.24405429658449013,0.29638445106300293,0.459561252352507,2016,H
2480,0.17155747577273914,0.17083570951992502,0.6576068147073358,2016,H
2481,0.16941357714648134,0.25832667371673496,0.5722597491367832,2016,H
2482,0.378369679224824,0.3002312403293389,0.3213990804458374,2016,A
2483,0.3034135729640884,0.2847776797387483,0.411808747297163,2016,D
2484,0.48725138519965405,0.28622273271958376,0.2265258820807624,2016,A
2485,0.28569895722624195,0.3015487330553869,0.412752309718371,2016,A
2486,0.30910347854896786,0.2847851527393214,0.4061113687117106,2016,H
2487,0.2667254165050748,0.2905528580236263,0.4427217254712994,2016,H
2488,0.4243610554380912,0.27384950073126585,0.30178944383064366,2016,H
2489,0.23980098635263222,0.24753591447527237,0.5126630991720954,2016,D
2490,0.30546362604482075,0.2834605562772073,0.411075817677972,2016,D
2491,0.3633730866218498,0.2929043451718502,0.34372256820630015,2016,A
2492,0.12499993702154849,0.18683844208507744,0.6881616208933741,2016,A
2493,0.3543727379439906,0.33072791742015184,0.3148993446358578,2016,D
2494,0.4057512761005929,0.2685060161977038,0.32574270770170377,2016,A
2495,0.5171661484602386,0.2649369990083482,0.21789685253141364,2016,D
2496,0.30865522436165554,0.26242049850544447,0.4289242771329001,2016,H
2497,0.12115795579840949,0.15799200125437626,0.720850042947214,2016,H
2498,0.1268493445154523,0.1745922610177788,0.6985583944667688,2016,H
2499,0.27215100962572086,0.30810850366371406,0.4197404867105651,2016,H
2500,0.3174153915174342,0.26748647128569014,0.41509813719687616,2016,D
2501,0.5858897895791361,0.257210500086086,0.1568997103347782,2016,D
2502,0.3651322887215008,0.2697157607836436,0.3651519504948555,2016,H
2503,0.08002583675777424,0.11959655642060463,0.8003776068216216,2016,A
2504,0.2441134696476629,0.26933066871593964,0.48655586163639747,2016,A
2505,0.25977153921715673,0.28660220185914637,0.4536262589236973,2016,H
2506,0.24970252088587608,0.30533434582888014,0.4449631332852439,2016,D
2507,0.10190111691627048,0.1510738663929872,0.7470250166907426,2016,D
2508,0.45124850083771795,0.27120696699278884,0.2775445321694935,2016,D
2509,0.3276490915134896,0.2697826050215435,0.40256830346496686,2016,A
2510,0.2982921709744012,0.3200205503053916,0.38168727872020775,2016,H
2511,0.28015926973154365,0.28409483565555804,0.4357458946128986,2016,A
2512,0.1374165979268992,0.21321655345549967,0.6493668486176014,2016,H
2513,0.453988613973343,0.24871727391681087,0.29729411210984613,2016,H
2514,0.2780043079071546,0.2799653294548621,0.4420303626379837,2016,A
2515,0.10679652424699135,0.16696130336918927,0.7262421723838195,2016,H
2516,0.3571394879135847,0.27978093687480876,0.363079575211607,2016,H
2517,0.25282523033520854,0.26585529534191393,0.4813194743228781,2016,H
2518,0.17595792238629637,0.2287293465678345,0.595312731045869,2016,H
2519,0.5321351756186928,0.25522804296355994,0.21263678141774736,2016,A
2520,0.10361887631178922,0.14967853971154552,0.7467025839766656,2016,H
2521,0.42220211247821754,0.25123516657715533,0.32656272094462674,2016,A
2522,0.3423486633412107,0.2597564277162727,0.39789490894251633,2016,H
2523,0.5089794556423803,0.24169042840954,0.24933011594807994,2016,D
2524,0.1269475726422421,0.16841962622695142,0.7046328011308064,2016,H
2525,0.26419271309915976,0.2963276810999202,0.4394796058009204,2016,H
2526,0.2878439098087069,0.2758455490656429,0.43631054112565004,2016,D
2527,0.2818823648391035,0.27962364329206074,0.438493991868836,2016,H
2528,0.397088811133357,0.29239027824441793,0.31052091062222487,2016,D
2529,0.54308910006176,0.2392743897343231,0.2176365102039168,2016,A
2530,0.2711842078612004,0.266631350662265,0.4621844414765346,2016,H
2531,0.3441941772927567,0.29755559642558543,0.3582502262816579,2016,D
2532,0.14657642473503252,0.1919617980242057,0.6614617772407619,2016,H
2533,0.1541763513460617,0.2001130044900842,0.6457106441638538,2016,H
2534,0.27836166288806874,0.2766939763143691,0.4449443607975618,2016,H
2535,0.33222449610160254,0.2723816132753174,0.39539389062308006,2016,D
2536,0.14224636018909284,0.17781604878880788,0.679937591022099,2016,H
2537,0.5582562895965508,0.23359409680357654,0.20814961359987286,2016,H
2538,0.27307257849160477,0.3008989332950979,0.42602848821329686,2016,H
2539,0.26694678270091954,0.2918863601049708,0.4411668571941096,2016,H
2540,0.12407547988395873,0.19553025384014341,0.6803942662758984,2016,D
2541,0.29626866825194453,0.28636104586232847,0.4173702858857271,2016,H
2542,0.32642903645089755,0.27381681443504413,0.39975414911405843,2016,H
2543,0.44517330690610946,0.23693807394291322,0.3178886191509773,2016,A
2544,0.2716260148620032,0.24004952837468216,0.4883244567633146,2016,A
2545,0.271421535400531,0.25323260233329115,0.47534586226617803,2016,H
2546,0.5408354575547092,0.27963134011364976,0.17953320233164113,2016,A
2547,0.39111025662080984,0.3071889346780789,0.3017008087011113,2016,A
2548,0.15016653998165597,0.1885660536450229,0.6612674063733214,2016,D
2549,0.3331611408316127,0.2727504652258759,0.3940883939425114,2016,H
2550,0.19077871955911094,0.20141234603788138,0.6078089344030072,2016,H
2551,0.33770067165960915,0.28339896712039786,0.37890036121999304,2016,H
2552,0.13432334561527026,0.19110156840402687,0.6745750859807026,2016,H
2553,0.28872289542947105,0.2808408561249611,0.43043624844556766,2016,A
2554,0.3840513859057254,0.26724533636170406,0.34870327773257004,2016,H
2555,0.29808751879359807,0.2865720915791264,0.4153403896272752,2016,D
2556,0.40135970239629487,0.30722442518086646,0.2914158724228384,2016,A
2557,0.13810359762147095,0.18050916641608925,0.6813872359624393,2016,H
2558,0.2288143660560818,0.2792830496176897,0.49190258432622835,2016,H
2559,0.3247278787312974,0.27999020136901587,0.3952819198996864,2016,H
2560,0.33297908168977874,0.2818905595532939,0.38513035875692725,2016,D
2561,0.5137698650114279,0.2640036207676877,0.22222651422088432,2016,A
2562,0.222022568529634,0.2196615844033301,0.5583158470670364,2016,H
2563,0.26671165542283654,0.26069816007686647,0.47259018450029744,2016,H
2564,0.2727980103627387,0.2867842389091474,0.44041775072811384,2016,H
2565,0.2225763407010449,0.284117391614492,0.49330626768446323,2016,D
2566,0.1487552519595631,0.19027530075540788,0.6609694472850296,2016,D
2567,0.1463584812662825,0.16845207526511718,0.6851894434686008,2016,A
2568,0.5368929484823027,0.27666610964946403,0.1864409418682337,2016,A
2569,0.26049409203649265,0.28581639321625024,0.4536895147472572,2016,H
2570,0.3791539788242721,0.26453238930335116,0.3563136318723767,2016,H
2571,0.3525487800736146,0.2749756659283546,0.37247555399803106,2016,D
2572,0.25692369218760175,0.25128079553944116,0.4917955122729572,2016,D
2573,0.28234300992343825,0.2885448622140669,0.4291121278624947,2016,H
2574,0.2178354986626331,0.2604080257567828,0.521756475580584,2016,H
2575,0.2005147660841893,0.23490421588000768,0.564581018035803,2016,D
2576,0.29194611461543546,0.2919515157639979,0.416102369620567,2016,H
2577,0.128868904889263,0.1884297640573994,0.6827013310533374,2016,D
2578,0.23107657142175886,0.29696641042045174,0.4719570181577896,2016,H
2579,0.5092856089958473,0.2733853828033882,0.21732900820076517,2016,A
2580,0.23477304873209473,0.28746246653097224,0.47776448473693306,2016,H
2581,0.1843274534545007,0.25771265079644834,0.5579598957490515,2016,H
2582,0.2787549461720825,0.27959102747780934,0.4416540263501082,2016,H
2583,0.5407245561004634,0.27410421388106593,0.18517123001847127,2016,A
2584,0.13179745381588692,0.17918854300745526,0.6890140031766573,2016,H
2585,0.2894815357106838,0.2953441565957251,0.4151743076935912,2016,D
2586,0.5080387687371681,0.27125082701861464,0.22071040424421742,2016,A
2587,0.12612689504528862,0.14821207787736976,0.7256610270773419,2016,H
2588,0.3477866926478432,0.27558833267679617,0.37662497467536105,2016,A
2589,0.3447868262013336,0.27143488835962,0.38377828543904646,2016,H
2590,0.30474811060364365,0.24805231624961852,0.44719957314673797,2016,H
2591,0.5871783346280549,0.20495432341518438,0.20786734195676096,2016,A
2592,0.39789764151124457,0.27027445772130637,0.331827900767449,2016,H
2593,0.4099411033967907,0.25150927876406054,0.3385496178391489,2016,D
2594,0.12359958296405232,0.15326209990197895,0.7231383171339684,2016,H
2595,0.37162110141097027,0.2544988500664353,0.37388004852259427,2016,D
2596,0.3047535721606649,0.2983008928609706,0.3969455349783648,2016,H
2597,0.3616026208879004,0.2577536563565195,0.3806437227555798,2016,A
2598,0.15168101608484374,0.18170496284215015,0.6666140210730066,2016,H
2599,0.29088290584532106,0.27566055925141447,0.4334565349032642,2016,H
2600,0.26605631121174195,0.29819372414694945,0.43574996464130855,2016,H
2601,0.5021021071696611,0.2630690536394708,0.23482883919086855,2016,A
2602,0.3118033230904312,0.2767043986427656,0.4114922782668032,2016,A
2603,0.30323682380553524,0.2865914342507633,0.41017174194370143,2016,H
2604,0.3796461476838682,0.2766079571771545,0.34374589513897774,2016,H
2605,0.3132333076426351,0.27913959663189625,0.40762709572546885,2016,H
2606,0.46279272808251504,0.2660541706724088,0.27115310124507624,2016,D
2607,0.5105640301513705,0.2666042093002744,0.22283176054835527,2016,A
2608,0.21730676209334923,0.2190770483230083,0.5636161895836422,2016,A
2609,0.13470998448458352,0.1595157046908888,0.7057743108245279,2016,H
2610,0.28200394875361284,0.23799824801301106,0.4799978032333765,2016,H
2611,0.49623723459570857,0.2639833030590883,0.23977946234520375,2016,A
2612,0.28411100487305496,0.29228397205898304,0.42360502306796183,2016,H
2613,0.20467933923571252,0.2781046730369342,0.5172159877273537,2016,D
2614,0.25791279836621434,0.28007793755545124,0.46200926407833476,2016,D
2615,0.34028237599668854,0.26328016438028806,0.39643745962302324,2016,D
2616,0.2866031415541322,0.27823046463226875,0.4351663938135993,2016,A
2617,0.26369902003697454,0.256149731976017,0.48015124798700826,2016,A
2618,0.2541213858205367,0.3050210632822337,0.4408575508972295,2016,A
2619,0.38961276910210835,0.2890143070357857,0.32137292386210653,2016,A
2620,0.14353454484262088,0.21014921785100596,0.6463162373063729,2016,D
2621,0.5295233840175456,0.2781136859318357,0.19236293005061889,2016,D
2622,0.235359376386085,0.22227397184041112,0.5423666517735038,2016,H
2623,0.45023205512336356,0.2801724614148062,0.2695954834618307,2016,A
2624,0.5078438132404939,0.27666079093904195,0.21549539582046442,2016,H
2625,0.14452260121217447,0.17489968602380693,0.6805777127640187,2016,H
2626,0.2817087097547775,0.2474553200607539,0.4708359701844689,2016,H
2627,0.3614997914231519,0.28024953129109575,0.3582506772857525,2016,H
2628,0.3069911259636929,0.2670420756658064,0.4259667983705009,2016,A
2629,0.30053013664338213,0.290314714694003,0.409155148662615,2016,D
2630,0.3309894643334104,0.26547286721305424,0.40353766845353567,2016,D
2631,0.30176655493211135,0.27735052368028507,0.42088292138760364,2016,H
2632,0.13538293262920845,0.18148779999696188,0.6831292673738296,2016,D
2633,0.11695940298319003,0.16858286190551092,0.7144577351112992,2016,H
2634,0.36429609124690926,0.27117216889309703,0.36453173985999393,2016,A
2635,0.18563932875089517,0.25665850229434356,0.5577021689547614,2016,H
2636,0.4414395935736442,0.25696738120555296,0.301593025220803,2016,A
2637,0.36360318313588463,0.28930382742933064,0.3470929894347849,2016,A
2638,0.14950398377532356,0.20282221379025409,0.6476738024344225,2016,H
2639,0.3036866652018068,0.2945438643538548,0.4017694704443383,2016,A
2640,0.2530399988832141,0.2619883922422645,0.48497160887452123,2016,H
2641,0.29304778967318423,0.2853006398161441,0.42165157051067126,2016,A
2642,0.27179999451964587,0.27763261778111353,0.4505673876992409,2016,H
2643,0.14558796585381503,0.20546521695600656,0.6489468171901788,2016,H
2644,0.37374855215051583,0.26626442974329867,0.3599870181061851,2016,A
2645,0.11500244868363133,0.16619528502645362,0.718802266289915,2016,H
2646,0.2012495288246111,0.22779233886544428,0.5709581323099446,2016,H
2647,0.11874475303445882,0.15838897098302865,0.722866275982513,2016,H
2648,0.3274144554196272,0.27895958670657495,0.3936259578737981,2016,D
2649,0.48210094084501426,0.28029888458990826,0.2376001745650781,2016,A
2650,0.549405282368254,0.27928025099868686,0.1713144666330597,2016,A
2651,0.20843145000830368,0.2293982530435282,0.5621702969481681,2016,H
2652,0.23646503972972266,0.26704695741308787,0.4964880028571896,2016,H
2653,0.1146528131873093,0.15918046873038605,0.7261667180823056,2016,H
2654,0.27687631366000415,0.275244013735201,0.4478796726047948,2016,A
2655,0.2850506784600869,0.2989376108736412,0.4160117106662715,2016,A
2656,0.39867792819260517,0.2651369382165189,0.3361851335908764,2016,D
2657,0.1560893747074677,0.16496401923824133,0.6789466060542911,2016,H
2658,0.5301666538347704,0.25552404212571095,0.21430930403951912,2016,A
2659,0.10623597999403624,0.14257816759154532,0.7511858524144184,2016,H
2660,0.2194225923367173,0.2300627748119291,0.5505146328513542,2017,H
2661,0.3683941620688712,0.24735416278851038,0.3842516751426185,2017,H
2662,0.33562517055584107,0.28713275259519605,0.3772420768489627,2017,D
2664,0.41523079615368713,0.2839555797639843,0.3008136240823288,2017,H
2665,0.18357254102561066,0.24683342837633376,0.5695940305980561,2017,A
2667,0.5792841359486267,0.2222622769488644,0.19845358710250877,2017,D
2668,0.28850071956404305,0.24570335943333552,0.46579592100262157,2017,H
2669,0.41593464899241017,0.2865756999349461,0.29748965107264413,2017,A
2670,0.17312188240590431,0.26833867330624234,0.5585394442878534,2017,H
2671,0.20172504624001805,0.25508849142092266,0.5431864623390598,2017,H
2672,0.5120236187544536,0.25192908732603364,0.23604729391951237,2017,H
2673,0.23711311738958737,0.257470514483488,0.5054163681269253,2017,A
2674,0.20232671841849095,0.28420509533811505,0.513468186243394,2017,A
2676,0.40825487012462847,0.27605551972532005,0.3156896101500513,2017,A
2677,0.25289654087053537,0.2693132970792769,0.47779016205018765,2017,A
2679,0.11301406919892225,0.1795021825869046,0.7074837482141735,2017,D
2680,0.6023238022189616,0.23363735235049024,0.1640388454305484,2017,A
2681,0.2793938763594576,0.29697122035892815,0.42363490328161385,2017,A
2683,0.12485936913340484,0.1727024949304631,0.7024381359361316,2017,H
2684,0.22871045581407776,0.25736421619796446,0.5139253279879583,2017,H
2686,0.1543312791338981,0.20828745642343477,0.6373812644426673,2017,D
2687,0.20015273230283262,0.24009771988922504,0.5597495478079424,2017,D
2688,0.27230594986256407,0.26321559324456806,0.4644784568928682,2017,H
2689,0.18009354168936229,0.2158452836482686,0.6040611746623692,2017,H
2690,0.14391319673222044,0.22993553341169612,0.626151269856084,2017,H
2692,0.5260622298096397,0.2435079339647009,0.23042983622565932,2017,A
2693,0.5610507124266089,0.2514594940658236,0.18748979350756753,2017,A
2694,0.2212053097167584,0.3815767043080827,0.3972179859751593,2017,H
2695,0.2069112441918563,0.25312367434672,0.5399650814614237,2017,A
2696,0.49705135336135164,0.27855785568279595,0.22439079095585263,2017,D
2697,0.351428116497542,0.2801304889850176,0.3684413945174407,2017,A
2698,0.2953181995663102,0.25303200099005624,0.4516497994436339,2017,H
2701,0.31481072983057734,0.2799095696047529,0.4052797005646698,2017,A
2703,0.16655969713614807,0.22812180331057164,0.6053184995532809,2017,D
2704,0.20244355398509642,0.24107567520923132,0.5564807708056722,2017,H
2705,0.09680015873482711,0.1621885571855486,0.7410112840796242,2017,D
2706,0.4922019719230951,0.2822850172556902,0.22551301082121478,2017,A
2707,0.243310033000825,0.2767692595903317,0.4799207074088435,2017,D
2708,0.17244023223713167,0.19532718309487015,0.6322325846679978,2017,D
2709,0.09388027156262968,0.16918338521608434,0.7369363432212863,2017,H
2710,0.43219053506899446,0.27047843781318864,0.2973310271178174,2017,A
2711,0.5328766279551098,0.24051211474680742,0.22661125729808304,2017,A
2712,0.5545779578062497,0.23038085880394793,0.21504118338980244,2017,A
2713,0.25814604807758773,0.25070999451774933,0.49114395740466343,2017,A
2714,0.27931946054558077,0.2594530372514874,0.4612275022029316,2017,D
2715,0.5305019755107456,0.21223937509484353,0.2572586493944106,2017,A
2716,0.11769536039754772,0.16918128245809913,0.7131233571443534,2017,H
2717,0.26650286855580835,0.27655566888436783,0.4569414625598235,2017,H
2718,0.4100316309431312,0.2695004943807804,0.32046787467608845,2017,H
2719,0.20690198026159326,0.25097408507491886,0.542123934663488,2017,H
2720,0.23140097290872746,0.2487219409375985,0.5198770861536743,2017,H
2721,0.10004991988837915,0.15355763858269691,0.746392441528924,2017,H
2722,0.25770392758552274,0.2922142645995556,0.45008180781492163,2017,D
2723,0.2920575709967785,0.2618118113201087,0.44613061768311285,2017,H
2724,0.4904923456020482,0.25483522105520123,0.2546724333427508,2017,A
2725,0.35281214091792257,0.32031283223357626,0.32687502684850117,2017,A
2726,0.3281680063244546,0.2670640255906687,0.40476796808487675,2017,D
2727,0.11498887401406567,0.1804326989493425,0.704578427036592,2017,H
2728,0.2824033433673057,0.2829455086916767,0.43465114794101745,2017,A
2729,0.33539040006903725,0.26036495822330524,0.40424464170765795,2017,D
2730,0.09387974223540883,0.1489514059831429,0.7571688517814481,2017,H
2731,0.31695040262837176,0.271819617817179,0.41122997955444973,2017,H
2732,0.286979894123271,0.312947803106977,0.4000723027697523,2017,D
2733,0.12734322830071956,0.1655309404508354,0.7071258312484452,2017,H
2734,0.5244349710374459,0.2515509155957024,0.22401411336685173,2017,H
2735,0.31181232155411703,0.28438621238698764,0.40380146605889544,2017,D
2736,0.5532451794525576,0.24347619449025004,0.2032786260571929,2017,H
2737,0.3957702115771563,0.2532050102940786,0.35102477812876515,2017,D
2738,0.28653935361364524,0.26143159279123895,0.4520290535951159,2017,D
2739,0.26851515104822876,0.25087927889044487,0.4806055700613264,2017,D
2740,0.2122226946799393,0.24452353555369777,0.5432537697663634,2017,A
2741,0.24513227610468627,0.2634664266785274,0.4914012972167861,2017,H
2742,0.2729939126873568,0.2825600788191839,0.4444460084934598,2017,A
2743,0.24918832431915708,0.2718273488693616,0.47898432681148156,2017,A
2744,0.26425188206354133,0.24222676253269138,0.49352135540376735,2017,H
2745,0.5301118753490881,0.24188570197877926,0.2280024226721327,2017,H
2746,0.14719123897657732,0.17931970443973244,0.6734890565836908,2017,H
2747,0.20320024140563664,0.24421714211001505,0.5525826164843483,2017,H
2748,0.17886729847857452,0.2643516016393065,0.5567810998821188,2017,H
2749,0.556419289950533,0.22326660468085066,0.22031410536861634,2017,A
2750,0.10109508780678825,0.17690034685709682,0.7220045653361153,2017,H
2751,0.4059609296562482,0.2830930741299628,0.31094599621378893,2017,A
2752,0.38959398901391173,0.25118213041547593,0.35922388057061216,2017,D
2753,0.1915422844739527,0.25701335959950017,0.5514443559265477,2017,H
2754,0.336396305207936,0.3145589010154723,0.3490447937765917,2017,H
2755,0.18962347633535753,0.3046811047097821,0.5056954189548603,2017,A
2756,0.6013038965899742,0.24361225228350358,0.1550838511265225,2017,A
2757,0.35026877457724137,0.2621794061625202,0.3875518192602384,2017,D
2758,0.2720443458278673,0.26127988677871383,0.4666757673934187,2017,H
2759,0.3958849179424644,0.26286816323816403,0.34124691881937164,2017,H
2760,0.27681297584176967,0.28877475872229996,0.43441226543593037,2017,D
2761,0.49304289700618736,0.24048106956894316,0.26647603342486986,2017,A
2762,0.2232774723119501,0.27009165837111376,0.5066308693169365,2017,A
2763,0.24323399857336908,0.25152617373744945,0.5052398276891813,2017,H
2764,0.26528302820074173,0.2705473395843059,0.4641696322149522,2017,A
2765,0.21029039775548997,0.274273386401312,0.5154362158431983,2017,A
2766,0.31724227168077407,0.2702036734944451,0.41255405482478097,2017,H
2767,0.3605556387037863,0.24981827516146893,0.38962608613474486,2017,H
2768,0.22474609667606088,0.2945834008521549,0.48067050247178417,2017,H
2769,0.08908773025664617,0.16452742902432033,0.7463848407190333,2017,H
2770,0.5356003932390004,0.2493619565653982,0.21503765019560145,2017,A
2771,0.15447989952598373,0.2195234809815623,0.6259966194924534,2017,H
2772,0.4897228273049718,0.2777333068096636,0.23254386588536485,2017,A
2773,0.13771859614627066,0.16862369734745705,0.6936577065062721,2017,H
2774,0.27560106869266254,0.24455192562708566,0.4798470056802521,2017,H
2775,0.2627987549796574,0.28578698630584415,0.4514142587144985,2017,H
2776,0.2532865706983761,0.30308309659967675,0.4436303327019471,2017,H
2777,0.2805766659040995,0.2840004764411827,0.43542285765471794,2017,D
2778,0.23347332836080553,0.268504732053776,0.49802193958541846,2017,H
2779,0.2575029740323792,0.26179335667839176,0.4807036692892289,2017,D
2780,0.30061707684624794,0.29540308936087234,0.4039798337928793,2017,D
2781,0.2792397634295739,0.27455379153745446,0.44620644503297097,2017,D
2782,0.37700605543565885,0.25431487846071665,0.3686790661036246,2017,A
2783,0.12076094571325688,0.1799391489014619,0.6992999053852811,2017,D
2784,0.20843301248486235,0.29080586424675675,0.5007611232683812,2017,D
2785,0.15661966501818247,0.19351704046470386,0.6498632945171137,2017,H
2786,0.1986885103994877,0.24571176574012224,0.5555997238603895,2017,H
2787,0.42801616021206795,0.2821656173280928,0.2898182224598395,2017,A
2788,0.5512196434465296,0.239353129286276,0.20942722726719445,2017,A
2789,0.24036889952709492,0.2793046722105338,0.4803264282623712,2017,H
2790,0.3571457300256985,0.2403575417526759,0.40249672822162597,2017,D
2791,0.4756193822262418,0.2483487113330779,0.27603190644068043,2017,H
2792,0.37115772390965734,0.2994088914383811,0.3294333846519614,2017,A
2793,0.2768101770081066,0.29329273547547635,0.4298970875164169,2017,D
2794,0.27959005695996414,0.26359895388954757,0.4568109891504879,2017,H
2795,0.5531962782767349,0.22422391868756164,0.22257980303570354,2017,A
2796,0.22201434548534513,0.17543968530192663,0.6025459692127282,2017,H
2797,0.09894610133551611,0.17112756352876515,0.729926335135719,2017,H
2798,0.11192515193575786,0.17278900581350282,0.7152858422507392,2017,H
2799,0.31322631338195867,0.2830521394693876,0.4037215471486537,2017,A
2800,0.3845129702705683,0.29153607908372103,0.32395095064571067,2017,H
2801,0.2326580622853455,0.25202281856512365,0.5153191191495311,2017,H
2802,0.4536420707923468,0.23161059285143243,0.314747336356221,2017,D
2803,0.25577954528883673,0.26703148313701985,0.4771889715741436,2017,A
2804,0.5211914007254063,0.2643136491198892,0.21449495015470452,2017,A
2805,0.12911251431161047,0.1913760392857812,0.6795114464026081,2017,H
2806,0.23307020507793974,0.257459125790213,0.5094706691318471,2017,H
2807,0.3762515043595869,0.27286102003407303,0.3508874756063403,2017,D
2808,0.12086774280608317,0.1893846368669817,0.6897476203269352,2017,H
2809,0.27108320910748473,0.27749046153814677,0.45142632935436844,2017,D
2810,0.250251576698105,0.22227516031670386,0.5274732629851914,2017,H
2811,0.2554552899812175,0.27491171525392954,0.46963299476485276,2017,D
2812,0.2579271709269309,0.2618106154511378,0.48026221362193106,2017,H
2813,0.2979427581942684,0.28610725501804934,0.41594998678768214,2017,A
2814,0.2761115509308592,0.2785383381336016,0.4453501109355389,2017,H
2815,0.12765276371083145,0.19610433118487777,0.6762429051042913,2017,H
2816,0.6077769497434047,0.23391027525445907,0.15831277500213625,2017,H
2817,0.14826691042951567,0.17268503882659864,0.6790480507438862,2017,D
2818,0.4216115631776657,0.2758043477728703,0.3025840890494643,2017,A
2819,0.5306322079667503,0.2293834358905213,0.23998435614272845,2017,D
2820,0.15750379671604467,0.23228947164782046,0.6102067316361351,2017,H
2821,0.2935008305788529,0.25802506251184,0.4484741069093074,2017,H
2822,0.5348295693289216,0.2457828588554789,0.2193875718155994,2017,A
2823,0.11405301387716328,0.17450868321958213,0.7114383029032549,2017,D
2824,0.12854624866760336,0.19795050873391473,0.673503242598482,2017,H
2825,0.28381296216279006,0.2981638894311108,0.41802314840609867,2017,A
2826,0.33609865090010144,0.31060430770777003,0.3532970413921281,2017,A
2827,0.6218234807709125,0.21607887221322106,0.16209764701586668,2017,A
2828,0.10707193743652928,0.20919223205267354,0.6837358305107973,2017,H
2829,0.5948065533018073,0.22917293449924253,0.1760205121989506,2017,D
2830,0.12548960254205754,0.20999846276598566,0.6645119346919574,2017,H
2831,0.23753842795575394,0.2799058609260869,0.482555711118159,2017,A
2832,0.233299254301114,0.24704866888929136,0.5196520768095948,2017,A
2833,0.24011695142695255,0.2195311087806887,0.5403519397923587,2017,A
2834,0.19113165502507415,0.2854523656509934,0.5234159793239325,2017,H
2835,0.10989067441950531,0.1908669330723013,0.6992423925081931,2017,H
2836,0.40359485742017814,0.26988297653649534,0.32652216604332673,2017,D
2837,0.41400266238518824,0.274625613059919,0.3113717245548928,2017,A
2838,0.5592825733156043,0.23232985132303985,0.208387575361356,2017,A
2839,0.2351866798792563,0.25419446605023976,0.5106188540705043,2017,H
2840,0.19137587988020444,0.356301831400397,0.4523222887193988,2017,D
2841,0.27619549969433305,0.2718006930709244,0.4520038072347425,2017,A
2842,0.3285819162540913,0.29542709718382953,0.37599098656207913,2017,D
2843,0.28545130154047177,0.2447350408008946,0.4698136576586336,2017,H
2844,0.2933956504183181,0.2838128754160098,0.42279147416567203,2017,D
2845,0.5028924538053372,0.26087367937760225,0.23623386681706057,2017,D
2846,0.34224555953463126,0.2860044415292201,0.3717499989361489,2017,D
2847,0.11275509493580925,0.14600633074574731,0.7412385743184442,2017,H
2848,0.3833469228454606,0.23871788368042748,0.3779351934741119,2017,A
2849,0.26806193050367144,0.29901332603878267,0.4329247434575457,2017,H
2850,0.2682487814088744,0.3058630882675019,0.4258881303236235,2017,D
2851,0.11494751051246825,0.20090344817739975,0.6841490413101321,2017,H
2852,0.2236567876717158,0.2836843118910617,0.4926589004372224,2017,D
2853,0.1288617592143176,0.21269273414999323,0.6584455066356895,2017,H
2854,0.22223464050785083,0.24627232742483188,0.5314930320673172,2017,D
2855,0.1394588786062879,0.18292118639593088,0.6776199349977813,2017,H
2856,0.4195621521272615,0.2462207244651144,0.33421712340762416,2017,H
2857,0.29187023189527894,0.2741234941250274,0.43400627397969355,2017,D
2858,0.5986323231766341,0.24876115109546001,0.15260652572790565,2017,A
2859,0.41947569406709667,0.25439094819382674,0.32613335773907726,2017,A
2860,0.10407679108075421,0.19595819865878683,0.6999650102604584,2017,D
2861,0.13087901918076966,0.21371665547761556,0.6554043253416149,2017,H
2862,0.24999449802580595,0.28604881841267565,0.46395668356151876,2017,D
2863,0.11341673331862362,0.20771774480122063,0.6788655218801556,2017,H
2864,0.2757701633220823,0.30148853566799044,0.4227413010099273,2017,H
2865,0.2522441320191612,0.26185048495016133,0.48590538303067765,2017,D
2866,0.24927187808838852,0.2623846814057958,0.48834344050581574,2017,A
2867,0.48724034928252885,0.25230310031607917,0.260456550401392,2017,D
2868,0.5032629530943179,0.24791639793905457,0.2488206489666277,2017,D
2869,0.3575654862146824,0.2673009426115555,0.37513357117376206,2017,D
2870,0.2625923702016128,0.3043953475345741,0.43301228226381294,2017,H
2871,0.5084725327691484,0.26159132762980797,0.22993613960104425,2017,A
2872,0.5241254839094857,0.2943564547690863,0.1815180613214285,2017,A
2873,0.2564114702663336,0.31830098842271515,0.4252875413109509,2017,A
2874,0.10375100134986974,0.15871568817714313,0.7375333104729873,2017,H
2875,0.31170742623731795,0.28592352945896343,0.4023690443037187,2017,A
2876,0.5331938103440763,0.2696613810543523,0.19714480860157163,2017,A
2877,0.41264616122489256,0.2426854751890116,0.344668363586096,2017,H
2878,0.3469821209284974,0.3080328329634135,0.3449850461080896,2017,D
2879,0.13755517837241807,0.1821184874478663,0.6803263341797157,2017,D
2880,0.252216643679313,0.2880754103462522,0.45970794597443454,2017,A
2881,0.2061681234496383,0.27416858772741415,0.5196632888229475,2017,H
2882,0.27443628665460984,0.2739942573179866,0.4515694560274033,2017,D
2883,0.22268101919393407,0.25209903845988213,0.5252199423461836,2017,H
2884,0.11200582969541863,0.2059236676131228,0.6820705026914587,2017,D
2885,0.2767041411643271,0.25858975347105906,0.4647061053646133,2017,D
2886,0.09630785113966962,0.15986550037326114,0.7438266484870694,2017,H
2887,0.3974509523685136,0.257614222653867,0.3449348249776194,2017,H
2888,0.20482274742857542,0.34702947705964443,0.44814777551178064,2017,H
2889,0.09227050670473821,0.19680143642881012,0.7109280568664519,2017,H
2890,0.2824108238891607,0.2872988697179187,0.43029030639292043,2017,H
2891,0.092885749931341,0.13603990773635435,0.771074342332305,2017,H
2892,0.21680275668817478,0.24458186492473152,0.538615378387094,2017,H
2893,0.3760344933019059,0.25975493623795276,0.3642105704601416,2017,D
2894,0.5582047216138397,0.25387060944340195,0.1879246689427587,2017,A
2895,0.37908943652274446,0.26317925229263844,0.35773131118461726,2017,D
2896,0.24507702706844264,0.22055111059276536,0.534371862338792,2017,H
2897,0.5805358493636632,0.23336570988874858,0.18609844074758827,2017,A
2898,0.5711553868341538,0.2513633185808477,0.17748129458499848,2017,D
2899,0.5202785718936693,0.2959888346881865,0.1837325934181443,2017,H
2900,0.5106939225597553,0.28235583864186853,0.20695023879837596,2017,A
2901,0.4195662326384584,0.26588008262427365,0.3145536847372682,2017,H
2902,0.28424613332262727,0.24220755308976735,0.4735463135876057,2017,D
2903,0.25263422697754623,0.2723670440901679,0.4749987289322857,2017,D
2904,0.20043896032089967,0.3258933429072278,0.4736676967718726,2017,H
2905,0.25711887962159835,0.26603605298533545,0.4768450673930664,2017,D
2906,0.2600823408838406,0.2899821117074564,0.449935547408703,2017,D
2907,0.15188879953337925,0.23025287331328925,0.6178583271533317,2017,A
2908,0.1172543602391889,0.16890155437226934,0.7138440853885416,2017,H
2909,0.33419621902714974,0.29142458451748665,0.37437919645536333,2017,H
2910,0.16299546886999983,0.2145241519942245,0.622480379135776,2017,H
2911,0.22300824080069026,0.2395961017276005,0.5373956574717093,2017,H
2912,0.32459327196173066,0.28757973010712484,0.3878269979311444,2017,H
2913,0.5102372373097952,0.25913269836383346,0.23063006432637162,2017,D
2914,0.2689349693773392,0.26820373078021725,0.46286129984244356,2017,D
2915,0.1593251558516177,0.21857310340930933,0.6221017407390729,2017,H
2916,0.2794509149685659,0.2970506626132479,0.423498422418186,2017,A
2917,0.21488013836155612,0.25160339216480254,0.5335164694736416,2017,D
2918,0.20500753251941822,0.35833279569950055,0.4366596717810812,2017,D
2919,0.5532535380791906,0.2408502118385896,0.20589625008221996,2017,H
2920,0.39776768580978705,0.25408189829423755,0.34815041589597534,2017,H
2921,0.13775919563109318,0.21262340848487662,0.6496173958840302,2017,H
2922,0.26066315039594956,0.2802063788763655,0.459130470727685,2017,D
2923,0.2584319684984564,0.26883206656838504,0.4727359649331586,2017,H
2924,0.17466665271942042,0.2622571907055711,0.5630761565750092,2017,H
2925,0.35421160047619604,0.26994483573738165,0.3758435637864221,2017,H
2926,0.3835367224082684,0.2846697032315498,0.33179357436018203,2017,H
2927,0.5094180763202724,0.2642683895383053,0.22631353414142222,2017,H
2928,0.5328841994148397,0.24467256357747458,0.22244323700768598,2017,A
2929,0.1016244316530209,0.15850894227679674,0.7398666260701826,2017,H
2930,0.27382571286667307,0.29292890084985007,0.43324538628347664,2017,H
2931,0.2972775601266219,0.2472265136577119,0.45549592621566615,2017,A
2932,0.1329242724007693,0.21011510114743956,0.6569606264517912,2017,H
2933,0.24993487944775875,0.26578385760032863,0.48428126295191276,2017,D
2934,0.23703825809138485,0.292606777901109,0.47035496400750587,2017,D
2935,0.25723234885701174,0.2778512414314983,0.46491640971149006,2017,D
2936,0.22048047992611577,0.2750888797633988,0.5044306403104851,2017,H
2937,0.529581315743433,0.245366078848384,0.2250526054081831,2017,A
2938,0.2726805639788419,0.2716212872957845,0.45569814872537423,2017,H
2939,0.4611215968150153,0.2845789151222998,0.2542994880626847,2017,A
2940,0.19747174840662446,0.23771971620639074,0.564808535386985,2017,H
2941,0.10184309317759428,0.1814665723579192,0.7166903344644868,2017,H
2942,0.2433908552853786,0.2698117907462844,0.4867973539683367,2017,H
2943,0.24273098373032848,0.28523172276042785,0.4720372935092437,2017,D
2944,0.10224438686388383,0.1953135860090625,0.702442027127054,2017,H
2945,0.2376487526816348,0.2938441388982163,0.4685071084201482,2017,H
2946,0.3141230315054449,0.2667307560680389,0.41914621242651606,2017,D
2947,0.30622938511860376,0.255200511872613,0.43857010300878313,2017,H
2948,0.11441249184231071,0.2429557846041879,0.6426317235535017,2017,H
2949,0.4504731752108046,0.26648125859068694,0.2830455661985083,2017,A
2950,0.3109778600441801,0.2702203880924135,0.4188017518634065,2017,H
2951,0.41854576283369255,0.24504717453322325,0.3364070626330843,2017,H
2952,0.18056938624859914,0.2454225024250015,0.5740081113263994,2017,H
2953,0.2865795983212855,0.28131237355724,0.4321080281214745,2017,A
2954,0.343745887219085,0.3039929169587434,0.35226119582217164,2017,H
2955,0.3441510982044194,0.2896721205917112,0.3661767812038695,2017,D
2956,0.4783064196793704,0.22151555356932795,0.30017802675130134,2017,A
2957,0.3213003376737153,0.24997631728079933,0.4287233450454851,2017,H
2958,0.533230821744391,0.26859797863072865,0.19817119962488075,2017,A
2959,0.579725844699993,0.2650870977969169,0.15518705750309025,2017,A
2960,0.22298683954457127,0.2613970974442889,0.5156160630111404,2017,H
2961,0.21700944152127974,0.24731053445034798,0.5356800240283723,2017,A
2962,0.16817625351875182,0.17127249970523228,0.6605512467760157,2017,H
2963,0.3018770895289518,0.26977762607456357,0.4283452843964843,2017,A
2964,0.3998200681205632,0.25613367482555865,0.34404625705387826,2017,H
2965,0.29758383552166645,0.27519522021610054,0.42722094426223295,2017,D
2966,0.35445417421737146,0.26782159661737875,0.37772422916525006,2017,H
2967,0.2810306919210402,0.31669102910243446,0.402278278976525,2017,A
2968,0.38574918046105816,0.25116020202208394,0.363090617516858,2017,A
2969,0.14479600401042794,0.17837810515808894,0.6768258908314831,2017,H
2970,0.5064477599189948,0.2706241298752273,0.22292811020577824,2017,A
2971,0.5725687550467798,0.25620699165758176,0.1712242532956384,2017,A
2972,0.15121043937125112,0.2112666687153959,0.6375228919133533,2017,H
2973,0.3988448625042815,0.2858646330458231,0.3152905044498955,2017,A
2974,0.3476091756859071,0.2871800804159798,0.36521074389811337,2017,A
2975,0.6296794434629107,0.22267303290488683,0.1476475236322026,2017,A
2976,0.1915489131096466,0.24121196033442766,0.5672391265559253,2017,A
2977,0.2706744340020778,0.2863618994295821,0.44296366656833963,2017,D
2978,0.5490465922102952,0.24917745770816122,0.20177595008154398,2017,D
2979,0.24426457003669058,0.27479035596084367,0.48094507400246606,2017,D
2980,0.23238410570142118,0.26113908597526336,0.5064768083233155,2017,A
2981,0.2082134058141565,0.24787355802149297,0.5439130361643507,2017,D
2982,0.19054364492146425,0.23497417953138103,0.5744821755471546,2017,H
2983,0.14878963266210654,0.25089176742275077,0.6003185999151428,2017,D
2984,0.496619261537643,0.24013638533542533,0.2632443531269312,2017,A
2985,0.2710123869787471,0.2690840568926733,0.45990355612857975,2017,D
2986,0.24443659567726925,0.2550225969905318,0.5005408073321994,2017,A
2987,0.3137185546460704,0.2099170650409436,0.4763643803129861,2017,H
2988,0.2968955536319781,0.2951273040097341,0.4079771423582877,2017,H
2989,0.3394849898333692,0.2500052164052501,0.41050979376138075,2017,H
2990,0.13644349670086137,0.187005622300844,0.6765508809982945,2017,H
2991,0.41780915160270404,0.26480898076489146,0.31738186763240495,2017,H
2992,0.11784477167050172,0.1768399155672448,0.7053153127622541,2017,A
2993,0.2392077877578364,0.25125194092042535,0.5095402713217384,2017,D
2994,0.5018853269275518,0.2542860551292451,0.24382861794320354,2017,D
2995,0.4392623716792839,0.27180967801291556,0.28892795030780066,2017,A
2996,0.33135271353383605,0.2655506442513573,0.40309664221480657,2017,A
2997,0.23000705954907932,0.25545671235598927,0.5145362280949315,2017,D
2998,0.25666009298805564,0.2895285390935951,0.45381136791834903,2017,D
2999,0.5582541856786853,0.2544140049832778,0.18733180933803717,2017,D
3000,0.12739735397210247,0.19802484818704588,0.6745777978408519,2017,H
3001,0.1209726218645727,0.1668825575495106,0.712144820585917,2017,H
3002,0.3732765883119307,0.30894178581540016,0.31778162587266884,2017,D
3003,0.3250860664229337,0.2771279526480632,0.39778598092900325,2017,H
3004,0.15860677520286962,0.1983774586237569,0.6430157661733735,2017,D
3005,0.39245906359403193,0.25515488137313325,0.3523860550328346,2017,H
3006,0.2443407867167756,0.26459847575083556,0.491060737532389,2017,A
3007,0.09209275417768853,0.15691844690586484,0.7509887989164469,2017,D
3008,0.2506772950557947,0.24975171508736008,0.4995709898568456,2017,A
3009,0.2936379392566788,0.2647632537381947,0.4415988070051263,2017,H
3010,0.5287719801664553,0.2542986701401745,0.21692934969337047,2017,A
3011,0.3421184971276889,0.26898747161038367,0.3888940312619274,2017,H
3012,0.5865139549380706,0.2307581001447259,0.18272794491720362,2017,A
3013,0.13265019469369418,0.1492698014311585,0.7180800038751478,2017,H
3014,0.4318723509399543,0.2945822974531378,0.27354535160690785,2017,H
3015,0.24443001150555393,0.260148419952189,0.4954215685422573,2017,H
3016,0.23013665939658845,0.25005362653135504,0.5198097140720569,2017,D
3017,0.21378658679663795,0.2571516173047357,0.529061795898626,2017,A
3018,0.32524357005775917,0.30231502213673206,0.372441407805509,2017,A
3019,0.3384304636763303,0.24457728082656904,0.41699225549710095,2017,H
3020,0.443750012728221,0.2658400208604113,0.29040996641136785,2017,H
3021,0.14242079678708974,0.1782260457789976,0.6793531574339132,2017,H
3022,0.2811849807854806,0.2900379340308203,0.4287770851836994,2017,H
3023,0.09069875868886333,0.1672139127417257,0.7420873285694112,2017,D
3024,0.2728567624652301,0.2891015199545885,0.43804171758018146,2017,A
3025,0.11885186105216851,0.16767267327726143,0.7134754656705703,2017,D
3026,0.4332296610457354,0.25761625989460907,0.3091540790596557,2017,H
3027,0.09409179344166387,0.16884431875205078,0.737063887806286,2017,H
3028,0.18345089500711625,0.23875135482329005,0.5777977501695936,2017,H
3029,0.4987307239166024,0.26142706570008856,0.2398422103833095,2017,D
3030,0.26703616608454583,0.28605624548414177,0.446907588431312,2017,A
3031,0.30182370746163534,0.2941245945426406,0.40405169799572377,2017,H
3032,0.5547480127557574,0.2393585170171131,0.20589347022712973,2017,A
3033,0.47909117725327405,0.27126757631411996,0.24964124643260605,2017,H
3034,0.17336878764240726,0.22090803987583058,0.6057231724817621,2017,H
3035,0.12540578261464153,0.18095918046465337,0.6936350369207056,2017,H
3036,0.34195633951521887,0.28787052194188745,0.3701731385428934,2017,A
3037,0.19859872149307062,0.22739614130386404,0.5740051372030657,2017,A
3038,0.16429525114678914,0.18567765872122335,0.6500270901319877,2017,H
3039,0.2530800404170109,0.2663373080783876,0.48058265150460194,2017,H
3040,0.26146597814763306,0.23412696829795787,0.504407053554409,2018,H
3041,0.27206160742528523,0.24997237332550282,0.4779660192492121,2018,H
3042,0.4595366351690099,0.24671315650366718,0.2937502083273229,2018,A
3043,0.4468353841718503,0.25341788980925745,0.2997467260188923,2018,A
3044,0.41442957683660525,0.2750158737119108,0.3105545494514842,2018,A
3045,0.2737690644502888,0.2707714588240548,0.45545947672565645,2018,H
3046,0.33354800957452774,0.2845608642623381,0.38189112616313403,2018,D
3047,0.4866645448890348,0.23924567071829156,0.27408978439267406,2018,A
3048,0.2186848303373578,0.22201858810362915,0.5592965815590129,2018,H
3049,0.331166527328132,0.26827400645517036,0.4005594662166975,2018,D
3050,0.3882099597212313,0.24827824016168,0.36351180011708883,2018,D
3051,0.12944314945431953,0.21080087034912365,0.6597559801965568,2018,H
3052,0.25572980542711066,0.2746203561312065,0.4696498384416827,2018,H
3053,0.237400480048842,0.2944469527321515,0.4681525672190066,2018,H
3054,0.19364747680279057,0.21593771059326045,0.5904148126039488,2018,H
3055,0.39539987989469255,0.2893399678972878,0.31526015220801906,2018,A
3056,0.5184206414480641,0.25258870365884817,0.22899065489308762,2018,H
3057,0.3437385007870557,0.2469998650637428,0.40926163414920164,2018,A
3058,0.08882920237076565,0.21083106393461462,0.7003397336946198,2018,H
3059,0.374113949756458,0.2676355639275111,0.3582504863160312,2018,A
3060,0.575218071359131,0.24540816475269905,0.17937376388816978,2018,D
3061,0.08142808295305232,0.16791332963385247,0.7506585874130954,2018,H
3062,0.3019665828004149,0.2733489852869218,0.4246844319126633,2018,A
3063,0.15768300780966454,0.2120466912528277,0.6302703009375077,2018,D
3064,0.2707646189895707,0.29108475324890937,0.43815062776152025,2018,D
3065,0.23366676737626746,0.2704781841565537,0.495855048467179,2018,H
3066,0.2818547947673334,0.28976976006628197,0.42837544516638476,2018,H
3067,0.46324713909421367,0.26774586500027037,0.2690069959055164,2018,A
3068,0.2880771181027645,0.24822082990278596,0.46370205199444997,2018,H
3069,0.4355127915912799,0.2906876220069763,0.2737995864017439,2018,A
3070,0.260340164114427,0.2540835178462978,0.48557631803927515,2018,A
3071,0.26945266804321255,0.3070505604517996,0.42349677150498805,2018,A
3072,0.09875648893577951,0.1820237728997266,0.7192197381644938,2018,H
3073,0.19942456930583666,0.2156192794391388,0.5849561512550242,2018,H
3074,0.3217675854718459,0.2780262860904126,0.4002061284377416,2018,D
3075,0.2162625542957589,0.25378266192537585,0.5299547837788654,2018,D
3076,0.4735399267330596,0.2598378581672993,0.2666222150996413,2018,A
3077,0.4161035864908508,0.2705138710874412,0.3133825424217078,2018,A
3078,0.2939309429697129,0.273174652994007,0.4328944040362802,2018,A
3079,0.3341541829364891,0.27442855840044744,0.39141725866306387,2018,H
3080,0.41512890906011385,0.2754497525483279,0.30942133839155883,2018,A
3081,0.33216475229662473,0.25783264861262656,0.4100025990907485,2018,A
3082,0.3192547517624722,0.27923674365465934,0.4015085045828688,2018,A
3083,0.10942735171039064,0.19299716438440392,0.697575483905205,2018,H
3084,0.21343803163859662,0.22102891568605953,0.5655330526753439,2018,H
3085,0.08158298895189155,0.16145884886846673,0.7569581621796416,2018,H
3086,0.2556492171971359,0.2137897540156062,0.530561028787258,2018,A
3087,0.23596260143438172,0.27038299880663835,0.49365439975898007,2018,A
3088,0.24410959270373195,0.2680407657039158,0.4878496415923521,2018,H
3089,0.22868690379452503,0.2567294199564275,0.5145836762490473,2018,D
3090,0.11464663255460966,0.18136150873234427,0.7039918587130455,2018,H
3091,0.22330026606019338,0.2494629491509071,0.5272367847888996,2018,H
3092,0.5149291631941277,0.22778794502388652,0.2572828917819856,2018,D
3093,0.26704209804107404,0.24425341055185693,0.4887044914070689,2018,D
3094,0.5978842255181981,0.23747039238642734,0.16464538209537438,2018,A
3095,0.3922601473311333,0.28997746976809824,0.3177623829007685,2018,H
3096,0.23730715147231024,0.2757229389605115,0.48696990956717856,2018,D
3097,0.4647185596393157,0.2772452667493005,0.258036173611384,2018,A
3098,0.18224998806508697,0.22556162806080862,0.5921883838741046,2018,H
3099,0.6044284805134063,0.2469785999531096,0.14859291953348405,2018,D
3100,0.27977664117721374,0.22085736750008525,0.4993659913227008,2018,H
3101,0.23336173345702946,0.30734029025502957,0.45929797628794106,2018,D
3102,0.23040256290968916,0.2644867375363319,0.5051106995539789,2018,H
3103,0.5354252940328945,0.24802179366642046,0.216552912300685,2018,A
3104,0.08488156811260994,0.16167238791386448,0.7534460439735254,2018,H
3105,0.40386243943033934,0.25650279458781183,0.3396347659818491,2018,A
3106,0.5123497074033667,0.23318919241042554,0.25446110018620804,2018,H
3107,0.2263753781660954,0.2653832767056491,0.5082413451282557,2018,H
3108,0.2568567921283554,0.2973699693084954,0.44577323856314927,2018,A
3109,0.28011631887278676,0.26672495602397406,0.45315872510323907,2018,H
3110,0.28243485974361365,0.31167374047008883,0.4058913997862975,2018,H
3111,0.29835853210463387,0.29746901389610264,0.40417245399926327,2018,D
3112,0.29177245007374303,0.2609563086484077,0.44727124127784895,2018,A
3113,0.29098808862313946,0.24843201569177148,0.46057989568508917,2018,A
3114,0.17101318161048995,0.22898807049874773,0.5999987478907621,2018,H
3115,0.10221276613354922,0.17736351320666593,0.7204237206597851,2018,H
3116,0.2374679006834706,0.22811327274349102,0.5344188265730382,2018,A
3117,0.5496962816911232,0.24729202795049918,0.20301169035837766,2018,A
3118,0.31141040148280646,0.2784746619031029,0.4101149366140907,2018,D
3119,0.6137913748848102,0.2230788395206896,0.1631297855945006,2018,A
3120,0.09264606563257141,0.17296963769746637,0.7343842966699619,2018,H
3121,0.13516981396324912,0.22186238898273916,0.642967797054012,2018,A
3122,0.26342997924140577,0.3087652314176482,0.4278047893409461,2018,A
3123,0.5008879146864369,0.25348081472871603,0.24563127058484718,2018,A
3124,0.15567618580527504,0.20819831432524058,0.6361254998694844,2018,D
3125,0.1722689740658761,0.23345103322202948,0.5942799927120941,2018,D
3126,0.4230787347175272,0.2668881570621861,0.3100331082202871,2018,A
3127,0.2671327304226695,0.29371064862658525,0.43915662095074554,2018,H
3128,0.259514705252068,0.25878431671734664,0.4817009780305855,2018,H
3129,0.21050969347422718,0.18216767317499755,0.6073226333507753,2018,H
3130,0.26716228922153323,0.28759995313366477,0.44523775764480233,2018,D
3131,0.09225034810098669,0.1694287767658197,0.7383208751331937,2018,H
3132,0.24772206780080588,0.271754814674974,0.48052311752422017,2018,H
3133,0.4472858858783168,0.2821059653314569,0.2706081487902266,2018,A
3134,0.24994189659121863,0.2927506926146406,0.4573074107941409,2018,D
3135,0.3478471565030092,0.2882364028556024,0.3639164406413883,2018,H
3136,0.6139355967562242,0.2310574092680321,0.15500699397574413,2018,A
3137,0.465615765428509,0.244679826979445,0.2897044075920464,2018,D
3138,0.4180107246111314,0.2323238600748202,0.3496654153140485,2018,H
3139,0.4267418406682799,0.31115709325773383,0.2621010660739866,2018,A
3140,0.18019439393598272,0.24269186800573525,0.5771137380582817,2018,H
3141,0.4289057970630605,0.2593332171698769,0.311760985767063,2018,H
3142,0.447023298119206,0.24574253015329972,0.30723417172749456,2018,D
3143,0.373733002702173,0.2657171325840104,0.36054986471381645,2018,A
3144,0.19153159868976555,0.2695279860900467,0.5389404152201879,2018,A
3145,0.313104515352087,0.29473443084572454,0.39216105380218896,2018,A
3146,0.23879793604706104,0.26264919400107517,0.4985528699518637,2018,H
3147,0.09510764673756433,0.1680954437130433,0.7367969095493924,2018,H
3148,0.10255713319177065,0.16145633354161984,0.7359865332666093,2018,H
3149,0.24643576442413725,0.2581621286048684,0.4954021069709941,2018,H
3150,0.24915671338679118,0.282920780559372,0.467922506053837,2018,H
3151,0.42890404609157146,0.26255378824316983,0.30854216566525927,2018,A
3152,0.30175685883478476,0.28643605636899405,0.411807084796221,2018,D
3153,0.21050310459708185,0.2646632282787632,0.5248336671241549,2018,D
3154,0.3989188297890794,0.27415394537038223,0.32692722484053827,2018,H
3155,0.3497754169073339,0.232604333199291,0.41762024989337543,2018,D
3156,0.14523425980907367,0.21170046792055308,0.6430652722703729,2018,H
3157,0.1122939992204513,0.17688007919066742,0.710825921588881,2018,H
3158,0.20058892892015648,0.21262628796900784,0.5867847831108355,2018,D
3159,0.20392710091683813,0.18193556042728778,0.614137338655874,2018,D
3160,0.33025961761379397,0.29975389503964417,0.36998648734656164,2018,D
3161,0.20590045408305976,0.243629008187973,0.5504705377289677,2018,H
3162,0.2960545501403732,0.294022358957087,0.4099230909025398,2018,H
3163,0.19442250999915467,0.24603524116725706,0.5595422488335884,2018,D
3164,0.4301376479098434,0.26401287705845233,0.30584947503170484,2018,H
3165,0.49319941227079517,0.24300274238996256,0.2637978453392425,2018,A
3166,0.5268044352153662,0.24213031902624807,0.23106524575838575,2018,A
3167,0.43259000685809473,0.2721671442559635,0.2952428488859418,2018,A
3168,0.29309405627564783,0.26534515254329055,0.44156079118106184,2018,A
3169,0.3419011572750811,0.2810628606966159,0.3770359820283031,2018,A
3170,0.4146950644055581,0.25148774257589535,0.3338171930185464,2018,H
3171,0.23028155613040716,0.2488557778205111,0.5208626660490819,2018,H
3172,0.21264043574360286,0.2556010340513457,0.531758530205051,2018,A
3173,0.23849162197368526,0.27301427184883054,0.48849410617748434,2018,H
3174,0.0953115871973592,0.16943875860773425,0.7352496541949065,2018,H
3175,0.2684924601151835,0.23522202530449493,0.49628551458032133,2018,A
3176,0.32700481295477823,0.2527822682258741,0.4202129188193479,2018,D
3177,0.2651220074707334,0.24238640622889754,0.4924915863003688,2018,H
3178,0.08610536353271801,0.14793358142197038,0.765961055045312,2018,H
3179,0.1895222990896902,0.23772339885475316,0.5727543020555568,2018,H
3180,0.6150091047834594,0.21586123993004416,0.16912965528649665,2018,A
3181,0.2276840368042135,0.274178764323531,0.49813719887225516,2018,H
3182,0.3552748738574147,0.27150436077114554,0.37322076537143983,2018,H
3183,0.2965676460033766,0.28955482356289763,0.4138775304337258,2018,H
3184,0.6359278117959496,0.23301162641910672,0.13106056178494366,2018,A
3185,0.17853162371069917,0.2068810711575471,0.6145873051317539,2018,D
3186,0.43913669373248576,0.24266457178621664,0.31819873448129743,2018,D
3187,0.4059590792804903,0.2543967964563619,0.3396441242631481,2018,D
3188,0.21775873123446432,0.2363826392773497,0.5458586294881861,2018,H
3189,0.4540609933013245,0.26449445632830515,0.28144455037037014,2018,H
3190,0.15952406725145177,0.1823213809633492,0.6581545517851989,2018,H
3191,0.5734529201781693,0.25072331136026,0.17582376846157113,2018,A
3192,0.3051268879186464,0.31206195306223433,0.3828111590191191,2018,H
3193,0.3895920364364832,0.2705216825890001,0.339886280974517,2018,A
3194,0.33419668274451675,0.3051630644003133,0.3606402528551696,2018,H
3195,0.30104008376141245,0.26843707293886543,0.4305228432997223,2018,H
3196,0.23956155727910317,0.26565712489066967,0.49478131783022755,2018,H
3197,0.27110158181426974,0.2399922378546964,0.488906180331034,2018,H
3198,0.24203950073389024,0.2666657416638434,0.491294757602266,2018,A
3199,0.15473958817547337,0.21906739401418446,0.6261930178103423,2018,D
3200,0.2743845849091563,0.26074521822604807,0.46487019686479575,2018,H
3201,0.0994723968613143,0.1725424393195957,0.7279851638190901,2018,H
3202,0.25803511977261606,0.2878471445431408,0.4541177356842433,2018,A
3203,0.14688589904201735,0.2029668672382507,0.6501472337197324,2018,H
3204,0.2541086408999276,0.27824448159758913,0.4676468775024834,2018,H
3205,0.2757043428965462,0.2957118539020474,0.4285838032014062,2018,H
3206,0.38538548792459876,0.28245227467808065,0.33216223739732065,2018,A
3207,0.38652972383873774,0.24937094566968182,0.3640993304915801,2018,A
3208,0.16255597411600498,0.2394296639138708,0.5980143619701245,2018,H
3209,0.5175787244565058,0.2312669291806094,0.2511543463628846,2018,H
3210,0.5747185302620786,0.24032289222826164,0.18495857750965977,2018,A
3211,0.27714176198506424,0.280483955808668,0.44237428220626773,2018,A
3212,0.26556494074779435,0.2306226098492824,0.5038124494029234,2018,A
3213,0.27729791225366646,0.2688478770425794,0.4538542107037542,2018,D
3214,0.1475614238475014,0.17531057268265063,0.6771280034698475,2018,A
3215,0.3388150482983145,0.2900266341239734,0.37115831757771217,2018,H
3216,0.08836815588748997,0.15982507314914707,0.7518067709633631,2018,H
3217,0.12383335857876293,0.18461953520347552,0.6915471062177616,2018,A
3218,0.3556640968327095,0.25915381374780766,0.38518208941948323,2018,A
3219,0.4800437907226882,0.24986155202977747,0.27009465724753473,2018,A
3220,0.17255303536391137,0.20852775404237842,0.6189192105937102,2018,H
3221,0.09629837376925698,0.17194053745818738,0.7317610887725556,2018,H
3222,0.09967204029804129,0.1790729388779867,0.7212550208239723,2018,H
3223,0.26506361071679146,0.29393055570756366,0.44100583357564493,2018,D
3224,0.5415784839250054,0.24657055301411146,0.21185096306088333,2018,H
3225,0.2904783228331808,0.2886390276962492,0.4208826494705701,2018,A
3226,0.475943143604831,0.25342271922041665,0.2706341371747524,2018,D
3227,0.23153220020973866,0.26856350984418925,0.4999042899460718,2018,D
3228,0.3790848508906591,0.24443846912171735,0.37647667998762374,2018,A
3229,0.3384632483928021,0.26339099493932866,0.39814575666786917,2018,A
3230,0.34320779121106637,0.272943929166457,0.38384827962247664,2018,H
3231,0.2803591103138188,0.26827918392477895,0.4513617057614019,2018,H
3232,0.16738353460543975,0.23482660996868532,0.597789855425875,2018,A
3233,0.15033024196613679,0.21604459072203208,0.633625167311831,2018,H
3234,0.1297782103436309,0.16046645643767332,0.7097553332186958,2018,A
3235,0.23222444385487928,0.28081634411546813,0.4869592120296526,2018,D
3236,0.10229910704969467,0.1817674600550847,0.7159334328952209,2018,H
3237,0.6058174396113716,0.20133485001545967,0.19284771037316872,2018,A
3238,0.49428203631328976,0.22074180511827948,0.28497615856843095,2018,A
3239,0.4874045521345978,0.26098972492950673,0.2516057229358955,2018,H
3240,0.13825721899474902,0.2004018530967604,0.6613409279084906,2018,H
3241,0.5109859519108773,0.2760860737173125,0.21292797437181032,2018,A
3242,0.3075063082446456,0.26050841360813703,0.43198527814721727,2018,A
3243,0.3097919296480358,0.29238657047270555,0.39782149987925897,2018,D
3244,0.12465009872406001,0.20504235646534177,0.6703075448105986,2018,D
3245,0.2660678607986537,0.2911869214740538,0.44274521772729286,2018,A
3246,0.46164853740351075,0.25425759400241726,0.28409386859407204,2018,A
3247,0.24199281818283186,0.26892969531798294,0.4890774864991848,2018,D
3248,0.23706770185523232,0.27978676553047166,0.48314553261429616,2018,A
3249,0.34992963813525035,0.34565650868959386,0.30441385317515585,2018,H
3250,0.3897799203459812,0.2897514581044875,0.32046862154953126,2018,H
3251,0.1697844684562765,0.23150558769786792,0.5987099438458556,2018,A
3252,0.2957876030577532,0.2673569530189965,0.4368554439232504,2018,D
3253,0.1105518750192934,0.16859459875325672,0.7208535262274496,2018,H
3254,0.2795222689445619,0.25106966823846877,0.46940806281696934,2018,A
3255,0.5669556037743808,0.2408236061736419,0.19222079005197762,2018,A
3256,0.3072732122744049,0.27095284654055374,0.4217739411850415,2018,H
3257,0.3497548988659778,0.2755074525091699,0.37473764862485226,2018,H
3258,0.21681567834843382,0.24312843966544068,0.5400558819861258,2018,A
3259,0.09266336941670578,0.15865376563337302,0.7486828649499211,2018,H
3260,0.30545845007319306,0.27831309015594635,0.4162284597708604,2018,H
3261,0.3222090659163313,0.28836267832751367,0.3894282557561551,2018,H
3262,0.24108502092866743,0.266094049163729,0.4928209299076039,2018,H
3263,0.2862403890434475,0.25879454359309645,0.4549650673634559,2018,D
3264,0.10850846496150154,0.1467191971786165,0.7447723378598822,2018,H
3265,0.351719065265165,0.2749274387949793,0.37335349593985545,2018,H
3266,0.09499900690066237,0.17900765633124063,0.7259933367680966,2018,H
3267,0.3194123296585507,0.2490195252621948,0.4315681450792547,2018,H
3268,0.41745509265735004,0.28563413471300925,0.29691077262964094,2018,A
3269,0.5507518088484988,0.25255186850823624,0.1966963226432653,2018,A
3270,0.13314213199959177,0.19728751001495412,0.6695703579854545,2018,H
3271,0.24610207021392502,0.299427881342362,0.4544700484437131,2018,H
3272,0.2909131811261512,0.29080704889749476,0.4182797699763541,2018,A
3273,0.12265493490692841,0.16603810884110282,0.7113069562519685,2018,D
3274,0.6159324381377066,0.2175424390661513,0.16652512279614218,2018,H
3275,0.3293295274743853,0.28546348691276663,0.3852069856128482,2018,H
3276,0.3031645099495932,0.2862655793202947,0.41056991073011206,2018,D
3277,0.09315759985682619,0.15570881669372721,0.7511335834494463,2018,H
3278,0.1136045739256625,0.1905471306553233,0.6958482954190139,2018,D
3279,0.4977065804837696,0.23596705376727972,0.2663263657489508,2018,H
3280,0.2823073563107843,0.29096201152278595,0.4267306321664299,2018,D
3281,0.2631441872187106,0.28311395211776846,0.4537418606635209,2018,D
3282,0.3455555268715691,0.27687730722080584,0.37756716590762496,2018,H
3283,0.1543029278064897,0.20744625656358923,0.6382508156299211,2018,H
3284,0.2935938631264802,0.2783744931516817,0.428031643721838,2018,H
3285,0.3365092287022546,0.26935338129089403,0.39413739000685155,2018,A
3286,0.09770878016595805,0.1995157201330331,0.7027754997010089,2018,H
3287,0.19744985656830633,0.23248666001699747,0.5700634834146963,2018,H
3288,0.4913628319706499,0.23890589997155312,0.269731268057797,2018,A
3289,0.5043022144260769,0.25391454587674117,0.24178323969718185,2018,D
3290,0.5599498357340091,0.23944124653596469,0.20060891773002587,2018,A
3291,0.2767667174522401,0.29175445824841084,0.4314788242993491,2018,A
3292,0.2274796422020352,0.2603834549749609,0.5121369028230036,2018,D
3293,0.543650293027959,0.2574355529579582,0.19891415401408286,2018,A
3294,0.3465831349512051,0.2897410656144801,0.3636757994343149,2018,A
3295,0.14629691831988048,0.19595043402789425,0.6577526476522252,2018,H
3296,0.26250066533615224,0.2648185848146502,0.472680749849198,2018,A
3297,0.2976285850471234,0.2897282551399938,0.41264315981288296,2018,H
3298,0.1619834027016451,0.2551505215101061,0.5828660757882484,2018,H
3299,0.1100136995397674,0.16502031759792188,0.7249659828623106,2018,H
3300,0.19488393920048108,0.26492492917508564,0.5401911316244336,2018,D
3301,0.29658289598025894,0.279650592353765,0.4237665116659762,2018,A
3302,0.28401055714075973,0.2743212699844767,0.4416681728747638,2018,H
3303,0.3387299874293337,0.28877738756950383,0.3724926250011624,2018,D
3304,0.5438576862247984,0.2433141024516989,0.21282821132350288,2018,H
3305,0.3142268942130759,0.281921693183364,0.4038514126035602,2018,A
3306,0.26727440571947025,0.2721161894971152,0.46060940478341456,2018,H
3307,0.18412904443248745,0.25625351646292227,0.5596174391045905,2018,H
3308,0.29567583654914675,0.2609339717820363,0.44339019166881727,2018,D
3309,0.20864856609798532,0.27846999656239174,0.512881437339623,2018,H
3310,0.29836900494383817,0.2723828087018701,0.4292481863542914,2018,H
3311,0.491399867523913,0.25087041298918217,0.2577297194869047,2018,H
3312,0.2819899193419895,0.28078396721728405,0.4372261134407268,2018,A
3313,0.15587857523374365,0.23718183890236808,0.6069395858638884,2018,H
3314,0.33820576748951253,0.2586093118127173,0.40318492069776984,2018,H
3315,0.5105352730870927,0.23946563536963186,0.24999909154327576,2018,A
3316,0.1096417675731434,0.18718153172245733,0.703176700704399,2018,H
3317,0.09281446660025107,0.16825753068828175,0.7389280027114669,2018,H
3318,0.24052265968714667,0.26636926659335697,0.49310807371949655,2018,H
3319,0.31142130972598936,0.3143889887782262,0.3741897014957845,2018,H
3320,0.11514972043178165,0.17400995299076613,0.7108403265774522,2018,H
3321,0.21734511895888864,0.26047374726793043,0.5221811337731809,2018,H
3322,0.14218460925500576,0.19904087881101432,0.6587745119339801,2018,H
3323,0.331583920602665,0.2726512919403318,0.3957647874570033,2018,A
3324,0.6519423133965035,0.2078187758177364,0.14023891078575987,2018,A
3325,0.28909780501149107,0.27610365479162297,0.43479854019688596,2018,D
3326,0.4819447933176122,0.25423733492376543,0.2638178717586226,2018,D
3327,0.46625068571101,0.24667354409501324,0.28707577019397656,2018,A
3328,0.40768734714010735,0.24638214581107767,0.3459305070488153,2018,H
3329,0.3263243455703904,0.2405943507848621,0.4330813036447475,2018,H
3330,0.1880778765067119,0.2649948677391982,0.5469272557540902,2018,H
3331,0.27610388899719374,0.2519115628095734,0.47198454819323266,2018,A
3332,0.4227647301554062,0.24967652744079924,0.32755874240379457,2018,H
3333,0.2664784574946886,0.28108339503332996,0.45243814747198174,2018,A
3334,0.2853779541699092,0.30494925341434403,0.4096727924157467,2018,H
3335,0.09608985670088431,0.18815027343047996,0.7157598698686356,2018,H
3336,0.32813173927638806,0.29875221760249404,0.37311604312111796,2018,H
3337,0.16375863303726468,0.22056474595760925,0.6156766210051257,2018,D
3338,0.10880036627821038,0.18093329465887892,0.7102663390629107,2018,H
3339,0.4629403513223702,0.2454358160693665,0.2916238326082633,2018,D
3340,0.4313249066427611,0.24388740787083793,0.32478768548640147,2018,A
3341,0.2645503169721995,0.27938030276851067,0.4560693802592903,2018,H
3342,0.5793764075574966,0.21679734319322264,0.2038262492492809,2018,H
3343,0.6408754726845187,0.2220184059328056,0.13710612138267564,2018,A
3344,0.28694813498877053,0.29149810927981784,0.4215537557314115,2018,A
3345,0.12993881433256893,0.19218468509199352,0.6778765005754371,2018,H
3346,0.20354447736539755,0.262172575529161,0.5342829471054413,2018,H
3347,0.6280465962586859,0.23699933550757554,0.1349540682337386,2018,A
3348,0.20787302444616348,0.24775368178709845,0.544373293766738,2018,H
3349,0.2604549844842493,0.2728259462795624,0.4667190692361881,2018,A
3350,0.31953765765900566,0.2682877065339519,0.4121746358070426,2018,H
3351,0.43152042532262125,0.25244574545841575,0.31603382921896306,2018,A
3352,0.17183160105930972,0.1963266152938732,0.631841783646817,2018,H
3353,0.30665565666638994,0.20380481248008425,0.48953953085352564,2018,H
3354,0.244889529763777,0.27904509296473834,0.4760653772714851,2018,H
3355,0.36089972438492013,0.2909422113120837,0.3481580643029963,2018,H
3356,0.2129031349735829,0.22222915529443157,0.5648677097319854,2018,H
3357,0.0907754397481601,0.19621317588279275,0.713011384369047,2018,H
3358,0.12782886213566733,0.180570043886532,0.6916010939778005,2018,H
3359,0.5772901643019817,0.2379631937948248,0.18474664190319345,2018,A
3360,0.2926218699778857,0.27321768796643764,0.4341604420556768,2018,A
3361,0.4372994620301583,0.2690164543443089,0.29368408362553294,2018,A
3362,0.22367947416591563,0.25654946536803086,0.5197710604660536,2018,A
3363,0.4745503799686615,0.2545443157570054,0.27090530427433296,2018,H
3364,0.09004395083172936,0.18133055894029387,0.7286254902279768,2018,H
3365,0.14628429841865567,0.1599242994943251,0.6937914020870195,2018,A
3366,0.3109985026269923,0.26539236040727826,0.4236091369657295,2018,H
3367,0.10083913206634737,0.1821204821583425,0.7170403857753099,2018,H
3368,0.10809607983099438,0.19485173906028838,0.6970521811087168,2018,H
3369,0.2513032187138255,0.2585373251802353,0.49015945610593886,2018,H
3370,0.42201308135301824,0.272182427898102,0.30580449074887983,2018,H
3371,0.24294530738267858,0.28304531770134606,0.47400937491597567,2018,A
3372,0.5900196408914834,0.24071711945383104,0.1692632396546859,2018,A
3373,0.2263408623540431,0.26443640252824313,0.5092227351177138,2018,H
3374,0.40362819417952833,0.30553748730871294,0.29083431851175884,2018,A
3375,0.25433411826238644,0.2978552676628473,0.44781061407476636,2018,A
3376,0.47872455444030915,0.24966391632302443,0.27161152923666665,2018,D
3377,0.2264767479249026,0.2755748410050258,0.4979484110700714,2018,H
3378,0.23700147258803064,0.26113036377167076,0.5018681636402987,2018,D
3379,0.2862867970158713,0.29934279004965736,0.41437041293447174,2018,A
3380,0.19804690029517924,0.24043556558429002,0.5615175341205304,2018,H
3381,0.243611756010937,0.2549717262663726,0.5014165177226905,2018,A
3382,0.13484604029195496,0.1969792984446909,0.6681746612633543,2018,A
3383,0.6605338368737463,0.19560342077058135,0.14386274235567245,2018,A
3384,0.3796347092140644,0.2644614401077193,0.35590385067821606,2018,H
3385,0.16365125912112877,0.21949476633530463,0.6168539745435662,2018,D
3386,0.11742100829330873,0.195420258657788,0.6871587330489034,2018,H
3387,0.23870987259833346,0.2839969284596507,0.4772931989420157,2018,D
3388,0.5569768498118782,0.2740361127831599,0.16898703740496182,2018,A
3389,0.4187186116541155,0.2633654025817346,0.3179159857641501,2018,H
3390,0.09842154562598437,0.16215580285799938,0.7394226515160162,2018,H
3391,0.2684393128663989,0.28863735659993517,0.44292333053366617,2018,D
3392,0.2939495141372003,0.22176488609855022,0.4842855997642493,2018,A
3393,0.11877042945512148,0.18491887628718587,0.6963106942576927,2018,A
3394,0.38331239268043454,0.28828986555147823,0.32839774176808717,2018,D
3395,0.2547570592682808,0.2799419711749546,0.4653009695567647,2018,H
3396,0.4827977705531905,0.24802427716484463,0.2691779522819654,2018,D
3397,0.5472172237303748,0.2528587006646389,0.19992407560498626,2018,A
3398,0.3007760705206906,0.26934677788332684,0.4298771515959827,2018,H
3399,0.45229990577245793,0.27392651724000106,0.2737735769875415,2018,D
3400,0.16535091493045706,0.27192054533368715,0.5627285397358556,2018,H
3401,0.27767735239099833,0.29103731806086325,0.4312853295481387,2018,A
3402,0.502990321217673,0.2728323138449129,0.22417736493741405,2018,A
3403,0.15209173327587772,0.20722782913075866,0.6406804375933636,2018,H
3404,0.5428677143376006,0.23353088949299688,0.22360139616940264,2018,H
3405,0.29138441037876656,0.2785633749900172,0.4300522146312163,2018,H
3406,0.18241186251382707,0.27469700736646996,0.5428911301197032,2018,D
3407,0.10459909899758575,0.16883853439856802,0.7265623666038461,2018,H
3408,0.3179555484702905,0.30305210199412547,0.378992349535584,2018,D
3409,0.20822145297910732,0.24672734937431723,0.5450511976465753,2018,H
3410,0.23954382627329465,0.23915394199010195,0.5213022317366032,2018,D
3411,0.2784540655518862,0.2782465356204311,0.4432993988276825,2018,A
3412,0.3746967300728688,0.24666207313823119,0.3786411967889002,2018,D
3413,0.19836275679704077,0.2151386032080719,0.5864986399948873,2018,H
3414,0.1734354109415581,0.2383696650323242,0.5881949240261176,2018,A
3415,0.35793778049909153,0.2624144860378434,0.37964773346306474,2018,A
3416,0.38019538228558986,0.2548396506160632,0.36496496709834725,2018,D
3417,0.6808270076926575,0.17939183589674024,0.1397811564106024,2018,A
3418,0.28613979045368365,0.27114798802833073,0.44271222151798567,2018,H
3419,0.41279415023989224,0.24772866914810432,0.3394771806120032,2018,A
3420,0.1990517354659459,0.1874893463623361,0.6134589181717183,2019,H
3421,0.25648448830367715,0.2486187844421722,0.4948967272541511,2019,A
3422,0.46106639263468535,0.2468713779900388,0.29206222937527554,2019,D
3423,0.206070324832045,0.2317541854446893,0.5621754897232659,2019,H
3425,0.48935621544238245,0.24343689356139592,0.2672068909962217,2019,A
3426,0.3486900487025745,0.2797637139586835,0.3715462373387423,2019,H
3427,0.3729524246914358,0.2482324773428948,0.3788150979656693,2019,D
3428,0.3230792201126551,0.23947409335286376,0.43744668653448143,2019,A
3429,0.3454712037917701,0.26217263541413965,0.39235616079409025,2019,H
3430,0.21984647932254692,0.2519715592765595,0.5281819614008938,2019,H
3431,0.3344621647394829,0.2785183554717699,0.3870194797887473,2019,A
3432,0.24557513951438747,0.31869470920878135,0.43573015127683157,2019,D
3433,0.1787842135959964,0.21242524227124218,0.6087905441327615,2019,H
3434,0.31559896720950725,0.28268995316469797,0.4017110796257948,2019,H
3435,0.5778114441296762,0.21692889488987344,0.20525966098045,2019,A
3436,0.13028026549863164,0.1611507857455287,0.7085689487558392,2019,D
3438,0.24762763379167627,0.26124823354281385,0.49112413266550947,2019,D
3439,0.3475370440229903,0.2456404917950019,0.40682246418200774,2019,D
3440,0.5643342409264249,0.2094259011414188,0.22623985793215634,2019,H
3441,0.18726475759117847,0.17936782169668192,0.6333674207121394,2019,H
3442,0.3156390377287326,0.27205611811576697,0.4123048441555006,2019,A
3444,0.1263573031071963,0.18723508884133103,0.6864076080514727,2019,A
3445,0.23761068189260967,0.2717470578095516,0.49064226029783875,2019,A
3446,0.41398597248548663,0.2562164613946912,0.32979756611982197,2019,A
3447,0.6195512610262834,0.20295390172221878,0.17749483725149798,2019,A
3448,0.16232716509959627,0.24008903203565868,0.5975838028647457,2019,A
3449,0.24606565936535627,0.2525979816202463,0.5013363590143972,2019,D
3450,0.28613640076236335,0.25374461774285845,0.4601189814947784,2019,D
3451,0.5683195314822028,0.23558016867708392,0.19610029984071342,2019,A
3452,0.07623545688377403,0.12763892179886205,0.7961256213173636,2019,H
3453,0.2651507413710044,0.26399730169693525,0.4708519569320606,2019,H
3454,0.24451782042107928,0.2590271520262897,0.4964550275526312,2019,H
3455,0.4945766650367707,0.22587513306777116,0.27954820189545837,2019,D
3456,0.2081909471597218,0.24317897788771087,0.5486300749525674,2019,H
3458,0.23024436415033694,0.24845461664190435,0.521301019207759,2019,H
3459,0.1833922199736688,0.2165209151328216,0.6000868648935098,2019,D
3461,0.37604670643785953,0.2537515086705831,0.3702017848915577,2019,H
3462,0.45126916745144013,0.2361192660034206,0.31261156654513933,2019,A
3463,0.08024419417573403,0.12701628719156707,0.7927395186326993,2019,H
3464,0.29228910687677717,0.2775169614742575,0.4301939316489653,2019,D
3465,0.25533538461532995,0.24040689108724472,0.5042577242974253,2019,H
3466,0.686155078325746,0.186159123526367,0.12768579814788697,2019,H
3467,0.37641654692738996,0.25588718614207945,0.36769626693053065,2019,D
3468,0.443054289607796,0.2417456507570734,0.31520005963513004,2019,H
3469,0.3922505497367618,0.26145907185000006,0.34629037841323873,2019,D
3470,0.2918982691612177,0.2705526022166469,0.43754912862213546,2019,A
3471,0.31421204290717647,0.2537998958968114,0.43198806119601196,2019,H
3472,0.2635427433890799,0.286208101535111,0.45024915507580965,2019,H
3473,0.29359117692744946,0.2554723464144421,0.45093647665810827,2019,A
3474,0.1391214162430788,0.17761395899815732,0.6832646247587643,2019,H
3475,0.3028540118304964,0.28582991067793545,0.41131607749156784,2019,D
3476,0.2546501440260679,0.27137661101908916,0.4739732449548434,2019,D
3477,0.4044897892273675,0.25849913503826716,0.3370110757343655,2019,H
3478,0.20905095179164992,0.2515225716650129,0.5394264765433373,2019,H
3479,0.3740397745628447,0.30468678749687894,0.32127343794027674,2019,A
3480,0.23491223051715246,0.27467981371529954,0.4904079557675488,2019,H
3481,0.29188213362617527,0.24632327566315496,0.46179459071067,2019,H
3482,0.2499654338011052,0.2795899628751395,0.47044460332375565,2019,H
3483,0.5148799809944173,0.25448441216894396,0.23063560683663892,2019,A
3484,0.19930788339541813,0.20874568109349678,0.5919464355110853,2019,H
3485,0.3659440139997827,0.25998981195286924,0.3740661740473489,2019,D
3486,0.2810169278253586,0.2769720193378112,0.4420110528368304,2019,D
3487,0.5771835139089361,0.22063138655349185,0.20218509953757235,2019,A
3488,0.1394934397495838,0.18981707324324007,0.6706894870071761,2019,H
3489,0.3449977356398677,0.25049384451979323,0.4045084198403391,2019,D
3490,0.14080951960401233,0.19331070631047054,0.6658797740855172,2019,A
3491,0.3180374860304698,0.2938940356257245,0.38806847834380553,2019,A
3492,0.24934478432724524,0.2708182603638712,0.47983695530888354,2019,D
3493,0.3717183388487493,0.24428569167443898,0.3839959694768113,2019,H
3494,0.20701979892842887,0.22312468780091207,0.5698555132706589,2019,H
3495,0.3850617445679238,0.25727968111257676,0.3576585743194994,2019,H
3496,0.13741767617392028,0.2367348134522316,0.6258475103738487,2019,H
3497,0.07611595033446353,0.13980007819205767,0.7840839714734794,2019,A
3498,0.5042477128024808,0.2314526906622504,0.2642995965352681,2019,A
3499,0.4280051149824532,0.2414216678701131,0.33057321714743393,2019,H
3500,0.41112863202240013,0.2607806294894286,0.3280907384881718,2019,A
3501,0.2751679998045238,0.26202740649057427,0.4628045937049026,2019,D
3502,0.27932174822790634,0.26068070042577546,0.45999755134631853,2019,D
3503,0.18480355798906525,0.2159297118554237,0.5992667301555109,2019,H
3504,0.0805724753933218,0.14491227378397392,0.7745152508227039,2019,H
3505,0.2569639356345869,0.2598103228002965,0.4832257415651172,2019,D
3506,0.2366772625581847,0.264320206996292,0.4990025304455241,2019,H
3507,0.41994179662125014,0.24314490321708207,0.33691330016166765,2019,H
3508,0.5523067009030552,0.24514016180661607,0.20255313729032898,2019,D
3509,0.44716965128855873,0.24717115029958786,0.30565919841185396,2019,H
3510,0.38361066787731773,0.25026342199096435,0.36612591013171825,2019,A
3511,0.27093386477069836,0.28162096741397613,0.44744516781532506,2019,D
3512,0.35325772954525997,0.25200894237189947,0.39473332808284056,2019,H
3513,0.28779202815735216,0.2911325854837383,0.4210753863589094,2019,D
3514,0.15591634373052699,0.2110028728886018,0.6330807833808713,2019,H
3515,0.5807214625123935,0.2196313627708736,0.1996471747167326,2019,A
3516,0.29223943351468373,0.284387044811379,0.4233735216739376,2019,D
3517,0.21772673104763968,0.25714263866901715,0.5251306302833433,2019,D
3518,0.08995568174177399,0.13388400770753017,0.7761603105506957,2019,H
3519,0.3581273001493287,0.268967099600205,0.37290560025046593,2019,A
3520,0.27940893393845934,0.2689289862589228,0.4516620798026185,2019,H
3521,0.6391599920380441,0.19438230031715115,0.16645770764480486,2019,A
3522,0.09998699508223213,0.1535487578873332,0.7464642470304352,2019,H
3523,0.23131865049437356,0.266286979901889,0.5023943696037376,2019,A
3524,0.5063428429475922,0.22240247686134929,0.2712546801910585,2019,A
3525,0.45935001139350257,0.22490475534148843,0.315745233265009,2019,H
3526,0.25185507523937684,0.25540924750632577,0.4927356772542978,2019,H
3527,0.14958734163509627,0.20994154748669108,0.6404711108782126,2019,D
3528,0.5284045419398408,0.2364147759754891,0.23518068208467036,2019,A
3529,0.23096418693958323,0.25606071751932025,0.5129750955410965,2019,D
3530,0.2975436720061627,0.2921191347102723,0.4103371932835649,2019,A
3531,0.41794823410395515,0.24537610110123104,0.33667566479481387,2019,A
3532,0.3747208916330891,0.2716375113217579,0.3536415970451533,2019,D
3533,0.14747550914640015,0.19935950426336257,0.6531649865902374,2019,H
3534,0.07410799369934432,0.15063274813461047,0.7752592581660458,2019,H
3535,0.29964409161563205,0.270563959317494,0.4297919490668741,2019,H
3536,0.3380301088691525,0.2675082103582165,0.39446168077263094,2019,H
3537,0.2061427412895404,0.28574714656767136,0.5081101121427881,2019,H
3538,0.3172071622517747,0.24272408870218481,0.440068749046041,2019,H
3539,0.2705532533895622,0.2642527773633356,0.4651939692471024,2019,H
3540,0.26259710750986065,0.2759662762017798,0.4614366162883593,2019,A
3541,0.17146430116925024,0.23116078072579202,0.5973749181049574,2019,D
3542,0.30632718575304896,0.27198142389870505,0.4216913903482464,2019,A
3543,0.5759345812784374,0.22574274696795235,0.19832267175361043,2019,A
3544,0.6468047696471234,0.19568126568955788,0.15751396466331913,2019,A
3545,0.1900790952545989,0.22489557318316533,0.5850253315622359,2019,A
3546,0.3088547463016182,0.27286396584430006,0.41828128785408175,2019,A
3547,0.19654794927472768,0.36490212608410894,0.4385499246411634,2019,H
3548,0.3941046927507735,0.25623673313466927,0.34965857411455736,2019,D
3549,0.27177207837295175,0.26139201863271155,0.4668359029943371,2019,H
3550,0.6152668720983084,0.21588939425190698,0.16884373364978467,2019,D
3551,0.19918310741107187,0.2588708885384985,0.5419460040504299,2019,A
3552,0.07784717667004877,0.17476432313397056,0.7473885001959814,2019,A
3553,0.07842367396108285,0.127487034055031,0.7940892919838867,2019,H
3554,0.25577885179690135,0.24702334070434795,0.4971978074987506,2019,H
3555,0.2868928294362015,0.29634657359224414,0.4167605969715542,2019,H
3556,0.3373011845332305,0.2551440714656516,0.40755474400111796,2019,D
3557,0.16300022443489884,0.21332981120203393,0.6236699643630667,2019,D
3558,0.1298754753493469,0.21798446183511253,0.6521400628155405,2019,H
3559,0.1960607617091006,0.22539094424286532,0.5785482940480339,2019,D
3560,0.5565712653363003,0.2234132059219604,0.22001552874173935,2019,A
3561,0.28741613643795505,0.2715327242969669,0.4410511392650779,2019,H
3562,0.09152877144560412,0.150948578543096,0.7575226500113004,2019,H
3563,0.08269561635454493,0.1659166188623216,0.7513877647831338,2019,H
3564,0.25004363596966367,0.24572096678347943,0.5042353972468571,2019,H
3565,0.31204963819517234,0.275294956067499,0.4126554057373289,2019,H
3566,0.11250189381867946,0.18900789147521968,0.698490214706101,2019,H
3567,0.12759479029452014,0.14496530798073218,0.7274399017247475,2019,H
3568,0.2531484102095791,0.2667582033708877,0.48009338641953364,2019,A
3569,0.2568997837361077,0.27827708028788367,0.464823135976009,2019,A
3570,0.6093470149752516,0.20051010045522194,0.19014288456952677,2019,A
3571,0.1429551619107765,0.21777777016628286,0.6392670679229409,2019,A
3572,0.5284462313865825,0.2358488826362916,0.23570488597712533,2019,H
3573,0.26355368378215355,0.2610628651400939,0.4753834510777525,2019,H
3574,0.32817247394693033,0.2699953562725822,0.4018321697804877,2019,D
3575,0.6659187200458215,0.19182389661405733,0.14225738334012145,2019,A
3576,0.26584950080394704,0.28000691252407883,0.45414358667197396,2019,H
3577,0.3555457907611299,0.2628297534029237,0.3816244558359469,2019,A
3578,0.5220642203172141,0.24373501027928188,0.23420076940350437,2019,D
3579,0.3127270014069854,0.2717310456843117,0.41554195290870266,2019,A
3580,0.2578656755381394,0.2676774385703594,0.47445688589150153,2019,H
3581,0.08667842962389855,0.14941350237867965,0.7639080679974216,2019,D
3582,0.22054024134843367,0.2577017604273664,0.5217579982242003,2019,A
3583,0.3099919532926505,0.2873701009207249,0.40263794578662454,2019,H
3584,0.09961031816191823,0.1330563692730084,0.7673333125650733,2019,H
3585,0.08910951330890533,0.18799359341293173,0.7228968932781632,2019,A
3586,0.15339019755671385,0.19387261788552554,0.6527371845577608,2019,D
3587,0.1797627413361999,0.23976500040728152,0.5804722582565186,2019,A
3588,0.6082876794248601,0.1990124593607046,0.19269986121443514,2019,A
3589,0.287345599811212,0.2771612396772253,0.4354931605115631,2019,D
3590,0.2815027107701557,0.2867227233234788,0.43177456590636537,2019,A
3591,0.18970435167748967,0.33716303098931666,0.473132617333194,2019,H
3592,0.4622807883653499,0.23249283826900702,0.3052263733656433,2019,A
3593,0.39629059081450946,0.2505025785472832,0.3532068306382075,2019,A
3594,0.2996963150841177,0.269153040516845,0.4311506443990375,2019,D
3595,0.3493146726581846,0.26271358237446096,0.3879717449673548,2019,A
3596,0.28544188503456547,0.26867334600995424,0.4458847689554803,2019,H
3597,0.4081707748218145,0.23898788345076558,0.35284134172742015,2019,H
3598,0.3749030066630977,0.25101257839632957,0.3740844149405732,2019,A
3599,0.15417304583238967,0.21988394479712436,0.6259430093704864,2019,D
3600,0.31447918623449334,0.2418758266609425,0.4436449871045637,2019,H
3601,0.19498924081948035,0.2429098562721307,0.5621009029083891,2019,H
3602,0.11761678050614892,0.1891525913261445,0.6932306281677072,2019,A
3603,0.2654341955121156,0.2714195789075402,0.46314622558034485,2019,H
3604,0.27480492035935283,0.282246359563198,0.4429487200774493,2019,H
3605,0.25104681948223206,0.2472407170194212,0.5017124634983464,2019,H
3606,0.3106122792343224,0.26293875368597563,0.4264489670797021,2019,D
3607,0.39325053281419786,0.260230713937661,0.3465187532481418,2019,A
3608,0.4531817485885542,0.2657822315608969,0.28103601985054927,2019,H
3609,0.2402181672372534,0.26555976758194416,0.49422206518080264,2019,H
3610,0.296620595985079,0.29009793606152146,0.4132814679533991,2019,A
3611,0.27481011750633605,0.25482389355061047,0.4703659889430536,2019,D
3612,0.2793075533936463,0.27454383115593994,0.44614861545041384,2019,H
3613,0.3933937512655116,0.28887690037257097,0.3177293483619171,2019,D
3614,0.4335801379528917,0.24908330579312601,0.3173365562539828,2019,A
3615,0.44876566720831734,0.24806887285859594,0.3031654599330865,2019,A
3616,0.49847112813033867,0.22630524947183248,0.2752236223978288,2019,A
3617,0.16671214462419123,0.24557707060012796,0.5877107847756805,2019,H
3618,0.15178406612228304,0.1870442086452515,0.6611717252324659,2019,H
3619,0.44754507747754585,0.2374674984730569,0.3149874240493973,2019,D
3620,0.27385986660948175,0.2637905962356602,0.4623495371548581,2019,A
3621,0.45614799785669435,0.2562610143215365,0.28759098782176934,2019,A
3622,0.4105381109018329,0.2624312925746873,0.3270305965234801,2019,H
3623,0.4795539797263467,0.2422405558266722,0.2782054644469814,2019,H
3624,0.11831673092190774,0.18176073879615656,0.6999225302819364,2019,H
3625,0.2744327527130668,0.28457548044670905,0.44099176684022423,2019,D
3626,0.24724008495295405,0.2705887462479246,0.48217116879912164,2019,H
3627,0.5058189093109586,0.2286390960743489,0.2655419946146923,2019,H
3628,0.12801215807496202,0.16818877807524513,0.703799063849793,2019,H
3629,0.3404347958782644,0.2563526852725435,0.40321251884919174,2019,H
3630,0.5441793942177123,0.26890330994620576,0.18691729583608233,2019,A
3631,0.157672582873547,0.23250494951112904,0.609822467615324,2019,D
3632,0.08861852130412547,0.163043468413321,0.7483380102825535,2019,H
3633,0.16840955880098535,0.19635121190568416,0.6352392292933309,2019,A
3634,0.3172526220507845,0.265292416451176,0.4174549614980392,2019,H
3635,0.2645381457825076,0.27202861165522857,0.46343324256226365,2019,D
3636,0.13790058741614578,0.186816531423438,0.6752828811604162,2019,H
3637,0.2911696445990261,0.2898838297786215,0.4189465256223526,2019,A
3638,0.6260505607578191,0.21013698089332608,0.16381245834885497,2019,A
3639,0.3633312426742323,0.2742481016264008,0.362420655699367,2019,D
3640,0.3388438565953965,0.21324570110871593,0.447910442295888,2019,A
3641,0.2398301185221738,0.25496597456886716,0.5052039069089591,2019,H
3642,0.5394632364457741,0.2187215269987521,0.24181523655547368,2019,H
3643,0.26138840695710563,0.2638749831698726,0.474736609873022,2019,D
3644,0.32694417581001145,0.2676118920688067,0.40544393212118207,2019,D
3645,0.08842737485563522,0.13765058708445244,0.7739220380599119,2019,D
3646,0.35589962354566285,0.24910353138499705,0.3949968450693402,2019,D
3647,0.3897263431185369,0.2835651374097657,0.3267085194716975,2019,H
3648,0.21714368023912087,0.22189779484856959,0.5609585249123097,2019,H
3649,0.3303795189964556,0.2922725491159383,0.37734793188760585,2019,H
3650,0.31100831094806947,0.2955114782853997,0.39348021076653067,2019,H
3651,0.42578621659482224,0.24871774321510476,0.3254960401900731,2019,A
3652,0.17192702952855612,0.2096021863577969,0.6184707841136471,2019,D
3653,0.4852975935415328,0.25552627994430493,0.2591761265141626,2019,A
3654,0.12848102097970904,0.19600352349793396,0.6755154555223573,2019,D
3655,0.2220001358272663,0.2508543999858246,0.5271454641869093,2019,H
3656,0.18142537881904208,0.24423713232934874,0.5743374888516093,2019,H
3657,0.09536082709763884,0.15148013995925655,0.7531590329431045,2019,A
3658,0.4653380179683206,0.2662622157285318,0.2683997663031479,2019,A
3659,0.619312148166647,0.20013372117720593,0.18055413065614698,2019,A
3660,0.27873617802462824,0.256107353955328,0.46515646802004296,2019,D
3661,0.30338371767011263,0.2808863522768446,0.4157299300530427,2019,H
3662,0.29386315648125305,0.27380404606432657,0.4323327974544205,2019,A
3663,0.18816177409765153,0.19907586142664654,0.6127623644757016,2019,H
3664,0.2858034105691433,0.274754984721455,0.439441604709402,2019,D
3665,0.3306322196195779,0.25699947836285836,0.4123683020175639,2019,A
3666,0.3386653013983149,0.27294542595829613,0.38838927264338885,2019,D
3667,0.18825255002643948,0.20281753674525085,0.6089299132283098,2019,D
3668,0.3095910558875201,0.2637633889852737,0.42664555512720626,2019,D
3669,0.5442232806104045,0.2408626875306283,0.2149140318589672,2019,H
3670,0.23101514252691935,0.2572137697359431,0.5117710877371378,2019,D
3671,0.207283274005061,0.24009465663356372,0.5526220693613755,2019,H
3672,0.1855246060671652,0.22404989816080925,0.5904254957720263,2019,H
3673,0.4276660690900927,0.25975130233169685,0.3125826285782107,2019,D
3674,0.18038287634308292,0.2397444561623626,0.5798726674945545,2019,A
3675,0.5632725689953242,0.2237969079546524,0.21293052305002388,2019,A
3676,0.3868064018025316,0.2589155492656865,0.3542780489317817,2019,A
3677,0.24228808712460556,0.25583510601813114,0.5018768068572639,2019,H
3678,0.1656341035987211,0.21925140533919396,0.6151144910620854,2019,A
3679,0.07425839446171043,0.1310269747158043,0.7947146308224852,2019,H
3680,0.2353478544677883,0.2227985640676405,0.5418535814645711,2019,D
3681,0.19930804536410832,0.22455412284512274,0.5761378317907687,2019,H
3682,0.5046893612790828,0.27883668827567054,0.21647395044524664,2019,A
3683,0.28899992867668806,0.2848193713721886,0.42618069995112345,2019,H
3684,0.24825061169429244,0.2641017950535107,0.487647593252197,2019,H
3685,0.20255556738663824,0.21265587021852803,0.5847885623948337,2019,H
3686,0.16369301654057888,0.20045390381837655,0.6358530796410451,2019,H
3687,0.2405388076656699,0.2539140638602926,0.5055471284740376,2019,H
3688,0.4473549697395184,0.2577362115212701,0.29490881873921115,2019,H
3689,0.07403579968233212,0.12239852220840974,0.8035656781092585,2019,H
3690,0.40288128297452913,0.2628728218680778,0.33424589515739334,2019,H
3691,0.3515655692009092,0.28106354443814197,0.36737088636094883,2019,D
3692,0.5004689395112651,0.23039391510365528,0.26913714538508016,2019,D
3693,0.24663181350074598,0.26275022660344155,0.49061795989581236,2019,A
3694,0.51056098619471,0.2278730366257152,0.2615659771795746,2019,H
3695,0.6141136044322001,0.20745950965707347,0.17842688591072645,2019,H
3696,0.318604253971839,0.26367943578713726,0.41771631024102385,2019,D
3697,0.23853791865015672,0.2268035460871729,0.5346585352626706,2019,A
3698,0.18862113684051635,0.2539996036994027,0.5573792594600806,2019,A
3699,0.22474465845250122,0.21974928263430382,0.5555060589131944,2019,D
3700,0.34199543513701786,0.2606108902980226,0.39739367456496005,2019,D
3701,0.07478938278943706,0.13889063556802836,0.7863199816425349,2019,H
3702,0.2544053036140727,0.26512155785779357,0.4804731385281341,2019,H
3703,0.27768615388527673,0.2737087034945153,0.44860514262020773,2019,H
3704,0.24076928431449068,0.26373301928046616,0.49549769640504315,2019,H
3705,0.3402852060203391,0.29596027079702514,0.3637545231826357,2019,H
3706,0.22881844502607213,0.25079910089222457,0.5203824540817036,2019,H
3707,0.173295418053107,0.21304719571066041,0.6136573862362331,2019,H
3708,0.3557992312204161,0.2752358457719456,0.36896492300763784,2019,D
3709,0.12599695466938343,0.19820068383447226,0.6758023614961448,2019,H
3710,0.3385253194641377,0.2521428435625495,0.4093318369733129,2019,A
3711,0.43923421562393244,0.26391379607128745,0.2968519883047807,2019,D
3712,0.3988992700212431,0.25266799966032727,0.34843273031842975,2019,D
3713,0.28282926733902547,0.26765482523411493,0.44951590742685954,2019,H
3714,0.4610277196183406,0.250053840806898,0.28891843957476143,2019,A
3715,0.358187429423071,0.2696156054559766,0.37219696512095224,2019,A
3716,0.5391832399091203,0.24531233633162608,0.2155044237592541,2019,D
3717,0.6105223437818666,0.1893641550468807,0.20011350117125268,2019,A
3718,0.2988920409722822,0.29813604443330854,0.4029719145944096,2019,H
3719,0.11174526191700031,0.1576815856213557,0.7305731524616439,2019,H
3720,0.17323106421102158,0.21417784108627572,0.6125910947027023,2019,D
3721,0.23682843359829114,0.26678914650804897,0.4963824198936602,2019,H
3722,0.17064254177969812,0.217834672617174,0.6115227856031286,2019,H
3723,0.22989380766845674,0.27060759322441835,0.49949859910712535,2019,D
3724,0.30879786386232305,0.2799837719592292,0.4112183641784478,2019,A
3725,0.10540331243564134,0.16742362085182777,0.727173066712531,2019,H
3726,0.12448283813019988,0.17470973481666785,0.7008074270531326,2019,H
3727,0.2092195434116067,0.3810186889530616,0.409761767635332,2019,H
3728,0.22842246833255073,0.2699956546975484,0.501581876969901,2019,A
3729,0.24664713597095478,0.28369069088017634,0.4696621731488693,2019,H
3730,0.5680214875876041,0.22648120283582174,0.20549730957657428,2019,A
3731,0.3744865904343584,0.2613078276181908,0.36420558194745084,2019,A
3732,0.30846158571004617,0.2582333064079769,0.4333051078819772,2019,A
3733,0.5271443559570035,0.2268422653482512,0.24601337869474565,2019,A
3734,0.22662538663261814,0.24230369302971155,0.5310709203376701,2019,H
3735,0.3482388905364982,0.2890684367581428,0.36269267270535904,2019,A
3736,0.38787095930350124,0.25510600821846735,0.3570230324780316,2019,H
3737,0.5982039103252236,0.21217220418914523,0.1896238854856312,2019,H
3738,0.24197378088772362,0.28006041423255534,0.4779658048797208,2019,H
3739,0.30319816018845147,0.26622205326357057,0.4305797865479781,2019,H
3740,0.2906767346922974,0.2936246487321478,0.4156986165755545,2019,A
3741,0.15978878715174452,0.2257169214414526,0.6144942914068029,2019,H
3742,0.12564192938734606,0.17135687781931142,0.7030011927933424,2019,H
3743,0.18995786208701687,0.2256587080640552,0.5843834298489278,2019,A
3744,0.11296761268279175,0.1559486672534649,0.7310837200637436,2019,H
3745,0.259534417234306,0.25929797874855504,0.48116760401713926,2019,D
3746,0.18992065447548095,0.2325427163287501,0.5775366291957692,2019,D
3747,0.10825720030622618,0.16945582926373612,0.7222869704300375,2019,H
3748,0.5478131787590226,0.22086716637498754,0.23131965486598985,2019,H
3749,0.2620002074403294,0.26171916477544377,0.47628062778422675,2019,H
3750,0.5995359135201409,0.22333540568138388,0.17712868079847474,2019,A
3751,0.26191341177005456,0.26140620890051913,0.47668037932942675,2019,H
3752,0.3680615667641143,0.22984469458922605,0.4020937386466604,2019,D
3753,0.1316122241160771,0.2174998227575654,0.6508879531263583,2019,H
3754,0.3939276882211662,0.25785032573027045,0.3482219860485637,2019,H
3755,0.32800909401902634,0.28747550577999087,0.38451540020098257,2019,A
3756,0.5386717568016668,0.22642599831182897,0.234902244886504,2019,A
3757,0.3835976289405073,0.2517724275840172,0.36462994347547506,2019,D
3758,0.30645571404810346,0.29370200932661333,0.399842276625283,2019,D
3759,0.5784657740876591,0.21709291617962378,0.20444130973271712,2019,A
3760,0.13015585526371798,0.1572253778464361,0.7126187668898462,2019,D
3761,0.3150747437730569,0.2689794194213,0.4159458368056432,2019,A
3762,0.6264862722856082,0.19603129796053229,0.1774824297538592,2019,A
3763,0.2931062035371424,0.28186477656457043,0.42502901989828723,2019,H
3764,0.4314487792958541,0.2813567664934004,0.2871944542107454,2019,H
3765,0.21372685564909247,0.24345689151075964,0.5428162528401483,2019,H
3766,0.27968359191658315,0.27243440228084137,0.44788200580257537,2019,H
3767,0.4237509645807051,0.2586599658794594,0.31758906953983584,2019,H
3768,0.4045820741970278,0.24474640218577828,0.3506715236171939,2019,H
3769,0.1229092878819543,0.18376170926368093,0.6933290028543649,2019,D
3770,0.08737797798998737,0.1671372481071807,0.7454847739028316,2019,H
3771,0.38603307367849604,0.2913242507352789,0.3226426755862251,2019,D
3772,0.07282869290070107,0.14973741603439505,0.7774338910649042,2019,H
3773,0.41730045353449563,0.24639285280627363,0.3363066936592307,2019,A
3774,0.45556791018255455,0.2673162603331516,0.2771158294842943,2019,H
3775,0.605405811818008,0.20978349905627533,0.18481068912571694,2019,A
3776,0.23262763745836781,0.2572342917795434,0.5101380707620887,2019,D
3777,0.22606206959013972,0.23623766572585744,0.5377002646840033,2019,H
3778,0.31461958868327605,0.26430509242021516,0.4210753188965086,2019,D
3779,0.22636337535468307,0.23854438716801504,0.535092237477302,2019,H
3780,0.3229378595683378,0.2972327332214738,0.37982940721018854,2019,A
3781,0.32043374228277244,0.2760030313445809,0.40356322637264663,2019,A
3782,0.3637008371072834,0.2502596978870628,0.3860394650056541,2019,H
3783,0.3092137350653121,0.27298821830670317,0.41779804662798475,2019,D
3784,0.24747184779426423,0.260470088805321,0.4920580634004152,2019,A
3785,0.16222212347240905,0.21419398759880753,0.6235838889287834,2019,H
3786,0.6344991680638216,0.20048683366902822,0.1650139982671498,2019,A
3787,0.36685836735613336,0.2843120872821753,0.34882954536169164,2019,H
3788,0.2009694124551075,0.29535176333475854,0.5036788242101335,2019,H
3789,0.17849793066407227,0.22228556821818635,0.5992165011177412,2019,D
3790,0.2781756843884333,0.23261259239803497,0.48921172321353174,2019,H
3791,0.600670643297276,0.20403367397555314,0.1952956827271701,2019,A
3792,0.08185525355461686,0.16544846739659416,0.7526962790487889,2019,H
3793,0.32763113257204196,0.2708589866960829,0.401509880731875,2019,A
3794,0.22690106161784207,0.22221005252876982,0.5508888858533878,2019,D
3795,0.41377898357675014,0.2815884099626974,0.3046326064605528,2019,D
3796,0.16889469483149952,0.2162808500349175,0.6148244551335832,2019,H
3797,0.2408457742116793,0.2515508584922789,0.5076033672960419,2019,A
3798,0.2762762108370956,0.2604824329136579,0.46324135624924656,2019,A
3799,0.23972949018447115,0.25894903334150005,0.5013214764740289,2019,H
3801,0.2167927256343124,0.23132478872616247,0.5518824856395252,2020,A
3802,0.4708959919654909,0.24052298708976994,0.2885810209447392,2020,H
3803,0.3613661200787376,0.31073804739921806,0.3278958325220445,2020,A
3804,0.39505507216840585,0.24022512773613416,0.3647198000954603,2020,A
3805,0.221972153562739,0.259359822814466,0.5186680236227952,2020,A
3806,0.5671657417637777,0.17749047136543405,0.2553437868707884,2020,A
3807,0.3287867003566543,0.27289483910500395,0.39831846053834163,2020,A
3808,0.17893693256279686,0.2537860601871783,0.5672770072500248,2020,H
3810,0.22867685395717122,0.2505967381385988,0.52072640790423,2020,A
3811,0.20029616250803542,0.2772780464835742,0.5224257910083905,2020,H
3812,0.17107472315974423,0.2750016802216224,0.5539235966186332,2020,A
3813,0.1898430864352101,0.22369654442946338,0.5864603691353266,2020,A
3814,0.3633978774295143,0.27651441922811215,0.3600877033423733,2020,A
3815,0.16366144043662728,0.21356723591461868,0.6227713236487541,2020,H
3816,0.4419340203065857,0.26937725406555874,0.2886887256278555,2020,A
3817,0.22898451675557815,0.20717829279672992,0.563837190447692,2020,H
3818,0.4127081486602611,0.2648225955897041,0.32246925575003493,2020,D
3819,0.43465785550333735,0.20617422947973071,0.3591679150169319,2020,A
3820,0.3577818483589503,0.27758042614679385,0.3646377254942557,2020,A
3821,0.4152261674331495,0.2427685253210236,0.34200530724582734,2020,A
3823,0.19423973722158472,0.26650358104332705,0.5392566817350883,2020,D
3824,0.1882083414330045,0.23413164531043906,0.5776600132565565,2020,A
3825,0.3551601660334043,0.2776290993034374,0.36721073466315857,2020,H
3826,0.13860935010845624,0.24582797757468086,0.6155626723168626,2020,H
3827,0.3871340152984808,0.26924701480390556,0.34361896989761354,2020,A
3828,0.2310635307188063,0.2628617983609034,0.5060746709202902,2020,H
3829,0.2038025865169889,0.1567958171678754,0.6394015963151357,2020,H
3831,0.3105499368914456,0.2946549048272525,0.3947951582813019,2020,H
3832,0.12024912139825386,0.14756107953010278,0.732189799071643,2020,A
3833,0.1283353325429469,0.20170359696869597,0.6699610704883568,2020,H
3834,0.21575754827636845,0.24407116084305056,0.5401712908805809,2020,H
3835,0.250976804718027,0.23054608502188653,0.5184771102600866,2020,H
3836,0.30743037471748114,0.27066289642725055,0.4219067288552686,2020,A
3837,0.5430453662592956,0.1714575030917078,0.28549713064899657,2020,H
3838,0.1920797064952861,0.23987247980881662,0.5680478136958973,2020,H
3839,0.3037771489350568,0.2977204251546253,0.3985024259103179,2020,A
3840,0.2635692359988992,0.20100564153841355,0.5354251224626873,2020,D
3841,0.3476966355638851,0.24376799134730226,0.408535373088813,2020,D
3842,0.3084017829123536,0.25312754348232636,0.43847067360532016,2020,D
3843,0.3905270534770804,0.22355265814524217,0.3859202883776777,2020,D
3844,0.1700462689278451,0.19304180441926294,0.6369119266528918,2020,D
3845,0.29204204512943727,0.2512657519358337,0.45669220293472934,2020,A
3846,0.3466978301482068,0.320655333581779,0.3326468362700142,2020,D
3848,0.09700071860913996,0.17896780382757155,0.7240314775632883,2020,A
3849,0.2685077357638617,0.26850718803652024,0.4629850761996183,2020,D
3850,0.06194051511268405,0.13577820599703722,0.8022812788902783,2020,H
3851,0.22416619959443695,0.24707687804964962,0.5287569223559134,2020,A
3852,0.4558652601073646,0.23878554272416355,0.3053491971684719,2020,D
3853,0.40340102730209115,0.26759853354140156,0.3290004391565073,2020,H
3854,0.19867221095408805,0.20208658696602616,0.5992412020798854,2020,D
3855,0.3111950827914631,0.29334283259941946,0.39546208460911764,2020,A
3856,0.17921253424296477,0.2653091220239273,0.5554783437331081,2020,D
3857,0.45082202368290214,0.23868783464061794,0.3104901416764801,2020,A
3858,0.21944134537322513,0.27792048298704264,0.5026381716397321,2020,H
3859,0.5677934501915638,0.1725712709868101,0.25963527882162607,2020,A
3860,0.35024018144544267,0.25808446212779956,0.39167535642675794,2020,A
3861,0.12442823866581124,0.178612033857787,0.6969597274764014,2020,H
3862,0.20786969725866966,0.27680142487958714,0.5153288778617435,2020,A
3863,0.3283607963400601,0.24079849767458616,0.4308407059853539,2020,A
3864,0.20355982579216572,0.2284556097108049,0.5679845644970295,2020,H
3865,0.4004578307924877,0.2828545239044579,0.3166876453030543,2020,H
3866,0.2328287370826973,0.2761304722407071,0.49104079067659595,2020,H
3867,0.21623779643619412,0.29341772103146596,0.49034448253234,2020,A
3868,0.24072574093413443,0.24311480959855533,0.5161594494673104,2020,D
3869,0.22339011015337212,0.23719364871078535,0.5394162411358429,2020,H
3870,0.22323228007276186,0.2494040835305826,0.5273636363966556,2020,A
3871,0.3766920202591123,0.2531403734841627,0.3701676062567252,2020,H
3872,0.08557883516151427,0.16264432810975682,0.7517768367287287,2020,H
3873,0.2663511482501512,0.24497519849266997,0.48867365325717893,2020,H
3874,0.333129018490325,0.31907361537362433,0.34779736613605067,2020,D
3875,0.33696435629778776,0.252010441035364,0.4110252026668481,2020,A
3876,0.28506126905978996,0.3018642182011324,0.41307451273907797,2020,H
3877,0.6183448963664044,0.21620178884770422,0.165453314785891,2020,A
3878,0.5633416050816463,0.27035641612624994,0.16630197879210343,2020,A
3879,0.14706703126871104,0.16215322327909892,0.6907797454521898,2020,A
3880,0.24799498077545326,0.22352328268833205,0.5284817365362146,2020,H
3881,0.20763722112723004,0.22353259241903436,0.5688301864537357,2020,H
3882,0.3130442716693618,0.2929604828831663,0.393995245447472,2020,A
3883,0.39281579045160653,0.3039378373720877,0.3032463721763059,2020,A
3884,0.237238962071216,0.28130589631924274,0.4814551416095415,2020,D
3885,0.1630185983380257,0.1993669122600557,0.6376144894019182,2020,H
3886,0.3804796507177944,0.26949446449771197,0.3500258847844939,2020,H
3887,0.4713538010432078,0.26245725589215263,0.2661889430646398,2020,D
3888,0.20750543175027172,0.2464513382712417,0.5460432299784866,2020,A
3889,0.584694478315495,0.167009126694924,0.2482963949895811,2020,D
3890,0.13395185944442273,0.15476413113809823,0.7112840094174788,2020,H
3891,0.27435828920451166,0.3017871215078098,0.4238545892876783,2020,A
3892,0.301743444268775,0.22499599485136657,0.47326056087985874,2020,H
3893,0.3521020784450941,0.26531544868580115,0.3825824728691049,2020,A
3894,0.23947085702543944,0.23836964158917454,0.5221595013853859,2020,D
3895,0.33618497929742924,0.27032655470338246,0.3934884659991883,2020,A
3896,0.1451568542742765,0.25564910482583064,0.5991940408998927,2020,A
3897,0.39189486020137915,0.24557137530613882,0.36253376449248215,2020,H
3898,0.20283761959503843,0.22905591618798585,0.5681064642169759,2020,H
3899,0.29038823846205397,0.29233495977328966,0.4172768017646567,2020,A
3900,0.12142784305673077,0.23050890867095775,0.6480632482723115,2020,H
3901,0.376157513634825,0.2826428483977562,0.3411996379674189,2020,D
3902,0.33862262655893,0.25350922104635265,0.40786815239471763,2020,A
3903,0.3744495488778523,0.31306132982776247,0.3124891212943852,2020,A
3904,0.1572769560352036,0.2684665074920187,0.5742565364727777,2020,H
3905,0.17225955087381858,0.14822033803507265,0.6795201110911085,2020,H
3906,0.2985670824699382,0.26187826796015556,0.439554649569906,2020,A
3907,0.22142645099796973,0.2897461544186407,0.48882739458338953,2020,A
3908,0.2652531547912688,0.25711439452333773,0.4776324506853934,2020,H
3909,0.34444325236339635,0.2917519020966443,0.3638048455399594,2020,A
3910,0.3241165804333724,0.30775271172476215,0.36813070784186563,2020,D
3911,0.4786601617289699,0.3114876288037399,0.2098522094672899,2020,H
3912,0.13939825926686744,0.18261236975258055,0.6779893709805517,2020,H
3913,0.43036715128501485,0.2779179653442518,0.29171488337073337,2020,D
3914,0.6476044472984799,0.19587557117941187,0.1565199815221081,2020,D
3915,0.21244862637356896,0.19628003094694477,0.5912713426794862,2020,A
3916,0.17152608751073173,0.16891187187775245,0.6595620406115157,2020,H
3917,0.5535197828438649,0.2249169033021775,0.22156331385395778,2020,H
3918,0.12916176711847688,0.19552529699349147,0.6753129358880312,2020,D
3919,0.20755013430271008,0.25472598345837594,0.5377238822389143,2020,D
3920,0.23805047927916775,0.22422938509388823,0.5377201356269441,2020,H
3921,0.33587980505524323,0.2857766113736427,0.3783435835711144,2020,D
3922,0.15809575816418636,0.24399636211203785,0.597907879723776,2020,A
3923,0.46032925592977186,0.2237540098697912,0.3159167342004368,2020,D
3924,0.20523530114138067,0.29201995077131215,0.5027447480873072,2020,H
3925,0.13783661278172768,0.2465365541299941,0.6156268330882784,2020,D
3926,0.4849763258803839,0.25199660202951657,0.26302707209009957,2020,A
3927,0.6508957417471589,0.17566222462096515,0.1734420336318757,2020,A
3928,0.36792158834962274,0.352231997194393,0.279846414455984,2020,A
3929,0.20614225738849787,0.25497872338256045,0.5388790192289418,2020,H
3930,0.23127608447497613,0.28003604751580985,0.488687868009214,2020,D
3931,0.16990318698056814,0.22217809523295476,0.6079187177864774,2020,H
3932,0.5546645943616074,0.21160355533065123,0.23373185030774102,2020,A
3933,0.24347025548011828,0.30709218162986834,0.4494375628900136,2020,A
3934,0.23569693108754916,0.26314775873285384,0.5011553101795965,2020,D
3935,0.3685927666273729,0.2350991450167933,0.3963080883558339,2020,H
3936,0.28626115222749804,0.2385643340791714,0.4751745136933303,2020,H
3937,0.4279344572191954,0.2544073619944391,0.3176581807863652,2020,H
3938,0.13175196050154284,0.19457986405360342,0.6736681754448536,2020,H
3939,0.4057737122379098,0.2781455271471387,0.3160807606149514,2020,A
3940,0.33849446574982656,0.21924679805901742,0.4422587361911561,2020,D
3941,0.15384345002630767,0.24132829028326191,0.6048282596904306,2020,H
3942,0.4535887951037166,0.21772916409921442,0.32868204079706886,2020,D
3943,0.08485912966878395,0.10132455120728355,0.8138163191239322,2020,D
3944,0.28364906423419145,0.24120490559510846,0.47514603017070006,2020,D
3945,0.3683751658262626,0.2622667540701464,0.36935808010359084,2020,D
3946,0.15785547771475286,0.32123603573508464,0.5209084865501624,2020,H
3947,0.5168398943289617,0.2438958382713946,0.23926426739964335,2020,D
3948,0.28337898923342214,0.2739636746713332,0.4426573360952449,2020,D
3949,0.25233705489457064,0.2941832155070603,0.45347972959836885,2020,A
3950,0.23475341519069345,0.254753607634164,0.5104929771751426,2020,H
3951,0.2874770227269953,0.30306648005095654,0.40945649722204835,2020,D
3952,0.3316837318340239,0.3268911096994904,0.34142515846648563,2020,A
3953,0.12073978617667326,0.22859306603445295,0.650667147788874,2020,H
3954,0.7143546712437657,0.16666396509793582,0.1189813636582985,2020,D
3955,0.246867962120405,0.2874341905048677,0.46569784737472775,2020,H
3956,0.21850759984800078,0.2774276038765235,0.5040647962754761,2020,A
3957,0.2700671457816936,0.31287774112745437,0.4170551130908521,2020,H
3958,0.23793655134806624,0.24126129666267912,0.5208021519892546,2020,H
3959,0.26525362526495594,0.3175053461862109,0.41724102854883344,2020,D
3960,0.3263151452169621,0.29207063256024113,0.38161422222279673,2020,A
3961,0.5010656532424903,0.23995941969365667,0.25897492706385306,2020,A
3962,0.3506005278124127,0.2786821074520117,0.3707173647355756,2020,A
3963,0.5144029322910669,0.23180092829422133,0.2537961394147116,2020,H
3964,0.21406671799254057,0.2804150265279356,0.5055182554795241,2020,H
3965,0.5872084201505134,0.2030798793840654,0.2097117004654211,2020,A
3966,0.25679429075821275,0.3207251194435849,0.4224805897982025,2020,A
3967,0.11842003445414052,0.16877146028032097,0.7128085052655381,2020,H
3968,0.139409857661348,0.24341828223995776,0.6171718600986937,2020,D
3969,0.22616484576508572,0.22056995284553557,0.5532652013893784,2020,D
3970,0.2131670231782916,0.22904457585166127,0.5577884009700469,2020,A
3971,0.2048745497375386,0.2471824368240657,0.547943013438396,2020,A
3972,0.22016787115274947,0.2683947639799056,0.5114373648673449,2020,H
3973,0.3834777224338304,0.24851867637704053,0.3680036011891293,2020,A
3974,0.1541579476530951,0.23107706188120175,0.6147649904657035,2020,H
3975,0.2973920785063683,0.32533194276490696,0.37727597872872437,2020,A
3976,0.22058591084981824,0.2849968693579427,0.4944172197922391,2020,D
3977,0.0691387103436945,0.12128500175840419,0.809576287897901,2020,H
3978,0.1603344716679228,0.24221076710278214,0.597454761229295,2020,H
3979,0.21011270214823316,0.2531051025950215,0.5367821952567454,2020,H
3980,0.1627131676431066,0.24054082680376226,0.5967460055531307,2020,H
3981,0.18256076247479203,0.23143351046110858,0.5860057270640995,2020,H
3982,0.5941878035199633,0.18628690997358036,0.2195252865064561,2020,A
3983,0.09870130254305255,0.1404917055551608,0.7608069919017868,2020,A
3984,0.20685918734312808,0.22254962356156363,0.5705911890953083,2020,H
3985,0.40075626219587046,0.2851076146022919,0.3141361232018376,2020,A
3986,0.3742999426946257,0.25872180666365474,0.3669782506417193,2020,A
3987,0.37796215796120175,0.2724934131232044,0.34954442891559395,2020,A
3988,0.6987323570806623,0.17356980377129777,0.12769783914803995,2020,A
3989,0.3794192933202776,0.2646379000539678,0.3559428066257547,2020,D
3990,0.33524587347656665,0.23487824280248637,0.42987588372094715,2020,D
3991,0.2746232565495049,0.24668881161393863,0.47868793183655656,2020,D
3992,0.3233764129833178,0.2621704108431028,0.4144531761735793,2020,H
3993,0.1371617885300307,0.17323172209767956,0.6896064893722891,2020,A
3994,0.44827459941450676,0.23354982394843465,0.31817557663705875,2020,A
3995,0.15972061314423258,0.3143420711508505,0.5259373157049173,2020,A
3996,0.3234216251813807,0.255293694069715,0.4212846807489043,2020,H
3997,0.06093565405944602,0.12534240352648507,0.8137219424140689,2020,H
3998,0.3617091397755788,0.27420206792957136,0.36408879229484925,2020,D
3999,0.31207716975663696,0.22580996793081165,0.4621128623125514,2020,D
4000,0.24455420205528686,0.288520847561544,0.4669249503831693,2020,A
4001,0.37210223510403073,0.25036208492405243,0.3775356799719169,2020,A
4002,0.34234083430912515,0.2431034144477839,0.41455575124309113,2020,H
4003,0.19070371861507646,0.2523521801846335,0.5569441012002903,2020,H
4004,0.09073003856829788,0.14544095161988038,0.7638290098118219,2020,A
4005,0.20165925724657716,0.23897097084536637,0.5593697719080563,2020,H
4006,0.4151028595229914,0.25496765055428067,0.3299294899227279,2020,H
4007,0.08383756519581859,0.15475878106865923,0.7614036537355221,2020,H
4008,0.3028261032964482,0.2843742459399776,0.4127996507635742,2020,A
4009,0.762005090147801,0.14523798841875982,0.0927569214334389,2020,A
4010,0.5682898610751596,0.223813844427158,0.20789629449768235,2020,A
4011,0.2655718015485135,0.32292455715121116,0.41150364130027517,2020,A
4012,0.45466863917829725,0.2674332273739764,0.27789813344772624,2020,A
4013,0.11935380572258823,0.1662699388893764,0.7143762553880353,2020,A
4014,0.3950734090680873,0.2597126143343266,0.3452139765975862,2020,A
4015,0.11106434944818325,0.14836239635239773,0.7405732541994188,2020,D
4016,0.6373878963873538,0.21557080704038206,0.14704129657226395,2020,D
4017,0.2548047940186762,0.23709047859191584,0.5081047273894082,2020,H
4018,0.279981524802678,0.36274791858821,0.357270556609112,2020,D
4019,0.36751187762908527,0.2565460902407615,0.3759420321301533,2020,H
4020,0.20819590695552795,0.24214124001615164,0.5496628530283205,2020,H
4021,0.4775547615153621,0.22819614201738964,0.2942490964672479,2020,D
4022,0.33960283451443474,0.30495308858863807,0.3554440768969274,2020,A
4023,0.5010054970775163,0.24745212208898193,0.2515423808335015,2020,A
4024,0.22025324563461057,0.2841753216758216,0.49557143268956794,2020,H
4025,0.08082576067325631,0.1465436141230371,0.7726306252037063,2020,H
4026,0.33772662030650247,0.2699651741001338,0.39230820559336366,2020,D
4027,0.25289885812985674,0.31399825128293224,0.43310289058721146,2020,H
4028,0.30602809537919795,0.29868364145919174,0.39528826316161014,2020,A
4029,0.3149744962123409,0.29805500394411294,0.3869704998435464,2020,A
4030,0.6269133757356437,0.1896882427698099,0.1833983814945465,2020,D
4031,0.3011443300343313,0.2334628434498768,0.46539282651579195,2020,H
4032,0.18702107051455502,0.3154918730662926,0.4974870564191519,2020,A
4033,0.09209171501830767,0.1513551417915351,0.756553143190157,2020,H
4034,0.14362970236888287,0.17840565138516556,0.6779646462459517,2020,H
4035,0.2736918634647622,0.2687119932098443,0.4575961433253937,2020,D
4036,0.7087626233067194,0.19187495739927685,0.09936241929400418,2020,A
4037,0.29739698689882677,0.24580853867651922,0.45679447442465415,2020,H
4038,0.15730926983917556,0.25376630749077345,0.5889244226700507,2020,A
4039,0.21186214794652783,0.23035455478931025,0.5577832972641622,2020,H
4040,0.2085010444710483,0.22346712203056382,0.5680318334983879,2020,D
4041,0.47554698444634125,0.29126358113784073,0.2331894344158182,2020,D
4042,0.10659126673106668,0.17606952103059453,0.7173392122383386,2020,H
4043,0.4283336124896012,0.2937682851944479,0.2778981023159508,2020,A
4044,0.6634367214446719,0.19462728300592308,0.1419359955494049,2020,A
4045,0.0961545665754425,0.17287128265455715,0.73097415077,2020,H
4046,0.15523076535888367,0.1969186376785038,0.6478505969626126,2020,A
4047,0.20724736215682,0.26603494428476987,0.5267176935584105,2020,H
4048,0.33975687829314843,0.3026276013949268,0.35761552031192495,2020,D
4049,0.15818280219734945,0.2829363960822938,0.5588808017203565,2020,A
4050,0.47709143831050377,0.23756635836489048,0.28534220332460536,2020,H
4051,0.1620446255279355,0.18459874479347152,0.6533566296785925,2020,H
4052,0.3011963424481322,0.27356162105546816,0.4252420364963996,2020,D
4053,0.10007818187797535,0.15837211104745197,0.7415497070745724,2020,A
4054,0.24405077478528509,0.260733962650766,0.4952152625639489,2020,H
4055,0.28555833662088115,0.2745295083439147,0.4399121550352043,2020,D
4056,0.4172745865095239,0.23954432546433363,0.3431810880261424,2020,A
4057,0.21594161202457304,0.3413677947646786,0.44269059321074844,2020,H
4058,0.1503456812885579,0.18389048542834596,0.6657638332830962,2020,H
4059,0.4341544086931464,0.23959515158026382,0.32625043972659,2020,D
4060,0.2735955152185618,0.29735898701507574,0.42904549776636247,2020,H
4061,0.5826924247771754,0.18969420025429362,0.22761337496853076,2020,D
4062,0.3574241279462924,0.24664722492401633,0.39592864712969145,2020,A
4063,0.2886308854373311,0.2833908505666339,0.42797826399603495,2020,A
4064,0.3405303533995673,0.2566601477767697,0.40280949882366307,2020,A
4065,0.31257501113019576,0.27615947553730685,0.4112655133324973,2020,D
4066,0.3493155818488906,0.21295706716045854,0.43772735099065074,2020,A
4067,0.26043910867767023,0.3099181469237941,0.4296427443985358,2020,D
4068,0.31039667144424093,0.2420071287874962,0.44759619976826287,2020,A
4069,0.27792098088735673,0.25419238858357807,0.46788663052906515,2020,D
4070,0.2864146268358998,0.22153261158127718,0.4920527615828233,2020,A
4071,0.11312411843933302,0.15643659531583956,0.730439286244827,2020,A
4072,0.21592766381588333,0.26091339515897977,0.5231589410251368,2020,H
4073,0.21235147696694592,0.18474715877878498,0.602901364254269,2020,H
4074,0.19666980147042268,0.27690829225173075,0.5264219062778465,2020,H
4075,0.08262239162527943,0.10657510918982029,0.8108024991849001,2020,H
4076,0.280265709582108,0.27882072359758114,0.4409135668203109,2020,D
4077,0.6402237347175569,0.17966707122058714,0.18010919406185597,2020,D
4078,0.2995809555305633,0.28569018665464513,0.41472885781479163,2020,H
4079,0.2166326562674372,0.31194520984947616,0.4714221338830867,2020,A
4080,0.5273246629197427,0.21873136275271096,0.2539439743275464,2020,A
4081,0.39729226907730397,0.2715164402228048,0.3311912906998912,2020,A
4082,0.10699424708226685,0.16422932946404598,0.7287764234536871,2020,H
4083,0.3783961189041562,0.28520107577938536,0.33640280531645844,2020,H
4084,0.20984436706979434,0.20824960023822295,0.5819060326919828,2020,H
4085,0.4628534666093951,0.19275451894649953,0.34439201444410517,2020,A
4086,0.2590939647045445,0.3060493286955844,0.43485670659987113,2020,A
4087,0.14337669760427404,0.2534184553225144,0.6032048470732115,2020,H
4088,0.4042526639548589,0.27528867136836044,0.32045866467678097,2020,D
4089,0.39377791577441434,0.23284898930905887,0.373373094916527,2020,A
4090,0.14308800759110335,0.18595003695604995,0.6709619554528463,2020,A
4091,0.20937490392926555,0.21475148334284072,0.5758736127278936,2020,H
4092,0.3286213586184495,0.3221885072192873,0.3491901341622631,2020,A
4093,0.36383238834031095,0.2562423877864885,0.3799252238732006,2020,A
4094,0.30800192897082,0.2465824798651009,0.4454155911640792,2020,H
4095,0.24785809524941457,0.2387672384233407,0.513374666327245,2020,H
4096,0.28272300423717245,0.3257969420812673,0.3914800536815603,2020,H
4097,0.37374735787918334,0.335487187903038,0.29076545421777905,2020,D
4098,0.24903065983151293,0.2713511065622665,0.4796182336062206,2020,D
4099,0.23101350038094426,0.27367482347212974,0.495311676146926,2020,A
4100,0.27953435260108433,0.27271200962302106,0.4477536377758948,2020,A
4101,0.08089448197218059,0.1755119438861529,0.7435935741416663,2020,A
4102,0.18446718032005727,0.2485302268641052,0.5670025928158376,2020,H
4103,0.5571481269534523,0.18759498562712715,0.25525688741942076,2020,A
4104,0.32502085131991365,0.2677160154451447,0.4072631332349417,2020,A
4105,0.325633432778476,0.2609207886535629,0.413445778567961,2020,H
4106,0.37233349490519396,0.2695840730286009,0.3580824320662049,2020,A
4107,0.4230369713369813,0.24848042924392555,0.3284825994190935,2020,A
4108,0.2279639287015308,0.2840198523701138,0.4880162189283554,2020,D
4109,0.37791616814381607,0.23997406638343033,0.3821097654727537,2020,H
4110,0.2948902346530029,0.2748398906695874,0.43026987467740957,2020,D
4111,0.21541703164443113,0.23579042079164547,0.5487925475639234,2020,H
4112,0.37725995115799543,0.3000187943356951,0.3227212545063093,2020,H
4113,0.18534432468219061,0.23984054990827006,0.5748151254095394,2020,D
4114,0.11889241655846035,0.16975396659575412,0.7113536168457856,2020,H
4115,0.46481885343158175,0.21926352061338836,0.31591762595503,2020,D
4116,0.11842866255326134,0.17587345459901677,0.7056978828477213,2020,D
4117,0.2497347094748948,0.25864627607902785,0.49161901444607736,2020,H
4118,0.6810695955727931,0.17055289711622845,0.14837750731097857,2020,A
4119,0.10229650677924793,0.15239237673186687,0.7453111164888852,2020,H
4120,0.2587142160783661,0.23873699444593974,0.5025487894756941,2020,A
4121,0.40378627478566825,0.2621637222470987,0.33405000296723303,2020,H
4122,0.4413577256410825,0.3128399651266566,0.24580230923226096,2020,A
4123,0.1276162406107451,0.17341558874231566,0.6989681706469392,2020,D
4124,0.22812066779819634,0.2704592505756094,0.5014200816261944,2020,A
4125,0.5515065432510012,0.23609978477686755,0.2123936719721311,2020,D
4126,0.2761607967627276,0.32080503142387795,0.4030341718133944,2020,D
4127,0.07850066927315952,0.1205266871161968,0.8009726436106432,2020,H
4128,0.5587803986938107,0.2187144881181413,0.2225051131880477,2020,D
4129,0.61377002040226,0.21204360224854077,0.17418637734919912,2020,A
4130,0.20885988697605973,0.29149578507476986,0.49964432794917074,2020,H
4131,0.06092033628350888,0.1184969056721697,0.8205827580443211,2020,H
4132,0.24826752195182117,0.2680273475935762,0.4837051304546028,2020,A
4133,0.15871201981396063,0.2181397702086518,0.6231482099773875,2020,H
4134,0.5057875931708131,0.23084518773000437,0.2633672190991827,2020,A
4135,0.2916566307857943,0.2863291246286156,0.42201424458559034,2020,D
4136,0.3261622514409798,0.24048817167848616,0.4333495768805339,2020,A
4137,0.06819204341730478,0.13133390795370434,0.8004740486289905,2020,A
4138,0.44164147874083864,0.25813768110496,0.30022084015420153,2020,H
4139,0.3007126362225588,0.2653670933779648,0.4339202703994766,2020,A
4140,0.14179233821594128,0.2092294549956077,0.648978206788451,2020,A
4141,0.1338556730406524,0.22758473154173284,0.6385595954176145,2020,H
4142,0.17168034744266616,0.2562965257562334,0.5720231268011005,2020,A
4143,0.17727758905562943,0.2535420150737979,0.5691803958705729,2020,H
4144,0.30750066593988046,0.29725352596802707,0.3952458080920922,2020,H
4145,0.6854679940470606,0.19360329868958914,0.12092870726335009,2020,A
4146,0.25175009499102236,0.25974021679515674,0.4885096882138207,2020,A
4147,0.22709065623380684,0.2948951582200446,0.4780141855461487,2020,A
4148,0.2844310968863368,0.2973222074444155,0.4182466956692481,2020,H
4149,0.23228184927886275,0.3010354005373772,0.4666827501837604,2020,A
4150,0.26899257836199325,0.2795103280833514,0.4514970935546557,2020,D
4151,0.2780034789523791,0.29329510830925626,0.4287014127383649,2020,A
4152,0.5909288579633615,0.21097057824063317,0.19810056379600519,2020,A
4153,0.23337635206180263,0.22439211701750733,0.5422315309206901,2020,H
4154,0.25174894597715947,0.2842628928801718,0.4639881611426687,2020,A
4155,0.28060857166376807,0.21220258539976444,0.5071888429364677,2020,D
4156,0.2176635205951021,0.20754056902506635,0.5747959103798316,2020,A
4157,0.6480390458163992,0.18639583170508914,0.1655651224785116,2020,A
4158,0.24356696569527148,0.25999469922806623,0.49643833507666235,2020,H
4159,0.31992500835205906,0.24434170521815954,0.4357332864297817,2020,H
4160,0.06467087281161214,0.10780639462645487,0.8275227325619328,2020,D
4161,0.322196107093403,0.26252447997332085,0.4152794129332759,2020,A
4162,0.6683754259259201,0.16072460291097918,0.17089997116310066,2020,H
4163,0.3208336475400444,0.2714635754668684,0.4077027769930875,2020,H
4164,0.6369974849292145,0.19726459520863746,0.16573791986214784,2020,A
4165,0.39543654290859087,0.259500178129041,0.345063278962368,2020,A
4166,0.42213251022337794,0.2478627462821131,0.3300047434945092,2020,A
4167,0.2381099661708591,0.2859319132407418,0.47595812058839876,2020,H
4168,0.30323437309481094,0.2755194150792163,0.4212462118259728,2020,H
4169,0.1300597931233871,0.19962395366045627,0.670316253216157,2020,A
4170,0.1450736940685344,0.1549787105581059,0.6999475953733595,2020,H
4171,0.3499901236653934,0.2957530239535653,0.35425685238104115,2020,H
4172,0.13724421326235045,0.1805339009021857,0.6822218858354638,2020,H
4173,0.32466117534029343,0.2608852075285839,0.41445361713112305,2020,H
4174,0.6047612629803532,0.1763397079944586,0.2188990290251882,2020,H
4175,0.3438033729866031,0.2847507750416016,0.3714458519717951,2020,A
4176,0.20200308671099265,0.2007801301431673,0.5972167831458401,2020,H
4177,0.15628099831149359,0.30250521528271046,0.5412137864057961,2020,A
4178,0.12351287336013766,0.17159952006670187,0.70488760657316,2020,H
4179,0.45055652646878913,0.21908515408803153,0.33035831944317917,2020,A
4181,0.3993250439393523,0.2544185570059938,0.3462563990546546,2021,H
4182,0.2942965900164365,0.3032306990823146,0.40247271090124903,2021,A
4183,0.2274391558122307,0.25262478847631964,0.5199360557114497,2021,H
4184,0.3082481850047549,0.26391714249715853,0.4278346724980866,2021,H
4185,0.2691880114730986,0.2781789784561024,0.4526330100707993,2021,H
4186,0.34251536569512064,0.2576594058118593,0.39982522849302043,2021,H
4187,0.5762807529013958,0.22460783822341013,0.19911140887519393,2021,A
4188,0.3729647675151407,0.2757231063027124,0.3513121261821472,2021,A
4189,0.3811329049048577,0.26379354161938784,0.3550735534757549,2021,H
4190,0.26611795760488877,0.23723295313806997,0.49664908925704165,2021,D
4191,0.24705054860968267,0.23539378396539504,0.5175556674249222,2021,H
4192,0.17759348760722354,0.2288048321936335,0.5936016801991432,2021,H
4193,0.09844715642308316,0.13684030534933142,0.7647125382275854,2021,H
4195,0.3232283435815378,0.2487873516452293,0.42798430477323285,2021,H
4196,0.43892054384372686,0.24991511949365466,0.3111643366626188,2021,D
4197,0.3353876378482621,0.2542941359933401,0.41031822615839786,2021,A
4198,0.41753939194732076,0.26112804465070705,0.3213325634019724,2021,A
4199,0.25998308776648477,0.2515910863353838,0.4884258258981319,2021,H
4200,0.11771307762555631,0.18366013610377685,0.6986267862706665,2021,D
4201,0.34867693000552896,0.2825140486825838,0.3688090213118873,2021,A
4202,0.2712738868013186,0.20632057724257052,0.5224055359561108,2021,A
4203,0.24256185834820596,0.2347811831024201,0.5226569585493741,2021,D
4204,0.18111270193558104,0.21975277710092303,0.5991345209634958,2021,H
4206,0.23422143893827713,0.2290948432740863,0.5366837177876365,2021,D
4207,0.35569797760807986,0.25770993486416377,0.3865920875277568,2021,A
4208,0.14847518282155636,0.21348582835298224,0.6380389888254617,2021,H
4209,0.418636200341898,0.2544639632388548,0.32689983641924764,2021,D
4210,0.48190825222370876,0.24895904171685468,0.26913270605943684,2021,H
4211,0.2093286972488218,0.23524842989142386,0.5554228728597544,2021,H
4213,0.5869368905358953,0.21350906533616193,0.1995540441279427,2021,A
4214,0.1531363809431049,0.16291606980620738,0.6839475492506878,2021,H
4215,0.5527482138620461,0.21609439249917625,0.231157393638778,2021,D
4216,0.3399612003733234,0.269317917221349,0.3907208824053276,2021,A
4217,0.1436876422629035,0.17007302167170085,0.686239336065396,2021,H
4218,0.48374048275855297,0.24119816442463915,0.27506135281680827,2021,A
4219,0.21956682038934544,0.23378667298221786,0.5466465066284365,2021,H
4220,0.3216582294629093,0.26140531208575907,0.4169364584513317,2021,D
4222,0.3824038015894578,0.2547446861242225,0.3628515122863201,2021,A
4223,0.08373158674743118,0.13316863723833683,0.7830997760142323,2021,H
4224,0.09579570545447141,0.14865190895070002,0.7555523855948287,2021,D
4225,0.35499163687944707,0.28113753893531074,0.36387082418524225,2021,A
4226,0.3914510613533924,0.24600868650138813,0.3625402521452199,2021,H
4227,0.22239043971076175,0.2418550993508686,0.5357544609383696,2021,H
4228,0.3638386431014382,0.26867246877648265,0.36748888812207936,2021,A
4229,0.43768396042386853,0.264044123920828,0.2982719156553033,2021,A
4230,0.35038954132094147,0.23480338927568029,0.4148070694033783,2021,A
4231,0.28037814684930595,0.25974515392303427,0.4598766992276599,2021,D
4232,0.2682800041095985,0.2515058226488999,0.4802141732415013,2021,D
4233,0.38227922584527574,0.26328307522596406,0.35443769892876065,2021,A
4234,0.1241501404759042,0.16493548959848658,0.7109143699256094,2021,H
4235,0.14095210068923777,0.16547305358848077,0.6935748457222816,2021,A
4236,0.5141226927762512,0.24684547542827076,0.23903183179547832,2021,D
4237,0.39122818010669586,0.24932886731190235,0.35944295258140235,2021,A
4238,0.28862320979235956,0.2584618323316191,0.4529149578760213,2021,H
4239,0.4194003283412229,0.2604649939122082,0.3201346777465693,2021,D
4240,0.22093786219120137,0.256880058692753,0.5221820791160455,2021,H
4241,0.2807600667039992,0.2233649399031099,0.4958749933928906,2021,D
4242,0.27371560999714356,0.25435101425219814,0.471933375750658,2021,H
4243,0.18262566375638423,0.21383274753706424,0.6035415887065515,2021,D
4244,0.20785110570204604,0.21359032673470918,0.5785585675632446,2021,H
4245,0.2510787329291332,0.25388225873052955,0.495039008340337,2021,D
4246,0.29728002016424443,0.28247244641510394,0.4202475334206517,2021,D
4247,0.3387786451880234,0.29551227574611244,0.3657090790658642,2021,H
4248,0.1811735251075738,0.20731604423275019,0.6115104306596757,2021,A
4249,0.2306804048956528,0.3206881563150889,0.4486314387892583,2021,D
4250,0.354181172411401,0.24746056847857015,0.398358259110029,2021,A
4251,0.1023067705274048,0.1359391452049004,0.7617540842676952,2021,H
4252,0.6349090817338242,0.20662175395848967,0.15846916430768623,2021,A
4253,0.4677980238312304,0.2590722492540367,0.2731297269147333,2021,D
4254,0.5170323335291829,0.24528750096447052,0.23768016550634694,2021,H
4255,0.31107002386153004,0.2666491969078456,0.42228077923062446,2021,A
4256,0.3172325761678741,0.2640738662740454,0.41869355755808063,2021,H
4257,0.24112474434516096,0.22322450240538622,0.5356507532494529,2021,A
4258,0.3525147201977118,0.26375595114844314,0.3837293286538454,2021,A
4259,0.2828167628776045,0.25638060159168163,0.46080263553071427,2021,D
4260,0.29754276795048495,0.24358475084226142,0.45887248120725377,2021,H
4261,0.26689619715143215,0.251795393692713,0.48130840915585466,2021,D
4262,0.30401933258920383,0.29157350094389983,0.4044071664668964,2021,D
4263,0.4609155859107048,0.22608673544286723,0.3129976786464276,2021,A
4264,0.2647989009430027,0.2597720440568688,0.4754290550001285,2021,D
4265,0.24923975918215782,0.25957698809284485,0.4911832527249974,2021,A
4266,0.13824775358090768,0.15342264360057015,0.7083296028185225,2021,H
4267,0.31388986930470053,0.25630987828859186,0.4298002524067076,2021,A
4268,0.24338375983095464,0.2259990353572403,0.530617204811805,2021,H
4269,0.3615017164935761,0.2630257071470668,0.3754725763593571,2021,A
4270,0.5802647044920557,0.22125950552873067,0.1984757899792137,2021,A
4271,0.32929822766342454,0.27257636922672107,0.3981254031098548,2021,A
4272,0.36737301209730255,0.2347449659143031,0.3978820219883945,2021,A
4273,0.2788910700281356,0.25452121870679245,0.4665877112650722,2021,A
4274,0.31834069104709356,0.2784033704863236,0.40325593846658314,2021,H
4275,0.11181929632282003,0.13367728550868255,0.7545034181684972,2021,D
4276,0.1023482973361321,0.13920050361540104,0.7584511990484673,2021,A
4277,0.4960685816847467,0.22421924404825244,0.2797121742670012,2021,A
4278,0.3358036037573052,0.27313811639402674,0.39105827984866837,2021,A
4279,0.3018110735476167,0.26231226088129556,0.4358766655710877,2021,H
4280,0.21461000290950147,0.2352345573020861,0.5501554397884121,2021,H
4281,0.38000627413440335,0.25589713292457866,0.36409659294101765,2021,A
4282,0.23398912701932478,0.26314162488637943,0.5028692480942958,2021,A
4283,0.09442256548250837,0.1353405001768937,0.7702369343405983,2021,D
4284,0.3200183304805417,0.2740222853416072,0.40595938417785105,2021,H
4285,0.2620997871434642,0.26015662259559247,0.47774359026094343,2021,D
4286,0.13771774737125766,0.1739363862697755,0.6883458663589666,2021,H
4287,0.33134818376822617,0.27444712593064574,0.39420469030112854,2021,D
4288,0.34127501865182525,0.2430567958184923,0.4156681855296827,2021,D
4289,0.26980020885181827,0.26151357965589056,0.46868621149229106,2021,H
4290,0.40129929525839875,0.2564475608558082,0.3422531438857935,2021,H
4291,0.45462051704659634,0.2657987537324978,0.27958072922090615,2021,H
4292,0.3935633743480398,0.26408582389485064,0.34235080175710986,2021,H
4293,0.2124316350222156,0.23325590227411724,0.5543124627036672,2021,H
4294,0.3338001727506029,0.2799548711537534,0.3862449560956442,2021,D
4295,0.38150031179489924,0.2712945954939851,0.3472050927111159,2021,D
4296,0.36198215475492945,0.27142876708387165,0.3665890781611993,2021,H
4297,0.6119179253366371,0.2131218944107924,0.17496018025257054,2021,A
4298,0.09934556945260155,0.14436149186053615,0.7562929386868624,2021,H
4299,0.29534670076386826,0.2681422619191122,0.4365110373170198,2021,H
4300,0.42366541142896724,0.27183819481438243,0.30449639375665055,2021,D
4301,0.25543876434558493,0.25904128518457115,0.48551995046984375,2021,A
4302,0.14958369004515976,0.18578183547314764,0.6646344744816924,2021,H
4303,0.1289324459389035,0.16030851944526056,0.7107590346158359,2021,H
4304,0.3008406802247302,0.2806084256837369,0.41855089409153295,2021,D
4305,0.2215619667703398,0.2724175576490283,0.5060204755806319,2021,H
4306,0.255733882423997,0.25485178338739156,0.48941433418861124,2021,H
4307,0.14160535371512112,0.17929987336941822,0.6790947729154604,2021,H
4308,0.1048568738916617,0.15948704615901804,0.7356560799493199,2021,D
4309,0.303360822745571,0.28246998825910075,0.41416918899532795,2021,D
4310,0.3245098478476334,0.2557248078180655,0.41976534433430124,2021,H
4311,0.20594235287836157,0.2411191182594117,0.5529385288622269,2021,D
4312,0.53690892872304,0.23954860023329722,0.2235424710436631,2021,A
4313,0.6652946662345448,0.18619131577259715,0.148514017992858,2021,A
4314,0.2916908033934948,0.2767404899882967,0.4315687066182084,2021,D
4315,0.20861473494989435,0.21067174779442477,0.5807135172556809,2021,D
4316,0.6142433000219504,0.21575965902642705,0.16999704095162246,2021,A
4317,0.2827990439729786,0.26023169649543143,0.4569692595315897,2021,H
4318,0.5461091434380786,0.224809340022996,0.22908151653892556,2021,H
4319,0.28568435384488194,0.27886708164386403,0.43544856451125397,2021,D
4320,0.5420093444602725,0.2185949275336674,0.23939572800605974,2021,A
4321,0.6088160117822516,0.21109968994016626,0.1800842982775825,2021,A
4322,0.5232080227610442,0.24986634322522758,0.22692563401372812,2021,H
4323,0.27496041838341845,0.2729239433645064,0.4521156382520752,2021,H
4324,0.23296431178656732,0.24451066953851786,0.522525018674915,2021,H
4325,0.33589652821767935,0.26106530063923017,0.40303817114309054,2021,H
4326,0.23440870914392228,0.257093399144385,0.5084978917116928,2021,D
4327,0.2698776736011403,0.3013133449922039,0.4288089814066556,2021,H
4328,0.4026316546461943,0.2635699607834643,0.3337983845703416,2021,H
4329,0.283763980812297,0.2585651367735345,0.4576708824141686,2021,H
4330,0.09411696693329324,0.16996570177382592,0.7359173312928808,2021,H
4331,0.16447689566751728,0.19768648181758802,0.6378366225148948,2021,H
4332,0.12427349535442733,0.16592020048357664,0.7098063041619962,2021,H
4333,0.11407504716970272,0.15031697370927952,0.7356079791210177,2021,H
4334,0.35023169366529205,0.2574948539333029,0.3922734524014051,2021,A
4335,0.3757651012828827,0.2790822596745376,0.34515263904258026,2021,D
4336,0.3092578381324549,0.2696264269231634,0.42111573494438176,2021,H
4337,0.2785279163047429,0.2696685354621694,0.4518035482330874,2021,H
4338,0.09154169380866728,0.13526642372932549,0.7731918824620077,2021,H
4339,0.29425465783329424,0.273861845552018,0.43188349661468783,2021,A
4340,0.2771856370349941,0.24963557951304258,0.4731787834519636,2021,A
4341,0.2990459520663242,0.26019673605750415,0.4407573118761715,2021,D
4342,0.23335869029994968,0.21577971137513738,0.550861598324913,2021,H
4343,0.1022948624816776,0.18290917436515466,0.7147959631531674,2021,D
4344,0.09522275047202058,0.13026858634534022,0.7745086631826392,2021,H
4345,0.542574743834827,0.24005725567177869,0.2173680004933947,2021,A
4346,0.6918788541110622,0.17199653796770267,0.13612460792123485,2021,A
4347,0.5688908805652397,0.2174029179534262,0.21370620148133418,2021,D
4348,0.5616585957680642,0.2181362445370108,0.2202051596949252,2021,D
4349,0.5604992285699206,0.22306212207706164,0.2164386493530175,2021,A
4350,0.2604663476263398,0.26980391450604785,0.4697297378676123,2021,H
4351,0.2085852861752696,0.25730091036985714,0.5341138034548729,2021,A
4352,0.20275790708020033,0.21500139862851625,0.582240694291283,2021,H
4353,0.5575461456493772,0.22788632610209966,0.2145675282485231,2021,A
4354,0.10154070720262659,0.13981297622104683,0.7586463165763264,2021,H
4355,0.39062529300004883,0.28568630627093905,0.323688400729012,2021,D
4356,0.23302264411631948,0.2581838749143081,0.5087934809693723,2021,H
4357,0.47811363927791173,0.2605952513078493,0.2612911094142394,2021,D
4358,0.4119568138427483,0.2349260766878588,0.35311710946939306,2021,A
4359,0.6001026915031819,0.23257968040840374,0.16731762808841463,2021,H
4360,0.11414739020474662,0.151525935080731,0.7343266747145227,2021,D
4361,0.5986665498989232,0.2195613265713375,0.1817721235297393,2021,A
4362,0.20220247791253726,0.22204961662215714,0.5757479054653053,2021,H
4363,0.28401416655365447,0.25381243254384933,0.4621734009024959,2021,A
4364,0.5532231378093285,0.24927755559279846,0.197499306597873,2021,A
4365,0.3429572161813254,0.2552423635512524,0.4018004202674225,2021,A
4366,0.26770457096293976,0.26833963776681724,0.4639557912702428,2021,H
4367,0.28823882754660707,0.2835301059865948,0.42823106646679804,2021,A
4368,0.27855059821690636,0.2731696804079174,0.4482797213751762,2021,H
4369,0.3338048698355742,0.26494682604384473,0.40124830412058093,2021,D
4370,0.1398194135710808,0.1789857887986238,0.681194797630295,2021,A
4371,0.28415070243111706,0.2852485922048854,0.4306007053639974,2021,H
4372,0.17100089885751107,0.21829413608417256,0.6107049650583164,2021,H
4373,0.3232815766933667,0.261855184952302,0.4148632383543317,2021,D
4374,0.2854259591035798,0.271829881106035,0.442744159790385,2021,H
4375,0.3964308638536064,0.25370603502641864,0.3498631011199753,2021,D
4376,0.31672722152982385,0.28688129719532796,0.3963914812748481,2021,H
4377,0.17204656915767252,0.1735364010114454,0.654417029830882,2021,H
4378,0.2695232830629435,0.27182421546596236,0.4586525014710944,2021,D
4379,0.10850097025810246,0.1640706122608712,0.7274284174810265,2021,H
4380,0.22078476139338085,0.22033075813872707,0.558884480467892,2021,A
4381,0.32977958222114695,0.25580681418325785,0.4144136035955955,2021,D
4382,0.5661809509356591,0.24433513402971926,0.1894839150346214,2021,A
4383,0.37966919106304964,0.26689374717152387,0.35343706176542683,2021,A
4384,0.24557403989279908,0.2614762923921033,0.4929496677150976,2021,A
4385,0.24444721233609368,0.26547824106430956,0.49007454659959704,2021,A
4386,0.3363881790376623,0.26922897026708387,0.394382850695254,2021,A
4387,0.6322620311645967,0.19886983731403382,0.16886813152137,2021,D
4388,0.30017538851314485,0.3130522722443082,0.38677233924254695,2021,A
4389,0.30191787633105016,0.24440853926611317,0.4536735844028367,2021,H
4390,0.1483423348020553,0.17544009033721789,0.6762175748607271,2021,D
4391,0.6511454342012613,0.18825706031515918,0.16059750548357932,2021,A
4392,0.3070659355049552,0.27579458754264663,0.41713947695239795,2021,D
4393,0.4201748021416077,0.2494323442115083,0.33039285364688403,2021,H
4394,0.2854300939666229,0.2767929561153142,0.4377769499180629,2021,D
4395,0.2736664725818827,0.26037238663890155,0.46596114077921563,2021,H
4396,0.21627340770150127,0.23594487152304214,0.5477817207754565,2021,H
4397,0.558443094268155,0.21115100611511717,0.23040589961672756,2021,D
4398,0.2519455845815513,0.2527650595250402,0.49528935589340883,2021,D
4399,0.12203164045004071,0.21409863080976366,0.6638697287401959,2021,A
4400,0.32586684664254945,0.27626465795668104,0.3978684954007695,2021,D
4401,0.09929193879570052,0.13316521742796483,0.7675428437763344,2021,H
4402,0.12750321305529938,0.1795679458447257,0.692928841099975,2021,H
4403,0.4388644057079097,0.26811956458471164,0.2930160297073789,2021,A
4404,0.18902909987024802,0.22993738726311372,0.5810335128666384,2021,D
4405,0.3088608667183368,0.28291841880159085,0.4082207144800726,2021,D
4406,0.3503102496536348,0.2548628375131018,0.39482691283326365,2021,H
4407,0.35332283934950853,0.2742326208634617,0.37244453978703,2021,A
4408,0.6607486035684486,0.17775090469168364,0.16150049173986758,2021,A
4409,0.18164293621191266,0.21246216415343636,0.6058948996346507,2021,A
4410,0.39727277256467447,0.2922982470078724,0.3104289804274535,2021,D
4411,0.6732664241425232,0.18371872365645842,0.1430148522010179,2021,A
4412,0.3209973429243093,0.2688371575283302,0.4101654995473606,2021,H
4413,0.15834695461837553,0.20007874802021944,0.6415742973614047,2021,H
4414,0.30069314932577135,0.24417783379876012,0.4551290168754687,2021,D
4415,0.10434187071933163,0.1718802379408334,0.7237778913398353,2021,H
4416,0.3288198412310189,0.26546578462846065,0.4057143741405204,2021,A
4417,0.24922686438149189,0.2569072187430004,0.49386591687550785,2021,A
4418,0.4147859639601908,0.24909423545988016,0.3361198005799293,2021,A
4419,0.08262876298387291,0.12266846031225498,0.7947027767038723,2021,H
4420,0.298815658292219,0.2524803390251776,0.44870400268260363,2021,H
4421,0.12124964759381232,0.21165255753687645,0.6670977948693113,2021,A
4422,0.22702341894767014,0.2449803008689985,0.5279962801833318,2021,H
4423,0.4735346544661103,0.2305577610236699,0.2959075845102202,2021,A
4424,0.39746275935376685,0.24189343816062395,0.36064380248560934,2021,H
4425,0.26677455717928966,0.2570755019144313,0.4761499409062791,2021,A
4426,0.09453291556027028,0.14024698854861314,0.7652200958911167,2021,H
4427,0.2081287813024752,0.2250793106459673,0.5667919080515574,2021,H
4428,0.16639311349072142,0.24385061341009373,0.5897562730991848,2021,H
4429,0.33309605194805675,0.27769579152966073,0.3892081565222827,2021,A
4430,0.33386691123546924,0.27482998219228416,0.3913031065722466,2021,A
4431,0.2643425737033189,0.27838120827619284,0.4572762180204882,2021,D
4432,0.10727757669838069,0.1649059251701809,0.7278164981314384,2021,D
4433,0.30339449372795646,0.2741637869979741,0.42244171927406954,2021,A
4434,0.6613816738613016,0.1820944293052996,0.15652389683339848,2021,A
4435,0.32246602413675196,0.24920800591819103,0.42832596994505695,2021,H
4436,0.3034984554593805,0.24844375916248937,0.44805778537813035,2021,A
4437,0.24880653822624588,0.2487236789528111,0.502469782820943,2021,H
4438,0.3216836819013135,0.287300119900214,0.39101619819847255,2021,A
4439,0.29183088312042765,0.2758162282419019,0.4323528886376709,2021,A
4440,0.23308573663232274,0.22993970604362718,0.5369745573240505,2021,H
4441,0.475851187721699,0.24155680835195348,0.2825920039263481,2021,A
4442,0.4918360800193048,0.2267795425395773,0.2813843774411177,2021,H
4443,0.10023705885940658,0.1534031596665485,0.7463597814740451,2021,H
4444,0.1620351983511303,0.2809619260045586,0.5570028756443111,2021,H
4445,0.5970721208221312,0.18677299113233226,0.2161548880455365,2021,A
4446,0.21652574617779005,0.22192811164931256,0.561546142172898,2021,H
4447,0.242098095741734,0.2805546168467319,0.4773472874115345,2021,H
4448,0.356693907059318,0.2770532913302851,0.3662528016103968,2021,A
4449,0.2624218118738649,0.28443277454080335,0.4531454135853318,2021,A
4450,0.5246578772499875,0.23646632161529235,0.2388758011347203,2021,A
4451,0.608768395025137,0.19329878622686905,0.1979328187479938,2021,A
4452,0.2956584619564311,0.2890375765757153,0.4153039614678537,2021,H
4453,0.2422592887835567,0.25263031491848725,0.505110396297956,2021,H
4454,0.21114505729156352,0.19864243937229617,0.5902125033361404,2021,H
4455,0.36743853193873777,0.2732240936582247,0.35933737440303787,2021,A
4456,0.27328860026568597,0.262627713467935,0.46408368626637936,2021,H
4457,0.15835623557160147,0.21928581945106523,0.6223579449773333,2021,A
4458,0.3333525215256816,0.24298554263596187,0.4236619358383569,2021,H
4459,0.1319016409440447,0.18925687336338917,0.6788414856925664,2021,H
4460,0.5333331002567915,0.2328880550921811,0.23377884465102766,2021,D
4461,0.3843007826780694,0.27823679053321215,0.3374624267887185,2021,A
4462,0.29720188514020196,0.2953327010913537,0.40746541376844425,2021,A
4463,0.4100176889742619,0.2599065330095064,0.33007577801623195,2021,H
4464,0.23641993970559777,0.24595804071939914,0.5176220195750033,2021,A
4465,0.39311101651923,0.25418677327020645,0.35270221021056386,2021,A
4466,0.2501626292490476,0.27509349969572705,0.47474387105522536,2021,H
4467,0.21217817876522863,0.22846912461021165,0.5593526966245603,2021,H
4468,0.1973014829155353,0.2098638060484209,0.5928347110360438,2021,D
4469,0.3363477819434349,0.23576982734610177,0.4278823907104632,2021,H
4470,0.41641467912344887,0.24513854493275905,0.3384467759437926,2021,D
4471,0.13096011016580278,0.15326481567239253,0.7157750741618046,2021,A
4472,0.6561041441068806,0.1900586709761553,0.15383718491696402,2021,A
4473,0.2751588484878116,0.26014049134443784,0.4647006601677506,2021,D
4474,0.08275593860067523,0.1437670479555053,0.7734770134438196,2021,H
4475,0.2659536987189627,0.2554550534725527,0.4785912478084848,2021,H
4476,0.210011661824251,0.2378234371841902,0.5521649009915589,2021,H
4477,0.46711629749274197,0.2767459962767054,0.2561377062305525,2021,H
4478,0.31198194128444345,0.2637281922824708,0.42428986643308575,2021,H
4479,0.3435726010473189,0.2780769064073714,0.37835049254530984,2021,H
4480,0.48035138489760654,0.24824224274554824,0.27140637235684556,2021,A
4481,0.3245756911994881,0.2765493779235708,0.3988749308769411,2021,A
4482,0.3705903600909624,0.25019756968872464,0.37921207022031306,2021,A
4483,0.22979687569205687,0.21917422179019092,0.5510289025177522,2021,A
4484,0.43057455301022346,0.25020181001833797,0.3192236369714389,2021,H
4485,0.3399865512611433,0.2733711180286425,0.38664233071021425,2021,H
4486,0.3045213132367515,0.27070285789137655,0.4247758288718718,2021,H
4487,0.2933414480579014,0.2610800073805025,0.4455785445615961,2021,H
4488,0.250096816340752,0.2734713838155475,0.4764317998437005,2021,D
4489,0.13543292577103686,0.17649819364059952,0.6880688805883634,2021,A
4490,0.1802676624102743,0.21049675678193652,0.6092355808077891,2021,H
4491,0.46370864032353654,0.25706868521927395,0.2792226744571897,2021,H
4492,0.3735653844146238,0.28444253912712886,0.34199207645824736,2021,A
4493,0.2945724962256077,0.28092814639505,0.42449935737934225,2021,H
4494,0.23935129865347105,0.28640143659642014,0.4742472647501087,2021,D
4495,0.1545862851730334,0.17569605400034502,0.669717660826622,2021,H
4496,0.1637068324104221,0.19760542191685304,0.6386877456727249,2021,A
4497,0.3154402194983769,0.27430246815040527,0.41025731235121765,2021,D
4498,0.2644890665722331,0.2739017094918927,0.4616092239358743,2021,H
4499,0.10504682673157127,0.14623894259787482,0.748714230670554,2021,H
4500,0.3291447207499988,0.2775637359135023,0.39329154333649863,2021,H
4501,0.18026051989349332,0.2220252980859379,0.5977141820205685,2021,H
4502,0.30705231779994663,0.2765225440515775,0.41642513814847604,2021,D
4503,0.07646870292314897,0.1204501565083655,0.8030811405684856,2021,H
4504,0.41361470353947444,0.2681429111382769,0.3182423853222487,2021,A
4505,0.36097704017834126,0.25868825318356115,0.3803347066380978,2021,D
4506,0.11294016605114936,0.14553927473260192,0.7415205592162488,2021,H
4507,0.13320785935570664,0.18019659921199607,0.6865955414322968,2021,H
4508,0.3374115572103839,0.2839618405387152,0.37862660225090083,2021,H
4509,0.29645991943461114,0.27160128079913737,0.4319387997662513,2021,D
4510,0.3264612539189627,0.2727897609244783,0.4007489851565591,2021,D
4511,0.4699898196158193,0.24427622189303214,0.28573395849114874,2021,D
4512,0.4608173752786781,0.2517238966324806,0.28745872808884126,2021,A
4513,0.22938940416277465,0.24850797646402303,0.5221026193732022,2021,H
4514,0.3042816371003119,0.30301106963848007,0.39270729326120807,2021,A
4515,0.3717077851445357,0.26552093345284633,0.3627712814026181,2021,A
4516,0.2813897121662444,0.27817925595201026,0.4404310318817453,2021,A
4517,0.5475151309368264,0.2507536607755451,0.2017312082876288,2021,A
4518,0.5677523345661039,0.22205423687645223,0.21019342855744383,2021,H
4519,0.18619522795676954,0.22144344833006627,0.5923613237131637,2021,H
4520,0.5086266995929908,0.2186900901352427,0.27268321027176634,2021,A
4521,0.2947588755118053,0.26827210416307284,0.43696902032512236,2021,H
4522,0.20308292479303128,0.2265973616321215,0.570319713574847,2021,H
4523,0.34199782915329224,0.2445727882900842,0.4134293825566238,2021,A
4524,0.10890228354292725,0.16993807239337397,0.7211596440636991,2021,D
4525,0.2317743676813798,0.23340704515942587,0.5348185871591943,2021,H
4526,0.339692219153039,0.2567617042037853,0.4035460766431758,2021,H
4527,0.16735481682375317,0.1788900582347196,0.6537551249415273,2021,D
4528,0.36855661572700593,0.29682208723971965,0.33462129703327465,2021,A
4529,0.11911355178844214,0.16549780079436296,0.7153886474171948,2021,H
4530,0.10432828263358505,0.15511024860791867,0.7405614687584965,2021,H
4531,0.29058185191204655,0.2802623829744118,0.42915576511354186,2021,A
4532,0.48042522543084437,0.2518484230950083,0.26772635147414764,2021,A
4533,0.2594585438617538,0.25869589142581656,0.4818455647124295,2021,H
4534,0.3421965726879554,0.2880317492313902,0.36977167808065436,2021,D
4535,0.6451829147829593,0.20462094193438649,0.15019614328265424,2021,A
4536,0.5475009640874299,0.2245307981128854,0.2279682377996846,2021,A
4537,0.4480905804390477,0.24976070395537783,0.30214871560557444,2021,H
4538,0.4004879868265057,0.25678457144336236,0.3427274417301321,2021,A
4539,0.2710009966711558,0.2490765065303178,0.4799224967985264,2021,D
4540,0.35429600611098694,0.2853695048238946,0.3603344890651185,2021,D
4541,0.3852063234078906,0.2763286641816338,0.3384650124104755,2021,A
4542,0.7221083838022399,0.1474970207918599,0.1303945954059002,2021,D
4543,0.20761890626538715,0.21719526444235018,0.5751858292922625,2021,H
4544,0.3738106724852242,0.25319918897213844,0.37299013854263774,2021,D
4545,0.49407199234800436,0.23796844898050706,0.2679595586714884,2021,H
4546,0.6883490930700105,0.1768610300706122,0.13478987685937727,2021,A
4547,0.4204593449155834,0.25794390511248266,0.32159674997193394,2021,H
4548,0.28183390335188996,0.26623274783155887,0.4519333488165511,2021,D
4549,0.14893042735211143,0.19349773645337628,0.6575718361945124,2021,D
4550,0.25613209530107883,0.2503782352271931,0.4934896694717283,2021,H
4551,0.5445463591994406,0.21170783091954454,0.24374580988101474,2021,A
4552,0.126633703227051,0.15010374818920913,0.7232625485837398,2021,H
4553,0.24795410580215343,0.2528993034925023,0.4991465907053441,2021,H
4554,0.08949888497458172,0.1268104843528418,0.7836906306725764,2021,H
4555,0.17986793399409196,0.21681183929022502,0.6033202267156832,2021,A
4556,0.3134473042989942,0.2754377441774951,0.41111495152351085,2021,A
4557,0.2350962026625816,0.2334383420977385,0.53146545523968,2021,H
4558,0.10616979644405085,0.17175973645227988,0.7220704671036691,2021,H
4559,0.312613850378619,0.26739734029760626,0.4199888093237747,2021,H
4560,0.35948608091961676,0.3029151755699977,0.3375987435103855,2022,A
4562,0.5333924847100345,0.22538812559892057,0.24121938969104448,2022,A
4563,0.20319924950760065,0.2241489014943114,0.5726518489980882,2022,H
4564,0.6019293504369618,0.22327325203238535,0.17479739753065235,2022,D
4565,0.31401098764319196,0.27541283790930243,0.41057617444750577,2022,H
4566,0.2485419183944018,0.2906626146834958,0.46079546692210216,2022,H
4567,0.3263339707976206,0.2668525618529705,0.4068134673494089,2022,D
4568,0.3854529844798772,0.2582954002267789,0.35625161529334354,2022,A
4569,0.731606287244121,0.14281169383652628,0.12558201891935217,2022,A
4570,0.24954121774673227,0.2650811081163709,0.4853776741368964,2022,D
4571,0.18198242934796546,0.21709101639684839,0.6009265542551863,2022,D
4572,0.20589098518043397,0.24401646867351606,0.55009254614605,2022,H
4573,0.17083083355699674,0.17702984552770254,0.6521393209153004,2022,H
4574,0.14773011309204376,0.161014158918308,0.6912557279896484,2022,H
4575,0.24950641169063914,0.252563569696935,0.4979300186124258,2022,H
4576,0.4062753181249038,0.3093796392291911,0.2843450426459057,2022,D
4578,0.23709205117094773,0.29388343230308966,0.4690245165259628,2022,D
4579,0.16570355847792684,0.19332426277362483,0.6409721787484485,2022,D
4580,0.2402102519389814,0.24953373608147258,0.5102560119795458,2022,A
4581,0.4828815229692598,0.2244254856247408,0.2926929914059995,2022,H
4582,0.5700931182967119,0.1992739585187834,0.23063292318450437,2022,A
4583,0.2967575998018667,0.24326946065016697,0.45997293954796653,2022,H
4584,0.10462054285961699,0.23651106214583106,0.6588683949945516,2022,H
4586,0.5636717895196085,0.20925664464662092,0.2270715658337706,2022,H
4587,0.5136162667362338,0.25540736464050423,0.2309763686232615,2022,A
4588,0.6131628522869197,0.21217641336126283,0.17466073435181698,2022,D
4589,0.6266616149902202,0.1844484720359301,0.18888991297384977,2022,H
4590,0.06818377957914899,0.12070018286896542,0.811116037551886,2022,H
4591,0.12751668065819735,0.1931169592544913,0.6793663600873119,2022,H
4592,0.25849194700230904,0.26306556692704525,0.4784424860706459,2022,H
4593,0.17858347960605034,0.2561082938933531,0.5653082265005964,2022,H
4594,0.316362182059659,0.26822757406075715,0.41541024387958353,2022,A
4595,0.18515077002806105,0.21742037648644127,0.5974288534854975,2022,D
4596,0.11866139923380134,0.12140366332824054,0.7599349374379581,2022,H
4597,0.23620679308947617,0.2449132952203024,0.5188799116902217,2022,A
4598,0.4566321683901077,0.2594282295400019,0.28393960206989033,2022,D
4600,0.42910084900886614,0.23146119716342672,0.3394379538277068,2022,H
4601,0.2332429446731784,0.23490932298206096,0.5318477323447612,2022,D
4602,0.322467308551855,0.25976844083626427,0.41776425061188094,2022,D
4603,0.5252441051689979,0.2611608164409437,0.21359507839005865,2022,H
4604,0.0807641989937454,0.2225719537470378,0.696663847259217,2022,H
4605,0.32994420543535796,0.29171682977895175,0.37833896478568996,2022,D
4607,0.501045129474306,0.24026506795515556,0.2586898025705388,2022,D
4608,0.1930002328113105,0.2730751121927485,0.5339246549959412,2022,H
4609,0.27325925719660676,0.28618562949695225,0.44055511330644087,2022,A
4610,0.7911769850572474,0.13269361472844068,0.07612940021431179,2022,D
4611,0.12041998225608166,0.16791163847318535,0.7116683792707329,2022,H
4612,0.29968813820539725,0.24519378937811517,0.45511807241648755,2022,A
4613,0.2645079052564892,0.2672038064953861,0.46828828824812463,2022,H
4614,0.28240821268412575,0.30840444247437576,0.40918734484149794,2022,H
4615,0.6482786095458031,0.18817314525215706,0.1635482452020403,2022,D
4616,0.25555519910377983,0.2705024570004781,0.4739423438957424,2022,D
4617,0.34812402365240486,0.26298946442476967,0.38888651192282536,2022,H
4618,0.1827283426110527,0.22726559026383733,0.5900060671251103,2022,H
4619,0.6982836197570929,0.1890026882421581,0.11271369200074888,2022,H
4620,0.4302558608166745,0.26314175926636185,0.30660237991696404,2022,H
4621,0.3221845610781661,0.29070810014577186,0.3871073387760619,2022,A
4622,0.6658081993742506,0.18373115113170407,0.150460649494045,2022,A
4623,0.1972786912585369,0.24500212172132305,0.5577191870201401,2022,D
4624,0.09355569944310693,0.1244788776067265,0.7819654229501667,2022,H
4625,0.286661322295205,0.2615018936964969,0.45183678400829774,2022,H
4626,0.568337037646878,0.2374392189768831,0.19422374337623938,2022,A
4627,0.16595101475699242,0.301938237721906,0.5321107475211021,2022,H
4628,0.3467330774184679,0.2791601030382833,0.37410681954324887,2022,D
4629,0.38420686247547103,0.28947753490261535,0.3263156026219136,2022,A
4630,0.2735237453822681,0.2834095147330068,0.4430667398847254,2022,A
4631,0.23441010414496655,0.32896363650573335,0.4366262593493001,2022,D
4632,0.29504380020400706,0.2715385889018658,0.4334176108941278,2022,A
4633,0.25486545458532095,0.2751639395108639,0.46997060590381523,2022,H
4634,0.12291447280233278,0.21402242448107,0.6630631027165973,2022,H
4635,0.25137557574680314,0.2835767303900524,0.4650476938631449,2022,D
4636,0.24821022457959926,0.2550871088817409,0.49670266653865996,2022,H
4637,0.09753836746095353,0.17045255405290927,0.732009078486137,2022,H
4638,0.306546922044873,0.2811366435692376,0.4123164343858894,2022,H
4639,0.296892222018225,0.24835544679545696,0.45475233118631825,2022,A
4640,0.1515035057812588,0.18024732047984862,0.6682491737388928,2022,H
4641,0.13068492647557614,0.1989628707487385,0.6703522027756855,2022,H
4642,0.29904594085799957,0.27360265902481,0.42735140011719025,2022,H
4643,0.2434720261654295,0.24883638408594616,0.5076915897486246,2022,H
4644,0.262345373577881,0.2533448758563209,0.48430975056579834,2022,H
4645,0.3182450246753967,0.3124734521151552,0.3692815232094481,2022,A
4646,0.3579080988073366,0.2851654836903781,0.3569264175022858,2022,D
4647,0.5239144838179601,0.230120997650905,0.2459645185311347,2022,H
4648,0.09859477579831333,0.15289424344078406,0.7485109807609024,2022,H
4649,0.2691262005521928,0.23184320868266758,0.4990305907651398,2022,H
4650,0.24761080508882594,0.29757944430407796,0.4548097506070961,2022,D
4651,0.29590575912397893,0.2839437885065422,0.420150452369479,2022,D
4652,0.4880794280135046,0.2306637403696917,0.28125683161680354,2022,A
4653,0.6946634231838827,0.16593291901399676,0.13940365780212083,2022,A
4654,0.3503937109227464,0.26638389230326526,0.3832223967739886,2022,D
4655,0.40487418538758035,0.24493251471020147,0.35019329990221854,2022,D
4656,0.34499281429106743,0.3224114568899079,0.33259572881902505,2022,H
4657,0.1339562678509809,0.19363396013040077,0.6724097720186186,2022,D
4658,0.24197988588850156,0.27513748110547015,0.48288263300602813,2022,H
4659,0.2706721485573509,0.24197693008707513,0.48735092135557406,2022,H
4660,0.23299529338839947,0.27919980722213666,0.487804899389464,2022,A
4661,0.3791102773744057,0.25842095024894557,0.36246877237664876,2022,H
4662,0.4990254409434266,0.26913238747152046,0.23184217158505344,2022,D
4663,0.12312087369973296,0.17158736986200185,0.7052917564382654,2022,H
4664,0.45451517202485464,0.25493839107665045,0.2905464368984949,2022,H
4665,0.3137879492513134,0.26062213794015454,0.42558991280853176,2022,H
4666,0.5024211964694336,0.22989895965492074,0.2676798438756449,2022,H
4667,0.3033837003743465,0.3294625939433088,0.3671537056823444,2022,H
4668,0.20659643819884654,0.2474894338862833,0.5459141279148705,2022,H
4669,0.3282963427897283,0.2620310471747072,0.4096726100355651,2022,D
4670,0.433781927086265,0.26177231931096423,0.30444575360277093,2022,A
4671,0.35410230842825785,0.2726258669808542,0.37327182459088776,2022,A
4672,0.6471510528577434,0.2262403990757188,0.12660854806653737,2022,D
4673,0.1794747646698611,0.2506170159699713,0.5699082193601679,2022,H
4674,0.29508684900157783,0.2663199840359001,0.4385931669625224,2022,A
4675,0.21115948895988573,0.2878055552450957,0.5010349557950184,2022,H
4676,0.60054055521608,0.24232249005703457,0.15713695472688494,2022,A
4677,0.4110119259541464,0.23298645812438895,0.35600161592146473,2022,A
4678,0.2955815036906227,0.2756389424312609,0.42877955387811645,2022,D
4679,0.330623303644359,0.2565254824401313,0.4128512139155101,2022,H
4680,0.25813387346677685,0.26604062437537734,0.47582550215784564,2022,H
4681,0.2387072457136094,0.21825568210654928,0.5430370721798415,2022,H
4682,0.24003979897654207,0.26791102169372055,0.4920491793297371,2022,D
4683,0.16852838654748445,0.1804847007595819,0.6509869126929341,2022,A
4684,0.08790401449613322,0.14586760119071118,0.7662283843131563,2022,H
4685,0.18607068664018134,0.24505454946110658,0.5688747638987123,2022,H
4686,0.2818281282892556,0.31760572981366,0.40056614189708456,2022,A
4687,0.5174243426016651,0.22307935391665323,0.259496303481681,2022,A
4688,0.3087139225126061,0.3026500310684897,0.3886360464189046,2022,D
4689,0.12269988775493905,0.19302902881191822,0.6842710834331421,2022,H
4690,0.22620822669347965,0.2463114053546785,0.527480367951842,2022,H
4691,0.5344544623228005,0.26183771825779617,0.20370781941940336,2022,A
4692,0.5299240192965138,0.21073963756570788,0.2593363431377787,2022,H
4693,0.710434531803547,0.16757147086497387,0.12199399733147902,2022,A
4694,0.23548999037946364,0.26595377625214645,0.49855623336838994,2022,A
4695,0.24186183254420915,0.29693934119362114,0.46119882626217,2022,A
4696,0.1391032626403081,0.21692707851355858,0.6439696588461333,2022,H
4697,0.6080395163010329,0.22328120401090656,0.16867927968806068,2022,A
4698,0.1628463576936072,0.20411619068736173,0.6330374516190315,2022,H
4699,0.27427308428214253,0.2860360440539523,0.43969087166390575,2022,A
4700,0.24655876029774565,0.26213265969065713,0.491308580011597,2022,H
4701,0.06127408789742875,0.08324094654374772,0.8554849655588234,2022,A
4702,0.3702453366590539,0.28487705340493447,0.3448776099360118,2022,H
4703,0.16445153978022278,0.1800721566260638,0.6554763035937136,2022,H
4704,0.1732764340989149,0.25932726822649255,0.5673962976745929,2022,A
4705,0.46719850039164895,0.19047154729614812,0.3423299523122029,2022,A
4706,0.518411897284452,0.2356615609678429,0.2459265417477048,2022,A
4707,0.4296577543362421,0.24571283129669763,0.3246294143670603,2022,A
4708,0.34732108673080303,0.26567278501226566,0.3870061282569314,2022,A
4709,0.5113378229202729,0.27017698966695397,0.21848518741277284,2022,A
4710,0.501398773661786,0.25120358218069877,0.2473976441575151,2022,D
4711,0.26895052614964793,0.24192829316265996,0.48912118068769206,2022,A
4712,0.12320637044086508,0.13193190166669022,0.7448617278924438,2022,H
4713,0.32379497249779127,0.2635945161873886,0.41261051131482035,2022,H
4714,0.11649263466713994,0.1776811935053988,0.7058261718274603,2022,H
4715,0.5614280048659438,0.20778872268674725,0.23078327244730928,2022,A
4716,0.25838927496274716,0.2846857168920464,0.45692500814520676,2022,A
4717,0.12366598811643753,0.20959532136763318,0.6667386905159293,2022,H
4718,0.16661459082386285,0.23144734236865055,0.601938066807487,2022,D
4719,0.06663768522696424,0.09642348457771695,0.8369388301953182,2022,D
4720,0.49806898817933287,0.24651361007095962,0.2554174017497073,2022,A
4721,0.3236960349461196,0.29188175921980175,0.38442220583407855,2022,A
4722,0.24255792914698165,0.2488216322040904,0.5086204386489285,2022,H
4723,0.49824024112432413,0.2510364319786971,0.25072332689697874,2022,A
4724,0.10568277057101494,0.189564806828142,0.704752422600843,2022,A
4725,0.3063393430252502,0.28817674215747785,0.4054839148172722,2022,D
4726,0.6018885553654385,0.23827822741269533,0.1598332172218663,2022,H
4727,0.21853996773081824,0.24586180492769608,0.5355982273414857,2022,D
4728,0.3154827402842315,0.28390004041863615,0.4006172192971328,2022,A
4729,0.37597157984412305,0.25994298035992836,0.3640854397959486,2022,A
4730,0.1274019981842084,0.17556702039603173,0.6970309814197596,2022,H
4731,0.3642378087833421,0.2590045824430069,0.376757608773651,2022,D
4732,0.2367570673959961,0.30192041742637693,0.46132251517762696,2022,D
4733,0.4103750222158979,0.23481753896174623,0.35480743882235577,2022,A
4734,0.2677581862563134,0.2716573289589513,0.46058448478473557,2022,A
4735,0.6140949513326406,0.21128340284033745,0.17462164582702158,2022,A
4736,0.23474235895307846,0.21462491567839576,0.5506327253685259,2022,H
4737,0.24966872432235612,0.25226447366882815,0.4980668020088157,2022,H
4738,0.3588607498295683,0.24874566432633669,0.3923935858440955,2022,H
4739,0.45676169655490867,0.2583142507340366,0.28492405271105503,2022,H
4740,0.3153545276597061,0.3502817664701245,0.33436370587016984,2022,A
4741,0.2971351259933276,0.2582744060046282,0.4445904680020444,2022,H
4742,0.32346316987335527,0.2968380060871301,0.37969882403951444,2022,H
4743,0.21184656815318592,0.2261399669274049,0.5620134649194093,2022,H
4744,0.2760247734514304,0.2503302632470321,0.4736449633015377,2022,H
4745,0.3109042765692252,0.25554994182273316,0.4335457816080417,2022,H
4746,0.4026730778594797,0.24387259895036234,0.3534543231901583,2022,A
4747,0.49636191913760486,0.26301723452317677,0.2406208463392186,2022,D
4748,0.23820841504554544,0.2677030660055662,0.49408851894888867,2022,H
4749,0.3419330330544535,0.2753816984338524,0.3826852685116942,2022,A
4750,0.2249527179752355,0.24432758802645116,0.5307196939983133,2022,H
4751,0.556562155729582,0.23675309371137426,0.20668475055904323,2022,D
4752,0.4324545868215457,0.2695760196982293,0.2979693934802255,2022,D
4753,0.367369979399894,0.28865178026027893,0.34397824033982694,2022,D
4754,0.22747273953444924,0.272276756362968,0.5002505041025834,2022,D
4755,0.3792958267451747,0.28461841023614176,0.33608576301868337,2022,D
4756,0.08598841974180163,0.12050514702589725,0.7935064332323003,2022,H
4757,0.2985580406542854,0.2179672837393753,0.4834746756063394,2022,H
4758,0.2971932873489365,0.24956125884174898,0.45324545380931497,2022,A
4759,0.2687570457157796,0.23512793274496335,0.4961150215392571,2022,D
4760,0.12100860210353664,0.16717708758546806,0.7118143103109952,2022,D
4761,0.5167992974727174,0.24642156118209585,0.23677914134518677,2022,H
4762,0.15656013515834025,0.20697498992823682,0.6364648749134234,2022,H
4763,0.23241841726256207,0.22775948624405762,0.5398220964933804,2022,A
4764,0.3283901472504476,0.2654766865097323,0.4061331662398207,2022,H
4765,0.1301862682699223,0.20465876451300044,0.6651549672170773,2022,H
4766,0.4673627817230408,0.22751179728543783,0.30512542099152096,2022,H
4767,0.27611837329013755,0.22929111286319717,0.49459051384666547,2022,H
4768,0.4921370988578317,0.24738961976805615,0.2604732813741119,2022,H
4769,0.23016372632340557,0.1849258387320172,0.5849104349445777,2022,D
4770,0.39862966766849367,0.2327034507694606,0.3686668815620462,2022,H
4771,0.5680095522447618,0.19854484060985356,0.2334456071453837,2022,D
4772,0.3362699092083644,0.2960172737227344,0.3677128170689013,2022,A
4773,0.4013816250388903,0.293872876654522,0.3047454983065877,2022,H
4774,0.32535586197493904,0.2633867386540225,0.4112573993710381,2022,D
4775,0.5101454357571007,0.2341890856029552,0.25566547863994404,2022,D
4776,0.18818763053231094,0.2305816239463893,0.5812307455212999,2022,D
4777,0.43257605116426395,0.23128853352308962,0.3361354153126467,2022,A
4778,0.1712668431603011,0.17603941184124164,0.6526937449984576,2022,H
4779,0.19667014838380908,0.23624017548694834,0.567089676129243,2022,H
4780,0.27116849589142394,0.2385181163568771,0.4903133877516993,2022,A
4781,0.24629817699395246,0.23117783511773485,0.5225239878883132,2022,A
4782,0.21139963286216182,0.217144836866219,0.5714555302716191,2022,A
4783,0.5274014511082694,0.24283489961518956,0.22976364927654067,2022,D
4784,0.3321690411153299,0.28890362363960403,0.3789273352450659,2022,H
4785,0.2410340122626089,0.24448623013038023,0.5144797576070106,2022,A
4786,0.10960933628939555,0.21299937221882653,0.677391291491778,2022,A
4787,0.49109785040519627,0.24022035501229944,0.2686817945825042,2022,A
4788,0.25031868926656686,0.20489632617832423,0.5447849845551087,2022,D
4789,0.16855239902468203,0.23027929290436916,0.6011683080709497,2022,H
4790,0.23040679046783158,0.28003675178804527,0.4895564577441234,2022,H
4791,0.28723724747747154,0.2921479562559472,0.4206147962665812,2022,D
4792,0.7733333227728472,0.1294351932370116,0.09723148399014107,2022,A
4793,0.33904476582119064,0.25529425680613793,0.4056609773726712,2022,H
4794,0.4664309260555758,0.23143348925765841,0.30213558468676516,2022,D
4795,0.32520352008237874,0.2764939012604898,0.3983025786571318,2022,H
4796,0.7013703353831185,0.1558182948493705,0.14281136976751108,2022,A
4797,0.3354618734401994,0.24541880324803447,0.4191193233117661,2022,A
4798,0.3192896465387026,0.24191134117379895,0.4387990122874982,2022,H
4799,0.16475410492152734,0.2468916572728416,0.5883542378056308,2022,H
4800,0.1221035125768467,0.15511494055078615,0.7227815468723671,2022,H
4801,0.17184682768652093,0.23254757170525842,0.5956056006082203,2022,H
4802,0.2565655745376217,0.24729829805737974,0.4961361274049983,2022,H
4803,0.3940944848170225,0.2920807755199555,0.31382473966302177,2022,H
4804,0.12993856651204413,0.15567847574318722,0.7143829577447681,2022,H
4805,0.07724920299671693,0.09835795198695257,0.8243928450163306,2022,H
4806,0.24890766278055648,0.2488732725227162,0.5022190646967276,2022,H
4807,0.3096011654830766,0.29754321140880935,0.39285562310811434,2022,H
4808,0.19135846449537675,0.2907760521311168,0.5178654833735064,2022,H
4809,0.2799214656239682,0.3085667255721797,0.41151180880385196,2022,D
4810,0.2775389814229993,0.28195186723371635,0.44050915134328456,2022,H
4811,0.6797546427361689,0.17986854646213302,0.14037681080169798,2022,H
4812,0.3311764254626483,0.27778469147075036,0.39103888306660123,2022,H
4813,0.5963346714242356,0.2066957752183228,0.19696955335744126,2022,D
4814,0.4085417606335969,0.24695524437854313,0.34450299498785997,2022,A
4815,0.1383831136532259,0.18163103930247942,0.6799858470442943,2022,H
4816,0.6146286675384119,0.20263748310948151,0.18273384935210615,2022,A
4817,0.27145879701951564,0.24308621867226463,0.4854549843082195,2022,D
4818,0.18926043182542782,0.22753611904145074,0.5832034491331217,2022,H
4819,0.6185523684774156,0.17722586536205903,0.20422176616052526,2022,A
4820,0.1210654618073063,0.14020695307329967,0.7387275851193935,2022,D
4821,0.13373742500722727,0.23413869726074876,0.6321238777320234,2022,H
4822,0.3957257777079098,0.2487858128035076,0.3554884094885825,2022,A
4823,0.41383872285165196,0.2574476645663709,0.32871361258197695,2022,A
4824,0.3025752922690993,0.320585906273626,0.3768388014572748,2022,A
4825,0.22737791485590744,0.24732496243453414,0.5252971227095579,2022,D
4826,0.4938175082015027,0.22615445478681945,0.28002803701167767,2022,D
4827,0.2537088251683416,0.23960499962643297,0.5066861752052252,2022,H
4828,0.2749850733188024,0.26239841139630155,0.4626165152848962,2022,D
4829,0.14364553005299746,0.18525180010272924,0.6711026698442734,2022,H
4830,0.3293062563120687,0.31501448813530264,0.3556792555526287,2022,H
4831,0.23180084956074917,0.24933696447300238,0.5188621859662486,2022,A
4832,0.29556365089567777,0.24102684303668032,0.46340950606764236,2022,H
4833,0.08483704860747872,0.09317816841714041,0.8219847829753804,2022,H
4834,0.28834205376535027,0.2947630340068216,0.41689491222782843,2022,D
4835,0.1613579108043905,0.21332297236415446,0.6253191168314546,2022,D
4836,0.24670338265200756,0.27685026015992326,0.47644635718806927,2022,H
4837,0.30566276696912786,0.3127282749770355,0.3816089580538364,2022,H
4838,0.29631755504275287,0.2613949496882625,0.44228749526898414,2022,H
4839,0.404780475587659,0.2889256671144668,0.30629385729787484,2022,D
4840,0.5884837049693878,0.22708887008639908,0.18442742494421296,2022,A
4841,0.27097606680151815,0.2789358404958021,0.4500880927026799,2022,H
4842,0.42941145951700366,0.2954689891300636,0.27511955135293276,2022,A
4843,0.2871742662263145,0.26570405143389725,0.44712168233978866,2022,D
4844,0.4132268755042472,0.2615390063428812,0.32523411815287173,2022,A
4845,0.2674619325233182,0.2895982880122619,0.44293977946442004,2022,H
4846,0.19352688991096836,0.2760802915910239,0.5303928184980073,2022,H
4847,0.20824321423308273,0.20615867114226988,0.5855981146246474,2022,H
4848,0.6635231253637582,0.18768780193232337,0.1487890727039185,2022,A
4849,0.3524801650715399,0.27973290122497874,0.3677869337034817,2022,A
4850,0.3325463610503106,0.25995453549816183,0.4074991034515274,2022,A
4851,0.426996981080282,0.2673265062692873,0.30567651265043105,2022,H
4852,0.5030872552179511,0.2212420045299118,0.27567074025213706,2022,H
4853,0.6549832372443823,0.18850641137610613,0.156510351379511,2022,A
4854,0.46638858027485575,0.2617424927514346,0.27186892697370973,2022,D
4855,0.36725955422320056,0.27811132940196576,0.354629116374834,2022,A
4856,0.523876500215443,0.23081474706805324,0.24530875271650404,2022,H
4857,0.32933175436001294,0.2893830550590556,0.38128519058093174,2022,A
4858,0.2745927004490001,0.2794947196466575,0.4459125799043425,2022,A
4859,0.4241251502079832,0.2731774494902034,0.30269740030181347,2022,A
4860,0.16386744471037065,0.1934648152446911,0.642667740044938,2022,A
4861,0.25891692532301525,0.27965293316926965,0.4614301415077155,2022,H
4862,0.07842872995247119,0.1257267939293075,0.7958444761182207,2022,H
4863,0.45083194572313556,0.2339369626649294,0.3152310916119348,2022,A
4864,0.6882209125781933,0.17602920302715952,0.13574988439464739,2022,D
4865,0.4609971478641717,0.2207170146937829,0.3182858374420455,2022,A
4866,0.09832549846057093,0.13201870594389953,0.7696557955955298,2022,D
4867,0.27934943300661375,0.26956288906526504,0.45108767792812154,2022,H
4868,0.5061921703381214,0.2631105683498125,0.23069726131206622,2022,D
4869,0.2268573806502674,0.2792096093761318,0.49393300997360085,2022,D
4870,0.34354411060681955,0.28366403902985005,0.37279185036333046,2022,H
4871,0.21279160284898413,0.21590473445072747,0.5713036627002888,2022,H
4872,0.26224593467531476,0.27014776787570977,0.4676062974489756,2022,A
4873,0.2002051844744204,0.24400206176239578,0.5557927537631844,2022,H
4874,0.2647408254718904,0.20634521736480416,0.5289139571633058,2022,H
4875,0.44524272905976664,0.2227688279416895,0.3319884429985441,2022,H
4876,0.3283851893341221,0.2563654327802576,0.4152493778856201,2022,D
4877,0.22305328041835565,0.2315497413044598,0.5453969782771847,2022,H
4878,0.4549948281488944,0.2341206513971393,0.3108845204539663,2022,A
4879,0.1928526707449542,0.24165611539901946,0.5654912138560267,2022,A
4880,0.5924622684581479,0.19721179545070708,0.21032593609114517,2022,H
4881,0.6608635760167187,0.20463070226231445,0.1345057217209663,2022,A
4882,0.30547587406694776,0.2634811675190971,0.43104295841395557,2022,A
4883,0.5564648045630204,0.20482190460396946,0.23871329083301085,2022,D
4884,0.21924692706286333,0.26784989548691146,0.5129031774502253,2022,H
4885,0.23285640983524503,0.2630265678388326,0.5041170223259226,2022,H
4886,0.19925675996937758,0.2892785024639966,0.5114647375666259,2022,H
4887,0.1207213211192267,0.1753225285369032,0.7039561503438696,2022,H
4888,0.775906524074038,0.1252992832177647,0.09879419270819716,2022,A
4889,0.24016443065628437,0.2583996724091914,0.5014358969345243,2022,H
4890,0.22813446523887562,0.25924418282694545,0.5126213519341786,2022,H
4891,0.1578020824791694,0.20284806262496985,0.6393498548958604,2022,H
4892,0.30292510559941155,0.26709047587935647,0.42998441852123187,2022,D
4893,0.2000303209513482,0.19261947933995693,0.6073501997086954,2022,H
4894,0.12557308773090636,0.1893120978576164,0.6851148144114768,2022,H
4895,0.11586130346518096,0.17380458981698724,0.7103341067178319,2022,H
4896,0.3185012017931279,0.2951886114841561,0.3863101867227164,2022,H
4897,0.32296064118988177,0.20467925286481037,0.4723601059453083,2022,H
4898,0.40488760275929037,0.2649539234025152,0.33015847383819397,2022,H
4899,0.14620030905115625,0.19520314878439507,0.6585965421644485,2022,H
4900,0.19417459204758344,0.23425542459477808,0.5715699833576382,2022,A
4901,0.07488413631033913,0.13656588956637827,0.788549974123282,2022,H
4902,0.6237786281613389,0.18833255791313325,0.1878888139255281,2022,H
4903,0.25271386856274775,0.24145294112194915,0.5058331903153033,2022,A
4904,0.2847471986418322,0.26688688625731954,0.4483659151008482,2022,H
4905,0.13626701881390887,0.2532599624158376,0.6104730187702534,2022,A
4906,0.26583930592531674,0.2557042326824876,0.4784564613921959,2022,H
4907,0.5102558001396529,0.23918331092721584,0.2505608889331313,2022,D
4908,0.2917701877615442,0.254386520659777,0.4538432915786791,2022,H
4909,0.230083464091178,0.25963910937772816,0.5102774265310943,2022,D
4910,0.2524686832476684,0.21506662014086864,0.5324646966114631,2022,H
4911,0.18835109047496687,0.17233977920294774,0.6393091303220851,2022,H
4912,0.32332314210265195,0.2951339398884107,0.38154291800893725,2022,A
4913,0.26145434456612643,0.2457756321804574,0.49277002325341585,2022,A
4914,0.7314430059899923,0.1712607895590897,0.09729620445091826,2022,A
4915,0.24570449516435097,0.25199999136048773,0.5022955134751613,2022,H
4916,0.5817704837561755,0.2092753620076253,0.20895415423619887,2022,A
4917,0.16523677336524753,0.26113226452544647,0.5736309621093065,2022,H
4918,0.2882644532577408,0.25348679531860063,0.4582487514236586,2022,A
4919,0.5174519016811225,0.22281001269254308,0.2597380856263344,2022,A
4920,0.4145381022496192,0.2514984702549325,0.33396342749544794,2022,D
4921,0.23707962886137032,0.2056051568416296,0.5573152142969998,2022,D
4922,0.2793455335168385,0.2768338754122828,0.44382059107087835,2022,D
4923,0.5523102555353074,0.2324136924211781,0.21527605204351463,2022,H
4924,0.07718475499438843,0.11409849902517699,0.8087167459804349,2022,H
4925,0.09681602797255291,0.16884724442021046,0.734336727607237,2022,H
4926,0.27289786099377283,0.3048213820397116,0.4222807569665153,2022,H
4927,0.09711190574426463,0.20778671712450555,0.6951013771312299,2022,D
4928,0.47884489943435343,0.2608149814501489,0.26034011911549765,2022,D
4929,0.14358771525232356,0.22009673599878382,0.6363155487488928,2022,H
4930,0.4790095203393966,0.23572846969998193,0.2852620099606217,2022,A
4931,0.6757443882816786,0.17155747827481718,0.15269813344350414,2022,D
4932,0.13014887728143307,0.17445540628661732,0.6953957164319496,2022,H
4933,0.27655082881573906,0.2654676237803117,0.4579815474039496,2022,H
4934,0.39514533702363613,0.2762049655892447,0.3286496973871197,2022,H
4935,0.509444852212591,0.25064769696869105,0.23990745081871725,2022,D
4936,0.29838102400364974,0.2124590815483101,0.4891598944480408,2022,H
4937,0.17782142456139002,0.203289278028065,0.618889297410545,2022,H
4938,0.20366655672828898,0.25777940698767166,0.5385540362840393,2022,D
4939,0.526950652248498,0.24332261991997575,0.22972672783152626,2022,H
4940,0.5222529229285602,0.24453136577740267,0.23321571129403693,2023,A
4942,0.31952085345000447,0.26464391925696706,0.4158352272930285,2023,A
4943,0.4926490377275755,0.2178030392971503,0.2895479229752741,2023,A
4944,0.24226918246243773,0.24088671082496899,0.5168441067125934,2023,H
4945,0.36667710481090354,0.25847875506142093,0.37484414012767564,2023,D
4946,0.21954837104673444,0.30210999642850855,0.47834163252475703,2023,H
4947,0.5337720445948464,0.2088589425908282,0.25736901281432556,2023,D
4948,0.3154519719075207,0.25893121878940106,0.425616809303078,2023,D
4949,0.2175564183418272,0.20250670716439922,0.5799368744937738,2023,H
4950,0.26121226677257625,0.2787205536005864,0.4600671796268373,2023,H
4951,0.2644242216495869,0.22223961708902046,0.5133361612613924,2023,A
4952,0.1624472939285211,0.2033793463903698,0.634173359681109,2023,H
4953,0.47582583690892016,0.22574939488658952,0.2984247682044903,2023,A
4954,0.5505140779562882,0.21652124931208672,0.23296467273162513,2023,H
4955,0.2869650941558078,0.2503344294396242,0.46270047640456796,2023,H
4956,0.2657382003842435,0.25665710931208746,0.4776046903036695,2023,H
4957,0.3241819211874878,0.24218802595799505,0.4336300528545177,2023,H
4958,0.29930736371995814,0.2843506880857705,0.4163419481942717,2023,A
4960,0.399917813617807,0.23886692407218293,0.3612152623100103,2023,A
4961,0.08992184029922407,0.10393781287656281,0.8061403468242129,2023,D
4962,0.24373798175318304,0.21173307043117554,0.5445289478156414,2023,D
4963,0.2512053056716492,0.25824175839960084,0.49055293592875004,2023,A
4964,0.16327575168889535,0.24000507820057268,0.596719170110532,2023,H
4965,0.13104125797051155,0.14784880435325096,0.7211099376762375,2023,A
4966,0.4837822369743279,0.27175240666715356,0.24446535635851874,2023,A
4967,0.47939254313772217,0.29426108888291647,0.2263463679793615,2023,A
4968,0.3829051952769498,0.2676260736450884,0.34946873107796206,2023,A
4970,0.07592491860934163,0.13694533259889513,0.7871297487917633,2023,H
4971,0.2047040863066321,0.25159766284567453,0.5436982508476934,2023,A
4972,0.22564881591780217,0.24199072558766563,0.5323604584945318,2023,H
4973,0.21462845834042552,0.19573581633695208,0.5896357253226224,2023,D
4974,0.3662613922785972,0.3103067941234989,0.32343181359790385,2023,D
4975,0.487876624155998,0.2299866880841719,0.28213668775983025,2023,A
4976,0.19353323827839244,0.20031442959372392,0.6061523321278839,2023,H
4977,0.20647524333536288,0.2378401664559355,0.5556845902087012,2023,H
4978,0.2209965822706895,0.26584991458039114,0.5131535031489193,2023,H
4979,0.5581400758414556,0.25606623765039144,0.185793686508153,2023,A
4980,0.35215169232363924,0.2914577334968219,0.3563905741795388,2023,H
4982,0.4021133559880006,0.2711289930286,0.3267576509833997,2023,A
4983,0.0975242254955559,0.16449063903850292,0.7379851354659412,2023,H
4984,0.6095281421913409,0.2407719646946627,0.14969989311399615,2023,A
4985,0.3250278724229652,0.25787933023346077,0.4170927973435741,2023,H
4986,0.45805748197833046,0.25979080207607047,0.28215171594559896,2023,D
4987,0.4911532888302723,0.25917795045733333,0.24966876071239433,2023,A
4988,0.2243881783647557,0.2589819723853914,0.5166298492498531,2023,D
4990,0.42789626942815223,0.19198992661883246,0.3801138039530151,2023,A
4991,0.22005232915932788,0.23838559694193232,0.5415620738987399,2023,D
4992,0.06842759682786742,0.122195037634308,0.8093773655378247,2023,H
4993,0.2306752787198995,0.2342582935013851,0.5350664277787157,2023,A
4994,0.172136123456349,0.2979240774213969,0.5299397991222542,2023,D
4995,0.11878270628746403,0.2391987924147123,0.6420185012978233,2023,H
4996,0.32943093077858054,0.2546413900525225,0.4159276791688971,2023,A
4997,0.10898973121780614,0.17509741307137236,0.7159128557108211,2023,H
4998,0.42547060557559824,0.2581695245546707,0.3163598698697312,2023,A
4999,0.8294856937626162,0.11097403039537727,0.05954027584200665,2023,H
5000,0.12271429125312353,0.15420333009990297,0.7230823786469734,2023,H
5001,0.2653029037578019,0.26960507829933644,0.46509201794286137,2023,H
5002,0.3415981617025307,0.2828651761326778,0.3755366621647916,2023,H
5003,0.18475957689115335,0.2563898406156836,0.5588505824931631,2023,A
5004,0.2754345036108805,0.24000230067907988,0.48456319571003986,2023,H
5005,0.23930491552998753,0.2486057895559622,0.5120892949140502,2023,A
5006,0.6557764953696504,0.1889661730474428,0.15525733158290694,2023,A
5007,0.3165496436809143,0.27056573430601627,0.41288462201306947,2023,D
5008,0.38060261456693206,0.2306681789644841,0.38872920646858367,2023,A
5009,0.27214431247534043,0.22389182829434176,0.5039638592303178,2023,A
5010,0.21934332882357693,0.25030309074025076,0.5303535804361722,2023,H
5011,0.20611369458705983,0.25958944820125934,0.5342968572116804,2023,D
5012,0.2579114486592684,0.2338972171057455,0.5081913342349864,2023,H
5013,0.4385021849764463,0.2619479238039482,0.29954989121960596,2023,A
5014,0.23804871362751834,0.2634836188939284,0.49846766747855364,2023,H
5015,0.4412567367020462,0.24163029726752977,0.3171129660304238,2023,A
5016,0.25262601909459387,0.24238022803739168,0.5049937528680144,2023,D
5017,0.47462691480964203,0.25728198024983323,0.2680911049405248,2023,D
5018,0.40878603055628965,0.3292949723154902,0.2619189971282201,2023,D
5019,0.24213965717790426,0.26800771069565615,0.4898526321264394,2023,H
5020,0.646645957492237,0.18179197389735735,0.17156206861040538,2023,D
5021,0.26208491327238803,0.32028060180546203,0.41763448492214983,2023,D
5022,0.46702157121946364,0.23837586109747813,0.29460256768305804,2023,A
5023,0.18450563961230543,0.21967003034523255,0.5958243300424619,2023,H
5024,0.21045132099476654,0.1811522516814959,0.6083964273237377,2023,H
5025,0.3338870302164248,0.24304822789562297,0.42306474188795207,2023,A
5026,0.1838303916831362,0.1905476399215933,0.6256219683952703,2023,H
5027,0.21150955041284764,0.23387673504979378,0.5546137145373584,2023,H
5028,0.1749034277629367,0.26084767773798,0.5642488944990829,2023,H
5029,0.2480048518598247,0.1908828240508997,0.5611123240892756,2023,H
5030,0.5914751018453014,0.22110192747896362,0.18742297067573507,2023,A
5031,0.3080720902549555,0.27699356185232105,0.41493434789272327,2023,A
5032,0.11573249141419478,0.21374592696445863,0.670521581621347,2023,H
5033,0.38443333130155394,0.24202429390367508,0.3735423747947709,2023,H
5034,0.523363950498453,0.2748228173889698,0.20181323211257715,2023,D
5035,0.1092295821218572,0.15053930133898222,0.7402311165391605,2023,H
5036,0.44010715390126265,0.2545302713665558,0.30536257473218154,2023,A
5037,0.2924376209403385,0.28866691589763444,0.41889546316202714,2023,A
5038,0.355049090826119,0.21954659260604792,0.4254043165678332,2023,D
5039,0.10527124838621042,0.16611783880785846,0.7286109128059312,2023,H
5040,0.09152200270134517,0.16853539506320608,0.7399426022354482,2023,H
5041,0.43264107616229486,0.32227167784227745,0.2450872459954277,2023,H
5042,0.3015606711074077,0.3012634185740634,0.3971759103185289,2023,H
5043,0.38708006674169776,0.2308712402708367,0.3820486929874661,2023,A
5044,0.24525448809402728,0.22448130003077016,0.530264211875203,2023,H
5045,0.3075858780451018,0.29201324974472437,0.400400872210174,2023,A
5046,0.40664559742052964,0.19312996854675135,0.40022443403271896,2023,D
5047,0.5497764056588997,0.22477613113042103,0.22544746321067927,2023,D
5048,0.5530855068873892,0.24726842295945148,0.19964607015315966,2023,H
5049,0.13440478772695397,0.18021962934482605,0.6853755829282201,2023,A
5050,0.48675982299553683,0.2589667043595126,0.25427347264495065,2023,H
5051,0.11558271712656598,0.20153720291400753,0.6828800799594262,2023,H
5052,0.30872642132512185,0.2670566194022268,0.42421695927265135,2023,A
5053,0.18180003465799666,0.18936514844954241,0.6288348168924608,2023,H
5054,0.4565924976168128,0.259266443806912,0.2841410585762751,2023,H
5055,0.269596999982251,0.2854095270581593,0.44499347295958935,2023,H
5056,0.22194691677968648,0.26855623008116397,0.5094968531391493,2023,D
5057,0.16556033000469653,0.20813424322304871,0.6263054267722549,2023,H
5058,0.1333848665279308,0.18090697596822256,0.6857081575038458,2023,H
5059,0.588853800091856,0.23419482187799798,0.17695137803014618,2023,D
5060,0.24895776286550275,0.24701280418911994,0.5040294329453774,2023,D
5061,0.3940582517148451,0.2798241275027354,0.3261176207824198,2023,A
5062,0.2630146005553582,0.28965714589081454,0.4473282535538272,2023,H
5063,0.4577440194866292,0.22936235239028194,0.31289362812308863,2023,H
5064,0.36304115870242076,0.2765106035548636,0.3604482377427152,2023,A
5065,0.307640781338001,0.32056894524228924,0.3717902734197099,2023,A
5066,0.5811310881540787,0.20706261696062211,0.21180629488529906,2023,A
5067,0.4224458716706932,0.23486098011353643,0.34269314821577046,2023,A
5068,0.49259353077205054,0.1996453526337376,0.3077611165942119,2023,A
5069,0.4474591371970507,0.24213305769870794,0.3104078051042413,2023,H
5070,0.34861386645037024,0.26476857625561334,0.3866175572940162,2023,H
5071,0.21577652122346894,0.2507853697956874,0.5334381089808438,2023,H
5072,0.2565816533182339,0.2749681016875326,0.4684502449942333,2023,H
5073,0.2900976790621188,0.28950792993766233,0.42039439100021886,2023,A
5074,0.1477396167052631,0.1415276747584718,0.7107327085362648,2023,H
5075,0.41876212970565296,0.27565009479281566,0.3055877755015314,2023,D
5076,0.33041314446773307,0.2786173627131203,0.39096949281914667,2023,H
5077,0.09369748544966514,0.1529400283107325,0.7533624862396021,2023,H
5078,0.30783670044165534,0.3056368653663746,0.3865264341919701,2023,D
5079,0.1065594118597346,0.15926597209763815,0.734174616042627,2023,D
5080,0.3745518305677383,0.2670718803134225,0.35837628911883934,2023,H
5081,0.6921515358157491,0.19042039754559692,0.1174280666386541,2023,A
5082,0.6317666864024695,0.1820215593541168,0.18621175424341377,2023,A
5083,0.30482527073215854,0.27061221172092337,0.4245625175469182,2023,H
5084,0.4533586444140324,0.22092533088018518,0.32571602470578237,2023,H
5085,0.252017054955989,0.25739374837596907,0.4905891966680421,2023,H
5086,0.2280053035752294,0.32075821822299816,0.4512364782017724,2023,H
5087,0.2524962894579211,0.26567664855283224,0.48182706198924696,2023,A
5088,0.3931959233355047,0.24535481738648313,0.36144925927801225,2023,H
5089,0.28577385323062887,0.23679767588907752,0.47742847088029394,2023,A
5090,0.5755210689578583,0.2001518065538148,0.224327124488327,2023,A
5091,0.29539719953638655,0.28624113761311487,0.4183616628504985,2023,D
5092,0.23509944213638911,0.1994148562776519,0.5654857015859587,2023,A
5093,0.39886448472816693,0.26292826829345595,0.3382072469783774,2023,H
5094,0.20022494904959953,0.2789554662124173,0.520819584737983,2023,D
5095,0.36605500572794897,0.2301370310340913,0.40380796323795964,2023,H
5096,0.4559401763647993,0.24630740752549582,0.29775241610970504,2023,A
5097,0.2862173090991968,0.27721748034584925,0.436565210554954,2023,H
5098,0.3449743989327345,0.25095832627503695,0.40406727479222837,2023,H
5099,0.22219114555499253,0.27899026644671354,0.49881858799829437,2023,H
5100,0.4261594379725281,0.22029430140100145,0.353546260626471,2023,A
5101,0.2576499990618485,0.265170594038716,0.4771794068994351,2023,H
5102,0.20152748970237067,0.19442977453444482,0.6040427357631846,2023,D
5103,0.23635135430817641,0.23256311505161698,0.5310855306402066,2023,H
5104,0.3974330417288309,0.30673244428840085,0.2958345139827681,2023,A
5105,0.41689615360577525,0.27497929661430726,0.3081245497799177,2023,A
5106,0.2947594482727151,0.2604436485166369,0.44479690321064835,2023,H
5107,0.1310826486115244,0.1360034459594398,0.7329139054290359,2023,D
5108,0.18092091193325444,0.2142216704437485,0.6048574176229969,2023,H
5109,0.40110719276689005,0.2404553013504137,0.3584375058826959,2023,D
5110,0.12697489261919587,0.24283009776270237,0.6301950096181019,2023,D
5111,0.3999250228555274,0.206084745650902,0.39399023149357104,2023,H
5112,0.28196783258740304,0.27134663168341233,0.44668553572918446,2023,A
5113,0.43882707027571527,0.2791937898123263,0.28197913991195855,2023,H
5114,0.44768199457858726,0.22789633779384202,0.3244216676275705,2023,A
5115,0.21903023842008956,0.21408892864056384,0.5668808329393464,2023,H
5116,0.19357056674657225,0.30851034407692235,0.49791908917650546,2023,D
5117,0.28823007338232576,0.2784931204930309,0.43327680612464337,2023,H
5118,0.5144880536142469,0.2615405300611441,0.22397141632460926,2023,H
5119,0.6675423393786258,0.20343598910363664,0.1290216715177376,2023,A
5120,0.32459062123722304,0.26321036064932796,0.41219901811344895,2023,A
5121,0.1449671918322861,0.2274552699017254,0.6275775382659884,2023,A
5122,0.189360221119217,0.24312860487526577,0.5675111740055172,2023,H
5123,0.3110519587733149,0.27910624275737805,0.4098417984693071,2023,A
5124,0.2019894371484813,0.2188214650117023,0.5791890978398163,2023,H
5125,0.435889550955886,0.2376193265878145,0.3264911224562998,2023,A
5126,0.3953688050054955,0.24654504328077756,0.3580861517137269,2023,H
5127,0.09688563598038184,0.12796443055752918,0.7751499334620888,2023,A
5128,0.34791707281588713,0.2314775175112206,0.42060540967289256,2023,H
5129,0.07350021122326755,0.1340461516627877,0.7924536371139445,2023,H
5130,0.4017060296324383,0.2222386604067862,0.3760553099607755,2023,H
5131,0.10938891735908068,0.19382372640819504,0.6967873562327247,2023,H
5132,0.2874997612124844,0.2559624084207764,0.45653783036673945,2023,H
5133,0.29472662410529793,0.260813233954447,0.44446014194025524,2023,A
5134,0.6499784371654209,0.18343198477642755,0.16658957805815153,2023,H
5135,0.22801362055786306,0.266937161602374,0.505049217839763,2023,H
5136,0.12230100329695075,0.14838183222196505,0.7293171644810844,2023,H
5137,0.3929641689240871,0.23479355899925833,0.37224227207665467,2023,D
5138,0.2712308415858826,0.30443498456608553,0.42433417384803207,2023,D
5139,0.20893555141257403,0.1902498430427355,0.6008146055446905,2023,H
5140,0.6090735981718322,0.15786789507124246,0.23305850675692572,2023,A
5141,0.6040211922596519,0.20522753019905593,0.19075127754129206,2023,D
5142,0.36342541637953224,0.2720783771934048,0.36449620642706326,2023,D
5143,0.2910341513432413,0.27577957238583184,0.43318627627092693,2023,H
5144,0.13025203728700988,0.17763876530353973,0.6921091974094502,2023,H
5145,0.336271609198106,0.33190057237339815,0.33182781842849585,2023,D
5146,0.5095763293827804,0.1958573916142024,0.29456627900301746,2023,A
5147,0.2623614121535378,0.29062884881317463,0.44700973903328795,2023,D
5148,0.5544256571164015,0.26066811347363267,0.18490622940996565,2023,A
5149,0.2966145000284672,0.2560899293127159,0.4472955706588169,2023,D
5150,0.35999059801769334,0.25329390029230026,0.38671550169000646,2023,H
5151,0.29773960794810045,0.23456428743954916,0.46769610461235034,2023,H
5152,0.2575628176007217,0.2896229953375607,0.452814187061718,2023,A
5153,0.0705893172095293,0.11684750334721417,0.8125631794432564,2023,H
5154,0.1632850661240557,0.2209927207690586,0.6157222131068856,2023,H
5155,0.10365046609856034,0.1891495749879753,0.7071999589134639,2023,H
5156,0.31599278817836757,0.2521810499522793,0.43182616186935335,2023,D
5157,0.26484431953792925,0.23550024556197516,0.4996554349000957,2023,A
5158,0.3694439154852519,0.26938446091620405,0.3611716235985442,2023,D
5159,0.34484311119261774,0.26326649203832836,0.3918903967690539,2023,D
5160,0.49869637654378146,0.23213060916095224,0.2691730142952662,2023,A
5161,0.49208407924502856,0.22892874327537846,0.2789871774795931,2023,D
5162,0.264652297549917,0.2478878976958043,0.4874598047542787,2023,H
5163,0.14740361358588724,0.2569231301769369,0.5956732562371756,2023,D
5164,0.36817848503636996,0.27840668837198057,0.3534148265916496,2023,A
5165,0.30154994875858315,0.336060961897483,0.36238908934393377,2023,H
5166,0.32438460070056196,0.3287193086768491,0.3468960906225892,2023,H
5167,0.6283535960058168,0.20911259417614608,0.1625338098180372,2023,A
5168,0.18356879203124174,0.20460969863568873,0.6118215093330694,2023,H
5169,0.06816639650101575,0.14221726595680345,0.7896163375421807,2023,H
5170,0.1867157946407399,0.19191345710307714,0.6213707482561829,2023,A
5171,0.056012045840551854,0.17936336831958807,0.76462458583986,2023,H
5172,0.29515622855799356,0.2639798069267687,0.4408639645152375,2023,A
5173,0.40438975934851007,0.2268112860225018,0.3687989546289884,2023,H
5174,0.2458865300265234,0.2535807020126365,0.5005327679608405,2023,A
5175,0.6195527644824765,0.22786514985383843,0.15258208566368484,2023,A
5176,0.22312007486615432,0.25329226739807464,0.5235876577357709,2023,A
5177,0.36842461092215023,0.2578465999754398,0.37372878910241014,2023,A
5178,0.2080201865791085,0.2240696022655311,0.56791021115536,2023,A
5179,0.31613922132830585,0.25015325438653396,0.4337075242851602,2023,H
5180,0.4883309923949281,0.22862573946761222,0.28304326813745995,2023,A
5181,0.4116208979048548,0.24875949741368028,0.33961960468146474,2023,D
5182,0.6150228917656011,0.23460118256655726,0.15037592566784178,2023,A
5183,0.7252590969275842,0.16590650398650278,0.1088343990859129,2023,A
5184,0.09886785337477746,0.1886085457989657,0.712523600826257,2023,D
5185,0.34384491109653587,0.2808586293805084,0.3752964595229558,2023,A
5186,0.30898059280029927,0.2667327377681808,0.42428666943151994,2023,A
5187,0.2617358813335434,0.2806652684129994,0.457598850253457,2023,D
5188,0.08967948098567297,0.28143173515395886,0.6288887838603684,2023,H
5189,0.1379585777882593,0.17891333008663413,0.6831280921251063,2023,H
5190,0.27485119620730836,0.2905213192784465,0.4346274845142454,2023,H
5191,0.21857791514149322,0.25126330169744066,0.5301587831610658,2023,A
5192,0.6117130411741456,0.18822704472590357,0.20005991409995066,2023,A
5193,0.11459575239522936,0.18814007973863903,0.6972641678661315,2023,H
5194,0.21794594203440568,0.22010838247546058,0.561945675490134,2023,D
5195,0.128762731307782,0.2453740641431876,0.6258632045490303,2023,H
5196,0.21498714308140116,0.24445215873639983,0.5405606981821987,2023,H
5197,0.3479463174580721,0.2863830526373688,0.3656706299045593,2023,H
5198,0.30739213091581685,0.27446014293140647,0.41814772615277646,2023,D
5199,0.3631924675524917,0.25009637364034704,0.38671115880716095,2023,A
5200,0.34793091361150785,0.2510909041291651,0.40097818225932713,2023,H
5201,0.3490826834166761,0.25595825083683477,0.39495906574648926,2023,H
5202,0.5710008112469996,0.27161915089192074,0.15738003786108,2023,A
5203,0.12101652742841104,0.1712151522698809,0.707768320301708,2023,H
5204,0.4867625993182767,0.21689151235209705,0.29634588832962655,2023,A
5205,0.380344780733038,0.28873762574785944,0.3309175935191027,2023,A
5206,0.13627183969173756,0.23662561372851257,0.6271025465797497,2023,H
5207,0.7025398193869191,0.17713022965269598,0.12032995096038468,2023,A
5208,0.13213374149962723,0.16549073773903927,0.7023755207613332,2023,H
5209,0.29417656610733744,0.24824481898521525,0.4575786149074474,2023,H
5210,0.2583120226823417,0.2484525474059538,0.4932354299117045,2023,D
5211,0.17378707004351057,0.2363259327718475,0.5898869971846422,2023,D
5212,0.08680880928041974,0.2121253871566697,0.7010658035629106,2023,H
5213,0.23810223572273112,0.2080316369820174,0.5538661272952516,2023,A
5214,0.16977502725027985,0.2251666193633751,0.605058353386345,2023,H
5215,0.2053325564811331,0.24927431038380005,0.545393133135067,2023,D
5216,0.28641172778087715,0.23270294655649817,0.4808853256626249,2023,D
5217,0.2891623128123859,0.2739349939114753,0.43690269327613884,2023,H
5218,0.20370782465200846,0.27743485423731734,0.5188573211106741,2023,H
5219,0.6095434727286777,0.18530004935240385,0.20515647791891847,2023,H
5220,0.2822681465309871,0.27663918803887144,0.44109266543014153,2023,D
5221,0.3461362189844961,0.2677690821048422,0.3860946989106615,2023,H
5222,0.3613555681879515,0.3035985325591784,0.3350458992528701,2023,D
5223,0.3360807646241603,0.2765181332810957,0.3874011020947439,2023,H
5224,0.2042763420511942,0.22463617178793996,0.5710874861608661,2023,H
5225,0.18587151237976662,0.20027508962657461,0.6138533979936588,2023,D
5226,0.27659127468873895,0.2889156350851281,0.4344930902261331,2023,D
5227,0.41482087977233884,0.28950666744468656,0.2956724527829749,2023,D
5228,0.1035414987000799,0.22755766242318587,0.6689008388767347,2023,H
5229,0.24143111188929975,0.23086484679654007,0.5277040413141603,2023,H
5230,0.5463807806270201,0.18733932980691506,0.26627988956606496,2023,D
5231,0.2647930026072044,0.39037720423298283,0.3448297931598128,2023,D
5232,0.15527097346921293,0.2395066934308392,0.6052223330999479,2023,H
5233,0.23150218684302945,0.22101103133100533,0.5474867818259659,2023,D
5234,0.4622115592940439,0.23228738411780397,0.30550105658815235,2023,H
5235,0.29587366690690764,0.2323041069023149,0.4718222261907777,2023,H
5236,0.2776508043259593,0.2645218373254004,0.4578273583486404,2023,D
5237,0.47299948903669303,0.251540146637065,0.2754603643262419,2023,D
5238,0.08240244758069191,0.17120153289125517,0.7463960195280528,2023,H
5239,0.44711713227220656,0.21216610615357193,0.340716761574222,2023,D
5240,0.13867582424843938,0.20396106472450826,0.6573631110270522,2023,H
5241,0.2933635015699435,0.2873969614506651,0.41923953697939154,2023,H
5242,0.08012266253140261,0.15495926289485956,0.7649180745737373,2023,H
5243,0.5225957204996168,0.22066251712042007,0.25674176237996316,2023,A
5244,0.20914030533376146,0.26005147007829527,0.530808224587943,2023,D
5245,0.2950782795597171,0.21506917072111936,0.48985254971916364,2023,H
5246,0.3436877878924856,0.2348525117842076,0.4214597003233069,2023,A
5247,0.5191480753797404,0.20772024842541384,0.2731316761948459,2023,H
5248,0.3293652355207236,0.26003810625041474,0.41059665822886177,2023,A
5249,0.5217171830311778,0.22499547414370336,0.2532873428251188,2023,A
5250,0.6102894974638067,0.2217843178080305,0.16792618472816248,2023,D
5251,0.5107021800512834,0.2330277288064628,0.25627009114225374,2023,D
5252,0.134347491109496,0.17285427637322934,0.6927982325172745,2023,H
5253,0.3023382026044462,0.246983314593561,0.45067848280199274,2023,H
5254,0.24604033354167995,0.2660505957213758,0.4879090707369443,2023,H
5255,0.29489565317626043,0.302895617023526,0.40220872980021377,2023,D
5256,0.08153712168678527,0.15517575493525423,0.76328712337796,2023,H
5257,0.2583229073628979,0.27394054653241207,0.4677365461046904,2023,D
5258,0.24038957627719865,0.25459045189805246,0.505019971824749,2023,D
5259,0.40831420786257616,0.23510634828102475,0.3565794438563989,2023,A
5260,0.08258781238429061,0.13329034427750824,0.7841218433382008,2023,A
5261,0.10883231172551674,0.12995591529744305,0.7612117729770403,2023,A
5262,0.22450912436926057,0.26448716086379714,0.5110037147669424,2023,H
5263,0.32660851343130587,0.2681725612949779,0.4052189252737161,2023,A
5264,0.3205814608640372,0.2822421809936886,0.3971763581422742,2023,A
5265,0.6110229223665041,0.20737595523897606,0.1816011223945202,2023,A
5266,0.3028286176100886,0.25367119175256875,0.44350019063734275,2023,H
5267,0.4056261777102319,0.194482982409656,0.3998908398801124,2023,A
5268,0.3828323692443048,0.2239156170967712,0.393252013658924,2023,H
5269,0.3090263925292175,0.27071304213961295,0.42026056533116957,2023,H
5270,0.19115966463569203,0.1855731436931332,0.6232671916711748,2023,H
5271,0.31482178045379305,0.3106088477381138,0.3745693718080932,2023,A
5272,0.49744991589742005,0.24097904243821375,0.2615710416643662,2023,H
5273,0.6781050832943343,0.17612806592125235,0.1457668507844133,2023,H
5274,0.19989387824970478,0.2615540349377267,0.5385520868125684,2023,H
5275,0.6649664622339756,0.18925056725026837,0.1457829705157557,2023,A
5276,0.2844811777156173,0.302330752984256,0.41318806930012675,2023,D
5277,0.3188091009700394,0.27024981341918025,0.4109410856107805,2023,H
5278,0.23575550893212052,0.2542283406283843,0.5100161504394951,2023,H
5279,0.09983072116057766,0.16972535306454276,0.7304439257748796,2023,H
5280,0.1760254489518183,0.2298534507451526,0.5941211003030289,2023,D
5281,0.24371166785457699,0.23992453252870555,0.5163637996167175,2023,D
5282,0.6248260439209378,0.20405097094928806,0.17112298512977397,2023,D
5283,0.2234154069551608,0.28805442287075744,0.4885301701740819,2023,H
5284,0.5307592388322597,0.24560190727875444,0.22363885388898594,2023,A
5285,0.6682363869654424,0.2039690445487419,0.1277945684858159,2023,A
5286,0.25800669561654094,0.25806541765288427,0.4839278867305749,2023,H
5287,0.35808338856199035,0.31531671177969,0.32659989965832,2023,D
5288,0.3044087645078022,0.2421887795449373,0.4534024559472605,2023,D
5289,0.054892611593903025,0.12113890864455332,0.8239684797615443,2023,H
5290,0.10456160199600245,0.19209751070556177,0.703340887298436,2023,H
5291,0.4999238619684742,0.2236716198967355,0.2764045181347903,2023,A
5292,0.3151505669392649,0.2966854805978377,0.38816395246289787,2023,A
5293,0.480585173930094,0.23349175031320418,0.2859230757567015,2023,H
5294,0.22242241783877795,0.2757493502470278,0.5018282319141945,2023,H
5295,0.17990402764962624,0.20591022720284444,0.6141857451475292,2023,H
5296,0.31323178876223357,0.24615289742364535,0.440615313814121,2023,H
5297,0.2535745452624621,0.2874428887099851,0.4589825660275529,2023,A
5298,0.27368916246174224,0.2637769665218979,0.46253387101635973,2023,H
5299,0.12259027397300798,0.17495321798314908,0.7024565080438427,2023,D
5300,0.4063254430608624,0.2543494003991143,0.3393251565400234,2023,A
5301,0.6995171290947454,0.19524529341657726,0.10523757748867725,2023,A
5302,0.22555188228120748,0.23908557807966255,0.5353625396391299,2023,H
5303,0.2496456655297557,0.2912255238282311,0.4591288106420132,2023,H
5304,0.5508999878263766,0.20297849658674813,0.24612151558687512,2023,A
5305,0.6156821382903144,0.17454580392633537,0.2097720577833504,2023,A
5306,0.5260629739756671,0.23914711645899808,0.23478990956533483,2023,D
5307,0.5158184904168432,0.24008272813413709,0.24409878144901978,2023,A
5308,0.4640883428472275,0.2686932639485268,0.26721839320424556,2023,H
5309,0.39896942576528543,0.2246034389656932,0.37642713526902144,2023,A
5310,0.4103369682333296,0.25480773297993536,0.33485529878673526,2023,A
5311,0.37079840713843715,0.21809479935159512,0.4111067935099676,2023,A
5312,0.12045577732507615,0.1667019181672839,0.71284230450764,2023,H
5313,0.28093690352119227,0.2593829194234755,0.4596801770553324,2023,A
5314,0.10020943268807977,0.18713389925024018,0.7126566680616794,2023,H
5315,0.34278695992507147,0.2087047954963654,0.4485082445785632,2023,A
5316,0.1649218982571484,0.17139649826494704,0.6636816034779042,2023,H
5317,0.19006299474695593,0.24126528935524294,0.5686717158978013,2023,H
5318,0.07869918041673046,0.13716004470347498,0.7841407748797947,2023,H
5319,0.3320884688158899,0.31596148955216613,0.35195004163194427,2023,A
5320,0.220293462559377,0.23606366580498844,0.5436428716356346,2024,H
5321,0.1525535244277858,0.187632622653438,0.6598138529187763,2024,H
5322,0.3312999752783989,0.28994708203973774,0.37875294268186344,2024,A
5323,0.331600116453828,0.24363714877899706,0.4247627347671754,2024,D
5325,0.3434526354794052,0.2635552201808116,0.3929921443397834,2024,A
5326,0.16155284782018584,0.1727322709985648,0.6657148811812494,2024,H
5327,0.47759533045201313,0.2566061103012581,0.2657985592467289,2024,H
5328,0.4853970935696034,0.2160846354282495,0.29851827100214695,2024,A
5329,0.48064806528508275,0.2785976304770611,0.24075430423785624,2024,D
5331,0.5984538917712378,0.2460244196879072,0.15552168854085535,2024,A
5332,0.1430675378052783,0.1623925193196772,0.6945399428750442,2024,A
5333,0.18596967600565695,0.23333360950490567,0.5806967144894373,2024,H
5334,0.2135553242176317,0.19147547862257946,0.5949691971597891,2024,H
5335,0.27263398971769537,0.2657535725579302,0.46161243772437444,2024,H
5336,0.3386497646756702,0.24308590643492697,0.41826432888940274,2024,A
5337,0.46230335011926227,0.24126168968959988,0.29643496019113813,2024,D
5338,0.41669863365035414,0.3235012190756768,0.2598001472739696,2024,A
5339,0.10180049381282297,0.19547549270350167,0.7027240134836749,2024,H
5340,0.279618426743384,0.3004230969677109,0.41995847628890454,2024,A
5341,0.8236688301713788,0.09863357419838124,0.07769759563023959,2024,A
5342,0.13885787537085195,0.18637161313103523,0.6747705114981128,2024,D
5344,0.16699443519605278,0.13289207039209278,0.7001134944118541,2024,D
5345,0.357060055031871,0.27493880999824677,0.368001134969882,2024,A
5346,0.2320735639702579,0.24503360469212596,0.5228928313376167,2024,H
5347,0.3061993507939356,0.2708822542583704,0.42291839494769445,2024,D
5348,0.47351597565166564,0.1891717637516284,0.33731226059670594,2024,H
5349,0.5720552811964232,0.235318213132594,0.1926265056709825,2024,A
5350,0.08610618833338624,0.12075771809789203,0.7931360935687221,2024,H
5351,0.09058838349427781,0.136381315558574,0.7730303009471481,2024,A
5352,0.2034082241801684,0.27174803586579166,0.52484373995404,2024,D
5353,0.2507450423480037,0.26203188006227396,0.4872230775897221,2024,D
5354,0.44715144622117436,0.25103250155818113,0.30181605222064484,2024,A
5356,0.1895082552858031,0.24174029260590602,0.5687514521082914,2024,H
5357,0.43768443488918707,0.21914673269825258,0.3431688324125606,2024,A
5358,0.4506582491559479,0.2616982099648004,0.2876435408792522,2024,A
5359,0.344604667439285,0.23813511107502497,0.4172602214856905,2024,A
5360,0.30536544644879005,0.23665297170967156,0.45798158184153814,2024,D
5361,0.18592038785643136,0.24360228276909307,0.570477329374476,2024,H
5362,0.10700306469191564,0.1456978962098727,0.7472990390982107,2024,H
5364,0.38528120529299953,0.2741693153315915,0.3405494793754094,2024,H
5365,0.2472377934010711,0.2844438237104262,0.468318382888503,2024,D
5366,0.15831031439332682,0.2575893808984322,0.5841003047082411,2024,H
5367,0.4452409466950645,0.25882829687344805,0.2959307564314874,2024,A
5368,0.215933525120991,0.21675803043346856,0.5673084444455405,2024,D
5369,0.08774623175859883,0.19345217336095077,0.7188015948804507,2024,D
5370,0.6469201791629663,0.23059699084393054,0.12248282999310346,2024,D
5371,0.1626931882439479,0.2400119840197234,0.597294827736328,2024,H
5372,0.2579190239430583,0.2771214724709047,0.4649595035860371,2024,D
5373,0.4281446956772465,0.20140346337388115,0.37045184094887246,2024,H
5374,0.31970153215330394,0.2813615370607563,0.3989369307859402,2024,H
5375,0.3549992821618771,0.24893697160579928,0.3960637462323241,2024,A
5376,0.6160712673194658,0.22385174237107805,0.16007699030945594,2024,A
5377,0.4146241278289984,0.2794515719935196,0.30592430017748223,2024,A
5378,0.5058921953799792,0.2293191578074548,0.26478864681256625,2024,D
5379,0.20671807963295483,0.19430140250282693,0.5989805178642186,2024,H
5380,0.6130055548577708,0.2038895343690841,0.18310491077314509,2024,A
5381,0.09714034871770492,0.1899472741369949,0.7129123771453002,2024,H
5382,0.36160926309393876,0.24720508237500746,0.3911856545310538,2024,H
5383,0.4789236174997877,0.25261955327285485,0.26845682922735753,2024,H
5384,0.13248868061628713,0.17708677080961233,0.6904245485741004,2024,H
5385,0.22475492254293494,0.27083353925556986,0.504411538201495,2024,H
5386,0.40125580160091845,0.22111611561353683,0.3776280827855454,2024,D
5387,0.3028043961140134,0.2277331458040374,0.4694624580819496,2024,D
5388,0.15981512014028218,0.18472662223827302,0.6554582576214449,2024,D
5389,0.3862801804083082,0.24481495903223177,0.3689048605594603,2024,H
5390,0.19962573263710764,0.21767429331751253,0.5826999740453798,2024,H
5391,0.376355154736322,0.2378025650845935,0.3858422801790845,2024,A
5392,0.27178293135083226,0.27981661626541254,0.44840045238375553,2024,A
5393,0.24906660137960537,0.2534765037930399,0.4974568948273548,2024,H
5394,0.36078145876441114,0.2810665206385137,0.35815202059707496,2024,A
5395,0.33248707600221467,0.22731170062830722,0.4402012233694785,2024,A
5396,0.45981035670336173,0.25374804877069035,0.2864415945259482,2024,H
5397,0.5788741049366568,0.27043090900545436,0.15069498605788906,2024,A
5398,0.17336505368584382,0.2315304965432704,0.5951044497708863,2024,H
5399,0.2704842993559271,0.31086544283267015,0.4186502578114027,2024,H
5400,0.31561653635301934,0.28341840319726885,0.40096506044971203,2024,A
5401,0.3268965915900173,0.21949330622446575,0.45361010218551684,2024,D
5402,0.26431181744330495,0.28066170899187254,0.45502647356482273,2024,H
5403,0.12038338124366636,0.19182222678890673,0.6877943919674268,2024,D
5404,0.08694685617529567,0.1366757143816195,0.7763774294430845,2024,H
5405,0.37355301670374835,0.24267511874197392,0.383771864554278,2024,D
5406,0.2236294592334356,0.23018949809698155,0.5461810426695828,2024,H
5407,0.5957989677233618,0.18974721702166203,0.2144538152549761,2024,H
5408,0.44100362828431744,0.20218026997205377,0.35681610174362904,2024,H
5409,0.260960743624496,0.25367397446984924,0.4853652819056549,2024,D
5410,0.46293222117317195,0.23508643773508509,0.30198134109174374,2024,D
5411,0.38947855300141715,0.28803336381021355,0.32248808318836936,2024,H
5412,0.274657028051587,0.24763118009709936,0.47771179185131407,2024,D
5413,0.18758010827309157,0.16104204857124432,0.651377843155664,2024,H
5414,0.24891810590599614,0.20572761761738362,0.5453542764766204,2024,H
5415,0.48421568713277624,0.2590590413360563,0.25672527153116786,2024,H
5416,0.5507000559409384,0.22044392119168393,0.22885602286737755,2024,H
5417,0.24758456696222347,0.21027957667707045,0.5421358563607058,2024,H
5418,0.399135661817421,0.25453919136745545,0.34632514681512383,2024,D
5419,0.2687844034160462,0.2466818645842684,0.4845337319996855,2024,H
5420,0.631780778227574,0.21391611814420694,0.15430310362821903,2024,H
5421,0.2833247818326126,0.23631362921144258,0.4803615889559445,2024,H
5422,0.1563087093549833,0.15234183285394698,0.6913494577910699,2024,H
5423,0.2951160737752983,0.2407160181869523,0.4641679080377497,2024,A
5424,0.336509890942405,0.29096267176570784,0.3725274372918869,2024,H
5425,0.26042918892243483,0.26047723580267884,0.4790935752748866,2024,D
5426,0.19661033590374696,0.24626027092516367,0.5571293931710893,2024,H
5427,0.18094161619151666,0.1784007241857303,0.640657659622753,2024,A
5428,0.14029425378328764,0.17258596370359525,0.6871197825131167,2024,A
5429,0.39441769286626527,0.24376283902992715,0.3618194681038079,2024,D
5430,0.5794262646509936,0.20559843906261924,0.21497529628638726,2024,A
5431,0.2626283636728266,0.2074122651614615,0.5299593711657117,2024,H
5432,0.2760985289513156,0.23551576482277484,0.4883857062259103,2024,D
5433,0.349546610402678,0.2282406603158247,0.42221272928149745,2024,A
5434,0.289596702215555,0.23733980804305158,0.47306348974139373,2024,D
5435,0.1560743477372563,0.3004235962354011,0.5435020560273429,2024,A
5436,0.1891973399491294,0.18773608695312136,0.6230665730977495,2024,A
5437,0.4312896766698889,0.2659957655568083,0.30271455777330303,2024,D
5438,0.6142721849938158,0.20832115986263758,0.177406655143547,2024,A
5439,0.2304342003770184,0.2303654255508177,0.5392003740721644,2024,A
5440,0.155654556226198,0.2106454698371939,0.6336999739366083,2024,D
5441,0.3448874188361039,0.27030239130496553,0.3848101898589306,2024,H
5442,0.36578788135709284,0.2159725262293148,0.418239592413593,2024,D
5443,0.1427713577064415,0.17724571799839556,0.6799829242951627,2024,H
5444,0.31884264713882055,0.2825395968674157,0.3986177559937634,2024,A
5445,0.4102386350138779,0.27863524265239104,0.3111261223337314,2024,A
5446,0.3085471643634461,0.214418458203476,0.4770343774330782,2024,D
5447,0.26478093500871214,0.2408933591313437,0.4943257058599442,2024,H
5448,0.2199990058604115,0.2027972668036118,0.5772037273359769,2024,H
5449,0.31242582504154937,0.25248067489928483,0.43509350005916614,2024,H
5450,0.3530286402746981,0.24697870012994508,0.3999926595953568,2024,A
5451,0.2877483676121888,0.29106199455030507,0.42118963783750646,2024,H
5452,0.29386943101152696,0.2723047668051323,0.43382580218334094,2024,H
5453,0.23435622884536395,0.21722646481796526,0.5484173063366704,2024,H
5454,0.6467087168916269,0.19421679838212363,0.15907448472624905,2024,D
5455,0.6354594976997002,0.20724268700513226,0.1572978152951674,2024,A
5456,0.1691129053904878,0.1723217466746849,0.6585653479348275,2024,H
5457,0.2962434547529703,0.27451762642978444,0.42923891881724546,2024,H
5458,0.20711541639813222,0.2199782350444449,0.5729063485574226,2024,H
5459,0.33979354256784045,0.2481200405068105,0.4120864169253497,2024,H
5460,0.29029898020488853,0.25845285772952103,0.45124816206559054,2024,A
5461,0.4281485643172755,0.23333411501973886,0.338517320662986,2024,D
5462,0.41469458335933296,0.2535203748179623,0.3317850418227048,2024,H
5463,0.180109226998765,0.24869501808118719,0.5711957549200481,2024,H
5464,0.3321528935699188,0.24274705210284228,0.4251000543272391,2024,D
5465,0.3657830844952567,0.24253445480353975,0.39168246070120377,2024,A
5466,0.42325388321072743,0.23440004605612047,0.3423460707331531,2024,D
5467,0.626409367687334,0.19312113761722144,0.18046949469544415,2024,A
5468,0.19225717526861474,0.22187690980431654,0.5858659149270687,2024,H
5469,0.17815023061173052,0.164873140114547,0.6569766292737226,2024,D
5470,0.10657821096042816,0.10341738164874681,0.7900044073908248,2024,D
5471,0.2150962912690414,0.23971274781356627,0.5451909609173923,2024,H
5472,0.3158580637211022,0.27735054060318975,0.40679139567570793,2024,A
5473,0.4514944887449468,0.2580567862522596,0.29044872500279345,2024,H
5474,0.1403644562758952,0.19014156430273538,0.6694939794213695,2024,H
5475,0.4659615304752259,0.24837426996651815,0.2856641995582561,2024,A
5476,0.2119819387371768,0.2060826166915671,0.5819354445712562,2024,A
5477,0.26835335039643027,0.2603078533013415,0.4713387963022285,2024,A
5478,0.23683926195313054,0.21766422634828417,0.5454965116985855,2024,D
5479,0.3093816039246134,0.23392418443946406,0.4566942116359228,2024,H
5480,0.3383128158564472,0.2554190076459474,0.4062681764976057,2024,A
5481,0.35259207732395687,0.25528784664032345,0.39212007603571986,2024,A
5482,0.3540935956675812,0.22818144271643556,0.41772496161598344,2024,D
5483,0.5767982926803997,0.2138878466963278,0.20931386062327254,2024,A
5484,0.3021790282613293,0.28967955598791933,0.40814141575075136,2024,A
5485,0.571055341391771,0.22931499054501708,0.19962966806321186,2024,D
5486,0.5911549273071187,0.22956931049300294,0.1792757621998781,2024,A
5487,0.21333387831518366,0.24473500537533924,0.5419311163094772,2024,D
5488,0.4430298185505803,0.25848334327903244,0.29848683817038735,2024,A
5489,0.2323743853851368,0.22387897397138934,0.5437466406434743,2024,D
5490,0.16884788339369092,0.22022436169397777,0.6109277549123312,2024,D
5491,0.09856286641810551,0.12250522846234375,0.7789319051195499,2024,A
5492,0.26698638736918523,0.26851965316036497,0.4644939594704503,2024,H
5493,0.259222645731232,0.23775367150940094,0.5030236827593675,2024,H
5494,0.4259166997562808,0.28441209705430237,0.28967120318941736,2024,A
5495,0.40773182230390254,0.23815336989151575,0.3541148078045823,2024,H
5496,0.08331959720579735,0.17937144978815414,0.7373089530060486,2024,H
5497,0.1976604251130578,0.22484487170750417,0.5774947031794381,2024,D
5498,0.07864641992627931,0.12329062159593794,0.798062958477782,2024,H
5499,0.3960175569006887,0.22657334142796895,0.3774091016713424,2024,D
5500,0.35149767254725267,0.2516271147946066,0.396875212658141,2024,D
5501,0.5825410410110927,0.19006534139780823,0.22739361759109955,2024,A
5502,0.3583349210977303,0.3095731069444451,0.33209197195782486,2024,A
5503,0.18649267625804694,0.2280198680058147,0.5854874557361383,2024,H
5504,0.5503037408196096,0.19682576263143778,0.25287049654895283,2024,A
5505,0.38281523899263326,0.23837949160797797,0.37880526939938913,2024,D
5506,0.6062415216622693,0.21078093096596273,0.18297754737176838,2024,H
5507,0.5179977262266884,0.20844831659262653,0.27355395718068554,2024,A
5508,0.6924444847668929,0.17192331479569772,0.13563220043740942,2024,A
5509,0.5390237751620448,0.2104813448465674,0.25049487999138775,2024,D
5510,0.5993538282342566,0.2008216049741196,0.19982456679162386,2024,A
5511,0.1656731782992118,0.20380525685980413,0.6305215648409844,2024,H
5512,0.1823401285802761,0.2175665633671635,0.6000933080525606,2024,H
5513,0.1345052284181023,0.1680672517834366,0.6974275197984614,2024,H
5514,0.5847293949083109,0.17320636604395317,0.24206423904773605,2024,D
5515,0.41779898574227536,0.25874673734531395,0.3234542769124106,2024,A
5516,0.1936551828355482,0.27513048605374657,0.5312143311107053,2024,D
5517,0.11340164489803276,0.16675499643778358,0.7198433586641837,2024,D
5518,0.3832286729939218,0.2998467963179398,0.31692453068813864,2024,A
5519,0.4363297380112361,0.26591952045360284,0.2977507415351613,2024,D
5520,0.1887768079508919,0.22961315859394096,0.5816100334551668,2024,D
5521,0.38166508456524795,0.25897309509349004,0.35936182034126257,2024,H
5522,0.44576430466662825,0.215491042553647,0.3387446527797246,2024,D
5523,0.11315546372798797,0.15685713109708357,0.7299874051749285,2024,H
5524,0.10598028248278954,0.1899260346228383,0.7040936828943719,2024,H
5525,0.3781553236746058,0.2944317863887488,0.3274128899366456,2024,A
5526,0.44092998848710985,0.2690035275421593,0.29006648397073115,2024,A
5527,0.3439218961751404,0.2915568806112668,0.36452122321359326,2024,A
5528,0.19345419775864597,0.2348245607204393,0.5717212415209146,2024,H
5529,0.1690792788507569,0.1780692816530418,0.6528514394962013,2024,A
5530,0.6725312846649983,0.1800653068560821,0.14740340847891933,2024,A
5531,0.4652207406811784,0.2168668189672896,0.31791244035153254,2024,A
5532,0.4008982301234449,0.26055040988348666,0.33855135999306907,2024,A
5533,0.15682794585253224,0.18553648808042877,0.6576355660670393,2024,D
5534,0.2001279710191562,0.23930454800081294,0.5605674809800307,2024,H
5535,0.4331294035879166,0.24089872509003177,0.3259718713220517,2024,A
5536,0.31254547566435303,0.23470769984598652,0.4527468244896613,2024,A
5537,0.3509110617902571,0.28281212129182076,0.3662768169179225,2024,H
5538,0.18259575017693966,0.24246646490502474,0.5749377849180352,2024,H
5539,0.21719395463003796,0.24990449558913577,0.5329015497808262,2024,H
5540,0.21149636864534466,0.24180916558066912,0.5466944657739855,2024,A
5541,0.06183027767274344,0.12340248756389265,0.8147672347633631,2024,H
5542,0.6211867802772434,0.19541142161855865,0.18340179810419785,2024,A
5543,0.627455951207137,0.20255229686149098,0.16999175193137228,2024,A
5544,0.2721990157523784,0.22474444410057526,0.5030565401470467,2024,H
5545,0.20418930365761007,0.25858953350026787,0.5372211628421218,2024,A
5546,0.23174873452064862,0.22460914212577754,0.543642123353574,2024,A
5547,0.21244756991919117,0.2611339257314705,0.5264185043493381,2024,D
5548,0.2758762977347545,0.2422309757113874,0.4818927265538583,2024,A
5549,0.24807653102015176,0.21617090526287802,0.5357525637169702,2024,A
5550,0.2919120046380046,0.2778800842017402,0.4302079111602551,2024,A
5551,0.445095908311763,0.25456689955586936,0.3003371921323678,2024,H
5552,0.4605551918413974,0.2034092102452961,0.3360355979133065,2024,A
5553,0.25445073387460304,0.22553783297320004,0.520011433152197,2024,H
5554,0.25577310540239995,0.309551899341104,0.43467499525649617,2024,H
5555,0.28627299348096763,0.22227360578422425,0.49145340073480837,2024,H
5556,0.33495133531915805,0.26107500999361366,0.40397365468722873,2024,A
5557,0.31788555068969615,0.24839210198399617,0.43372234732630793,2024,A
5558,0.11516004575292586,0.18146740600914515,0.7033725482379285,2024,H
5559,0.6363055966107812,0.20987867862899925,0.15381572476021946,2024,D
5560,0.3673161579428029,0.23607267000434556,0.3966111720528516,2024,H
5561,0.5966311315028304,0.21300314033872692,0.19036572815844252,2024,A
5562,0.18464833972357994,0.23632272678999178,0.5790289334864286,2024,D
5563,0.29091664937096,0.26020692347065494,0.44887642715838555,2024,H
5564,0.2528267924389059,0.24427133146634072,0.5029018760947536,2024,H
5565,0.4507153455424517,0.3030049547049487,0.2462796997526,2024,A
5566,0.38603132177943295,0.22406339888700177,0.389905279333566,2024,A
5567,0.3043299107106084,0.25977490373374296,0.43589518555564877,2024,A
5568,0.3314938774151947,0.276648968326323,0.3918571542584822,2024,H
5569,0.07060238615731312,0.11473134332600061,0.8146662705166858,2024,H
5570,0.5865620143923183,0.19496092308140098,0.21847706252628077,2024,D
5571,0.3601901688498502,0.2633241742344337,0.37648565691571656,2024,A
5572,0.36449197447551174,0.23205482473097727,0.40345320079351105,2024,D
5573,0.11337197651831149,0.10889907009978506,0.7777289533819033,2024,A
5574,0.14323393744935142,0.19099844157726756,0.6657676209733807,2024,A
5575,0.21365111572134518,0.2105967321680694,0.5757521521105857,2024,A
5576,0.3980851734207274,0.26667144012722604,0.33524338645204677,2024,A
5577,0.4685659607660512,0.23142428374186957,0.3000097554920791,2024,A
5578,0.39430644022355044,0.2586030301645393,0.3470905296119104,2024,H
5579,0.25087558551456024,0.24309309582392444,0.5060313186615153,2024,A
5580,0.30825942425482095,0.22609552344669911,0.4656450522984803,2024,H
5581,0.2678620142507877,0.238546378120036,0.4935916076291762,2024,H
5582,0.33685421818583144,0.23541939538632717,0.4277263864278415,2024,H
5583,0.39860751528718835,0.25317304497153953,0.3482194397412727,2024,A
5584,0.1832431098147305,0.2542272469947731,0.5625296431904964,2024,H
5585,0.3071304630099659,0.28749217726151416,0.40537735972852,2024,D
5586,0.22721954721363663,0.23992445374702048,0.5328559990393428,2024,H
5587,0.4083586791061391,0.26399996404693227,0.3276413568469289,2024,D
5588,0.4782119925710718,0.2567544320644674,0.26503357536446115,2024,A
5589,0.19026077385157253,0.23570793185655822,0.5740312942918696,2024,H
5590,0.28540190881829164,0.2576989321912782,0.4568991589904304,2024,H
5591,0.10774792508344104,0.14160216916778157,0.7506499057487779,2024,H
5592,0.3533035584767826,0.24250097608018858,0.4041954654430292,2024,A
5593,0.2978564879411916,0.26368417511091385,0.43845933694789485,2024,D
5594,0.1667427122391219,0.21524259705419146,0.6180146907066867,2024,H
5595,0.38090769770619015,0.22168267091291025,0.3974096313809001,2024,H
5596,0.43903909804505586,0.2610524393276438,0.2999084626273004,2024,H
5597,0.13599740533483046,0.1988586979949145,0.665143896670255,2024,H
5598,0.30124228866224806,0.22838606337055736,0.4703716479671946,2024,D
5599,0.578364538512523,0.2267306059196928,0.19490485556778378,2024,D
5600,0.3196582783768653,0.28445393383447004,0.39588778778866507,2024,A
5601,0.4962680686072584,0.20855402178384363,0.2951779096088985,2024,A
5602,0.3916882576839612,0.29035692868562973,0.3179548136304093,2024,A
5603,0.256518751541058,0.2629269377904375,0.4805543106685049,2024,D
5604,0.25515889810050285,0.24806380595903177,0.49677729594046566,2024,D
5605,0.2982289148266655,0.22693263047405665,0.47483845469927854,2024,A
5606,0.2103714829088207,0.24078112970769627,0.548847387383483,2024,H
5607,0.2932150403143514,0.2656888825328453,0.441096077152804,2024,H
5608,0.42533447375066086,0.24903914907420893,0.32562637717513054,2024,A
5609,0.1474430306969637,0.1822400504081637,0.6703169188948728,2024,H
5610,0.2456827425249034,0.26205653555953373,0.492260721915563,2024,H
5611,0.27701736364619395,0.24161205829065735,0.48137057806314876,2024,H
5612,0.29476554645490477,0.22341329390220344,0.4818211596428918,2024,H
5613,0.1065959720262082,0.1692101613105452,0.7241938666632464,2024,H
5614,0.4999594972643506,0.2526583247157483,0.24738217801990128,2024,D
5615,0.18241276407104828,0.21599292142221926,0.6015943145067327,2024,A
5616,0.1030243785360522,0.1531765822437816,0.7437990392201663,2024,H
5617,0.2928173708950324,0.19847160791994956,0.508711021185018,2024,A
5618,0.16733680635108097,0.18059721566231962,0.6520659779865992,2024,H
5619,0.5642125242912446,0.2036139700588936,0.23217350564986158,2024,D
5620,0.32846493250077086,0.2773329040182428,0.3942021634809865,2024,H
5621,0.3383414697926062,0.32168111312593023,0.3399774170814639,2024,A
5622,0.4119293558136152,0.2663282243829826,0.3217424198034024,2024,D
5623,0.32294936897274873,0.2704633689112091,0.4065872621160423,2024,H
5624,0.5057054064795122,0.24153106738325097,0.2527635261372368,2024,D
5625,0.6570522885563742,0.18798408455510285,0.1549636268885229,2024,H
5626,0.2179663251707135,0.24210217812961016,0.5399314966996764,2024,H
5627,0.4138146888688179,0.22505080967132482,0.36113450145985754,2024,D
5628,0.416864495822646,0.321859316027816,0.2612761881495382,2024,A
5629,0.23298464579089237,0.2568198782373611,0.5101954759717467,2024,H
5630,0.18109345011745062,0.18822953070294202,0.6306770191796073,2024,D
5631,0.21758838703114383,0.2791482831262028,0.5032633298426531,2024,A
5632,0.4296827989809602,0.2870337996698203,0.28328340134921975,2024,A
5633,0.11807772919753708,0.12578658175733265,0.7561356890451297,2024,D
5634,0.09595854797566972,0.17115399355926653,0.7328874584650635,2024,D
5635,0.11837564376786389,0.13214573415200062,0.7494786220801353,2024,H
5636,0.23322343467657197,0.2180812542721013,0.5486953110513273,2024,H
5637,0.24173394495335468,0.21347818758068907,0.5447878674659565,2024,H
5638,0.26343542342947407,0.23673416253230575,0.49983041403822037,2024,H
5639,0.2889647411234898,0.24343065493829527,0.467604603938215,2024,H
5640,0.3839061285832684,0.2835218492036071,0.33257202221312476,2024,D
5641,0.4536136434964601,0.22282661878236695,0.32355973772117286,2024,H
5642,0.4015992196014835,0.24484117599866542,0.35355960439985096,2024,H
5643,0.5243370698712775,0.2215325395459496,0.2541303905827726,2024,A
5644,0.22966061514538974,0.21221414764232963,0.5581252372122808,2024,D
5645,0.4680946046616008,0.24114496843150832,0.29076042690689075,2024,A
5646,0.6585825060781835,0.17517898582643368,0.16623850809538238,2024,A
5647,0.3285508983980653,0.29484275901744594,0.37660634258448894,2024,A
5648,0.7170855592756623,0.17998870709596798,0.10292573362836985,2024,A
5649,0.293500570619004,0.26351561274306884,0.44298381663792746,2024,A
5650,0.26865224215509864,0.2824158264933993,0.4489319313515018,2024,H
5651,0.11984248827804393,0.14241791602077017,0.7377395957011861,2024,D
5652,0.12038902772382393,0.1554066032250202,0.724204369051155,2024,H
5653,0.3897510907460012,0.28796032960943696,0.3222885796445623,2024,A
5654,0.08630165958947582,0.17435871454986981,0.7393396258606542,2024,H
5655,0.2210776605135959,0.24208865081140568,0.5368336886749987,2024,H
5656,0.21311404635268916,0.24152567825317206,0.5453602753941382,2024,H
5657,0.2689903898778731,0.2626348223912908,0.4683747877308363,2024,D
5658,0.141302001344807,0.16657432774544986,0.6921236709097428,2024,H
5659,0.26565983645775687,0.2433091594095958,0.49103100413264733,2024,A
5660,0.15394646864687056,0.25952367772790486,0.5865298536252246,2024,H
5661,0.1689286136590299,0.181458648176807,0.649612738164163,2024,H
5662,0.26063735540693184,0.20628962087921407,0.5330730237138542,2024,D
5663,0.36303881018607115,0.2571028983297862,0.3798582914841423,2024,H
5664,0.09714055982650939,0.13011085696010583,0.7727485832133846,2024,A
5665,0.3795732913214802,0.25434314975613737,0.3660835589223824,2024,D
5666,0.24223980573000528,0.27478779806828924,0.4829723962017053,2024,H
5667,0.34790678984433226,0.2817221160996064,0.3703710940560614,2024,D
5668,0.47046365971454046,0.2361705088759408,0.2933658314095187,2024,H
5669,0.2999924081461402,0.2641373623723228,0.4358702294815373,2024,D
5670,0.23267952601721348,0.2334419192194226,0.5338785547633637,2024,A
5671,0.353814647545669,0.3152220735197117,0.3309632789346195,2024,A
5672,0.6290719104968655,0.22492570526702962,0.1460023842361052,2024,D
5673,0.3167786195668464,0.24950659182148285,0.4337147886116707,2024,A
5674,0.48090906899771435,0.24236689475831152,0.2767240362439749,2024,A
5675,0.19990999999586745,0.28612299270962965,0.5139670072945028,2024,D
5676,0.26665207474862046,0.2799119141042742,0.4534360111471056,2024,H
5677,0.16160523208826022,0.22116882839847524,0.6172259395132648,2024,D
5678,0.2403052790772369,0.27306466949041297,0.4866300514323504,2024,A
5679,0.2864067180032446,0.24369760862406545,0.4698956733726907,2024,A
5680,0.10062713035581339,0.15721467233491668,0.74215819730927,2024,H
5681,0.17759332221148091,0.2391947457929496,0.5832119319955698,2024,H
5682,0.22786425320972237,0.22193332088944573,0.5502024259008315,2024,H
5683,0.3408716526544865,0.2572486099648538,0.40187973738066013,2024,A
5684,0.3476538986779286,0.25484777989517177,0.39749832142689956,2024,A
5685,0.22548907211311808,0.21663552248314172,0.5578754054037404,2024,H
5686,0.2759892617580786,0.20977288151246354,0.5142378567294578,2024,H
5687,0.4753512020948553,0.2572658726636154,0.2673829252415298,2024,H
5688,0.2872257294061122,0.26164928217121897,0.4511249884226692,2024,H
5689,0.08363630617124292,0.14183357972129704,0.7745301141074593,2024,H
5690,0.5837252868696604,0.2036261319064111,0.21264858122392905,2024,A
5691,0.13133182279521274,0.18220446507496876,0.6864637121298182,2024,A
5692,0.3508083686666913,0.217773544946705,0.43141808638660334,2024,D
5693,0.3901898979253826,0.29787399131579256,0.31193611075882516,2024,A
5694,0.4351437530569091,0.2713134452256801,0.2935428017174111,2024,A
5695,0.16934011796688908,0.154680238253686,0.6759796437794244,2024,D
5696,0.3690785862542807,0.29527977182938236,0.3356416419163372,2024,A
5697,0.5475518840732829,0.21860692120451256,0.23384119472220433,2024,A
5698,0.3793769221683871,0.2430650599974275,0.3775580178341853,2024,H
5699,0.2703001209862505,0.263618689737167,0.4660811892765829,2024,H
5700,0.24729120617381237,0.22203043344042794,0.5306783603857599,2025,H
5701,0.46616051554636606,0.22520936799033134,0.3086301164633025,2025,D
5702,0.34837459693107276,0.2852023691278211,0.3664230339411063,2025,H
5703,0.41193618438779345,0.25822036864226183,0.3298434469699445,2025,H
5704,0.3093117576250393,0.23514815206075082,0.45554009031420956,2025,D
5705,0.49905310905955114,0.24050471717975325,0.26044217376069545,2025,A
5706,0.30976613358654004,0.24333214317544744,0.44690172323801247,2025,D
5707,0.4070470207525069,0.24486000516097373,0.3480929740865193,2025,H
5708,0.36570337634445466,0.24403292635202337,0.39026369730352234,2025,A
5709,0.39475633747781175,0.2750918136825184,0.33015184883966997,2025,H
5710,0.44430854758165855,0.2494415600900945,0.3062498923282465,2025,A
5711,0.3120502321267369,0.2680427157972135,0.4199070520760501,2025,H
5712,0.14983497917116614,0.1766640305792332,0.6735009902496008,2025,H
5713,0.1296088647835688,0.17919663583175288,0.6911944993846783,2025,A
5714,0.3150667508369976,0.2993760100569578,0.3855572391060443,2025,H
5715,0.33697018851700966,0.2591488615920513,0.4038809498909392,2025,H
5716,0.3020637541513667,0.2562071362402269,0.44172910960840645,2025,D
5717,0.3896308169905027,0.2767368128592261,0.3336323701502715,2025,H
5718,0.4241360944587811,0.24838087709604387,0.32748302844517463,2025,D
5719,0.35532995223627234,0.23815663611515286,0.40651341164857463,2025,A
5720,0.361972461695199,0.26501174940373917,0.3730157889010621,2025,A
5721,0.3717816242915293,0.2862304085370866,0.3419879671713843,2025,A
5722,0.4033585002581976,0.2566473271283025,0.3399941726134999,2025,D
5723,0.22267039686409748,0.20897263468111174,0.5683569684547904,2025,H
5724,0.15823199618271255,0.179749324777946,0.6620186790393409,2025,H
5725,0.3631846893444358,0.2668979558942567,0.36991735476130766,2025,H
5726,0.37612548522285816,0.24388284965923632,0.3799916651179059,2025,H
5727,0.2552477202049957,0.2595502150971902,0.4852020646978142,2025,A
5728,0.32140580005475217,0.2524878675050879,0.4261063324401602,2025,H
5729,0.31930092599469034,0.2666169651306381,0.414082108874672,2025,A
5730,0.2386585846930387,0.2451697190311952,0.5161716962757663,2025,H
5731,0.4719580634417631,0.27854465646059784,0.2494972800976389,2025,D
5732,0.292933719577564,0.26531984116588014,0.4417464392565562,2025,H
5733,0.2938032799752661,0.2569981847112124,0.4491985353135211,2025,A
5734,0.25520987574747844,0.24227109226468507,0.5025190319878367,2025,D
5735,0.17006662416481397,0.18028516653774396,0.6496482092974418,2025,H
5736,0.2725471569245393,0.2794546046078618,0.44799823846759923,2025,D
5737,0.3431753294121355,0.23732629308164682,0.4194983775062176,2025,H
5738,0.5286016802855026,0.2396610550786273,0.23173726463587008,2025,A
5739,0.317148999148651,0.2501243642771776,0.43272663657417143,2025,H
5740,0.38313541882452506,0.2471678130377326,0.36969676813774194,2025,A
5741,0.37386837071878953,0.2578236314233182,0.36830799785789275,2025,H
5742,0.3048622649110328,0.2734087709040182,0.4217289641849493,2025,H
5743,0.1328581808989668,0.16217918882671806,0.7049626302743148,2025,H
5744,0.24613803097336248,0.24772992015885534,0.5061320488677824,2025,D
5745,0.32230671401245553,0.26217468738816674,0.41551859859937784,2025,D
5746,0.34453512454992163,0.284095812070894,0.3713690633791842,2025,A
5747,0.20453284915314743,0.20145031057491403,0.5940168402719386,2025,D
5748,0.29443035843621634,0.2673183423397397,0.43825129922404416,2025,D
5749,0.20385320006162913,0.2016802133347453,0.5944665866036254,2025,D
5750,0.45710013774888675,0.23288922828444353,0.31001063396666956,2025,H
5751,0.19513750169953942,0.20292999406983708,0.6019325042306235,2025,A
5752,0.42417364186769946,0.27058202678661425,0.305244331345686,2025,H
5753,0.47234336497861307,0.24980781912805652,0.277848815893331,2025,D
5754,0.20439210037906005,0.23020853103176234,0.5653993685891776,2025,H
5755,0.33097754528094564,0.26522615679452743,0.40379629792452687,2025,A
5756,0.20531353699215546,0.2536516822439841,0.5410347807638605,2025,D
5757,0.32532431411360824,0.2669163234303313,0.4077593624560608,2025,H
5758,0.41693089444657416,0.2504112755206606,0.3326578300327654,2025,A
5759,0.2769115580862436,0.25350734913091655,0.46958109278284,2025,D
5760,0.17478312412295505,0.183022624806687,0.6421942510703579,2025,H
5761,0.37119465928787937,0.24757158525227738,0.38123375545984295,2025,A
5762,0.1267617242817532,0.1732674994331712,0.6999707762850753,2025,H
5763,0.2735894666800971,0.24083227235295002,0.4855782609669533,2025,H
5764,0.4270768084745615,0.25980294398413456,0.31312024754130385,2025,H
5765,0.24275181831710704,0.24279570507391854,0.5144524766089745,2025,H
5766,0.31443936744214,0.24284370086941695,0.44271693168844295,2025,H
5767,0.27423236944953694,0.24701342818391617,0.47875420236654714,2025,H
5768,0.3833284377966222,0.2652405913327174,0.35143097087066055,2025,D
5769,0.42089006465853934,0.23868325993674738,0.3404266754047135,2025,A
5770,0.4449849358974321,0.25008085558458026,0.3049342085179878,2025,A
5771,0.2872300951488247,0.27101032401909303,0.4417595808320828,2025,H
5772,0.20219591587510216,0.1885796831190497,0.609224401005848,2025,H
5773,0.3414247657101036,0.2410329494179961,0.4175422848719003,2025,D
5774,0.46244272649794843,0.2570505029964446,0.280506770505607,2025,H
5775,0.27430417292625825,0.266210901165971,0.4594849259077706,2025,H
5776,0.5374725433865758,0.2360576106524055,0.2264698459610186,2025,A
5777,0.266388095664278,0.24331290686423082,0.49029899747149125,2025,A
5778,0.23414154018209035,0.22932772971273543,0.5365307301051745,2025,A
5779,0.35689011665749215,0.2624845647327466,0.38062531860976145,2025,A
5780,0.22948333363306145,0.232343376888211,0.5381732894787276,2025,H
5781,0.34218121412134633,0.2436933462467699,0.41412543963188386,2025,H
5782,0.5041140151208068,0.22054032069485213,0.2753456641843413,2025,H
5783,0.2840373613311535,0.26636603546228654,0.44959660320656014,2025,H
5784,0.16511903131665964,0.17431697038180846,0.6605639983015315,2025,A
5785,0.13043540929753353,0.16420144552129032,0.7053631451811759,2025,H
5786,0.5416282165063484,0.23620704731072517,0.22216473618292631,2025,H
5787,0.15613428939678767,0.191319128987193,0.652546581616019,2025,H
5788,0.291126002889539,0.24667947153696437,0.4621945255734966,2025,A
5789,0.3633154006134133,0.2659113306860592,0.37077326870052746,2025,A
5790,0.276193777439683,0.22371519042474725,0.5000910321355699,2025,A
5791,0.43379648815924776,0.26386691994519296,0.30233659189555984,2025,D
5792,0.33579347663308456,0.25613149388716094,0.4080750294797544,2025,H
5793,0.3508479460403536,0.26026343273008123,0.3888886212295652,2025,H
5794,0.3292447127516076,0.24753970593345745,0.4232155813149349,2025,H
5795,0.6417430654654231,0.20481717208159275,0.15343976245298424,2025,A
5796,0.2439058567522703,0.23975090826646067,0.5163432349812691,2025,H
5797,0.41594460749251183,0.25701127752580977,0.3270441149816788,2025,H
5798,0.20492217414792827,0.24275741024601036,0.5523204156060617,2025,H
5799,0.25352295953865783,0.2611777676260612,0.48529927283528124,2025,D
5800,0.2612271613612626,0.22553890064847618,0.5132339379902611,2025,D
5801,0.33783688066530554,0.2637609713537973,0.3984021479808977,2025,H
5802,0.274002724453284,0.25448940795241665,0.47150786759429947,2025,H
5803,0.5442185041364409,0.22916010635930248,0.22662138950425625,2025,D
5804,0.15601440702136826,0.20150395407715999,0.6424816389014716,2025,H
5805,0.310476602117949,0.2497317738948952,0.4397916239871562,2025,H
5806,0.40990364411549757,0.25076450109424814,0.3393318547902542,2025,H
5807,0.3494724039226644,0.25993668862353936,0.39059090745379615,2025,D
5808,0.32778070175102897,0.2439400562247885,0.4282792420241822,2025,H
5809,0.15464324119510153,0.19479099426619043,0.6505657645387078,2025,H
5810,0.3829359082800483,0.27096102450109233,0.34610306721885964,2025,H
5811,0.19185089999203989,0.22384305746527478,0.5843060425426854,2025,A
5812,0.48073163178722894,0.2447433351972962,0.27452503301547465,2025,A
5813,0.6711953896952123,0.18770726945815108,0.1410973408466366,2025,A
5814,0.23976103998157303,0.2537377927678776,0.5065011672505495,2025,D
5815,0.33733123146404476,0.258734847925828,0.40393392061012734,2025,H
5816,0.615575759467436,0.2057651298283339,0.17865911070423,2025,H
5817,0.10372676186522221,0.14914229492430503,0.7471309432104721,2025,H
5818,0.3863889916542241,0.25776296472427096,0.355848043621505,2025,A
5819,0.21519569320735815,0.2473636035415855,0.5374407032510563,2025,A
5820,0.2114740900588986,0.23726116008184742,0.551264749859254,2025,H
5821,0.13074171063449708,0.1564924094615478,0.7127658799039546,2025,H
5822,0.31701182705947245,0.2627192993468387,0.420268873593689,2025,H
5823,0.28814489398499893,0.2655711695356897,0.4462839364793119,2025,A
5824,0.3334333485973931,0.2632400587334196,0.4033265926691873,2025,A
5825,0.4306948479717041,0.25803842246130587,0.3112667295669904,2025,A
5826,0.389461447611879,0.2487430374410285,0.3617955149470926,2025,A
5827,0.2047684576058712,0.36351091183564294,0.43172063055848603,2025,D
5828,0.1967841265123867,0.1905660587812659,0.612649814706347,2025,A
5829,0.15545334143093728,0.2103689770884434,0.6341776814806195,2025,H
5830,0.20476673650840407,0.23544734820923893,0.559785915282357,2025,A
5831,0.5134032579797606,0.21861005660149702,0.26798668541874215,2025,A
5832,0.2183472723495764,0.25046172509947473,0.5311910025509486,2025,D
5833,0.15276261509012387,0.17500083281182657,0.6722365520980493,2025,H
5834,0.26277597609132647,0.23309833331062177,0.5041256905980515,2025,A
5835,0.4060188476998882,0.2632880688033289,0.3306930834967827,2025,A
5836,0.4137820045412829,0.2555935218106779,0.3306244736480395,2025,A
5837,0.5840968485773232,0.2214027992148924,0.19450035220778455,2025,H
5838,0.3056786063971661,0.24132440168444244,0.45299699191839166,2025,D
5839,0.21745712202780576,0.22658484286696776,0.5559580351052262,2025,D
5840,0.20930820266457636,0.24205229892597152,0.5486394984094523,2025,H
5841,0.3987262082491856,0.25009426767978604,0.3511795240710283,2025,D
5842,0.3489692644070723,0.2755118343983318,0.3755189011945957,2025,H
5843,0.11253901374691519,0.16413241724681754,0.7233285690062669,2025,H
5844,0.37679373479767575,0.27471805606009575,0.34848820914222833,2025,H
5845,0.3370502909876933,0.26928299720091603,0.3936667118113907,2025,H
5846,0.5342288726468906,0.22482570318724587,0.24094542416586331,2025,D
5847,0.1994919138880724,0.21259083076840327,0.5879172553435243,2025,D
5848,0.3019828264917906,0.258788373302801,0.43922880020540894,2025,A
5849,0.4831719750232175,0.24667345530822993,0.27015456966855295,2025,A
5850,0.17566269118282343,0.21489345413962727,0.6094438546775491,2025,H
5851,0.3534876044882205,0.24256328661720697,0.40394910889457236,2025,H
5852,0.3565609889620464,0.260407456637768,0.38303155440018566,2025,A
5853,0.10533548736935593,0.15941503141497443,0.7352494812156692,2025,H
5854,0.2633437968245587,0.26141418165641644,0.47524202151902545,2025,D
5855,0.5689061531163788,0.24216566616946608,0.18892818071415507,2025,A
5856,0.35026996761811324,0.285672970448546,0.36405706193334103,2025,H
5857,0.34347856948468136,0.26072996749093613,0.3957914630243824,2025,H
5858,0.4330316781521584,0.24827324304414916,0.31869507880369236,2025,A
5859,0.23565766959490456,0.22419976447992226,0.5401425659251728,2025,D
5860,0.31873321058294596,0.24541676147889419,0.43585002793815975,2025,D
5861,0.25218648996037,0.25049200872805644,0.4973215013115734,2025,D
5862,0.2621269407933921,0.2349509224304516,0.5029221367761563,2025,D
5863,0.09480555800575803,0.1371642158854356,0.7680302261088059,2025,H
5864,0.3725089706216966,0.27104806792129926,0.3564429614570043,2025,A
5865,0.4429849228270353,0.2361213826316707,0.320893694541294,2025,A
5866,0.5196039213404633,0.2447489399762514,0.23564713868328524,2025,A
5867,0.40848905204685243,0.2528735189119244,0.33863742904122324,2025,H
5868,0.3647299816369179,0.23159091203931426,0.40367910632376774,2025,H
5869,0.31464761205868075,0.27123856266622753,0.41411382527509205,2025,H
5870,0.26345182099275904,0.2644580114586097,0.47209016754863137,2025,H
5871,0.496152203517987,0.25538622114421317,0.24846157533779994,2025,A
5872,0.15801561762198787,0.1766766485989309,0.6653077337790814,2025,H
5873,0.26874752290033477,0.2545175895252863,0.47673488757437943,2025,H
5874,0.3659347737171496,0.26702329051104434,0.367041935771806,2025,D
5875,0.141525354555115,0.1867756081453025,0.6716990372995824,2025,H
5876,0.3375670294148986,0.2854132848863846,0.3770196856987172,2025,A
5877,0.4029265237698162,0.23733418407894863,0.3597392921512354,2025,A
5878,0.2579788885957582,0.2568784470545174,0.4851426643497242,2025,D
5879,0.33034478125782096,0.2668082926019504,0.402846926140229,2025,A
5880,0.32465944992089085,0.2584354591262933,0.41690509095281614,2025,D
5881,0.22817613265404965,0.220941615084241,0.5508822522617093,2025,H
5882,0.12559026447319577,0.18730920769991613,0.687100527826888,2025,D
5883,0.32619315910123975,0.26157029212929167,0.4122365487694686,2025,A
5884,0.226020570832723,0.2637779768703759,0.5102014522969012,2025,D
5885,0.45127881496218075,0.23026001738470936,0.31846116765310994,2025,A
5886,0.3116430948149921,0.26797885038885083,0.4203780547961572,2025,D
5887,0.2189357762162935,0.22037610045028153,0.5606881233334248,2025,D
5888,0.3353463000240401,0.2699661399832408,0.39468755999271954,2025,D
5889,0.5814334326642411,0.23069636500878538,0.18787020232697363,2025,D
5890,0.34766853560994265,0.28839109862534623,0.36394036576471117,2025,H
5891,0.531601161779255,0.23509960784000417,0.23329923038074094,2025,A
5892,0.24493888145538587,0.24711690744849568,0.5079442110961189,2025,H
5893,0.18063388503526437,0.21195014536223425,0.607415969602501,2025,H
5894,0.39612384359493397,0.24522354254141412,0.358652613863652,2025,D
5895,0.26016811925708416,0.25204079702459337,0.4877910837183228,2025,A
5896,0.23687475814068723,0.23670107178655214,0.5264241700727608,2025,H
5897,0.27802879904196565,0.24363812437822382,0.4783330765798105,2025,D
5898,0.48062014448061413,0.24363384845718858,0.27574600706219715,2025,D
5899,0.13878288142846978,0.1667519104623336,0.6944652081091965,2025,D
5900,0.41268348368509933,0.2588091752656571,0.3285073410492435,2025,A
5901,0.366697598091051,0.2212354174167025,0.41206698449224616,2025,H
5902,0.2486658552180006,0.24532672885170673,0.5060074159302926,2025,H
5903,0.1310543093074285,0.16621954358287508,0.7027261471096964,2025,D
5904,0.45831976099463284,0.2279009210334787,0.3137793179718889,2025,D
5905,0.265810254050899,0.2663784539621301,0.46781129198697113,2025,H
5906,0.38945503805439996,0.2570546405481465,0.3534903213974539,2025,D
5907,0.2788813158925532,0.27272612050674466,0.44839256360070257,2025,D
5908,0.2192035614601964,0.2359801192826077,0.5448163192571956,2025,H
5909,0.1899169609610278,0.21166249974107904,0.598420539297893,2025,D
5910,0.2363802032500861,0.2415890007902008,0.5220307959597136,2025,A
5911,0.3858714538516954,0.2623252272998419,0.3518033188484629,2025,H
5912,0.5725985195419089,0.21386320502240785,0.2135382754356836,2025,D
5913,0.39175622603667476,0.26804495892011476,0.3401988150432107,2025,H
5914,0.14418702769906103,0.16532897449249276,0.6904839978084462,2025,D
5915,0.41470572356548163,0.23163413696298232,0.35366013947153646,2025,H
5916,0.276223287443474,0.27196917690717315,0.4518075356493534,2025,H
5917,0.48993644263189573,0.23757329938413857,0.27249025798396587,2025,D
5918,0.17198415529813094,0.19392519296443758,0.6340906517374314,2025,A
5919,0.3300359919529152,0.27652641368771425,0.39343759435937076,2025,D
5920,0.3376193798584268,0.27080644563695516,0.3915741745046181,2025,H
5921,0.44246500055836074,0.25186928747174625,0.3056657119698931,2025,D
5922,0.2806295327844829,0.25185472223086774,0.4675157449846495,2025,H
5923,0.1527184923502049,0.16961236986226552,0.6776691377875291,2025,H
5924,0.559990196881239,0.20207932860028155,0.23793047451847962,2025,H
5925,0.21282001309034038,0.2265706159357525,0.5606093709739071,2025,A
5926,0.3809218540985871,0.253970751120001,0.3651073947814119,2025,A
5927,0.21859151577646072,0.23334537552628215,0.5480631086972573,2025,A
5928,0.1607796430342631,0.22141341192768466,0.6178069450380519,2025,A
5929,0.31385742138953143,0.2775455566342658,0.4085970219762032,2025,D
5930,0.19614840350503251,0.22295079946638988,0.5809007970285777,2025,H
5931,0.5727588293151379,0.21145080148745418,0.215790369197408,2025,A
5932,0.35349731301668824,0.25651401876023444,0.3899886682230774,2025,A
5933,0.3073790470713644,0.25425372463705914,0.4383672282915764,2025,D
5934,0.21682914059469266,0.20612510671262987,0.5770457526926773,2025,H
5935,0.235793144530935,0.20775339311423122,0.556453462354834,2025,A
5936,0.15465828163837478,0.1782588184630134,0.667082899898612,2025,H
5937,0.2699922526843264,0.26560012132142147,0.4644076259942526,2025,D
5938,0.39359593040564733,0.24980758489681296,0.3565964846975399,2025,D
5939,0.2555865093989318,0.26873890655907773,0.47567458404199037,2025,H
5940,0.2839677074178804,0.29274584076490046,0.4232864518172191,2025,H
5941,0.22888254986450082,0.21830260539542398,0.5528148447400751,2025,H
5942,0.13440839795188894,0.1679846643130227,0.6976069377350876,2025,H
5943,0.5295069635487067,0.22734291727616057,0.24315011917513282,2025,D
5944,0.4035141525990039,0.2666383805569242,0.32984746684407207,2025,A
5945,0.30204719884130665,0.24963023782845553,0.448322563330238,2025,A
5946,0.387168137326652,0.24594852216142168,0.36688334051192617,2025,A
5947,0.3384779411466321,0.2649819916731915,0.39654006718017626,2025,A
5948,0.29492001429922143,0.2575231791915952,0.4475568065091837,2025,A
5949,0.2531680460504717,0.2565219773382125,0.49030997661131565,2025,A
5950,0.5062980814641364,0.26195621723835183,0.23174570129751187,2025,D
5951,0.3279868844350222,0.24454771665702238,0.4274653989079553,2025,A
5952,0.3477278698880847,0.25027689383459717,0.40199523627731826,2025,A
5953,0.16468926603680414,0.18951951363788835,0.645791220325307,2025,D
5954,0.14271575908488424,0.1741933798752317,0.683090861039884,2025,H
5955,0.22839351927260917,0.23308410333832189,0.5385223773890688,2025,A
5956,0.14933216124966608,0.1751995364849494,0.675468302265384,2025,H
5957,0.2760892116585093,0.2731316547703509,0.4507791335711402,2025,D
5958,0.4506858026063593,0.24241494867432742,0.3068992487193135,2025,A
5959,0.4970303082722068,0.24592912852876442,0.2570405631990287,2025,D
5960,0.6310098528206115,0.19884812821477488,0.17014201896461376,2025,D
5961,0.21920369361540396,0.19714298291005636,0.5836533234745399,2025,H
5962,0.3568663479078909,0.2692889143370459,0.37384473775506344,2025,D
5963,0.13931155003990664,0.1822098589940411,0.6784785909660518,2025,D
5964,0.264117757254496,0.23907490969602857,0.4968073330494759,2025,A
5965,0.14441147941465285,0.17302269990633615,0.6825658206790106,2025,D
5966,0.2387447655894627,0.22553113637046146,0.5357240980400761,2025,H
5967,0.4231711870857248,0.24051335111611713,0.33631546179815835,2025,A
5968,0.3020032033822333,0.2732597920707226,0.4247370045470445,2025,A
5969,0.5889449795032934,0.1991526554810353,0.21190236501567145,2025,A
5970,0.4855546802926786,0.24070263433965886,0.27374268536766305,2025,A
5971,0.4980109454548499,0.23037313251532354,0.27161592202982676,2025,H
5972,0.15362107569341082,0.19394978617887756,0.6524291381277115,2025,H
5973,0.23058767050507345,0.25922223470161065,0.5101900947933163,2025,D
5974,0.5153656457391489,0.2387750893661966,0.24585926489465454,2025,A
5975,0.3620954050711748,0.26732095772127407,0.37058363720755133,2025,A
5976,0.3533960182211196,0.25702984299677856,0.3895741387821019,2025,A
5977,0.35187931065599737,0.2659948310169463,0.3821258583270566,2025,H
5978,0.2397669244806528,0.25259860565675624,0.5076344698625913,2025,H
5979,0.2542781924558013,0.2003845042307243,0.5453373033134744,2025,H
5980,0.19594821129702045,0.20243274677223713,0.6016190419307418,2025,H
5981,0.30333992987096847,0.24012506107639175,0.4565350090526396,2025,D
5982,0.2336447130522979,0.2518810866399753,0.5144742003077266,2025,H
5983,0.28299479852699017,0.29575405967649815,0.42125114179651185,2025,A
5984,0.5472915229745337,0.22326138909989918,0.229447087925567,2025,H
5985,0.4419787258326105,0.2528985959974739,0.30512267816991573,2025,H
5986,0.18348255312141648,0.1792205901142762,0.6372968567643073,2025,D
5987,0.23957520035262522,0.2373234471530697,0.5231013524943051,2025,A
5988,0.49108477239757314,0.2441897896881043,0.2647254379143227,2025,A
5989,0.2963484709358834,0.22107410892843213,0.48257742013568455,2025,A
5990,0.3683803183085058,0.2635269395826372,0.36809274210885706,2025,A
5991,0.4308014160767288,0.25462488427136243,0.31457369965190923,2025,D
5992,0.32024857809880053,0.2948354562801312,0.38491596562106833,2025,A
5993,0.19473336562796195,0.19194762179103034,0.6133190125810073,2025,H
5994,0.21492609397200152,0.22292789954204484,0.5621460064859537,2025,A
5995,0.5204103015856204,0.23761819733024056,0.2419715010841391,2025,D
5996,0.3247758245483988,0.24797656739307572,0.42724760805852524,2025,D
5997,0.133253046728341,0.17526169386267243,0.6914852594089862,2025,D
5998,0.2925051907582552,0.2688376722529699,0.4386571369887755,2025,D
5999,0.14428390712671083,0.18278692069131522,0.6729291721819736,2025,H
6000,0.16932860656730825,0.21891036756594542,0.6117610258667462,2025,D
6001,0.3926619419620592,0.2623195711562662,0.3450184868816746,2025,D
6002,0.45702956235031555,0.23435851100547367,0.30861192664421083,2025,H
6003,0.2503543233234486,0.260630645876015,0.4890150308005365,2025,H
6004,0.4695513613714196,0.24126815706192065,0.28918048156665965,2025,H
6005,0.3531636011384133,0.2591916731453857,0.38764472571620123,2025,D
6006,0.25815093973493486,0.2510022752966216,0.4908467849684433,2025,A
6007,0.1990895803239028,0.21974299690395635,0.5811674227721404,2025,H
6008,0.4230944296154599,0.2561803657189539,0.320725204665586,2025,A
6009,0.3007218581038902,0.27924179625854983,0.4200363456375603,2025,H
6010,0.23295988090758857,0.22372089070675166,0.5433192283856598,2025,H
6011,0.42788084647201075,0.2647345108341763,0.3073846426938131,2025,A
6012,0.3133388562939373,0.24615215494624723,0.4405089887598155,2025,D
6013,0.16386180643409098,0.16386055120973164,0.6722776423561773,2025,A
6014,0.33874921977976513,0.26046105773732753,0.4007897224829072,2025,H
6015,0.39933271823731986,0.2594621548776999,0.3412051268849804,2025,D
6016,0.30217484561818525,0.27838659007188304,0.4194385643099319,2025,H
6017,0.38961614080764634,0.27143268171696844,0.33895117747538533,2025,A
6018,0.17200344561082515,0.16650050778426032,0.6614960466049145,2025,A
6019,0.42048611296939903,0.25643204570363265,0.323081841326969,2025,D
6020,0.222514787999867,0.2395876000288131,0.5378976119713197,2025,H
6021,0.4067433259863077,0.2577224158312024,0.33553425818248994,2025,A
6022,0.317209859020643,0.252332494200465,0.4304576467788918,2025,D
6023,0.3387727480209216,0.2553625680264043,0.40586468395267417,2025,A
6024,0.22240777844818355,0.2216184528178261,0.5559737687339903,2025,H
6025,0.43694441752057117,0.2387728410596232,0.32428274141980545,2025,A
6026,0.26053233521518865,0.2659688316758844,0.4734988331089272,2025,H
6027,0.1903736107384801,0.27472350286874103,0.5349028863927792,2025,H
6028,0.2568892237102844,0.2537182360604096,0.48939254022930634,2025,D
6029,0.3985943247219945,0.24837170286720742,0.3530339724107981,2025,H
6030,0.33224246348736114,0.24849479879409117,0.4192627377185479,2025,D
6031,0.6780256494541724,0.1819676567369334,0.1400066938088937,2025,A
6032,0.3135143425799101,0.28150031027604056,0.40498534714404955,2025,A
6033,0.3911522279998411,0.22931677197907196,0.3795310000210865,2025,H
6034,0.33171589348590447,0.27369976482050584,0.3945843416935901,2025,A
6035,0.32864166557187274,0.26444527060926853,0.4069130638188589,2025,H
6036,0.15853531535336512,0.19808769228409814,0.6433769923625369,2025,H
6037,0.1417182598447131,0.16746815222037545,0.6908135879349112,2025,H
6038,0.17230031019478012,0.2036251963622134,0.6240744934430065,2025,H
6039,0.24340249722307403,0.24535082440661807,0.5112466783703085,2025,H
6040,0.2689039019706263,0.2759411674511599,0.45515493057821405,2025,H
6041,0.4751103910755324,0.24829972708280185,0.27658988184166616,2025,H
6042,0.33197394541024877,0.2601568292219948,0.4078692253677566,2025,D
6043,0.1590613457765959,0.17272679276220315,0.6682118614612006,2025,H
6044,0.2812342534221832,0.24282254422158442,0.4759432023562327,2025,H
6045,0.27852503111666516,0.24534868705295398,0.47612628183038086,2025,H
6046,0.21968452018030393,0.2299667646936152,0.5503487151260807,2025,A
6047,0.6426168309387075,0.19795290287235986,0.15943026618893286,2025,D
6048,0.3298707356696722,0.2808051178034816,0.38932414652684605,2025,A
6049,0.2184868082836643,0.21715848026837814,0.5643547114479577,2025,D
6050,0.1960024691767906,0.21228418615920727,0.591713344664002,2025,H
6051,0.4465750201647544,0.24139076767525883,0.3120342121599868,2025,A
6052,0.4835045220456094,0.23651472397039852,0.2799807539839921,2025,D
6053,0.11178415277505362,0.16163325257223754,0.7265825946527086,2025,H
6054,0.5004525925674069,0.2298419892658265,0.26970541816676646,2025,D
6055,0.31783766236796696,0.2463774422598301,0.4357848953722028,2025,D
6056,0.3047429750916323,0.24737639177135784,0.4478806331370098,2025,D
6057,0.5112587826571556,0.22973294934527458,0.2590082679975697,2025,A
6058,0.3203209179371493,0.25027709506538837,0.42940198699746246,2025,D
6059,0.10953685037214746,0.14788521911943936,0.7425779305084126,2025,H
6060,0.35263921042542995,0.24334497130161623,0.404015818272954,2025,H
6061,0.2721750181779971,0.23755136103574087,0.49027362078626197,2025,H
6062,0.2800238448609829,0.27859413010949835,0.44138202502951907,2025,D
6063,0.26083767162976207,0.25364361418020503,0.4855187141900331,2025,A
6064,0.48476084171832345,0.23719938664320195,0.27803977163847443,2025,H
6065,0.360785809707896,0.2601271338013617,0.37908705649074226,2025,D
6066,0.32972054320431937,0.2883306568874104,0.3819487999082704,2025,H
6067,0.10358577987317334,0.143312786369363,0.7531014337574636,2025,H
6068,0.43238209470522143,0.28082869448100223,0.28678921081377634,2025,D
6069,0.35431151721957777,0.2547779547645179,0.3909105280159045,2025,H
6070,0.1459584854071651,0.19257567828925964,0.6614658363035751,2025,A
6071,0.35850194994205936,0.2652118869619494,0.3762861630959916,2025,H
6072,0.36784179905559866,0.25414623591933583,0.3780119650250654,2025,H
6073,0.44452697722476314,0.2558867295049537,0.29958629327028286,2025,D
6074,0.2549232811629929,0.2316526873812057,0.5134240314558014,2025,H
6075,0.21055037689378925,0.233237286589874,0.5562123365163366,2025,A
6076,0.3476809217575835,0.2548871657076541,0.39743191253476245,2025,H
6077,0.5724600994054562,0.20608017700024533,0.22145972359429847,2025,A
6078,0.2067597186540771,0.20205161116567724,0.5911886701802457,2025,D
6079,0.3339198191270761,0.28765490880228806,0.37842527207063625,2025,D
6081,0.4813214106744123,0.24505662759695113,0.2736219617286367,2026,H
6082,0.2662996050440708,0.27582152651677744,0.4578788684391514,2026,A
6083,0.346372126566734,0.26257968800131715,0.391048185431949,2026,H
6084,0.2746881245001749,0.26366851884615544,0.46164335665366957,2026,H
6085,0.47822416205359247,0.23495257469365596,0.28682326325275126,2026,H
6086,0.29451490465287544,0.2386057136707933,0.4668793816763315,2026,H
6087,0.2217832275892482,0.22843591368116878,0.5497808587295833,2026,H
6088,0.4073027887899118,0.2543261264643497,0.33837108474573824,2026,D
6089,0.2965413386336467,0.23843485220419905,0.46502380916215436,2026,A
6090,0.555003276823831,0.21583904510447463,0.22915767807169413,2026,A
6092,0.3361955979991991,0.24491423554079336,0.41889016646000704,2026,A
6093,0.2843213747821163,0.23451876056061738,0.4811598646572664,2026,D
6094,0.2739528051691514,0.24051622445399157,0.48553097037685683,2026,D
6095,0.5105976388922338,0.23413600017384753,0.25526636093391913,2026,H
6096,0.3016414543326669,0.2585358964730266,0.43982264919430647,2026,D
6097,0.3571674360378641,0.2709497672171067,0.371882796745029,2026,H
6098,0.2283041130298475,0.2321595292169986,0.5395363577531542,2026,H
6099,0.5522956107518927,0.2329233440198023,0.21478104522830513,2026,A
6100,0.4014762566960268,0.2717950812913374,0.32672866201263623,2026,A
6101,0.2295193794070028,0.23786144444175483,0.5326191761512422,2026,A
6102,0.2585252470865085,0.26401357136535597,0.47746118154813577,2026,D
6103,0.2871333470984697,0.25537541009604864,0.45749124280548187,2026,D
6104,0.2650981437948285,0.266281276587856,0.46862057961731535,2026,D
6105,0.3654807870260956,0.2613495943669043,0.3731696186069997,2026,D
6106,0.19977241097814058,0.22937352110069625,0.5708540679211633,2026,D
6108,0.48399533837560654,0.24039325295978298,0.27561140866461076,2026,D
6109,0.15426599586710935,0.18649489126946237,0.6592391128634283,2026,H
6110,0.3069913179037658,0.27732146704517924,0.4156872150510549,2026,A
6111,0.20698615322828753,0.22950710222218246,0.5635067445495298,2026,D
6112,0.2807778463253267,0.27097064822929146,0.44825150544538167,2026,A
6113,0.5265811068751138,0.24726297955661242,0.2261559135682739,2026,A
6114,0.38188648725186075,0.2551145896098868,0.3629989231382523,2026,D
6115,0.23478026448173459,0.2151689966090284,0.5500507389092371,2026,D
6116,0.30727536069126704,0.24355041252457102,0.44917422678416186,2026,D
6118,0.301389653868308,0.2876644873676796,0.4109458587640119,2026,A
6119,0.3126391169643615,0.2657671734546653,0.42159370958097325,2026,H
6120,0.3121567627357925,0.26853550301411117,0.41930773425009626,2026,H
6121,0.2620763133041079,0.2618330537657967,0.4760906329300954,2026,H
6122,0.3124776586232531,0.2729449959627803,0.4145773454139665,2026,H
6124,0.2337774064924527,0.2518006575483672,0.51442193595918,2026,A
6125,0.4446361367185059,0.25004462884456535,0.30531923443692877,2026,H
6126,0.38304021183449605,0.24514918774676034,0.3718106004187436,2026,A
6127,0.21882346098228223,0.2597721111906224,0.5214044278270954,2026,D
6128,0.14894658415257475,0.1506419813156651,0.7004114345317598,2026,H
6129,0.44750940055701305,0.2558912422963324,0.29659935714665475,2026,D
