,proba_A,proba_D,proba_H,test_season,true_label
1900,0.32528487,0.22110996,0.45360515,2015,H
1901,0.2405202,0.19225834,0.56722146,2015,H
1902,0.41855988,0.30701452,0.27442557,2015,A
1903,0.1906333,0.24122134,0.5681454,2015,D
1906,0.14020912,0.15694746,0.70284337,2015,A
1907,0.32232168,0.3035301,0.37414822,2015,D
1908,0.41247022,0.20687892,0.38065085,2015,A
1909,0.7171848,0.16209629,0.120718926,2015,A
1910,0.3464229,0.2656366,0.38794047,2015,A
1911,0.3786656,0.33976865,0.2815658,2015,A
1913,0.2510347,0.3191098,0.42985544,2015,D
1914,0.3861375,0.2315631,0.3822994,2015,H
1915,0.3566418,0.25140026,0.391958,2015,A
1916,0.440574,0.19964708,0.3597789,2015,A
1917,0.43444005,0.2359094,0.32965052,2015,A
1918,0.20558979,0.074709006,0.7197012,2015,H
1920,0.20534469,0.25735265,0.5373027,2015,H
1921,0.14702809,0.10700287,0.745969,2015,D
1922,0.25573492,0.15237066,0.5918944,2015,D
1923,0.38953212,0.2721581,0.33830976,2015,D
1924,0.5609677,0.17249428,0.26653805,2015,D
1926,0.44726723,0.29333815,0.25939456,2015,A
1928,0.48607373,0.25402614,0.25990006,2015,A
1929,0.25434616,0.18953453,0.5561193,2015,D
1931,0.5843232,0.2027494,0.21292739,2015,A
1932,0.271877,0.25309402,0.47502902,2015,A
1933,0.23578046,0.29866555,0.465554,2015,D
1935,0.42481554,0.2166718,0.35851267,2015,A
1936,0.09828188,0.22892147,0.6727966,2015,A
1937,0.16815926,0.20137359,0.6304672,2015,D
1938,0.23694164,0.23546994,0.52758837,2015,H
1939,0.31481034,0.2203343,0.46485537,2015,H
1940,0.08957728,0.18966879,0.7207539,2015,H
1941,0.41421363,0.29155535,0.29423106,2015,A
1942,0.42640728,0.22264194,0.35095072,2015,H
1943,0.17677793,0.25755775,0.56566435,2015,H
1946,0.38732985,0.24842651,0.36424366,2015,D
1947,0.1656809,0.17409226,0.6602269,2015,H
1948,0.5421494,0.20336826,0.25448224,2015,A
1949,0.3179427,0.3110789,0.37097836,2015,H
1950,0.20374268,0.30648696,0.48977038,2015,H
1951,0.20216691,0.19193585,0.6058972,2015,D
1952,0.53761744,0.23960532,0.22277729,2015,A
1953,0.24905577,0.30011907,0.45082515,2015,A
1954,0.49890533,0.17924528,0.32184938,2015,H
1955,0.07572309,0.06977366,0.8545033,2015,A
1956,0.55795825,0.2602123,0.18182944,2015,D
1957,0.34827238,0.26404592,0.38768172,2015,D
1958,0.16724394,0.21663868,0.61611736,2015,A
1959,0.21896496,0.1798466,0.6011884,2015,H
1960,0.3470864,0.2874035,0.36551014,2015,H
1961,0.24479479,0.16824138,0.58696383,2015,D
1962,0.3908108,0.2731059,0.33608335,2015,H
1963,0.1827543,0.19420691,0.62303877,2015,H
1964,0.48126915,0.17213012,0.3466007,2015,D
1965,0.25780475,0.26335195,0.4788433,2015,A
1966,0.11802064,0.18823683,0.6937425,2015,H
1967,0.23549329,0.23151143,0.5329953,2015,H
1968,0.28216362,0.2283966,0.48943982,2015,A
1969,0.2799601,0.26769224,0.4523477,2015,A
1970,0.37919706,0.3081366,0.3126663,2015,A
1971,0.060288396,0.14987932,0.7898323,2015,H
1972,0.20919704,0.17081724,0.6199857,2015,A
1973,0.1935821,0.24124756,0.5651703,2015,H
1974,0.25280115,0.32561177,0.4215871,2015,D
1975,0.295073,0.30429548,0.40063152,2015,A
1976,0.61420053,0.18219602,0.20360342,2015,D
1977,0.24507892,0.22287892,0.53204215,2015,H
1978,0.3448334,0.26912788,0.38603875,2015,D
1979,0.6454368,0.20895791,0.14560524,2015,D
1980,0.24128719,0.19814315,0.56056964,2015,D
1981,0.46083197,0.17965883,0.35950926,2015,D
1982,0.4020346,0.39334399,0.20462143,2015,A
1983,0.15635745,0.16258839,0.6810542,2015,H
1984,0.19941853,0.17423855,0.6263429,2015,A
1985,0.2723781,0.2786941,0.44892782,2015,A
1986,0.056446888,0.1063813,0.8371718,2015,H
1987,0.28119564,0.31066313,0.40814123,2015,H
1988,0.275014,0.2761074,0.44887853,2015,H
1989,0.20834988,0.34920996,0.44244012,2015,A
1990,0.12058302,0.0894495,0.7899675,2015,H
1991,0.33363885,0.3129985,0.35336262,2015,A
1992,0.20763813,0.12211864,0.6702432,2015,H
1993,0.2503376,0.26987782,0.47978458,2015,A
1994,0.29282993,0.2906958,0.41647425,2015,A
1995,0.27681625,0.18104723,0.54213655,2015,H
1996,0.27955487,0.22340135,0.4970438,2015,A
1997,0.28788227,0.24477524,0.46734244,2015,D
1998,0.532963,0.19385318,0.27318385,2015,D
1999,0.26814032,0.2738898,0.4579699,2015,H
2000,0.37121513,0.3083974,0.32038748,2015,A
2001,0.47822163,0.25172818,0.2700502,2015,H
2002,0.451843,0.32728148,0.2208755,2015,A
2003,0.29763615,0.3337354,0.36862838,2015,D
2004,0.089455426,0.14185253,0.7686921,2015,H
2005,0.33071342,0.36124402,0.30804256,2015,D
2006,0.41907778,0.28541958,0.29550263,2015,A
2007,0.25720125,0.33153966,0.41125908,2015,H
2008,0.25801113,0.32035646,0.4216324,2015,H
2009,0.1030526,0.12477946,0.772168,2015,H
2010,0.305247,0.18276702,0.511986,2015,D
2011,0.26262376,0.28726882,0.45010743,2015,A
2012,0.31527364,0.3032681,0.38145825,2015,H
2013,0.17541546,0.14913845,0.67544615,2015,H
2014,0.11106294,0.20985846,0.67907864,2015,H
2015,0.26395273,0.26303473,0.4730126,2015,H
2016,0.42410183,0.24537286,0.33052528,2015,A
2017,0.22361769,0.105332024,0.67105025,2015,D
2018,0.7616968,0.14863606,0.089667104,2015,D
2019,0.22596638,0.22635984,0.5476738,2015,A
2020,0.37156996,0.20592955,0.42250046,2015,D
2021,0.74470156,0.17028637,0.08501205,2015,H
2022,0.1540531,0.1681,0.6778469,2015,A
2023,0.27976203,0.3008207,0.41941732,2015,A
2024,0.09942319,0.1866979,0.7138789,2015,A
2025,0.23193298,0.2924113,0.47565576,2015,H
2026,0.5140724,0.29582727,0.19010031,2015,A
2027,0.3500235,0.23472586,0.4152506,2015,H
2028,0.21226121,0.1999022,0.58783656,2015,H
2029,0.17171165,0.24282902,0.5854593,2015,A
2030,0.3881926,0.23315753,0.3786499,2015,A
2031,0.20212029,0.1926836,0.6051961,2015,D
2032,0.37064105,0.26407576,0.36528313,2015,H
2033,0.1427004,0.08069038,0.7766092,2015,D
2034,0.09472527,0.2467835,0.65849125,2015,H
2035,0.33691308,0.26152012,0.40156683,2015,H
2036,0.1526161,0.14840235,0.6989815,2015,D
2037,0.22987907,0.25193408,0.51818687,2015,D
2038,0.58963203,0.22180526,0.18856268,2015,D
2039,0.18621324,0.21207233,0.60171443,2015,H
2040,0.6199228,0.20185848,0.17821875,2015,A
2041,0.2112238,0.25175115,0.53702503,2015,H
2042,0.53922343,0.25300103,0.2077755,2015,D
2043,0.11679983,0.17290616,0.71029395,2015,H
2044,0.32899845,0.2986376,0.372364,2015,A
2045,0.14674257,0.20723133,0.64602613,2015,D
2046,0.22835477,0.24947122,0.522174,2015,D
2047,0.66251445,0.11853041,0.21895516,2015,H
2048,0.5562078,0.13767676,0.3061155,2015,H
2049,0.3542091,0.20826451,0.43752635,2015,D
2050,0.30665156,0.27377513,0.4195733,2015,H
2051,0.30249918,0.17919816,0.5183027,2015,H
2052,0.09661467,0.26365146,0.6397339,2015,H
2053,0.4280742,0.20070177,0.37122405,2015,D
2054,0.43269774,0.20408565,0.36321658,2015,A
2055,0.23334984,0.31667805,0.44997212,2015,D
2056,0.14543836,0.28108117,0.5734804,2015,D
2057,0.74444443,0.12021572,0.13533989,2015,A
2058,0.11735049,0.141594,0.74105555,2015,A
2059,0.1721304,0.16457255,0.663297,2015,H
2060,0.22937979,0.21245223,0.55816793,2015,H
2061,0.43975878,0.2477675,0.31247374,2015,A
2062,0.08118129,0.12076676,0.79805195,2015,A
2063,0.47224975,0.20625627,0.32149398,2015,D
2064,0.5003203,0.18722777,0.3124519,2015,A
2065,0.47181243,0.1322074,0.39598012,2015,A
2066,0.54588497,0.18413462,0.2699804,2015,A
2067,0.45995778,0.16100588,0.37903637,2015,D
2068,0.26833773,0.18510723,0.54655504,2015,H
2069,0.2322172,0.17246418,0.5953186,2015,H
2070,0.5517885,0.18969803,0.25851345,2015,A
2071,0.09458999,0.14792562,0.7574844,2015,H
2072,0.51629883,0.19634703,0.28735414,2015,H
2073,0.31998432,0.31663933,0.36337632,2015,H
2074,0.2797224,0.19860676,0.5216708,2015,H
2075,0.32177055,0.24991596,0.4283135,2015,D
2076,0.22348884,0.34764838,0.42886275,2015,H
2077,0.2125498,0.31979704,0.46765316,2015,D
2078,0.11073414,0.20344843,0.6858175,2015,H
2079,0.26157272,0.16440354,0.5740237,2015,D
2080,0.3889523,0.24194507,0.36910254,2015,H
2081,0.48400757,0.27639246,0.23959993,2015,H
2082,0.42076364,0.15432277,0.42491361,2015,A
2083,0.2522076,0.40417793,0.34361446,2015,H
2084,0.21137016,0.24788861,0.5407412,2015,H
2085,0.22118233,0.23481388,0.5440038,2015,D
2086,0.17718956,0.24220362,0.5806068,2015,D
2087,0.23508647,0.27031857,0.49459493,2015,A
2088,0.50086296,0.15350217,0.34563485,2015,D
2089,0.45916474,0.21593632,0.324899,2015,A
2090,0.2981343,0.27740535,0.42446035,2015,H
2091,0.3633887,0.15827465,0.47833666,2015,A
2092,0.5840765,0.14098535,0.27493814,2015,H
2093,0.47819775,0.23545289,0.28634936,2015,H
2094,0.3160276,0.3299171,0.35405526,2015,H
2095,0.19212922,0.19168258,0.6161882,2015,D
2096,0.08013697,0.120528616,0.7993344,2015,H
2097,0.14607926,0.21714364,0.63677704,2015,H
2098,0.28505313,0.19922124,0.5157257,2015,A
2099,0.43600023,0.25720802,0.30679178,2015,D
2100,0.3071913,0.33092704,0.36188167,2015,H
2101,0.2736597,0.2349155,0.49142477,2015,A
2102,0.6124622,0.15350886,0.2340289,2015,D
2103,0.2634882,0.2538221,0.48268974,2015,A
2104,0.2173861,0.31740296,0.4652109,2015,D
2105,0.2798037,0.2754164,0.44477987,2015,H
2106,0.19033733,0.30789664,0.501766,2015,H
2107,0.09497024,0.14168802,0.7633417,2015,D
2108,0.23110348,0.26528275,0.50361377,2015,D
2109,0.075249776,0.1983731,0.7263771,2015,A
2110,0.33683163,0.34159642,0.32157198,2015,D
2111,0.2897909,0.28799617,0.42221296,2015,H
2112,0.31594768,0.23580289,0.44824943,2015,D
2113,0.09640674,0.17453642,0.72905684,2015,H
2114,0.52072364,0.17902854,0.30024782,2015,H
2115,0.3488199,0.22798541,0.42319468,2015,H
2116,0.064745754,0.17464566,0.76060855,2015,H
2117,0.3279848,0.22631614,0.44569907,2015,A
2118,0.23912412,0.2162822,0.54459363,2015,D
2119,0.25488234,0.2722831,0.4728345,2015,H
2120,0.31536642,0.27658534,0.40804827,2015,D
2121,0.5469546,0.17718536,0.27586013,2015,D
2122,0.39993322,0.23104459,0.3690222,2015,H
2123,0.28854954,0.29415736,0.4172931,2015,D
2124,0.7171268,0.1318202,0.15105297,2015,A
2125,0.20839721,0.2017995,0.5898033,2015,A
2126,0.62337846,0.14195102,0.23467053,2015,A
2127,0.22557019,0.22095576,0.55347407,2015,H
2128,0.2567186,0.26783687,0.47544456,2015,A
2129,0.2870713,0.3127752,0.4001535,2015,A
2130,0.21598488,0.30404887,0.47996628,2015,D
2131,0.42367628,0.3285826,0.24774113,2015,A
2132,0.28552485,0.22863989,0.48583522,2015,H
2133,0.57980365,0.22715862,0.19303781,2015,A
2134,0.3324064,0.23459923,0.4329944,2015,H
2135,0.40216887,0.18477887,0.4130522,2015,A
2136,0.141067,0.27264982,0.5862832,2015,H
2137,0.17637663,0.2378837,0.5857397,2015,D
2138,0.25229558,0.28437233,0.4633321,2015,H
2139,0.37638038,0.22960377,0.39401582,2015,D
2140,0.2682326,0.2618625,0.4699049,2015,A
2141,0.080921896,0.123676516,0.7954016,2015,H
2142,0.26144233,0.30871916,0.4298385,2015,D
2143,0.26559496,0.19459574,0.5398093,2015,H
2144,0.2617548,0.31709206,0.4211531,2015,H
2145,0.19705091,0.22280361,0.5801455,2015,H
2146,0.13943729,0.21399444,0.6465683,2015,A
2147,0.14546993,0.2823619,0.5721682,2015,D
2148,0.37464106,0.27676627,0.34859267,2015,A
2149,0.33409265,0.24357511,0.42233226,2015,D
2150,0.36386362,0.34213823,0.29399812,2015,H
2151,0.5195534,0.20917438,0.27127224,2015,D
2152,0.3331833,0.3309408,0.33587593,2015,A
2153,0.20561042,0.2305776,0.56381196,2015,A
2154,0.30398613,0.25644472,0.43956918,2015,H
2155,0.27361667,0.28817144,0.43821186,2015,A
2156,0.24010101,0.2928931,0.46700588,2015,A
2157,0.2883804,0.24687238,0.46474716,2015,H
2158,0.41050515,0.27810073,0.31139413,2015,A
2159,0.20034479,0.22820307,0.57145214,2015,A
2160,0.5056088,0.13285673,0.36153448,2015,D
2161,0.10176712,0.2171927,0.6810402,2015,H
2162,0.44959527,0.19939713,0.35100755,2015,H
2163,0.07551697,0.087412946,0.83707017,2015,H
2164,0.20810582,0.32774875,0.46414542,2015,H
2165,0.30234718,0.22257668,0.47507617,2015,A
2166,0.06825523,0.08304166,0.84870315,2015,H
2167,0.3202644,0.22508729,0.4546483,2015,H
2168,0.6339754,0.17481998,0.19120465,2015,A
2169,0.26095024,0.31951797,0.41953176,2015,H
2170,0.12618293,0.08184495,0.7919721,2015,D
2171,0.5176236,0.25197962,0.23039675,2015,A
2172,0.29702973,0.24303107,0.45993918,2015,D
2173,0.12447503,0.2952139,0.58031106,2015,H
2174,0.13130943,0.19791341,0.67077714,2015,A
2175,0.34653375,0.34995058,0.30351573,2015,H
2176,0.32730907,0.29634255,0.37634838,2015,H
2177,0.25001615,0.31685337,0.4331305,2015,H
2178,0.3611932,0.16256918,0.4762376,2015,D
2179,0.26470625,0.20001008,0.5352837,2015,A
2180,0.123086214,0.26904437,0.6078694,2015,H
2181,0.30963668,0.28183416,0.40852916,2015,A
2182,0.44520643,0.1649704,0.38982317,2015,D
2183,0.35406047,0.27649057,0.369449,2015,H
2184,0.15692471,0.18072525,0.66235,2015,D
2185,0.65864074,0.124929205,0.21643001,2015,A
2186,0.443285,0.2128302,0.34388486,2015,A
2187,0.5161323,0.15831068,0.32555702,2015,H
2188,0.24213153,0.27254936,0.4853191,2015,H
2189,0.65526485,0.13988318,0.20485197,2015,D
2190,0.24787328,0.26076034,0.49136633,2015,A
2191,0.7831367,0.09899039,0.117872916,2015,A
2192,0.086268105,0.12980653,0.78392535,2015,H
2193,0.29113716,0.19131917,0.5175437,2015,D
2194,0.39799064,0.29069376,0.3113156,2015,A
2195,0.30846998,0.18798947,0.5035406,2015,A
2196,0.23571092,0.28860548,0.47568354,2015,H
2197,0.4750662,0.16424076,0.36069304,2015,A
2198,0.4888004,0.16076714,0.3504325,2015,A
2199,0.10424995,0.15398857,0.7417615,2015,H
2200,0.38474402,0.25757894,0.357677,2015,H
2201,0.37194037,0.26405925,0.3640004,2015,D
2202,0.09897183,0.21624418,0.684784,2015,A
2203,0.08417806,0.23481373,0.6810082,2015,H
2204,0.6846603,0.15004447,0.16529526,2015,A
2205,0.31418768,0.27658004,0.4092323,2015,A
2206,0.1999293,0.21609487,0.58397585,2015,D
2207,0.41328123,0.21101508,0.37570372,2015,H
2208,0.2534214,0.28213677,0.46444187,2015,D
2209,0.20879477,0.24286209,0.5483431,2015,D
2210,0.20648043,0.17681357,0.61670595,2015,D
2211,0.33252847,0.2668931,0.40057847,2015,H
2212,0.12413105,0.13413854,0.7417304,2015,H
2213,0.27542242,0.2841457,0.44043186,2015,H
2214,0.36376408,0.21853942,0.41769654,2015,D
2215,0.5350617,0.22421071,0.24072759,2015,H
2216,0.23544522,0.41013172,0.35442308,2015,A
2217,0.06080053,0.1607793,0.77842015,2015,H
2218,0.15159766,0.25252852,0.59587383,2015,H
2219,0.271529,0.23679513,0.49167594,2015,D
2220,0.33975935,0.31897682,0.34126386,2015,A
2221,0.20157209,0.20335142,0.5950765,2015,H
2222,0.10433918,0.12621135,0.76944953,2015,H
2223,0.2845483,0.34612885,0.36932287,2015,D
2224,0.22734304,0.2750685,0.4975884,2015,A
2225,0.45941454,0.25530288,0.2852826,2015,H
2226,0.3991837,0.184415,0.41640133,2015,A
2227,0.24257685,0.1559466,0.60147655,2015,H
2228,0.39504537,0.2168126,0.38814202,2015,A
2229,0.43944147,0.23648606,0.3240725,2015,D
2230,0.1451139,0.17947046,0.67541564,2015,D
2231,0.34376532,0.2726599,0.38357478,2015,A
2232,0.17903298,0.14803308,0.67293394,2015,D
2233,0.48397088,0.27141377,0.24461532,2015,A
2234,0.6537469,0.12714604,0.2191071,2015,D
2235,0.12710431,0.20821658,0.6646791,2015,H
2236,0.14481038,0.16267791,0.6925117,2015,H
2237,0.21922024,0.19032161,0.59045815,2015,H
2238,0.1606983,0.21176246,0.6275393,2015,H
2239,0.5608636,0.22072117,0.2184152,2015,A
2240,0.31271437,0.2764016,0.41088405,2015,A
2241,0.13947603,0.113596536,0.7469275,2015,D
2242,0.1083319,0.17750612,0.714162,2015,H
2243,0.5774576,0.20867813,0.21386422,2015,D
2244,0.076014586,0.111705154,0.81228024,2015,H
2245,0.09730678,0.09579087,0.8069024,2015,D
2246,0.33952618,0.27050552,0.38996834,2015,D
2247,0.09801685,0.15527673,0.7467065,2015,H
2248,0.22535849,0.3152944,0.4593471,2015,H
2249,0.65809405,0.12701619,0.21488982,2015,A
2250,0.24497443,0.32481372,0.43021184,2015,H
2251,0.25113955,0.3799643,0.3688962,2015,H
2252,0.12393615,0.31694278,0.55912113,2015,D
2253,0.35209823,0.27351567,0.37438613,2015,H
2254,0.6477802,0.1914697,0.16075012,2015,H
2255,0.42288154,0.2500589,0.3270596,2015,D
2256,0.08000045,0.090308696,0.8296909,2015,H
2257,0.51281345,0.23630492,0.2508816,2015,A
2258,0.26204768,0.37921822,0.35873407,2015,D
2259,0.14648221,0.141248,0.7122698,2015,A
2260,0.23130246,0.24707216,0.5216254,2015,D
2261,0.20832342,0.26284555,0.528831,2015,H
2262,0.38019753,0.24376932,0.3760332,2015,H
2263,0.15880047,0.17062064,0.6705789,2015,H
2264,0.3361981,0.18965437,0.4741476,2015,D
2265,0.21638644,0.1260723,0.6575412,2015,A
2266,0.25951728,0.19595408,0.5445286,2015,H
2267,0.24737136,0.17708112,0.57554746,2015,D
2268,0.30867085,0.24880256,0.44252667,2015,H
2269,0.25781882,0.289103,0.45307815,2015,H
2270,0.352551,0.2538871,0.39356193,2015,D
2271,0.07528113,0.12208499,0.80263394,2015,H
2272,0.5342326,0.21439953,0.2513678,2015,D
2273,0.6579546,0.14755063,0.19449475,2015,H
2274,0.39046493,0.2592881,0.35024697,2015,H
2275,0.26873907,0.24407741,0.48718354,2015,H
2276,0.55677974,0.22474502,0.21847527,2015,D
2277,0.092235975,0.105391495,0.8023725,2015,H
2278,0.53907025,0.24015214,0.22077763,2015,D
2279,0.11931791,0.1764903,0.7041918,2015,H
2280,0.47069502,0.17363061,0.3556744,2016,A
2281,0.3442443,0.2594714,0.3962843,2016,A
2282,0.5837889,0.16811728,0.2480939,2016,D
2283,0.44424278,0.2939888,0.26176837,2016,H
2284,0.29738924,0.30888703,0.39372376,2016,H
2286,0.24044657,0.27755752,0.48199594,2016,D
2287,0.26496303,0.2408053,0.49423167,2016,A
2288,0.5499251,0.25676006,0.19331485,2016,A
2289,0.53296113,0.2049646,0.2620743,2016,H
2290,0.12473362,0.26879767,0.6064687,2016,H
2291,0.42867,0.29366142,0.2776686,2016,A
2292,0.17899036,0.19005619,0.63095343,2016,H
2293,0.55950135,0.22304083,0.21745782,2016,A
2294,0.25829053,0.25219402,0.4895155,2016,A
2295,0.5475806,0.23829603,0.21412341,2016,H
2296,0.35370466,0.2440119,0.40228346,2016,D
2297,0.22052015,0.26078227,0.5186976,2016,A
2299,0.18013102,0.23609334,0.58377564,2016,H
2300,0.36308065,0.3051108,0.3318086,2016,A
2301,0.3321143,0.28819543,0.37969026,2016,D
2302,0.22807409,0.24342433,0.5285016,2016,D
2303,0.4090428,0.23355494,0.35740227,2016,H
2304,0.20028743,0.323669,0.47604355,2016,A
2305,0.15846802,0.24320261,0.59832937,2016,H
2306,0.2624574,0.2876683,0.44987428,2016,D
2307,0.114599556,0.24102123,0.6443792,2016,H
2308,0.30850634,0.3135565,0.37793714,2016,H
2310,0.4113038,0.25612995,0.3325663,2016,A
2312,0.25137576,0.2342885,0.51433575,2016,A
2313,0.26202053,0.27635092,0.46162856,2016,A
2314,0.4551321,0.22499174,0.31987613,2016,D
2315,0.37312025,0.2622467,0.36463305,2016,H
2316,0.37659958,0.29444122,0.3289592,2016,H
2317,0.28681144,0.2299878,0.48320073,2016,H
2318,0.4612337,0.28787783,0.25088847,2016,D
2319,0.37978992,0.30051517,0.3196949,2016,A
2320,0.13762608,0.26527193,0.597102,2016,A
2322,0.527609,0.25430405,0.21808694,2016,A
2323,0.20434222,0.28126898,0.5143888,2016,H
2324,0.034092057,0.08837383,0.8775341,2016,H
2325,0.35807723,0.24231075,0.39961204,2016,H
2326,0.072123095,0.1514902,0.77638674,2016,H
2327,0.4878651,0.29802546,0.21410948,2016,H
2328,0.13487057,0.24161166,0.62351775,2016,H
2329,0.15020977,0.19546236,0.65432787,2016,H
2330,0.3808481,0.20778988,0.411362,2016,H
2331,0.54015195,0.27360955,0.18623851,2016,H
2332,0.12031984,0.22738567,0.65229446,2016,H
2333,0.16313156,0.19730432,0.63956404,2016,H
2334,0.50733835,0.23306274,0.2595989,2016,A
2335,0.3412895,0.26141933,0.39729118,2016,D
2336,0.35189086,0.26877242,0.3793367,2016,A
2337,0.65295506,0.19579412,0.15125075,2016,A
2338,0.39654097,0.25457022,0.3488888,2016,A
2339,0.5575374,0.17387387,0.26858872,2016,H
2340,0.36884767,0.20314473,0.42800757,2016,D
2341,0.56147504,0.16265206,0.2758729,2016,A
2342,0.27472484,0.33211693,0.39315823,2016,D
2343,0.63235915,0.20875715,0.15888369,2016,A
2344,0.28571123,0.3152542,0.39903456,2016,D
2345,0.15651187,0.24983658,0.5936516,2016,D
2346,0.7369717,0.14806081,0.11496754,2016,A
2347,0.40681773,0.2592855,0.3338967,2016,D
2348,0.09723948,0.1810292,0.7217313,2016,D
2349,0.19107533,0.2583022,0.55062246,2016,H
2350,0.12395959,0.22115587,0.6548845,2016,H
2351,0.5343796,0.261933,0.20368738,2016,D
2352,0.32791424,0.2600955,0.41199023,2016,H
2353,0.30119285,0.14973468,0.5490725,2016,H
2354,0.08558779,0.3012474,0.61316484,2016,H
2355,0.2704995,0.2500798,0.4794207,2016,A
2356,0.14834397,0.15764423,0.6940118,2016,D
2357,0.33551812,0.23284386,0.43163803,2016,A
2358,0.15972556,0.21206582,0.62820864,2016,H
2359,0.27307877,0.19166787,0.53525335,2016,D
2360,0.28228703,0.30407912,0.41363382,2016,D
2361,0.09321587,0.18504389,0.72174025,2016,H
2362,0.18977365,0.24629036,0.563936,2016,H
2363,0.37912926,0.2776048,0.34326592,2016,H
2364,0.4364563,0.23303042,0.33051324,2016,A
2365,0.52335984,0.2904858,0.18615432,2016,D
2366,0.08859746,0.124806225,0.7865963,2016,D
2367,0.6938321,0.1433923,0.16277559,2016,H
2368,0.20896266,0.2381377,0.55289966,2016,H
2369,0.18755986,0.23971082,0.5727293,2016,D
2370,0.71405226,0.17616925,0.10977849,2016,A
2371,0.108147904,0.1945259,0.69732624,2016,D
2372,0.424016,0.16677946,0.4092045,2016,A
2373,0.65798974,0.28604025,0.055969972,2016,A
2374,0.096747175,0.19657034,0.7066825,2016,D
2375,0.33294252,0.27761677,0.38944066,2016,H
2376,0.25551888,0.14571315,0.59876794,2016,H
2377,0.21369964,0.226303,0.5599974,2016,H
2378,0.32844782,0.26561335,0.40593886,2016,A
2379,0.24273118,0.27833882,0.47892997,2016,H
2380,0.18922982,0.23685476,0.5739154,2016,A
2381,0.4282111,0.15668961,0.41509926,2016,H
2382,0.18008423,0.19553699,0.62437874,2016,H
2383,0.057150796,0.07904502,0.86380416,2016,D
2384,0.28517124,0.26776946,0.4470593,2016,D
2385,0.5473177,0.1533637,0.29931858,2016,A
2386,0.54149073,0.18144941,0.2770598,2016,H
2387,0.4964511,0.17549978,0.32804915,2016,A
2388,0.09644169,0.23141463,0.67214364,2016,H
2389,0.20781694,0.21820533,0.57397777,2016,D
2390,0.5799503,0.20618543,0.21386428,2016,A
2391,0.16041163,0.2976592,0.54192924,2016,D
2392,0.24228464,0.34687325,0.41084206,2016,D
2393,0.27487847,0.29626387,0.42885762,2016,D
2394,0.31502596,0.26757997,0.417394,2016,A
2395,0.404337,0.26392478,0.33173826,2016,H
2396,0.08536726,0.1439469,0.77068585,2016,H
2397,0.25617975,0.31144875,0.4323715,2016,H
2398,0.586481,0.19816427,0.21535477,2016,A
2399,0.26296207,0.31835005,0.41868785,2016,H
2400,0.5419399,0.17397162,0.2840885,2016,D
2401,0.05298147,0.17359734,0.77342117,2016,H
2402,0.3007256,0.31564766,0.38362676,2016,H
2403,0.3065017,0.28970835,0.4037899,2016,D
2404,0.4144466,0.18879087,0.39676258,2016,H
2405,0.6263626,0.1644176,0.20921975,2016,A
2406,0.20881702,0.2025524,0.5886306,2016,H
2407,0.06801281,0.17621537,0.7557719,2016,D
2408,0.2467098,0.30205575,0.45123443,2016,H
2409,0.3400806,0.28407648,0.375843,2016,A
2410,0.40500078,0.26584566,0.32915354,2016,H
2411,0.15079322,0.29043874,0.558768,2016,A
2412,0.059019253,0.17668292,0.76429784,2016,H
2413,0.37185973,0.22072089,0.40741938,2016,H
2414,0.19472334,0.27062756,0.5346491,2016,H
2415,0.38612837,0.3121205,0.30175114,2016,H
2416,0.49014315,0.26022473,0.24963218,2016,A
2417,0.48627272,0.29317272,0.22055456,2016,H
2418,0.44032001,0.24657966,0.3131003,2016,D
2419,0.27345148,0.23457369,0.4919748,2016,H
2420,0.24504013,0.33441117,0.42054868,2016,H
2421,0.53504103,0.27075818,0.19420083,2016,H
2422,0.27283245,0.30956095,0.41760653,2016,H
2423,0.42173603,0.25385857,0.32440543,2016,H
2424,0.245651,0.27687937,0.47746965,2016,D
2425,0.1763324,0.17569606,0.6479715,2016,H
2426,0.13832162,0.16613984,0.6955385,2016,H
2427,0.104354694,0.22470284,0.6709425,2016,D
2428,0.2114237,0.27756768,0.5110086,2016,H
2429,0.19637479,0.30151108,0.5021141,2016,H
2430,0.21783718,0.28603786,0.49612492,2016,H
2431,0.5280931,0.28742078,0.18448614,2016,H
2432,0.24159698,0.26693323,0.49146974,2016,H
2433,0.08039635,0.1700184,0.7495853,2016,H
2434,0.13013178,0.2178397,0.65202856,2016,H
2435,0.3746174,0.2663061,0.3590765,2016,D
2436,0.5452572,0.20475689,0.24998587,2016,A
2437,0.58666116,0.21890353,0.1944353,2016,A
2438,0.33511186,0.2847183,0.38016987,2016,H
2439,0.51007396,0.29666546,0.19326058,2016,A
2440,0.579174,0.25395024,0.16687581,2016,A
2441,0.28827888,0.24786335,0.46385777,2016,H
2442,0.24570358,0.2753489,0.4789475,2016,D
2443,0.32440653,0.29952812,0.37606537,2016,H
2444,0.3554802,0.24146122,0.4030586,2016,A
2445,0.25377718,0.29291257,0.45331025,2016,H
2446,0.08631544,0.18853074,0.7251538,2016,H
2447,0.23551045,0.27064073,0.4938489,2016,H
2448,0.38181394,0.2709132,0.34727284,2016,A
2449,0.49201852,0.2557925,0.25218898,2016,A
2450,0.11963549,0.28770342,0.592661,2016,H
2451,0.28894752,0.30394366,0.40710884,2016,H
2452,0.13856144,0.19819593,0.66324264,2016,H
2453,0.65089476,0.20831046,0.14079475,2016,A
2454,0.22520319,0.27105182,0.503745,2016,A
2455,0.105715126,0.16491109,0.72937375,2016,H
2456,0.36150184,0.27908963,0.3594085,2016,A
2457,0.23427281,0.27608582,0.4896414,2016,D
2458,0.12543218,0.23048548,0.6440823,2016,H
2459,0.31109178,0.27748695,0.41142127,2016,A
2460,0.40778646,0.27061722,0.32159632,2016,D
2461,0.3115464,0.28676057,0.40169308,2016,H
2462,0.08879952,0.1032056,0.8079949,2016,H
2463,0.37831134,0.26114973,0.36053896,2016,H
2464,0.31216416,0.276635,0.41120082,2016,H
2465,0.106761,0.12383019,0.7694088,2016,H
2466,0.16080718,0.34555334,0.4936394,2016,A
2467,0.23444724,0.32077578,0.44477695,2016,A
2468,0.51864845,0.24816889,0.23318268,2016,A
2469,0.12037433,0.22123972,0.658386,2016,H
2470,0.28207794,0.25035864,0.46756345,2016,H
2471,0.09233967,0.24606873,0.66159165,2016,H
2472,0.29075515,0.24282658,0.46641833,2016,D
2473,0.6793042,0.20100802,0.1196878,2016,D
2474,0.35536718,0.26627815,0.3783547,2016,H
2475,0.44832945,0.23864068,0.31302986,2016,A
2476,0.4755244,0.29430535,0.23017028,2016,D
2477,0.35985723,0.2754647,0.36467808,2016,A
2478,0.30954802,0.29943693,0.3910151,2016,H
2479,0.2800188,0.18095675,0.5390245,2016,H
2480,0.076606296,0.17845537,0.7449384,2016,H
2481,0.14816016,0.08097691,0.7708629,2016,H
2482,0.3834865,0.2577199,0.35879353,2016,A
2483,0.31277126,0.2455828,0.44164598,2016,D
2484,0.5181366,0.26518166,0.21668172,2016,A
2485,0.3062975,0.29458743,0.39911506,2016,A
2486,0.26013216,0.28663567,0.4532322,2016,H
2487,0.28195158,0.30567327,0.41237515,2016,H
2488,0.45796165,0.20258506,0.33945325,2016,H
2489,0.1297661,0.19912845,0.6711055,2016,D
2490,0.25531316,0.27634713,0.46833968,2016,D
2491,0.30138022,0.26486328,0.4337565,2016,A
2492,0.09426093,0.18631895,0.71942014,2016,A
2493,0.2683956,0.49994868,0.2316557,2016,D
2494,0.6811769,0.11676413,0.20205899,2016,A
2495,0.57481974,0.23759766,0.18758261,2016,D
2496,0.4661299,0.23741949,0.29645064,2016,H
2497,0.10756611,0.18741705,0.7050168,2016,H
2498,0.06058892,0.09229174,0.8471194,2016,H
2499,0.22160423,0.33519816,0.44319764,2016,H
2500,0.5127028,0.112869844,0.37442732,2016,D
2501,0.74258757,0.1700131,0.08739929,2016,D
2502,0.3784991,0.27874017,0.34276074,2016,H
2503,0.09081613,0.14371112,0.7654727,2016,A
2504,0.21935458,0.23061119,0.5500342,2016,A
2505,0.2669177,0.2626926,0.47038975,2016,H
2506,0.26284492,0.22326283,0.51389223,2016,D
2507,0.075676136,0.183673,0.7406509,2016,D
2508,0.4789983,0.2581435,0.2628582,2016,D
2509,0.37162098,0.23650232,0.39187673,2016,A
2510,0.19612488,0.3180539,0.48582116,2016,H
2511,0.25789186,0.2857659,0.45634222,2016,A
2512,0.14043607,0.23930968,0.6202542,2016,H
2513,0.49386925,0.2391755,0.26695526,2016,H
2514,0.35536942,0.2776553,0.36697525,2016,A
2515,0.07232693,0.22094502,0.7067281,2016,H
2516,0.37307507,0.2617165,0.3652084,2016,H
2517,0.3177638,0.31065473,0.37158144,2016,H
2518,0.081511594,0.26182425,0.6566642,2016,H
2519,0.60849154,0.19547436,0.19603416,2016,A
2520,0.07871564,0.17015547,0.75112885,2016,H
2521,0.49881008,0.2508364,0.25035352,2016,A
2522,0.29871872,0.2754731,0.4258082,2016,H
2523,0.71926206,0.12798946,0.15274853,2016,D
2524,0.107870236,0.1819954,0.7101344,2016,H
2525,0.22534679,0.22457711,0.5500761,2016,H
2526,0.26468217,0.28396544,0.4513524,2016,D
2527,0.24358073,0.29212174,0.4642975,2016,H
2528,0.33195657,0.2972292,0.3708142,2016,D
2529,0.66483593,0.20360623,0.13155782,2016,A
2530,0.25565797,0.2998369,0.44450516,2016,H
2531,0.36368844,0.33954048,0.2967711,2016,D
2532,0.16609019,0.22980331,0.60410655,2016,H
2533,0.11555021,0.12901543,0.7554344,2016,H
2534,0.2557891,0.30346346,0.4407475,2016,H
2535,0.4003231,0.23895378,0.3607231,2016,D
2536,0.14822201,0.22409715,0.62768084,2016,H
2537,0.67230266,0.17699005,0.15070726,2016,H
2538,0.2758123,0.2763825,0.44780517,2016,H
2539,0.2545736,0.30020452,0.44522184,2016,H
2540,0.08630904,0.16102,0.75267094,2016,D
2541,0.2593963,0.29874966,0.44185397,2016,H
2542,0.35776454,0.26488587,0.3773496,2016,H
2543,0.44751868,0.22749151,0.3249898,2016,A
2544,0.3092486,0.2311964,0.45955503,2016,A
2545,0.27817628,0.25394008,0.4678836,2016,H
2546,0.80554664,0.14659214,0.047861245,2016,A
2547,0.38188368,0.33860105,0.2795153,2016,A
2548,0.11802704,0.21114585,0.67082715,2016,D
2549,0.33360398,0.3083813,0.35801476,2016,H
2550,0.21085106,0.18827413,0.6008748,2016,H
2551,0.29630405,0.27943406,0.42426193,2016,H
2552,0.13387558,0.24816675,0.61795765,2016,H
2553,0.28896862,0.28753218,0.42349914,2016,A
2554,0.32749948,0.26715794,0.4053426,2016,H
2555,0.38556036,0.22376217,0.39067745,2016,D
2556,0.40263605,0.35709023,0.24027371,2016,A
2557,0.14163615,0.21381685,0.644547,2016,H
2558,0.25508365,0.28526616,0.45965016,2016,H
2559,0.30799598,0.28588068,0.40612337,2016,H
2560,0.27384767,0.2279106,0.49824172,2016,D
2561,0.45330825,0.35275608,0.19393568,2016,A
2562,0.20334262,0.2570576,0.5395998,2016,H
2563,0.28299922,0.21369372,0.50330704,2016,H
2564,0.26066726,0.29945815,0.43987453,2016,H
2565,0.23566037,0.27726403,0.4870756,2016,D
2566,0.10038544,0.22781712,0.67179745,2016,D
2567,0.072503015,0.12208561,0.8054114,2016,A
2568,0.5714577,0.26905945,0.15948287,2016,A
2569,0.30068573,0.16569105,0.5336232,2016,H
2570,0.34647238,0.30138823,0.35213938,2016,H
2571,0.44907117,0.20082206,0.35010678,2016,D
2572,0.22839959,0.26183215,0.50976825,2016,D
2573,0.33549038,0.2704498,0.39405984,2016,H
2574,0.21905637,0.2854367,0.49550697,2016,H
2575,0.16741629,0.23925549,0.5933282,2016,D
2576,0.2815863,0.30278707,0.41562667,2016,H
2577,0.1126186,0.21007757,0.67730385,2016,D
2578,0.24955983,0.27147317,0.478967,2016,H
2579,0.50781703,0.28312182,0.20906113,2016,A
2580,0.24645247,0.23553367,0.5180139,2016,H
2581,0.1169626,0.12212819,0.7609092,2016,H
2582,0.25867063,0.28963795,0.45169148,2016,H
2583,0.57698053,0.26245075,0.1605687,2016,A
2584,0.11882738,0.20452178,0.6766509,2016,H
2585,0.26287785,0.2823689,0.45475322,2016,D
2586,0.48077047,0.2715609,0.24766862,2016,A
2587,0.08753749,0.15497461,0.7574879,2016,H
2588,0.32591978,0.2815061,0.39257413,2016,A
2589,0.3921001,0.28674513,0.3211548,2016,H
2590,0.28970975,0.30819038,0.4020999,2016,H
2591,0.65993714,0.1683813,0.17168155,2016,A
2592,0.3940541,0.25108057,0.35486534,2016,H
2593,0.43745002,0.26590133,0.2966487,2016,D
2594,0.089463554,0.18108177,0.7294547,2016,H
2595,0.440698,0.23820737,0.32109463,2016,D
2596,0.41537732,0.26247016,0.32215253,2016,H
2597,0.4952535,0.22490403,0.2798424,2016,A
2598,0.13811357,0.2263323,0.6355541,2016,H
2599,0.24557588,0.3093764,0.44504774,2016,H
2600,0.21303381,0.31148362,0.47548252,2016,H
2601,0.5092072,0.2975931,0.19319971,2016,A
2602,0.262475,0.2830037,0.4545213,2016,A
2603,0.30787575,0.24790457,0.44421962,2016,H
2604,0.3880479,0.25871137,0.3532407,2016,H
2605,0.54925704,0.16770668,0.2830363,2016,H
2606,0.43108487,0.28962734,0.27928784,2016,D
2607,0.60285264,0.21500127,0.18214603,2016,A
2608,0.20573711,0.20354684,0.59071606,2016,A
2609,0.10637254,0.08886218,0.8047653,2016,H
2610,0.21883917,0.22646442,0.5546964,2016,H
2611,0.6633661,0.16650054,0.17013343,2016,A
2612,0.2670887,0.27943677,0.45347455,2016,H
2613,0.16033043,0.1747619,0.66490763,2016,D
2614,0.23242547,0.23545225,0.5321223,2016,D
2615,0.29286018,0.24928552,0.45785436,2016,D
2616,0.21576388,0.30429053,0.4799456,2016,A
2617,0.21275476,0.27585614,0.51138914,2016,A
2618,0.25059867,0.3009479,0.44845346,2016,A
2619,0.3826065,0.35383344,0.26356003,2016,A
2620,0.098935485,0.21251003,0.6885545,2016,D
2621,0.57024944,0.2276101,0.20214039,2016,D
2622,0.31156242,0.16869369,0.5197439,2016,H
2623,0.4729373,0.26129007,0.26577267,2016,A
2624,0.6184231,0.18554741,0.1960295,2016,H
2625,0.05945007,0.16695575,0.7735942,2016,H
2626,0.25488558,0.292747,0.4523674,2016,H
2627,0.3840077,0.24806397,0.36792833,2016,H
2628,0.3175817,0.24076843,0.4416498,2016,A
2629,0.3350829,0.28352898,0.38138813,2016,D
2630,0.3430307,0.22999968,0.42696956,2016,D
2631,0.23938613,0.28270617,0.47790766,2016,H
2632,0.11733037,0.21021764,0.6724519,2016,D
2633,0.08123978,0.14015248,0.7786077,2016,H
2634,0.63838595,0.1415276,0.22008647,2016,A
2635,0.15391989,0.27524585,0.5708343,2016,H
2636,0.3470689,0.30238742,0.35054365,2016,A
2637,0.3102854,0.3283877,0.36132687,2016,A
2638,0.09765023,0.13532028,0.76702946,2016,H
2639,0.29051483,0.2952249,0.4142603,2016,A
2640,0.23357522,0.26280317,0.50362164,2016,H
2641,0.29597673,0.3410629,0.36296037,2016,A
2642,0.26513168,0.29224235,0.442626,2016,H
2643,0.08282437,0.2441094,0.6730662,2016,H
2644,0.360796,0.31217885,0.32702515,2016,A
2645,0.061141066,0.122228496,0.8166304,2016,H
2646,0.25321144,0.20384964,0.5429389,2016,H
2647,0.060227882,0.20810618,0.7316659,2016,H
2648,0.3110475,0.2829395,0.406013,2016,D
2649,0.60188746,0.16809233,0.23002017,2016,A
2650,0.5982996,0.23720987,0.16449049,2016,A
2651,0.12744243,0.17836632,0.6941912,2016,H
2652,0.22959535,0.27344802,0.49695668,2016,H
2653,0.09761228,0.18440214,0.71798563,2016,H
2654,0.323041,0.24817866,0.42878038,2016,A
2655,0.25817952,0.26618886,0.4756317,2016,A
2656,0.49376306,0.24825297,0.25798392,2016,D
2657,0.23759668,0.14630744,0.6160959,2016,H
2658,0.50148994,0.30090252,0.19760755,2016,A
2659,0.043381143,0.06366721,0.8929516,2016,H
2660,0.19797127,0.20869009,0.5933386,2017,H
2661,0.44012424,0.22723666,0.33263904,2017,H
2662,0.4459498,0.24955794,0.3044923,2017,D
2664,0.4663637,0.27504295,0.25859338,2017,H
2665,0.14334385,0.21682225,0.63983387,2017,A
2667,0.6739872,0.18942866,0.1365841,2017,D
2668,0.38370812,0.2427108,0.37358108,2017,H
2669,0.4945098,0.26940078,0.23608948,2017,A
2670,0.14906766,0.31341532,0.537517,2017,H
2671,0.1610158,0.2302195,0.6087647,2017,H
2672,0.49837032,0.25961292,0.24201676,2017,H
2673,0.21945456,0.24892497,0.5316205,2017,A
2674,0.15796368,0.20087688,0.6411594,2017,A
2676,0.40383843,0.30505943,0.29110214,2017,A
2677,0.3325291,0.21162584,0.4558451,2017,A
2679,0.11095215,0.24728936,0.6417585,2017,D
2680,0.69164926,0.17513068,0.13322003,2017,A
2681,0.28347042,0.2391372,0.47739238,2017,A
2683,0.11558095,0.08569588,0.7987232,2017,H
2684,0.25957978,0.24299484,0.4974254,2017,H
2686,0.13733259,0.21494517,0.64772224,2017,D
2687,0.10887289,0.2082873,0.6828398,2017,D
2688,0.22284186,0.32068628,0.4564718,2017,H
2689,0.18996604,0.21351528,0.5965187,2017,H
2690,0.1284161,0.19442508,0.67715883,2017,H
2692,0.5927954,0.22814238,0.17906228,2017,A
2693,0.62939835,0.2174575,0.15314414,2017,A
2694,0.16935481,0.38879615,0.44184908,2017,H
2695,0.17584583,0.25384778,0.57030636,2017,A
2696,0.5241798,0.2678552,0.207965,2017,D
2697,0.5799613,0.17585418,0.24418451,2017,A
2698,0.31160066,0.22941945,0.45897987,2017,H
2701,0.34666708,0.30166844,0.35166445,2017,A
2703,0.15302448,0.249864,0.5971115,2017,D
2704,0.22293542,0.25278702,0.52427757,2017,H
2705,0.06051498,0.10933199,0.830153,2017,D
2706,0.5385108,0.2234145,0.2380747,2017,A
2707,0.22936566,0.25233707,0.51829726,2017,D
2708,0.16988471,0.20168184,0.62843347,2017,D
2709,0.07725953,0.15625094,0.76648957,2017,H
2710,0.49044836,0.2600751,0.24947652,2017,A
2711,0.57811904,0.19116649,0.23071443,2017,A
2712,0.579704,0.2216777,0.19861826,2017,A
2713,0.303974,0.23533116,0.46069485,2017,A
2714,0.17795758,0.20803776,0.6140046,2017,D
2715,0.6141379,0.15548208,0.23038003,2017,A
2716,0.0775866,0.09296557,0.8294478,2017,H
2717,0.31394234,0.22940905,0.45664853,2017,H
2718,0.37241754,0.27110997,0.35647252,2017,H
2719,0.18034555,0.27300408,0.54665035,2017,H
2720,0.20865558,0.22831526,0.56302917,2017,H
2721,0.08644996,0.110844575,0.8027055,2017,H
2722,0.24047983,0.26343387,0.49608624,2017,D
2723,0.27896744,0.2722629,0.44876972,2017,H
2724,0.5377879,0.21967761,0.24253447,2017,A
2725,0.3644492,0.28704467,0.34850615,2017,A
2726,0.3547418,0.22605164,0.41920653,2017,D
2727,0.09971293,0.22876099,0.6715261,2017,H
2728,0.29889113,0.24918199,0.45192683,2017,A
2729,0.39885822,0.25913727,0.3420045,2017,D
2730,0.06932231,0.15216783,0.77850986,2017,H
2731,0.30581746,0.28168508,0.41249743,2017,H
2732,0.23858081,0.3655072,0.39591205,2017,D
2733,0.08678851,0.09211918,0.82109237,2017,H
2734,0.47014594,0.33112028,0.19873376,2017,H
2735,0.26152626,0.24061634,0.49785742,2017,D
2736,0.6903528,0.1718907,0.13775648,2017,H
2737,0.4117779,0.22092156,0.36730045,2017,D
2738,0.32225356,0.23509039,0.44265607,2017,D
2739,0.31591505,0.24638538,0.4376996,2017,D
2740,0.16620098,0.26101854,0.5727805,2017,A
2741,0.2607961,0.27011302,0.4690909,2017,H
2742,0.2703799,0.29202682,0.4375933,2017,A
2743,0.26510972,0.28143978,0.45345053,2017,A
2744,0.18084997,0.26410204,0.555048,2017,H
2745,0.72113323,0.13800697,0.14085981,2017,H
2746,0.101190746,0.11513832,0.7836709,2017,H
2747,0.23301518,0.20509894,0.5618859,2017,H
2748,0.21803485,0.29056785,0.49139735,2017,H
2749,0.5109105,0.248289,0.2408005,2017,A
2750,0.07938855,0.17925276,0.74135864,2017,H
2751,0.38181332,0.31366265,0.304524,2017,A
2752,0.55321276,0.17531423,0.27147302,2017,D
2753,0.15837133,0.25678313,0.58484554,2017,H
2754,0.43505764,0.2607647,0.30417767,2017,H
2755,0.1912522,0.23082776,0.57792,2017,A
2756,0.7217257,0.22236487,0.05590939,2017,A
2757,0.37274426,0.27492532,0.35233042,2017,D
2758,0.29867306,0.24271253,0.4586144,2017,H
2759,0.44518498,0.21075255,0.34406245,2017,H
2760,0.23172073,0.32005203,0.44822726,2017,D
2761,0.5251457,0.21722962,0.25762463,2017,A
2762,0.18292959,0.2949724,0.522098,2017,A
2763,0.21649441,0.21508715,0.56841844,2017,H
2764,0.2456191,0.253562,0.50081885,2017,A
2765,0.18543994,0.2791277,0.5354324,2017,A
2766,0.2276692,0.3216173,0.4507135,2017,H
2767,0.45410633,0.21094176,0.3349519,2017,H
2768,0.27287453,0.23728792,0.4898375,2017,H
2769,0.079326436,0.13916372,0.7815099,2017,H
2770,0.6299132,0.20273243,0.16735436,2017,A
2771,0.12336674,0.24516423,0.6314691,2017,H
2772,0.47323754,0.34985706,0.17690538,2017,A
2773,0.13060762,0.14746428,0.72192806,2017,H
2774,0.24589683,0.15974419,0.594359,2017,H
2775,0.23336616,0.3016907,0.4649431,2017,H
2776,0.21115662,0.34149036,0.44735307,2017,H
2777,0.2968727,0.28282744,0.4202999,2017,D
2778,0.24507567,0.28334776,0.47157654,2017,H
2779,0.24567361,0.27308747,0.48123896,2017,D
2780,0.26968038,0.34196386,0.38835573,2017,D
2781,0.25231546,0.29108235,0.45660222,2017,D
2782,0.43438655,0.24529865,0.3203148,2017,A
2783,0.09966106,0.1330634,0.7672755,2017,D
2784,0.19967514,0.27975497,0.5205699,2017,D
2785,0.08795469,0.19695003,0.7150953,2017,H
2786,0.18761963,0.26005194,0.5523284,2017,H
2787,0.40881208,0.25702378,0.3341641,2017,A
2788,0.56930715,0.3061421,0.12455076,2017,A
2789,0.23224819,0.25760612,0.51014566,2017,H
2790,0.4120787,0.20342302,0.3844983,2017,D
2791,0.5758408,0.23875593,0.18540324,2017,H
2792,0.42132726,0.29959416,0.27907857,2017,A
2793,0.23482427,0.31195924,0.45321652,2017,D
2794,0.28703234,0.264005,0.44896272,2017,H
2795,0.5840429,0.19306609,0.22289103,2017,A
2796,0.23850204,0.13767126,0.6238267,2017,H
2797,0.073114865,0.13759337,0.7892918,2017,H
2798,0.09408029,0.16157594,0.7443438,2017,H
2799,0.2519582,0.274291,0.47375077,2017,A
2800,0.35208052,0.31777444,0.330145,2017,H
2801,0.237814,0.24199454,0.52019143,2017,H
2802,0.4657834,0.25355425,0.2806623,2017,D
2803,0.24789698,0.32024607,0.43185696,2017,A
2804,0.49664992,0.2791178,0.22423226,2017,A
2805,0.119325966,0.20757392,0.67310005,2017,H
2806,0.20353337,0.21881862,0.57764804,2017,H
2807,0.40034848,0.2693148,0.33033675,2017,D
2808,0.06041624,0.07801229,0.8615715,2017,H
2809,0.3375572,0.2707599,0.39168295,2017,D
2810,0.16381373,0.21069214,0.6254941,2017,H
2811,0.27863747,0.2784819,0.44288057,2017,D
2812,0.25735828,0.2578502,0.4847915,2017,H
2813,0.30080622,0.297497,0.4016968,2017,A
2814,0.40003756,0.19652086,0.40344158,2017,H
2815,0.09005285,0.24090585,0.66904134,2017,H
2816,0.6636476,0.20642246,0.12992992,2017,H
2817,0.12069753,0.1710132,0.7082893,2017,D
2818,0.5348116,0.20266888,0.2625195,2017,A
2819,0.58196807,0.21309637,0.20493552,2017,D
2820,0.12767397,0.22601326,0.6463127,2017,H
2821,0.32051647,0.2632478,0.41623572,2017,H
2822,0.5826122,0.20486593,0.21252185,2017,A
2823,0.08530119,0.17873673,0.7359621,2017,D
2824,0.11951741,0.18347697,0.69700557,2017,H
2825,0.22536519,0.25297698,0.5216579,2017,A
2826,0.32132044,0.35124737,0.32743216,2017,A
2827,0.8101143,0.0888762,0.10100946,2017,A
2828,0.072757445,0.21697697,0.7102656,2017,H
2829,0.6555401,0.1864278,0.15803204,2017,D
2830,0.06700822,0.18329534,0.7496965,2017,H
2831,0.1875048,0.207213,0.6052822,2017,A
2832,0.2398925,0.28597012,0.4741373,2017,A
2833,0.33444044,0.21684457,0.44871497,2017,A
2834,0.23094414,0.21443515,0.55462074,2017,H
2835,0.08081428,0.21552034,0.70366544,2017,H
2836,0.35040683,0.32706663,0.32252654,2017,D
2837,0.41741523,0.32805678,0.25452793,2017,A
2838,0.5884746,0.21227747,0.19924794,2017,A
2839,0.26128763,0.24750008,0.49121222,2017,H
2840,0.13326968,0.5600071,0.30672327,2017,D
2841,0.27689475,0.24561553,0.4774897,2017,A
2842,0.3511933,0.27248508,0.37632158,2017,D
2843,0.32234076,0.22914404,0.44851518,2017,H
2844,0.25598478,0.33200988,0.41200534,2017,D
2845,0.5507829,0.29271582,0.15650126,2017,D
2846,0.3156755,0.34094283,0.34338167,2017,D
2847,0.06454887,0.08083523,0.8546159,2017,H
2848,0.4025498,0.20555766,0.39189252,2017,A
2849,0.25657383,0.3086569,0.43476924,2017,H
2850,0.22021994,0.3088987,0.4708814,2017,D
2851,0.07346622,0.2112149,0.71531886,2017,H
2852,0.19395095,0.31916544,0.48688364,2017,D
2853,0.10326081,0.24574035,0.6509989,2017,H
2854,0.14666869,0.24418303,0.6091483,2017,D
2855,0.09090975,0.19266044,0.7164298,2017,H
2856,0.4382391,0.21870321,0.34305775,2017,H
2857,0.2641144,0.24730007,0.48858547,2017,D
2858,0.7383166,0.15551314,0.10617022,2017,A
2859,0.47679782,0.20669115,0.31651103,2017,A
2860,0.090013385,0.15264316,0.7573435,2017,D
2861,0.12136282,0.27499777,0.6036394,2017,H
2862,0.23403493,0.29219928,0.47376573,2017,D
2863,0.08415717,0.19018796,0.72565484,2017,H
2864,0.2604885,0.25973108,0.47978035,2017,H
2865,0.18949756,0.22254379,0.5879587,2017,D
2866,0.32450786,0.18943478,0.4860574,2017,A
2867,0.5155973,0.2550882,0.22931448,2017,D
2868,0.5674114,0.27856788,0.15402076,2017,D
2869,0.40625605,0.22077572,0.37296823,2017,D
2870,0.22249849,0.31684932,0.46065217,2017,H
2871,0.55487,0.27959335,0.16553666,2017,A
2872,0.5298527,0.2778803,0.19226699,2017,A
2873,0.21851201,0.34723195,0.43425608,2017,A
2874,0.06934674,0.119265735,0.81138754,2017,H
2875,0.3530357,0.27866575,0.3682986,2017,A
2876,0.60879743,0.21218616,0.17901646,2017,A
2877,0.46570137,0.2520549,0.2822438,2017,H
2878,0.2988263,0.40995967,0.29121405,2017,D
2879,0.16653906,0.1964898,0.6369711,2017,D
2880,0.22300094,0.25644082,0.52055824,2017,A
2881,0.19580367,0.26807898,0.5361174,2017,H
2882,0.25186107,0.25234443,0.4957945,2017,D
2883,0.23675042,0.26250833,0.50074124,2017,H
2884,0.06293485,0.19043702,0.7466281,2017,D
2885,0.31512317,0.22984609,0.45503077,2017,D
2886,0.081760466,0.15374091,0.76449865,2017,H
2887,0.38943446,0.24717687,0.36338872,2017,H
2888,0.1865741,0.30948958,0.5039363,2017,H
2889,0.08466579,0.16895138,0.74638283,2017,H
2890,0.23499314,0.37484542,0.39016145,2017,H
2891,0.05403017,0.10729913,0.8386707,2017,H
2892,0.21685489,0.2575668,0.5255783,2017,H
2893,0.40753222,0.25861335,0.33385444,2017,D
2894,0.59057677,0.20705505,0.2023682,2017,A
2895,0.5935983,0.19651479,0.20988686,2017,D
2896,0.2456899,0.16372241,0.59058774,2017,H
2897,0.64816153,0.1850302,0.1668082,2017,A
2898,0.63745207,0.20827068,0.15427724,2017,D
2899,0.6087938,0.25266537,0.1385408,2017,H
2900,0.5160912,0.26476008,0.21914868,2017,A
2901,0.41428953,0.26473704,0.32097346,2017,H
2902,0.36261863,0.22541903,0.41196236,2017,D
2903,0.23303916,0.2530901,0.5138707,2017,D
2904,0.2072179,0.31944296,0.4733392,2017,H
2905,0.22435847,0.2786496,0.4969919,2017,D
2906,0.23851249,0.25506482,0.5064227,2017,D
2907,0.12742022,0.23086937,0.6417104,2017,A
2908,0.10329836,0.13739207,0.7593096,2017,H
2909,0.4146777,0.25571197,0.32961035,2017,H
2910,0.1256255,0.13602696,0.73834753,2017,H
2911,0.24326366,0.24018984,0.5165465,2017,H
2912,0.26798868,0.32766533,0.40434602,2017,H
2913,0.5650207,0.19926286,0.23571648,2017,D
2914,0.249747,0.28574532,0.46450767,2017,D
2915,0.116893075,0.12804487,0.75506204,2017,H
2916,0.26066136,0.2605702,0.4787685,2017,A
2917,0.23282777,0.3087435,0.4584287,2017,D
2918,0.18560846,0.40863308,0.40575847,2017,D
2919,0.53381866,0.2764935,0.1896879,2017,H
2920,0.5609252,0.18827392,0.25080088,2017,H
2921,0.067004636,0.17660396,0.75639135,2017,H
2922,0.25628933,0.2571173,0.48659343,2017,D
2923,0.22321774,0.25634792,0.5204343,2017,H
2924,0.14273229,0.2961989,0.5610688,2017,H
2925,0.40804097,0.27747026,0.3144888,2017,H
2926,0.4155937,0.26793134,0.31647494,2017,H
2927,0.5651014,0.24454963,0.19034898,2017,H
2928,0.54782695,0.24598709,0.20618597,2017,A
2929,0.06515966,0.15125237,0.78358793,2017,H
2930,0.2271879,0.30402166,0.46879047,2017,H
2931,0.3361924,0.22089489,0.44291267,2017,A
2932,0.10328954,0.2854704,0.61124,2017,H
2933,0.30179906,0.30287635,0.3953246,2017,D
2934,0.2705092,0.18069907,0.5487917,2017,D
2935,0.28633988,0.26312327,0.45053682,2017,D
2936,0.2169998,0.29908136,0.48391882,2017,H
2937,0.62165993,0.25263467,0.12570538,2017,A
2938,0.26497492,0.3035003,0.43152475,2017,H
2939,0.50715494,0.23896314,0.25388196,2017,A
2940,0.1851547,0.2918801,0.5229652,2017,H
2941,0.06292897,0.21856959,0.71850145,2017,H
2942,0.24501957,0.27413368,0.48084673,2017,H
2943,0.2121435,0.29429376,0.4935628,2017,D
2944,0.1073783,0.21739683,0.6752249,2017,H
2945,0.24046242,0.25330168,0.5062359,2017,H
2946,0.3059321,0.28477153,0.4092964,2017,D
2947,0.25725928,0.29788697,0.44485378,2017,H
2948,0.09728588,0.16211084,0.74060327,2017,H
2949,0.4263518,0.3088452,0.264803,2017,A
2950,0.3086858,0.24425732,0.44705692,2017,H
2951,0.45873863,0.24341078,0.29785067,2017,H
2952,0.19736196,0.25612944,0.54650855,2017,H
2953,0.2643457,0.2657649,0.46988943,2017,A
2954,0.3224748,0.27862236,0.39890286,2017,H
2955,0.35027686,0.3068232,0.3428999,2017,D
2956,0.6683205,0.1404597,0.19121982,2017,A
2957,0.3499231,0.19715534,0.45292154,2017,H
2958,0.63710237,0.21853368,0.144364,2017,A
2959,0.64791524,0.21238056,0.1397042,2017,A
2960,0.20026045,0.2456544,0.5540852,2017,H
2961,0.22368592,0.24011628,0.5361978,2017,A
2962,0.16837513,0.21362916,0.6179957,2017,H
2963,0.29780263,0.23280448,0.4693929,2017,A
2964,0.493321,0.27165037,0.23502862,2017,H
2965,0.3532417,0.22181821,0.42494005,2017,D
2966,0.42484945,0.2746276,0.300523,2017,H
2967,0.19531994,0.4912192,0.3134609,2017,A
2968,0.4198554,0.1778424,0.40230218,2017,A
2969,0.12658024,0.13497604,0.73844373,2017,H
2970,0.5772207,0.25027135,0.172508,2017,A
2971,0.6369003,0.23201379,0.13108595,2017,A
2972,0.12211859,0.19893658,0.6789448,2017,H
2973,0.38003448,0.2478057,0.37215984,2017,A
2974,0.35866532,0.3045548,0.33677986,2017,A
2975,0.7166199,0.1898291,0.09355098,2017,A
2976,0.15979092,0.19992305,0.6402861,2017,A
2977,0.17727867,0.38986495,0.43285635,2017,D
2978,0.61500525,0.21381481,0.17117994,2017,D
2979,0.25006172,0.278572,0.47136623,2017,D
2980,0.22153503,0.30084127,0.4776237,2017,A
2981,0.2063361,0.23779248,0.5558714,2017,D
2982,0.13306968,0.2320266,0.6349037,2017,H
2983,0.10491612,0.24319406,0.6518898,2017,D
2984,0.5091344,0.2862538,0.20461173,2017,A
2985,0.29597178,0.3198465,0.38418165,2017,D
2986,0.27929088,0.18665904,0.5340501,2017,A
2987,0.35268772,0.17241757,0.47489467,2017,H
2988,0.3034762,0.26497668,0.43154708,2017,H
2989,0.39160734,0.21599479,0.39239785,2017,H
2990,0.12880756,0.18944754,0.68174493,2017,H
2991,0.4959529,0.30188966,0.20215744,2017,H
2992,0.111294,0.18258545,0.70612055,2017,A
2993,0.22024655,0.20912866,0.5706248,2017,D
2994,0.51638937,0.26471934,0.21889134,2017,D
2995,0.39123306,0.33849135,0.27027553,2017,A
2996,0.38397822,0.25210768,0.3639141,2017,A
2997,0.217803,0.27758017,0.5046168,2017,D
2998,0.2294277,0.2892542,0.4813181,2017,D
2999,0.5334133,0.32398382,0.1426029,2017,D
3000,0.09938093,0.21957044,0.68104863,2017,H
3001,0.05973385,0.10028568,0.8399805,2017,H
3002,0.28733876,0.33568546,0.3769758,2017,D
3003,0.33204126,0.31806958,0.34988913,2017,H
3004,0.13286987,0.20930782,0.6578223,2017,D
3005,0.40817133,0.21994069,0.371888,2017,H
3006,0.25187868,0.25681365,0.49130762,2017,A
3007,0.07169759,0.16797289,0.76032954,2017,D
3008,0.29402694,0.27576092,0.4302121,2017,A
3009,0.31244367,0.24354397,0.44401234,2017,H
3010,0.7004086,0.13966978,0.15992165,2017,A
3011,0.35688758,0.26347518,0.3796372,2017,H
3012,0.63890284,0.19202897,0.16906814,2017,A
3013,0.12099805,0.19015388,0.6888481,2017,H
3014,0.38385853,0.35430557,0.26183593,2017,H
3015,0.2443794,0.27758622,0.47803435,2017,H
3016,0.24137554,0.27042195,0.4882025,2017,D
3017,0.1896768,0.26104778,0.5492754,2017,A
3018,0.27646023,0.32267907,0.4008607,2017,A
3019,0.23317257,0.45036197,0.3164655,2017,H
3020,0.42361417,0.33481476,0.24157101,2017,H
3021,0.08384136,0.18865001,0.7275086,2017,H
3022,0.26182598,0.32576385,0.41241014,2017,H
3023,0.05504826,0.10177036,0.84318143,2017,D
3024,0.25475168,0.29325202,0.45199627,2017,A
3025,0.08972386,0.18728223,0.72299385,2017,D
3026,0.43272278,0.25687167,0.31040552,2017,H
3027,0.051426686,0.11902348,0.82954985,2017,H
3028,0.16417925,0.26488096,0.57093984,2017,H
3029,0.5662485,0.25811008,0.17564143,2017,D
3030,0.30530173,0.27588785,0.4188104,2017,A
3031,0.30804288,0.33054474,0.36141244,2017,H
3032,0.5769364,0.25137776,0.17168586,2017,A
3033,0.5009267,0.27266598,0.22640733,2017,H
3034,0.19432747,0.25191084,0.55376166,2017,H
3035,0.08390724,0.20146267,0.71463007,2017,H
3036,0.3611236,0.27347085,0.3654056,2017,A
3037,0.19267961,0.20367642,0.60364395,2017,A
3038,0.1098924,0.15242346,0.7376842,2017,H
3039,0.2930537,0.25593644,0.4510099,2017,H
3040,0.27173626,0.24023262,0.48803112,2018,H
3041,0.2634591,0.24102251,0.4955184,2018,H
3042,0.4735144,0.23422007,0.29226553,2018,A
3043,0.5887738,0.15686049,0.25436574,2018,A
3044,0.41441125,0.29761893,0.28796986,2018,A
3045,0.33538556,0.1952982,0.4693162,2018,H
3046,0.39496055,0.25485194,0.35018754,2018,D
3047,0.5720357,0.21481779,0.21314655,2018,A
3048,0.2551427,0.16832906,0.57652825,2018,H
3049,0.4560849,0.2326631,0.31125203,2018,D
3050,0.44519436,0.219878,0.33492765,2018,D
3051,0.07867613,0.19617726,0.7251466,2018,H
3052,0.25846273,0.2977887,0.44374862,2018,H
3053,0.22162901,0.30023995,0.47813103,2018,H
3054,0.26622972,0.21642774,0.5173425,2018,H
3055,0.42828438,0.28817227,0.2835434,2018,A
3056,0.61849636,0.21461713,0.16688646,2018,H
3057,0.32060876,0.33838153,0.3410097,2018,A
3058,0.071648516,0.24971518,0.6786363,2018,H
3059,0.44114774,0.21874067,0.34011152,2018,A
3060,0.6434398,0.21460596,0.14195421,2018,D
3061,0.05173841,0.14251414,0.8057475,2018,H
3062,0.32593796,0.25042233,0.42363968,2018,A
3063,0.17418604,0.25039697,0.575417,2018,D
3064,0.3693601,0.19456452,0.4360754,2018,D
3065,0.23317935,0.2681384,0.49868223,2018,H
3066,0.27115616,0.35184187,0.377002,2018,H
3067,0.49360496,0.28367662,0.2227184,2018,A
3068,0.2574612,0.3569624,0.3855764,2018,H
3069,0.41068748,0.33683112,0.25248143,2018,A
3070,0.27839088,0.25370765,0.46790144,2018,A
3071,0.25065073,0.34218585,0.40716347,2018,A
3072,0.077508956,0.19777052,0.72472054,2018,H
3073,0.15366174,0.23849027,0.607848,2018,H
3074,0.3967797,0.22170979,0.38151053,2018,D
3075,0.18357085,0.18917014,0.627259,2018,D
3076,0.50771093,0.22350408,0.268785,2018,A
3077,0.52906,0.21565278,0.25528723,2018,A
3078,0.3262729,0.24146447,0.43226263,2018,A
3079,0.35451826,0.31856072,0.32692102,2018,H
3080,0.43891883,0.2247827,0.33629847,2018,A
3081,0.34127048,0.27367568,0.38505384,2018,A
3082,0.3316387,0.2642464,0.4041149,2018,A
3083,0.09229268,0.19975498,0.7079523,2018,H
3084,0.148125,0.23450062,0.6173744,2018,H
3085,0.06293304,0.14405066,0.7930163,2018,H
3086,0.29918033,0.25260577,0.44821393,2018,A
3087,0.2206636,0.27450466,0.50483173,2018,A
3088,0.18686609,0.27230334,0.5408305,2018,H
3089,0.1913123,0.19348256,0.61520517,2018,D
3090,0.12319822,0.17514636,0.70165545,2018,H
3091,0.18895489,0.24479742,0.56624764,2018,H
3092,0.49805713,0.20069177,0.30125108,2018,D
3093,0.33533207,0.2639231,0.4007448,2018,D
3094,0.7056729,0.14786327,0.14646383,2018,A
3095,0.38931635,0.33134043,0.2793432,2018,H
3096,0.24344158,0.26050556,0.4960528,2018,D
3097,0.53410524,0.25078452,0.21511023,2018,A
3098,0.21794395,0.2456838,0.53637224,2018,H
3099,0.6774773,0.21063821,0.1118845,2018,D
3100,0.28685933,0.25251216,0.46062857,2018,H
3101,0.18677254,0.29642302,0.51680446,2018,D
3102,0.23199813,0.2500357,0.51796615,2018,H
3103,0.57430905,0.25399116,0.17169979,2018,A
3104,0.060255576,0.15535586,0.7843886,2018,H
3105,0.39288366,0.28693035,0.32018602,2018,A
3106,0.58480537,0.20954762,0.20564699,2018,H
3107,0.20932424,0.2624028,0.528273,2018,H
3108,0.22873048,0.2796211,0.49164838,2018,A
3109,0.27699074,0.2750759,0.4479333,2018,H
3110,0.24861121,0.33673772,0.41465104,2018,H
3111,0.34262112,0.29119688,0.36618203,2018,D
3112,0.30989558,0.26636025,0.4237441,2018,A
3113,0.41483247,0.25805563,0.32711193,2018,A
3114,0.15463996,0.1683621,0.67699796,2018,H
3115,0.08475072,0.21630464,0.6989447,2018,H
3116,0.2560842,0.20835985,0.53555596,2018,A
3117,0.5718475,0.23624712,0.19190536,2018,A
3118,0.41319847,0.22628242,0.36051914,2018,D
3119,0.7099245,0.1913453,0.09873015,2018,A
3120,0.043230873,0.08503455,0.8717346,2018,H
3121,0.096808255,0.21476935,0.6884224,2018,A
3122,0.28098705,0.29273424,0.42627865,2018,A
3123,0.5422641,0.25479174,0.20294417,2018,A
3124,0.15777214,0.20706464,0.6351632,2018,D
3125,0.14650951,0.1949221,0.6585684,2018,D
3126,0.40715176,0.2841811,0.30866718,2018,A
3127,0.26714185,0.32746002,0.4053982,2018,H
3128,0.21114017,0.27387196,0.5149879,2018,H
3129,0.3083873,0.15385917,0.53775346,2018,H
3130,0.27382872,0.29183292,0.43433836,2018,D
3131,0.08867259,0.16961657,0.74171084,2018,H
3132,0.27242857,0.20416984,0.52340156,2018,H
3133,0.47675017,0.28255087,0.24069893,2018,A
3134,0.22570406,0.28690562,0.4873903,2018,D
3135,0.38088968,0.2909245,0.3281858,2018,H
3136,0.68285257,0.21356052,0.10358693,2018,A
3137,0.41654864,0.31675512,0.2666962,2018,D
3138,0.4396818,0.2090741,0.35124412,2018,H
3139,0.4360413,0.42035487,0.14360388,2018,A
3140,0.13074422,0.21035412,0.65890163,2018,H
3141,0.42344734,0.28950053,0.28705212,2018,H
3142,0.4776638,0.1846427,0.33769354,2018,D
3143,0.33025083,0.31535628,0.35439292,2018,A
3144,0.2126946,0.24823049,0.5390749,2018,A
3145,0.3130774,0.2962412,0.39068136,2018,A
3146,0.19544144,0.20599975,0.5985588,2018,H
3147,0.076474644,0.19530863,0.7282167,2018,H
3148,0.089625195,0.17175941,0.7386154,2018,H
3149,0.2260788,0.22073999,0.55318123,2018,H
3150,0.21750586,0.24261202,0.53988206,2018,H
3151,0.4446644,0.37099713,0.1843385,2018,A
3152,0.28547996,0.2906006,0.4239194,2018,D
3153,0.20480119,0.18241689,0.6127819,2018,D
3154,0.39887825,0.27922854,0.3218932,2018,H
3155,0.35092884,0.18115059,0.4679206,2018,D
3156,0.08403148,0.10952552,0.806443,2018,H
3157,0.09912147,0.14315419,0.75772434,2018,H
3158,0.19595635,0.21222578,0.5918179,2018,D
3159,0.24946058,0.19184867,0.5586907,2018,D
3160,0.3628402,0.30706963,0.33009017,2018,D
3161,0.22965762,0.2477594,0.52258295,2018,H
3162,0.33392444,0.2887472,0.37732837,2018,H
3163,0.17624275,0.28728327,0.536474,2018,D
3164,0.4860876,0.25337148,0.26054096,2018,H
3165,0.5099821,0.20118813,0.2888297,2018,A
3166,0.5697255,0.20699126,0.22328323,2018,A
3167,0.37658,0.29844272,0.3249773,2018,A
3168,0.33887747,0.28249818,0.37862438,2018,A
3169,0.3912005,0.29929572,0.30950376,2018,A
3170,0.44567144,0.20138052,0.3529481,2018,H
3171,0.24232852,0.17361757,0.5840539,2018,H
3172,0.19910808,0.23427527,0.56661665,2018,A
3173,0.20762888,0.28463826,0.50773287,2018,H
3174,0.071535036,0.087261036,0.841204,2018,H
3175,0.27149335,0.2065753,0.52193135,2018,A
3176,0.28859463,0.2753188,0.4360866,2018,D
3177,0.20590876,0.32904464,0.46504653,2018,H
3178,0.07103327,0.1496528,0.779314,2018,H
3179,0.19185863,0.1902802,0.6178612,2018,H
3180,0.7489054,0.16511665,0.085977904,2018,A
3181,0.20551877,0.28854248,0.50593877,2018,H
3182,0.3860711,0.26475468,0.34917426,2018,H
3183,0.2749616,0.31619123,0.40884715,2018,H
3184,0.7533355,0.1473636,0.09930093,2018,A
3185,0.15046829,0.19317858,0.6563531,2018,D
3186,0.47198898,0.22297908,0.30503196,2018,D
3187,0.46437204,0.26856285,0.26706508,2018,D
3188,0.27461416,0.2793159,0.44606996,2018,H
3189,0.45125014,0.29733986,0.25140998,2018,H
3190,0.18244302,0.22535105,0.59220594,2018,H
3191,0.59417945,0.22223727,0.18358327,2018,A
3192,0.34842575,0.2879797,0.36359456,2018,H
3193,0.39760596,0.273723,0.32867104,2018,A
3194,0.36950198,0.2713478,0.35915026,2018,H
3195,0.33989573,0.23590371,0.42420056,2018,H
3196,0.20977701,0.26987273,0.5203503,2018,H
3197,0.3235982,0.27612904,0.40027276,2018,H
3198,0.26653084,0.23999691,0.49347225,2018,A
3199,0.11741182,0.22694087,0.6556473,2018,D
3200,0.19789381,0.24768445,0.5544217,2018,H
3201,0.0963255,0.17847896,0.7251955,2018,H
3202,0.26218382,0.2946717,0.44314444,2018,A
3203,0.16021904,0.21744363,0.62233734,2018,H
3204,0.22000442,0.2276421,0.55235344,2018,H
3205,0.27535018,0.2896946,0.43495527,2018,H
3206,0.37620005,0.30805674,0.31574318,2018,A
3207,0.39410987,0.29457736,0.31131276,2018,A
3208,0.14258716,0.25538132,0.6020315,2018,H
3209,0.4635003,0.28070682,0.25579292,2018,H
3210,0.6011344,0.21824543,0.18062015,2018,A
3211,0.27573666,0.27598643,0.44827694,2018,A
3212,0.30486625,0.2679754,0.4271583,2018,A
3213,0.28435814,0.2546952,0.46094668,2018,D
3214,0.16333331,0.16777158,0.66889507,2018,A
3215,0.32498425,0.30327344,0.3717423,2018,H
3216,0.06267693,0.17068465,0.7666384,2018,H
3217,0.09960015,0.20506617,0.69533366,2018,A
3218,0.35764804,0.24989551,0.39245644,2018,A
3219,0.42246658,0.33428463,0.24324884,2018,A
3220,0.21132228,0.20071281,0.5879649,2018,H
3221,0.05918339,0.096506536,0.84431005,2018,H
3222,0.09718232,0.1570068,0.7458109,2018,H
3223,0.24891773,0.29252785,0.4585544,2018,D
3224,0.61494106,0.21831173,0.16674723,2018,H
3225,0.3006264,0.29083824,0.40853536,2018,A
3226,0.46746176,0.28027484,0.25226343,2018,D
3227,0.19291373,0.27570415,0.53138214,2018,D
3228,0.38073245,0.19844383,0.4208237,2018,A
3229,0.34407857,0.2678065,0.38811493,2018,A
3230,0.33896425,0.2547433,0.4062924,2018,H
3231,0.32057843,0.2193988,0.46002278,2018,H
3232,0.13620968,0.23438767,0.62940264,2018,A
3233,0.09734934,0.10785511,0.7947955,2018,H
3234,0.11750555,0.1588393,0.7236551,2018,A
3235,0.19544925,0.26547202,0.5390787,2018,D
3236,0.07763583,0.18359351,0.73877066,2018,H
3237,0.6451085,0.18318781,0.17170362,2018,A
3238,0.5328338,0.19947927,0.26768693,2018,A
3239,0.48112854,0.28715897,0.23171246,2018,H
3240,0.10252905,0.2124642,0.6850068,2018,H
3241,0.52762806,0.27759174,0.19478017,2018,A
3242,0.28920746,0.21449016,0.49630243,2018,A
3243,0.3228271,0.28372326,0.39344963,2018,D
3244,0.08988315,0.25013047,0.6599864,2018,D
3245,0.2158597,0.39003068,0.3941096,2018,A
3246,0.47939304,0.26302004,0.25758696,2018,A
3247,0.21386878,0.3103706,0.47576064,2018,D
3248,0.19319576,0.33209944,0.47470483,2018,A
3249,0.3761805,0.33915427,0.28466517,2018,H
3250,0.3584792,0.33353257,0.30798823,2018,H
3251,0.13626613,0.23063652,0.63309735,2018,A
3252,0.30640888,0.27559865,0.41799247,2018,D
3253,0.07877911,0.16763125,0.75358963,2018,H
3254,0.30736616,0.2301072,0.4625266,2018,A
3255,0.6140715,0.21266714,0.17326136,2018,A
3256,0.2907967,0.339024,0.37017927,2018,H
3257,0.41414025,0.24106705,0.34479263,2018,H
3258,0.24077176,0.24912994,0.5100983,2018,A
3259,0.06992627,0.17798214,0.7520916,2018,H
3260,0.3205541,0.28632683,0.39311904,2018,H
3261,0.32294887,0.27197582,0.4050753,2018,H
3262,0.20143355,0.2535621,0.5450043,2018,H
3263,0.30778667,0.26030368,0.43190965,2018,D
3264,0.077996366,0.080647305,0.84135634,2018,H
3265,0.42180386,0.23880516,0.339391,2018,H
3266,0.10986752,0.19125679,0.69887567,2018,H
3267,0.29983258,0.26754928,0.43261808,2018,H
3268,0.46518904,0.28250995,0.252301,2018,A
3269,0.54683155,0.25464,0.19852847,2018,A
3270,0.09394433,0.20177561,0.7042801,2018,H
3271,0.21087854,0.3223661,0.46675533,2018,H
3272,0.27515748,0.29391968,0.43092287,2018,A
3273,0.14268228,0.17186958,0.68544817,2018,D
3274,0.6620983,0.20615469,0.131747,2018,H
3275,0.3320318,0.33214936,0.33581883,2018,H
3276,0.34827423,0.33553925,0.31618652,2018,D
3277,0.086501,0.13699311,0.7765059,2018,H
3278,0.076776765,0.09751725,0.825706,2018,D
3279,0.5199358,0.18570605,0.29435816,2018,H
3280,0.2641194,0.30848545,0.42739516,2018,D
3281,0.2644421,0.29461813,0.44093978,2018,D
3282,0.48234874,0.19859636,0.31905487,2018,H
3283,0.11193337,0.22072838,0.66733825,2018,H
3284,0.32729542,0.24649353,0.42621103,2018,H
3285,0.34313843,0.2648869,0.39197463,2018,A
3286,0.081106804,0.20079076,0.7181024,2018,H
3287,0.15791124,0.27002984,0.5720589,2018,H
3288,0.52506167,0.2501368,0.22480157,2018,A
3289,0.5838455,0.22956397,0.18659052,2018,D
3290,0.625505,0.22480124,0.14969379,2018,A
3291,0.261431,0.3164747,0.4220943,2018,A
3292,0.2473294,0.3094849,0.4431857,2018,D
3293,0.6338764,0.21211983,0.1540038,2018,A
3294,0.43288562,0.21107146,0.35604295,2018,A
3295,0.133131,0.1821192,0.6847498,2018,H
3296,0.24568194,0.2724571,0.481861,2018,A
3297,0.31829318,0.2591626,0.42254424,2018,H
3298,0.13946618,0.2494146,0.6111193,2018,H
3299,0.12237928,0.18080436,0.6968163,2018,H
3300,0.16020925,0.29472288,0.54506785,2018,D
3301,0.3257262,0.18701832,0.48725542,2018,A
3302,0.33655784,0.22244313,0.440999,2018,H
3303,0.32701972,0.27741343,0.39556688,2018,D
3304,0.5541549,0.27228448,0.17356068,2018,H
3305,0.25652125,0.29358822,0.4498905,2018,A
3306,0.29218176,0.25369287,0.45412534,2018,H
3307,0.13441285,0.27668327,0.58890384,2018,H
3308,0.28254864,0.25903922,0.45841223,2018,D
3309,0.19154453,0.2664197,0.54203576,2018,H
3310,0.2837083,0.275159,0.44113266,2018,H
3311,0.49728268,0.27509356,0.22762378,2018,H
3312,0.2670816,0.24942753,0.4834909,2018,A
3313,0.14809762,0.2770903,0.57481205,2018,H
3314,0.29078043,0.3041702,0.4050494,2018,H
3315,0.5362213,0.27002814,0.19375055,2018,A
3316,0.05981307,0.108206645,0.83198035,2018,H
3317,0.06736343,0.15019584,0.7824407,2018,H
3318,0.22976245,0.2576237,0.51261383,2018,H
3319,0.37675413,0.28473067,0.3385152,2018,H
3320,0.15958127,0.19076984,0.6496489,2018,H
3321,0.21470523,0.24802957,0.5372652,2018,H
3322,0.10996495,0.20777255,0.6822625,2018,H
3323,0.37325287,0.28471032,0.34203684,2018,A
3324,0.76681846,0.16119625,0.07198534,2018,A
3325,0.23165068,0.2897037,0.47864565,2018,D
3326,0.48429292,0.27851623,0.23719093,2018,D
3327,0.61123025,0.1734641,0.21530569,2018,A
3328,0.46027976,0.23907617,0.300644,2018,H
3329,0.23604947,0.22678564,0.53716487,2018,H
3330,0.14386779,0.2569211,0.5992111,2018,H
3331,0.26258826,0.2759814,0.4614304,2018,A
3332,0.47972262,0.2415885,0.27868888,2018,H
3333,0.24009633,0.29515535,0.46474832,2018,A
3334,0.27399403,0.31768665,0.4083193,2018,H
3335,0.054745328,0.094268106,0.8509866,2018,H
3336,0.26378253,0.28265336,0.45356408,2018,H
3337,0.12300515,0.2181366,0.6588583,2018,D
3338,0.110336766,0.1511527,0.7385105,2018,H
3339,0.49249077,0.22497827,0.282531,2018,D
3340,0.5033222,0.24108893,0.25558892,2018,A
3341,0.23805858,0.28047943,0.48146197,2018,H
3342,0.5895143,0.18836707,0.2221186,2018,H
3343,0.7953913,0.14900437,0.055604354,2018,A
3344,0.26710483,0.32667902,0.40621614,2018,A
3345,0.09926906,0.1592157,0.7415152,2018,H
3346,0.18615441,0.28736588,0.52647966,2018,H
3347,0.59977585,0.35736465,0.04285947,2018,A
3348,0.19426249,0.24863984,0.5570976,2018,H
3349,0.24717093,0.30328307,0.44954598,2018,A
3350,0.30446672,0.2872941,0.4082392,2018,H
3351,0.46881515,0.2512102,0.2799746,2018,A
3352,0.14627634,0.20346227,0.6502614,2018,H
3353,0.38422078,0.19401878,0.42176038,2018,H
3354,0.19701466,0.30048376,0.5025016,2018,H
3355,0.31629425,0.22910136,0.45460442,2018,H
3356,0.17285587,0.20840254,0.6187416,2018,H
3357,0.07315006,0.18398577,0.7428642,2018,H
3358,0.10215272,0.21375056,0.68409675,2018,H
3359,0.6269797,0.21583784,0.15718243,2018,A
3360,0.26968607,0.2788425,0.45147142,2018,A
3361,0.46060416,0.25933,0.2800658,2018,A
3362,0.24318907,0.24934815,0.5074628,2018,A
3363,0.48624018,0.28257635,0.23118344,2018,H
3364,0.06482218,0.18085909,0.7543187,2018,H
3365,0.1813043,0.14778453,0.6709112,2018,A
3366,0.34294382,0.21305457,0.4440016,2018,H
3367,0.090883985,0.19923149,0.7098846,2018,H
3368,0.081624284,0.18958268,0.728793,2018,H
3369,0.21221605,0.22827092,0.55951303,2018,H
3370,0.41540685,0.40253267,0.18206047,2018,H
3371,0.2167392,0.24746102,0.5357998,2018,A
3372,0.5268441,0.38893172,0.08422418,2018,A
3373,0.19208245,0.23442087,0.5734967,2018,H
3374,0.39427027,0.34410998,0.26161978,2018,A
3375,0.264427,0.26353922,0.47203374,2018,A
3376,0.51840353,0.24255635,0.23904012,2018,D
3377,0.21897858,0.33273792,0.44828355,2018,H
3378,0.25018978,0.20135291,0.5484573,2018,D
3379,0.32688284,0.3046918,0.36842534,2018,A
3380,0.18558878,0.24775107,0.56666017,2018,H
3381,0.2129786,0.2934853,0.49353614,2018,A
3382,0.11369263,0.17375566,0.7125517,2018,A
3383,0.6957365,0.17650515,0.12775828,2018,A
3384,0.38083133,0.26870382,0.35046485,2018,H
3385,0.097367026,0.18468942,0.7179436,2018,D
3386,0.071323514,0.15979896,0.7688775,2018,H
3387,0.22105505,0.28081778,0.4981271,2018,D
3388,0.6028721,0.2440939,0.15303403,2018,A
3389,0.45387557,0.2377404,0.30838406,2018,H
3390,0.108609796,0.124274984,0.7671153,2018,H
3391,0.2381328,0.32271397,0.43915325,2018,D
3392,0.3223837,0.25211403,0.42550233,2018,A
3393,0.08157538,0.1512398,0.7671848,2018,A
3394,0.42965972,0.25052804,0.31981227,2018,D
3395,0.24525762,0.26204443,0.49269798,2018,H
3396,0.5407502,0.20615944,0.25309032,2018,D
3397,0.6387551,0.20179984,0.15944509,2018,A
3398,0.31513152,0.2694649,0.41540357,2018,H
3399,0.49356127,0.24674198,0.25969675,2018,D
3400,0.13112608,0.25453123,0.61434263,2018,H
3401,0.28379512,0.26422775,0.4519771,2018,A
3402,0.54821426,0.23505573,0.21673003,2018,A
3403,0.13423969,0.24649417,0.61926615,2018,H
3404,0.59029436,0.21216644,0.1975392,2018,H
3405,0.31341332,0.28048137,0.40610528,2018,H
3406,0.14857705,0.16830476,0.68311816,2018,D
3407,0.10951515,0.18499817,0.70548666,2018,H
3408,0.3048686,0.38276213,0.31236926,2018,D
3409,0.17957132,0.24394475,0.57648396,2018,H
3410,0.29584128,0.20965464,0.49450403,2018,D
3411,0.2858346,0.2676835,0.44648185,2018,A
3412,0.3171569,0.23625164,0.44659147,2018,D
3413,0.18243517,0.1933717,0.62419313,2018,H
3414,0.1567279,0.20533861,0.63793343,2018,A
3415,0.3791784,0.23040752,0.3904141,2018,A
3416,0.4912135,0.24360947,0.2651771,2018,D
3417,0.7785409,0.12554972,0.095909365,2018,A
3418,0.32657516,0.2575247,0.41590008,2018,H
3419,0.55599374,0.25358996,0.19041632,2018,A
3420,0.26352352,0.17907852,0.5573979,2019,H
3421,0.22029743,0.26198855,0.517714,2019,A
3422,0.64975476,0.15796556,0.19227965,2019,D
3423,0.19536212,0.18590736,0.6187305,2019,H
3425,0.66704136,0.16211031,0.17084837,2019,A
3426,0.41446117,0.26800197,0.31753692,2019,H
3427,0.42645493,0.2064209,0.3671242,2019,D
3428,0.43517503,0.20381378,0.36101118,2019,A
3429,0.36921185,0.23904063,0.39174753,2019,H
3430,0.1916753,0.25411698,0.55420774,2019,H
3431,0.36340588,0.25226334,0.38433084,2019,A
3432,0.23184443,0.280131,0.4880246,2019,D
3433,0.17553379,0.22298542,0.6014808,2019,H
3434,0.3030314,0.3228101,0.37415847,2019,H
3435,0.62422365,0.18356855,0.19220781,2019,A
3436,0.061123613,0.10564916,0.8332273,2019,D
3438,0.22768974,0.29037416,0.48193607,2019,D
3439,0.36733496,0.22713238,0.40553263,2019,D
3440,0.58168054,0.25712,0.16119947,2019,H
3441,0.17800379,0.122659765,0.69933647,2019,H
3442,0.33119068,0.27149108,0.39731824,2019,A
3444,0.08170075,0.16270334,0.75559586,2019,A
3445,0.22697547,0.20335764,0.56966686,2019,A
3446,0.4672574,0.2378676,0.294875,2019,A
3447,0.68597674,0.1960555,0.11796772,2019,A
3448,0.116869465,0.20546018,0.6776704,2019,A
3449,0.26270437,0.2174351,0.5198605,2019,D
3450,0.3092874,0.258663,0.43204957,2019,D
3451,0.58004117,0.27187645,0.14808239,2019,A
3452,0.045158543,0.1072498,0.8475917,2019,H
3453,0.28100947,0.2505211,0.46846944,2019,H
3454,0.24599423,0.3040927,0.44991305,2019,H
3455,0.5240586,0.21764158,0.2582999,2019,D
3456,0.20599364,0.14599904,0.6480073,2019,H
3458,0.21604465,0.23877388,0.54518145,2019,H
3459,0.14629331,0.20349823,0.6502084,2019,D
3461,0.328964,0.30067837,0.3703576,2019,H
3462,0.49455324,0.21171038,0.29373634,2019,A
3463,0.06814275,0.08224112,0.8496161,2019,H
3464,0.3117907,0.24133164,0.44687763,2019,D
3465,0.20662719,0.27073455,0.5226383,2019,H
3466,0.7898667,0.13675766,0.07337567,2019,H
3467,0.36175337,0.24332184,0.39492485,2019,D
3468,0.5229237,0.2059902,0.2710861,2019,H
3469,0.40954372,0.25162482,0.33883145,2019,D
3470,0.3090646,0.24208534,0.44885007,2019,A
3471,0.33552587,0.2172541,0.4472201,2019,H
3472,0.23600352,0.3053105,0.45868593,2019,H
3473,0.25698802,0.27651444,0.46649748,2019,A
3474,0.0795696,0.15670826,0.7637221,2019,H
3475,0.30292764,0.3105341,0.38653827,2019,D
3476,0.235054,0.2582696,0.5066764,2019,D
3477,0.46424386,0.25761455,0.2781416,2019,H
3478,0.19090047,0.29263648,0.51646304,2019,H
3479,0.413239,0.2963904,0.29037064,2019,A
3480,0.22195916,0.288783,0.48925775,2019,H
3481,0.35209218,0.22002272,0.42788514,2019,H
3482,0.25394928,0.23929644,0.5067543,2019,H
3483,0.6342752,0.20137075,0.16435403,2019,A
3484,0.18009412,0.2316367,0.5882692,2019,H
3485,0.31881437,0.26525077,0.4159349,2019,D
3486,0.26944986,0.25865644,0.47189364,2019,D
3487,0.5500681,0.24389905,0.20603286,2019,A
3488,0.124957606,0.17709409,0.69794834,2019,H
3489,0.39185628,0.26931992,0.33882377,2019,D
3490,0.16127658,0.20128359,0.63743985,2019,A
3491,0.34612694,0.28437966,0.36949342,2019,A
3492,0.21447368,0.2587832,0.5267431,2019,D
3493,0.42237693,0.23356014,0.3440629,2019,H
3494,0.16510992,0.10916875,0.7257213,2019,H
3495,0.4313297,0.25575814,0.31291217,2019,H
3496,0.12573425,0.19100137,0.68326443,2019,H
3497,0.05491538,0.12712851,0.81795615,2019,A
3498,0.5776659,0.1545749,0.26775917,2019,A
3499,0.48835087,0.211657,0.29999208,2019,H
3500,0.48412928,0.22090435,0.2949663,2019,A
3501,0.28830683,0.24358281,0.46811032,2019,D
3502,0.34078145,0.24211264,0.41710594,2019,D
3503,0.14349115,0.23389415,0.6226147,2019,H
3504,0.068980806,0.15397301,0.77704614,2019,H
3505,0.2589508,0.24202713,0.49902207,2019,D
3506,0.22045077,0.2459102,0.533639,2019,H
3507,0.43556616,0.250915,0.31351882,2019,H
3508,0.5349641,0.2790153,0.18602057,2019,D
3509,0.47344744,0.2222508,0.3043017,2019,H
3510,0.35338837,0.2626238,0.3839878,2019,A
3511,0.21570705,0.3177193,0.46657366,2019,D
3512,0.3579681,0.24627104,0.3957608,2019,H
3513,0.28419715,0.28617916,0.42962366,2019,D
3514,0.10018605,0.2591614,0.64065254,2019,H
3515,0.638664,0.18678059,0.17455536,2019,A
3516,0.30833477,0.2456853,0.44597995,2019,D
3517,0.18269703,0.24886154,0.5684414,2019,D
3518,0.06143751,0.074990354,0.86357206,2019,H
3519,0.44637057,0.24282353,0.31080592,2019,A
3520,0.24958335,0.22991927,0.5204973,2019,H
3521,0.6941301,0.16261123,0.14325859,2019,A
3522,0.095122345,0.13549739,0.7693802,2019,H
3523,0.22562519,0.2601514,0.5142234,2019,A
3524,0.5448474,0.22489439,0.23025815,2019,A
3525,0.53150207,0.19789927,0.27059868,2019,H
3526,0.23742452,0.23795483,0.52462065,2019,H
3527,0.104363516,0.227506,0.66813046,2019,D
3528,0.6223421,0.22262591,0.15503196,2019,A
3529,0.18564469,0.25112292,0.5632324,2019,D
3530,0.35174805,0.25498527,0.39326665,2019,A
3531,0.5181619,0.21628638,0.2655517,2019,A
3532,0.36139145,0.26104584,0.37756276,2019,D
3533,0.13997898,0.1690948,0.6909262,2019,H
3534,0.07600352,0.16710335,0.75689316,2019,H
3535,0.32280356,0.26278368,0.41441268,2019,H
3536,0.3385584,0.28085187,0.3805897,2019,H
3537,0.14957619,0.23888512,0.6115387,2019,H
3538,0.3208616,0.2164698,0.46266863,2019,H
3539,0.277764,0.23696238,0.48527357,2019,H
3540,0.26878446,0.28659445,0.44462103,2019,A
3541,0.10475091,0.17313279,0.7221163,2019,D
3542,0.34470338,0.21915932,0.4361373,2019,A
3543,0.5777463,0.2637494,0.15850434,2019,A
3544,0.7015324,0.17914948,0.11931809,2019,A
3545,0.1674782,0.21359628,0.6189255,2019,A
3546,0.3310354,0.23275527,0.4362093,2019,A
3547,0.19756986,0.3507245,0.45170566,2019,H
3548,0.41537195,0.22790822,0.3567198,2019,D
3549,0.26078004,0.22367887,0.5155411,2019,H
3550,0.63939893,0.2157416,0.14485952,2019,D
3551,0.14307626,0.2616067,0.59531707,2019,A
3552,0.075609624,0.18327889,0.7411115,2019,A
3553,0.05706096,0.055570826,0.88736826,2019,H
3554,0.27067602,0.23676236,0.4925616,2019,H
3555,0.3609219,0.27331477,0.3657634,2019,H
3556,0.36030382,0.23049955,0.40919665,2019,D
3557,0.12545457,0.22106577,0.65347964,2019,D
3558,0.1514648,0.229903,0.6186322,2019,H
3559,0.19092485,0.24622378,0.56285137,2019,D
3560,0.6219201,0.16862617,0.20945372,2019,A
3561,0.30375487,0.26707798,0.42916712,2019,H
3562,0.082405075,0.18510029,0.7324946,2019,H
3563,0.08404458,0.17142877,0.7445267,2019,H
3564,0.27058905,0.24170813,0.48770285,2019,H
3565,0.41184157,0.20651798,0.3816404,2019,H
3566,0.10555864,0.19935103,0.69509035,2019,H
3567,0.120447256,0.07134838,0.8082044,2019,H
3568,0.24319023,0.2614392,0.49537057,2019,A
3569,0.2480315,0.28206995,0.46989852,2019,A
3570,0.61999154,0.22642031,0.15358812,2019,A
3571,0.11173014,0.21480915,0.6734607,2019,A
3572,0.55828303,0.21688266,0.2248343,2019,H
3573,0.24927503,0.26428106,0.48644388,2019,H
3574,0.29641142,0.27829707,0.42529148,2019,D
3575,0.6616318,0.21512568,0.1232425,2019,A
3576,0.26803586,0.29967865,0.43228546,2019,H
3577,0.37253803,0.25325185,0.37421015,2019,A
3578,0.5207699,0.26360443,0.21562569,2019,D
3579,0.29470024,0.29722422,0.40807548,2019,A
3580,0.23774198,0.25770226,0.50455576,2019,H
3581,0.08234177,0.11355669,0.8041015,2019,D
3582,0.20438355,0.2856936,0.50992286,2019,A
3583,0.3021961,0.32598987,0.37181407,2019,H
3584,0.092646986,0.06664725,0.84070575,2019,H
3585,0.059389632,0.18788671,0.75272363,2019,A
3586,0.1788421,0.20393984,0.617218,2019,D
3587,0.18120065,0.25541148,0.5633879,2019,A
3588,0.7038264,0.1439689,0.15220468,2019,A
3589,0.33804184,0.20781733,0.45414078,2019,D
3590,0.27185,0.2910314,0.43711868,2019,A
3591,0.14018166,0.37917086,0.4806475,2019,H
3592,0.46648312,0.22518033,0.30833656,2019,A
3593,0.43825257,0.26226127,0.29948622,2019,A
3594,0.32642657,0.245798,0.42777544,2019,D
3595,0.28766388,0.3119773,0.4003588,2019,A
3596,0.2735957,0.28714985,0.4392545,2019,H
3597,0.53342676,0.23970832,0.22686495,2019,H
3598,0.39426187,0.30680904,0.2989291,2019,A
3599,0.11980619,0.2381943,0.64199954,2019,D
3600,0.315506,0.24955654,0.43493748,2019,H
3601,0.14900328,0.25656822,0.59442854,2019,H
3602,0.08370718,0.1902511,0.7260417,2019,A
3603,0.27682385,0.23344132,0.48973477,2019,H
3604,0.3008232,0.26283205,0.43634468,2019,H
3605,0.2396179,0.28773007,0.47265202,2019,H
3606,0.34803125,0.17751457,0.4744542,2019,D
3607,0.43359572,0.2514748,0.3149295,2019,A
3608,0.52225024,0.23949672,0.23825306,2019,H
3609,0.20168968,0.27964368,0.5186666,2019,H
3610,0.30584568,0.32517233,0.36898196,2019,A
3611,0.28210208,0.2613619,0.456536,2019,D
3612,0.3072871,0.2472241,0.4454888,2019,H
3613,0.3419722,0.31738648,0.34064135,2019,D
3614,0.43185952,0.27429846,0.293842,2019,A
3615,0.47055212,0.26462778,0.2648201,2019,A
3616,0.5450776,0.19099621,0.2639262,2019,A
3617,0.1375979,0.13536364,0.72703844,2019,H
3618,0.08519319,0.21535847,0.69944835,2019,H
3619,0.6096134,0.18409035,0.20629622,2019,D
3620,0.274217,0.24568051,0.48010248,2019,A
3621,0.50727797,0.25906137,0.23366065,2019,A
3622,0.4013964,0.27246946,0.32613412,2019,H
3623,0.496023,0.24584156,0.2581354,2019,H
3624,0.09740347,0.20337957,0.69921696,2019,H
3625,0.2796894,0.30411074,0.4161999,2019,D
3626,0.23839875,0.2646941,0.49690711,2019,H
3627,0.5085207,0.20249176,0.2889875,2019,H
3628,0.08672306,0.1363743,0.7769027,2019,H
3629,0.34944564,0.24579352,0.4047609,2019,H
3630,0.5363455,0.3257597,0.1378948,2019,A
3631,0.13118145,0.24172515,0.6270934,2019,D
3632,0.067999534,0.18512322,0.74687725,2019,H
3633,0.11068282,0.16488811,0.7244291,2019,A
3634,0.34098548,0.30163208,0.35738242,2019,H
3635,0.2947835,0.2790713,0.42614517,2019,D
3636,0.09287187,0.17404695,0.7330812,2019,H
3637,0.3522934,0.22766675,0.4200399,2019,A
3638,0.7067799,0.17410053,0.11911958,2019,A
3639,0.37551945,0.2667372,0.35774332,2019,D
3640,0.41713935,0.20315364,0.37970698,2019,A
3641,0.2110431,0.22655737,0.5623995,2019,H
3642,0.6306166,0.18570812,0.18367524,2019,H
3643,0.26678202,0.21892923,0.5142888,2019,D
3644,0.31056294,0.31720948,0.37222755,2019,D
3645,0.07376271,0.13509336,0.7911439,2019,D
3646,0.37688094,0.2633234,0.35979563,2019,D
3647,0.39666897,0.24325055,0.36008048,2019,H
3648,0.29555383,0.112599954,0.5918462,2019,H
3649,0.35399538,0.30092806,0.34507656,2019,H
3650,0.35132712,0.29573172,0.35294122,2019,H
3651,0.39919683,0.2718261,0.32897708,2019,A
3652,0.16454348,0.2011974,0.63425916,2019,D
3653,0.51289624,0.24415609,0.24294767,2019,A
3654,0.13164859,0.22821644,0.64013493,2019,D
3655,0.23238373,0.2481422,0.5194741,2019,H
3656,0.1509555,0.28380197,0.5652426,2019,H
3657,0.08764338,0.1467665,0.7655901,2019,A
3658,0.5015854,0.3023688,0.19604583,2019,A
3659,0.6459487,0.18535125,0.16869998,2019,A
3660,0.3525652,0.2348318,0.41260305,2019,D
3661,0.35115215,0.25321636,0.3956315,2019,H
3662,0.3057143,0.23401104,0.4602746,2019,A
3663,0.19009115,0.10862241,0.70128644,2019,H
3664,0.29803908,0.24204741,0.4599135,2019,D
3665,0.36546272,0.24298777,0.39154953,2019,A
3666,0.315954,0.31049508,0.37355092,2019,D
3667,0.15743147,0.23236512,0.61020344,2019,D
3668,0.38285512,0.24497363,0.37217122,2019,D
3669,0.5705537,0.26746485,0.16198143,2019,H
3670,0.22259311,0.22972238,0.5476845,2019,D
3671,0.19610532,0.26430276,0.5395919,2019,H
3672,0.117631726,0.18232447,0.7000438,2019,H
3673,0.44178453,0.25225687,0.3059586,2019,D
3674,0.18147413,0.2462812,0.57224464,2019,A
3675,0.58049154,0.22885214,0.19065627,2019,A
3676,0.40851346,0.26063147,0.33085507,2019,A
3677,0.24302457,0.22176422,0.5352112,2019,H
3678,0.12965986,0.21618943,0.6541507,2019,A
3679,0.045320626,0.12492336,0.82975596,2019,H
3680,0.23570514,0.20270254,0.56159234,2019,D
3681,0.20810072,0.2185602,0.5733391,2019,H
3682,0.46132848,0.36060593,0.17806554,2019,A
3683,0.28795347,0.23356262,0.47848392,2019,H
3684,0.23582478,0.24733658,0.51683867,2019,H
3685,0.15469435,0.21471831,0.63058734,2019,H
3686,0.12077465,0.16723396,0.7119914,2019,H
3687,0.22018015,0.23111743,0.5487024,2019,H
3688,0.4609647,0.23652092,0.30251434,2019,H
3689,0.041337408,0.05765949,0.90100306,2019,H
3690,0.4461446,0.24888656,0.30496883,2019,H
3691,0.37416357,0.2779959,0.34784055,2019,D
3692,0.583675,0.20080997,0.21551502,2019,D
3693,0.24026753,0.24431618,0.5154163,2019,A
3694,0.56765044,0.21302238,0.21932712,2019,H
3695,0.67518616,0.17855781,0.14625603,2019,H
3696,0.38008538,0.24920422,0.37071043,2019,D
3697,0.24939492,0.21524034,0.53536475,2019,A
3698,0.17510703,0.2689407,0.55595225,2019,A
3699,0.18162622,0.25257316,0.56580067,2019,D
3700,0.33192384,0.25561842,0.41245773,2019,D
3701,0.061872758,0.070551656,0.8675755,2019,H
3702,0.2605185,0.23042262,0.50905895,2019,H
3703,0.26723665,0.25761682,0.4751465,2019,H
3704,0.23368302,0.23579532,0.5305217,2019,H
3705,0.31898454,0.29095262,0.39006287,2019,H
3706,0.14850262,0.22563583,0.6258615,2019,H
3707,0.15832044,0.15047352,0.69120604,2019,H
3708,0.36100113,0.28604397,0.35295486,2019,D
3709,0.06726888,0.10844976,0.8242814,2019,H
3710,0.36990854,0.24948114,0.3806103,2019,A
3711,0.5267703,0.23166558,0.24156411,2019,D
3712,0.5296411,0.19137289,0.27898607,2019,D
3713,0.2826481,0.25583842,0.46151346,2019,H
3714,0.5950156,0.1775257,0.22745875,2019,A
3715,0.42590687,0.2345377,0.33955544,2019,A
3716,0.62885183,0.20567703,0.16547112,2019,D
3717,0.7677696,0.14342695,0.08880345,2019,A
3718,0.2824991,0.30450776,0.4129931,2019,H
3719,0.05664478,0.13099448,0.8123607,2019,H
3720,0.12257741,0.1752434,0.70217925,2019,D
3721,0.22338268,0.2617825,0.5148348,2019,H
3722,0.10523969,0.17239864,0.7223617,2019,H
3723,0.21890953,0.2630203,0.51807016,2019,D
3724,0.33388162,0.26660046,0.3995179,2019,A
3725,0.08351681,0.16368449,0.75279874,2019,H
3726,0.05966604,0.097872086,0.8424619,2019,H
3727,0.19003883,0.43314096,0.37682024,2019,H
3728,0.17294462,0.25759882,0.5694565,2019,A
3729,0.22358996,0.31045908,0.46595094,2019,H
3730,0.63665026,0.19032542,0.17302431,2019,A
3731,0.3791808,0.29603446,0.32478476,2019,A
3732,0.33868116,0.26856446,0.3927544,2019,A
3733,0.5569961,0.21254748,0.23045641,2019,A
3734,0.2104063,0.24475993,0.5448337,2019,H
3735,0.35213608,0.30516776,0.34269622,2019,A
3736,0.45698944,0.2588432,0.2841673,2019,H
3737,0.6580677,0.18403542,0.15789689,2019,H
3738,0.24844208,0.2865607,0.46499714,2019,H
3739,0.29417285,0.21109861,0.4947286,2019,H
3740,0.2904505,0.298506,0.41104355,2019,A
3741,0.132374,0.21285729,0.6547687,2019,H
3742,0.08729107,0.15264133,0.76006764,2019,H
3743,0.15174983,0.20479296,0.6434572,2019,A
3744,0.07612183,0.1955731,0.7283051,2019,H
3745,0.26343137,0.2769563,0.45961234,2019,D
3746,0.21661443,0.2755382,0.50784737,2019,D
3747,0.05583041,0.10390075,0.84026885,2019,H
3748,0.67917806,0.1850088,0.13581318,2019,H
3749,0.26956546,0.24052787,0.48990673,2019,H
3750,0.7278264,0.123612575,0.14856096,2019,A
3751,0.22978806,0.24875234,0.5214596,2019,H
3752,0.4951204,0.18374614,0.32113346,2019,D
3753,0.092088945,0.16571274,0.7421983,2019,H
3754,0.43598095,0.20352697,0.3604921,2019,H
3755,0.26571885,0.3346441,0.39963704,2019,A
3756,0.63750064,0.20564628,0.15685308,2019,A
3757,0.4513755,0.1566709,0.39195356,2019,D
3758,0.28624737,0.34174526,0.37200743,2019,D
3759,0.60797405,0.21083635,0.18118958,2019,A
3760,0.048151437,0.0845137,0.8673349,2019,D
3761,0.3874878,0.22009313,0.3924191,2019,A
3762,0.77254915,0.14942536,0.07802553,2019,A
3763,0.28501132,0.29451573,0.42047295,2019,H
3764,0.42082188,0.33858684,0.24059126,2019,H
3765,0.17820448,0.21371873,0.6080768,2019,H
3766,0.32140976,0.25418758,0.42440265,2019,H
3767,0.47590494,0.2026715,0.3214236,2019,H
3768,0.56652635,0.15498312,0.2784905,2019,H
3769,0.1694071,0.2113624,0.6192305,2019,D
3770,0.07120462,0.16765995,0.7611354,2019,H
3771,0.4555997,0.2978136,0.2465867,2019,D
3772,0.061408177,0.1156593,0.82293254,2019,H
3773,0.45347896,0.24005957,0.3064615,2019,A
3774,0.47800657,0.254739,0.26725447,2019,H
3775,0.6735611,0.17221114,0.15422776,2019,A
3776,0.21186051,0.2465534,0.54158604,2019,D
3777,0.1362204,0.24258037,0.62119925,2019,H
3778,0.31845322,0.28324428,0.39830244,2019,D
3779,0.20676754,0.23908041,0.5541521,2019,H
3780,0.33170712,0.2884739,0.379819,2019,A
3781,0.33074805,0.26013893,0.409113,2019,A
3782,0.42024642,0.20575911,0.3739944,2019,H
3783,0.35660726,0.24987768,0.39351502,2019,D
3784,0.2236673,0.2727757,0.503557,2019,A
3785,0.14267282,0.23661001,0.62071717,2019,H
3786,0.750223,0.17056532,0.07921172,2019,A
3787,0.4466093,0.29935277,0.25403795,2019,H
3788,0.12866281,0.18932323,0.6820139,2019,H
3789,0.18668248,0.2829908,0.5303267,2019,D
3790,0.24712074,0.2443251,0.50855416,2019,H
3791,0.6697237,0.1484793,0.181797,2019,A
3792,0.056156293,0.12101629,0.82282746,2019,H
3793,0.23296812,0.31204116,0.45499074,2019,A
3794,0.18996216,0.2345197,0.57551813,2019,D
3795,0.43159503,0.38385248,0.1845525,2019,D
3796,0.11571981,0.24321674,0.6410635,2019,H
3797,0.25627473,0.20168036,0.54204494,2019,A
3798,0.24666405,0.22032318,0.53301275,2019,A
3799,0.22598106,0.23437315,0.5396458,2019,H
3801,0.27582175,0.22136237,0.5028159,2020,A
3802,0.48538005,0.24775325,0.26686668,2020,H
3803,0.38644674,0.3396803,0.27387294,2020,A
3804,0.43762365,0.22180265,0.34057373,2020,A
3805,0.23732837,0.25135362,0.511318,2020,A
3806,0.68519795,0.117963314,0.19683872,2020,A
3807,0.3873375,0.22403972,0.38862276,2020,A
3808,0.15330274,0.2773231,0.5693742,2020,H
3810,0.24941228,0.28024235,0.47034532,2020,A
3811,0.15940681,0.15915541,0.6814378,2020,H
3812,0.18246141,0.26300675,0.5545319,2020,A
3813,0.16823462,0.23517042,0.596595,2020,A
3814,0.3972303,0.257382,0.34538764,2020,A
3815,0.11883371,0.17543972,0.70572656,2020,H
3816,0.3791389,0.34205568,0.2788054,2020,A
3817,0.18010896,0.22165366,0.59823734,2020,H
3818,0.54518807,0.17637499,0.2784369,2020,D
3819,0.47105587,0.17490032,0.3540438,2020,A
3820,0.34821764,0.26720712,0.38457522,2020,A
3821,0.32309443,0.2887261,0.38817954,2020,A
3823,0.2287021,0.27502406,0.49627385,2020,D
3824,0.15092662,0.27324352,0.57582986,2020,A
3825,0.37521425,0.27547014,0.34931555,2020,H
3826,0.09545172,0.21443564,0.6901126,2020,H
3827,0.3605338,0.27636287,0.3631033,2020,A
3828,0.20255518,0.320319,0.47712588,2020,H
3829,0.22203237,0.16914909,0.60881853,2020,H
3831,0.36401418,0.25918287,0.37680295,2020,H
3832,0.11945972,0.14041775,0.74012256,2020,A
3833,0.16664395,0.20133655,0.6320195,2020,H
3834,0.18019697,0.19534722,0.6244558,2020,H
3835,0.26618034,0.28479013,0.44902956,2020,H
3836,0.29720232,0.29783785,0.4049598,2020,A
3837,0.70352674,0.14425391,0.15221934,2020,H
3838,0.10417903,0.31178644,0.58403456,2020,H
3839,0.29725462,0.25909367,0.44365165,2020,A
3840,0.19505805,0.2301814,0.57476056,2020,D
3841,0.35900742,0.17209087,0.46890172,2020,D
3842,0.2643162,0.32040447,0.4152793,2020,D
3843,0.3922998,0.23311704,0.37458315,2020,D
3844,0.16773729,0.20870565,0.62355703,2020,D
3845,0.24735044,0.21299645,0.5396531,2020,A
3846,0.35751733,0.29835758,0.34412503,2020,D
3848,0.11922578,0.16931881,0.7114554,2020,A
3849,0.32144457,0.22281902,0.45573637,2020,D
3850,0.05498547,0.14597225,0.7990423,2020,H
3851,0.25325045,0.22865802,0.51809156,2020,A
3852,0.52362984,0.19703166,0.27933848,2020,D
3853,0.42431152,0.2879805,0.287708,2020,H
3854,0.19793639,0.26364008,0.5384235,2020,D
3855,0.25920823,0.34549898,0.3952928,2020,A
3856,0.15907942,0.23282227,0.6080983,2020,D
3857,0.53479713,0.19010524,0.27509764,2020,A
3858,0.19792613,0.28428787,0.517786,2020,H
3859,0.5163674,0.23418033,0.24945231,2020,A
3860,0.35494667,0.22733553,0.41771778,2020,A
3861,0.07817603,0.12448727,0.7973367,2020,H
3862,0.18635172,0.30305082,0.51059747,2020,A
3863,0.30977306,0.23679127,0.45343572,2020,A
3864,0.19116402,0.23374763,0.5750884,2020,H
3865,0.44753706,0.2655567,0.28690618,2020,H
3866,0.23982559,0.28539416,0.47478017,2020,H
3867,0.14705785,0.28691256,0.5660296,2020,A
3868,0.20309034,0.18464859,0.6122611,2020,D
3869,0.1405774,0.29516727,0.56425536,2020,H
3870,0.21872514,0.24517035,0.5361045,2020,A
3871,0.3187724,0.29295653,0.38827103,2020,H
3872,0.09470482,0.1756888,0.72960633,2020,H
3873,0.2958222,0.26818123,0.43599656,2020,H
3874,0.3146487,0.31721044,0.3681409,2020,D
3875,0.36232972,0.2489576,0.3887127,2020,A
3876,0.2701328,0.34391174,0.3859554,2020,H
3877,0.57298756,0.23476097,0.19225147,2020,A
3878,0.5628428,0.2709699,0.16618733,2020,A
3879,0.17167333,0.21518749,0.61313915,2020,A
3880,0.23899764,0.17931363,0.5816887,2020,H
3881,0.16571856,0.20163049,0.632651,2020,H
3882,0.33707142,0.29043368,0.37249488,2020,A
3883,0.3561319,0.31506038,0.3288077,2020,A
3884,0.20768933,0.29739466,0.49491602,2020,D
3885,0.09574839,0.20354687,0.7007048,2020,H
3886,0.36896962,0.20879865,0.42223173,2020,H
3887,0.48718292,0.23197109,0.28084603,2020,D
3888,0.20724155,0.24652116,0.5462373,2020,A
3889,0.56747156,0.20740333,0.22512512,2020,D
3890,0.06983011,0.14757656,0.7825933,2020,H
3891,0.27866918,0.25767887,0.46365196,2020,A
3892,0.31384143,0.21713708,0.4690215,2020,H
3893,0.36363873,0.2569356,0.37942564,2020,A
3894,0.2200756,0.33642197,0.44350243,2020,D
3895,0.38412967,0.19468203,0.42118827,2020,A
3896,0.17868762,0.24042647,0.5808859,2020,A
3897,0.39811972,0.24939613,0.35248417,2020,H
3898,0.19446029,0.2305611,0.5749786,2020,H
3899,0.358892,0.2116712,0.42943683,2020,A
3900,0.08971466,0.15705895,0.75322634,2020,H
3901,0.41101146,0.1993892,0.38959938,2020,D
3902,0.35290322,0.25158584,0.39551094,2020,A
3903,0.41207787,0.29274812,0.29517406,2020,A
3904,0.15570769,0.22982939,0.6144629,2020,H
3905,0.15292913,0.16988708,0.6771838,2020,H
3906,0.28813994,0.27508974,0.43677032,2020,A
3907,0.24897757,0.27833363,0.47268882,2020,A
3908,0.27461794,0.26020014,0.4651819,2020,H
3909,0.3455306,0.26591182,0.38855758,2020,A
3910,0.3614898,0.35328856,0.28522167,2020,D
3911,0.48304155,0.33025825,0.18670015,2020,H
3912,0.100571506,0.19216943,0.70725906,2020,H
3913,0.29498103,0.3781008,0.32691818,2020,D
3914,0.6803849,0.1971166,0.122498564,2020,D
3915,0.20344003,0.17519325,0.62136674,2020,A
3916,0.14834878,0.17494737,0.6767039,2020,H
3917,0.5162143,0.20716858,0.27661708,2020,H
3918,0.11413392,0.16376399,0.7221021,2020,D
3919,0.21651855,0.25083992,0.53264153,2020,D
3920,0.1768073,0.22584969,0.597343,2020,H
3921,0.32658377,0.26915145,0.40426472,2020,D
3922,0.15998879,0.23630303,0.60370815,2020,A
3923,0.4238404,0.23310907,0.34305054,2020,D
3924,0.18557596,0.30465296,0.50977105,2020,H
3925,0.1236734,0.22123331,0.65509325,2020,D
3926,0.50881374,0.30694532,0.18424092,2020,A
3927,0.6851009,0.19377157,0.121127516,2020,A
3928,0.36135682,0.3383425,0.30030066,2020,A
3929,0.18429497,0.2796184,0.5360866,2020,H
3930,0.24146354,0.26340786,0.49512857,2020,D
3931,0.18109302,0.25219852,0.56670845,2020,H
3932,0.5561342,0.19326639,0.25059935,2020,A
3933,0.21932185,0.28655145,0.49412668,2020,A
3934,0.2578397,0.24048646,0.5016739,2020,D
3935,0.38812384,0.24545062,0.36642557,2020,H
3936,0.2750108,0.26854613,0.4564431,2020,H
3937,0.5298702,0.20372024,0.26640958,2020,H
3938,0.17079157,0.20315601,0.62605244,2020,H
3939,0.44413063,0.26700196,0.28886744,2020,A
3940,0.40661195,0.20432559,0.3890624,2020,D
3941,0.12879772,0.23303661,0.63816565,2020,H
3942,0.42910576,0.2627648,0.3081294,2020,D
3943,0.058488328,0.08311159,0.85840005,2020,D
3944,0.2386949,0.2775571,0.483748,2020,D
3945,0.3714607,0.27331728,0.35522196,2020,D
3946,0.14767194,0.262475,0.5898531,2020,H
3947,0.566952,0.20961736,0.22343062,2020,D
3948,0.34283963,0.23657247,0.42058796,2020,D
3949,0.24339075,0.23000886,0.52660036,2020,A
3950,0.23628913,0.21267973,0.5510311,2020,H
3951,0.3262479,0.23311262,0.44063953,2020,D
3952,0.31988692,0.29919124,0.3809218,2020,A
3953,0.18506353,0.21085005,0.60408646,2020,H
3954,0.7896165,0.13630222,0.07408129,2020,D
3955,0.24259529,0.28482607,0.47257861,2020,H
3956,0.23642391,0.26423997,0.49933612,2020,A
3957,0.27436316,0.2602449,0.46539196,2020,H
3958,0.22902039,0.2620852,0.5088944,2020,H
3959,0.3081657,0.25214955,0.43968478,2020,D
3960,0.38804945,0.25702688,0.35492367,2020,A
3961,0.52339184,0.23644087,0.24016728,2020,A
3962,0.3488177,0.21555507,0.43562728,2020,A
3963,0.506341,0.21765381,0.27600524,2020,H
3964,0.23226918,0.29750142,0.4702294,2020,H
3965,0.6167158,0.21911854,0.16416568,2020,A
3966,0.24224485,0.3166815,0.44107366,2020,A
3967,0.120694,0.20241278,0.6768932,2020,H
3968,0.16506279,0.20513205,0.62980515,2020,D
3969,0.18025734,0.22084387,0.5988988,2020,D
3970,0.18951778,0.22708161,0.5834006,2020,A
3971,0.2379611,0.22925338,0.53278553,2020,A
3972,0.20298032,0.30028144,0.49673823,2020,H
3973,0.3804339,0.2273846,0.3921815,2020,A
3974,0.1245325,0.20472372,0.67074376,2020,H
3975,0.36553586,0.25760284,0.37686133,2020,A
3976,0.18547478,0.27577284,0.5387524,2020,D
3977,0.069346964,0.16425534,0.7663977,2020,H
3978,0.14319295,0.22291262,0.63389444,2020,H
3979,0.15808332,0.23824105,0.60367566,2020,H
3980,0.22689791,0.2535333,0.5195688,2020,H
3981,0.17852709,0.23881185,0.58266103,2020,H
3982,0.5510543,0.19850011,0.25044554,2020,A
3983,0.06951366,0.15849116,0.7719951,2020,A
3984,0.18690896,0.22122984,0.5918611,2020,H
3985,0.44227055,0.28423706,0.27349243,2020,A
3986,0.38928014,0.22525014,0.3854697,2020,A
3987,0.41760015,0.29150912,0.29089078,2020,A
3988,0.7092494,0.18851244,0.102238216,2020,A
3989,0.3675736,0.254773,0.37765342,2020,D
3990,0.32333148,0.2674587,0.40920985,2020,D
3991,0.26835474,0.25872573,0.47291955,2020,D
3992,0.35495415,0.2520542,0.39299166,2020,H
3993,0.12221511,0.16910192,0.70868295,2020,A
3994,0.525331,0.19925328,0.27541572,2020,A
3995,0.17570202,0.22287145,0.60142654,2020,A
3996,0.33216986,0.25111994,0.4167102,2020,H
3997,0.05125533,0.10657293,0.8421717,2020,H
3998,0.38019767,0.26444206,0.35536024,2020,D
3999,0.3671485,0.290961,0.34189054,2020,D
4000,0.2383519,0.26843736,0.49321073,2020,A
4001,0.38147917,0.23539332,0.38312754,2020,A
4002,0.4032528,0.22059597,0.37615117,2020,H
4003,0.15030152,0.23648867,0.6132098,2020,H
4004,0.10609459,0.2352596,0.65864575,2020,A
4005,0.21033004,0.22963724,0.5600328,2020,H
4006,0.46038613,0.24730618,0.2923077,2020,H
4007,0.095347464,0.17296362,0.7316889,2020,H
4008,0.28922293,0.306191,0.40458614,2020,A
4009,0.8273812,0.112880185,0.05973865,2020,A
4010,0.55421954,0.221045,0.22473545,2020,A
4011,0.18735693,0.35036033,0.46228278,2020,A
4012,0.5335858,0.2668958,0.19951843,2020,A
4013,0.07628426,0.16333574,0.76038,2020,A
4014,0.38243532,0.25338182,0.36418286,2020,A
4015,0.08634524,0.13743438,0.7762204,2020,D
4016,0.651617,0.1872148,0.16116823,2020,D
4017,0.22107868,0.22743094,0.55149037,2020,H
4018,0.3355129,0.35627818,0.30820888,2020,D
4019,0.4079448,0.28955743,0.3024978,2020,H
4020,0.22294383,0.2727229,0.50433326,2020,H
4021,0.54016995,0.2350654,0.22476465,2020,D
4022,0.22503161,0.39178932,0.3831791,2020,A
4023,0.52223337,0.20515095,0.2726157,2020,A
4024,0.23780733,0.27529573,0.48689693,2020,H
4025,0.05296285,0.09654892,0.85048825,2020,H
4026,0.38858402,0.2596422,0.35177377,2020,D
4027,0.31385097,0.22906283,0.45708618,2020,H
4028,0.2608135,0.27834934,0.46083713,2020,A
4029,0.31136048,0.2878243,0.4008152,2020,A
4030,0.681265,0.155649,0.16308601,2020,D
4031,0.2701131,0.2823366,0.44755036,2020,H
4032,0.2285507,0.24175167,0.5296976,2020,A
4033,0.08713431,0.21697137,0.6958943,2020,H
4034,0.10612252,0.18330081,0.7105767,2020,H
4035,0.33756694,0.2851268,0.37730622,2020,D
4036,0.8192425,0.11377926,0.06697828,2020,A
4037,0.26876503,0.25531402,0.47592092,2020,H
4038,0.11791079,0.20360978,0.6784794,2020,A
4039,0.16659318,0.24425104,0.58915573,2020,H
4040,0.22268264,0.26345608,0.5138613,2020,D
4041,0.5421266,0.25036177,0.20751159,2020,D
4042,0.10735047,0.24773873,0.6449108,2020,H
4043,0.49054328,0.31184426,0.19761245,2020,A
4044,0.80032814,0.114748426,0.08492344,2020,A
4045,0.055643562,0.121594705,0.8227617,2020,H
4046,0.1537331,0.22588304,0.62038386,2020,A
4047,0.20221932,0.2732784,0.52450234,2020,H
4048,0.31198433,0.3160723,0.3719434,2020,D
4049,0.1496573,0.2729492,0.57739353,2020,A
4050,0.43046966,0.2742246,0.29530573,2020,H
4051,0.12340761,0.11437735,0.762215,2020,H
4052,0.36745626,0.2659937,0.36655003,2020,D
4053,0.12544475,0.15210368,0.7224515,2020,A
4054,0.23429362,0.26900104,0.49670532,2020,H
4055,0.3580187,0.24883953,0.39314175,2020,D
4056,0.43648496,0.28527302,0.27824202,2020,A
4057,0.17948258,0.31762347,0.5028939,2020,H
4058,0.12082527,0.109574184,0.7696005,2020,H
4059,0.35816836,0.30905282,0.33277884,2020,D
4060,0.26099285,0.31733307,0.42167407,2020,H
4061,0.6892392,0.16295893,0.14780185,2020,D
4062,0.335777,0.2175366,0.4466864,2020,A
4063,0.26148215,0.27419558,0.4643223,2020,A
4064,0.28068194,0.226081,0.49323705,2020,A
4065,0.35057718,0.27973264,0.36969015,2020,D
4066,0.3479871,0.2676344,0.38437852,2020,A
4067,0.29748908,0.28907204,0.4134389,2020,D
4068,0.26086873,0.27886847,0.46026284,2020,A
4069,0.2976298,0.23119092,0.4711793,2020,D
4070,0.1941,0.20021568,0.60568434,2020,A
4071,0.09645999,0.10596884,0.7975712,2020,A
4072,0.18038237,0.2389166,0.580701,2020,H
4073,0.20777144,0.22597118,0.56625736,2020,H
4074,0.1536527,0.34035864,0.50598866,2020,H
4075,0.047050472,0.08911956,0.86383,2020,H
4076,0.27066758,0.28473607,0.44459644,2020,D
4077,0.57332873,0.22227192,0.2043993,2020,D
4078,0.31068787,0.276395,0.41291714,2020,H
4079,0.1524387,0.31190258,0.5356587,2020,A
4080,0.5606438,0.23013842,0.20921783,2020,A
4081,0.3851765,0.2366741,0.37814942,2020,A
4082,0.07500622,0.12939867,0.79559505,2020,H
4083,0.3916368,0.26696768,0.34139547,2020,H
4084,0.1828289,0.22204404,0.5951271,2020,H
4085,0.5096673,0.22705278,0.26327994,2020,A
4086,0.2784246,0.25283447,0.4687409,2020,A
4087,0.14134754,0.21739602,0.64125645,2020,H
4088,0.34919026,0.2741805,0.37662923,2020,D
4089,0.42854452,0.19328588,0.3781696,2020,A
4090,0.09153223,0.15921247,0.74925536,2020,A
4091,0.170161,0.177579,0.65226,2020,H
4092,0.44027218,0.24361087,0.31611696,2020,A
4093,0.39823276,0.2838877,0.31787953,2020,A
4094,0.28817198,0.27492228,0.4369057,2020,H
4095,0.28868577,0.17373207,0.53758216,2020,H
4096,0.2882576,0.29511225,0.41663015,2020,H
4097,0.3626814,0.3379783,0.29934028,2020,D
4098,0.25796604,0.2558916,0.4861424,2020,D
4099,0.27337688,0.30298144,0.42364174,2020,A
4100,0.2906548,0.28595507,0.42339012,2020,A
4101,0.057343468,0.11077596,0.83188057,2020,A
4102,0.16329934,0.20571767,0.63098294,2020,H
4103,0.5958901,0.2368523,0.16725767,2020,A
4104,0.3460488,0.26078227,0.39316893,2020,A
4105,0.29408658,0.2904195,0.41549397,2020,H
4106,0.29967216,0.31857085,0.38175702,2020,A
4107,0.41669363,0.25256974,0.3307366,2020,A
4108,0.25473148,0.28866276,0.4566058,2020,D
4109,0.41963124,0.21282318,0.36754555,2020,H
4110,0.28453848,0.3309894,0.38447216,2020,D
4111,0.20945753,0.2121371,0.5784054,2020,H
4112,0.33538598,0.33461598,0.32999805,2020,H
4113,0.18911615,0.23835163,0.57253224,2020,D
4114,0.16038525,0.10942399,0.73019075,2020,H
4115,0.5330371,0.20326136,0.26370147,2020,D
4116,0.060273804,0.2395076,0.7002186,2020,D
4117,0.27108553,0.2614478,0.46746665,2020,H
4118,0.6884431,0.16772072,0.14383614,2020,A
4119,0.11054331,0.1587499,0.7307068,2020,H
4120,0.23149171,0.23977213,0.5287362,2020,A
4121,0.45010418,0.2612839,0.28861195,2020,H
4122,0.47453302,0.28148484,0.24398214,2020,A
4123,0.13297905,0.17280942,0.69421154,2020,D
4124,0.25891358,0.2389024,0.502184,2020,A
4125,0.574072,0.23369186,0.19223617,2020,D
4126,0.27381346,0.3346509,0.39153564,2020,D
4127,0.07585952,0.14596573,0.77817476,2020,H
4128,0.58752006,0.1877647,0.2247152,2020,D
4129,0.61255765,0.2307497,0.15669265,2020,A
4130,0.20613615,0.2422798,0.551584,2020,H
4131,0.06352101,0.14437085,0.7921081,2020,H
4132,0.30674928,0.25982195,0.4334288,2020,A
4133,0.14443706,0.19529554,0.6602674,2020,H
4134,0.5866893,0.22935802,0.18395267,2020,A
4135,0.33900318,0.24847066,0.41252616,2020,D
4136,0.3286551,0.2676607,0.40368417,2020,A
4137,0.06024632,0.12948482,0.8102688,2020,A
4138,0.48496252,0.24253933,0.2724981,2020,H
4139,0.28190216,0.2625079,0.45558998,2020,A
4140,0.09838282,0.13148473,0.7701325,2020,A
4141,0.12412622,0.20232359,0.67355025,2020,H
4142,0.19463484,0.25404605,0.5513191,2020,A
4143,0.16959444,0.18505408,0.6453515,2020,H
4144,0.31696525,0.29141933,0.39161545,2020,H
4145,0.7149564,0.14337586,0.1416677,2020,A
4146,0.28468323,0.2537271,0.46158963,2020,A
4147,0.17603475,0.25781035,0.5661549,2020,A
4148,0.2627201,0.28341627,0.4538636,2020,H
4149,0.20320192,0.47462836,0.32216978,2020,A
4150,0.2767174,0.27542236,0.44786024,2020,D
4151,0.309231,0.24852736,0.44224158,2020,A
4152,0.6491151,0.18392755,0.16695738,2020,A
4153,0.2706841,0.2184948,0.5108211,2020,H
4154,0.2461383,0.28079075,0.47307098,2020,A
4155,0.32553253,0.22260495,0.4518625,2020,D
4156,0.16526383,0.18502252,0.6497137,2020,A
4157,0.6152227,0.21042697,0.17435035,2020,A
4158,0.28107157,0.28364128,0.4352872,2020,H
4159,0.340889,0.2518173,0.40729365,2020,H
4160,0.068346925,0.10756347,0.8240896,2020,D
4161,0.36813346,0.24270456,0.38916197,2020,A
4162,0.69687605,0.16504811,0.13807584,2020,H
4163,0.3063159,0.30204654,0.3916376,2020,H
4164,0.5281257,0.28830916,0.18356512,2020,A
4165,0.45666993,0.21916822,0.32416192,2020,A
4166,0.44878638,0.22278266,0.32843098,2020,A
4167,0.25917265,0.25536612,0.4854613,2020,H
4168,0.27074283,0.27772495,0.45153227,2020,H
4169,0.1570612,0.22937818,0.6135606,2020,A
4170,0.092397064,0.11665502,0.7909479,2020,H
4171,0.37349987,0.2513583,0.37514183,2020,H
4172,0.112106755,0.19617435,0.69171894,2020,H
4173,0.34459233,0.26174006,0.3936676,2020,H
4174,0.5789703,0.21662413,0.20440556,2020,H
4175,0.305712,0.2807539,0.41353408,2020,A
4176,0.18440904,0.22048232,0.5951086,2020,H
4177,0.16320544,0.29160517,0.5451894,2020,A
4178,0.11336597,0.22238147,0.6642525,2020,H
4179,0.49998713,0.21903707,0.28097582,2020,A
4181,0.43059373,0.25795066,0.31145555,2021,H
4182,0.33666173,0.3166976,0.34664068,2021,A
4183,0.23226613,0.25819352,0.5095403,2021,H
4184,0.34213123,0.2514535,0.40641528,2021,H
4185,0.23141588,0.25658125,0.5120028,2021,H
4186,0.3743891,0.22579385,0.399817,2021,H
4187,0.6188504,0.21861403,0.16253556,2021,A
4188,0.42639482,0.27513778,0.29846737,2021,A
4189,0.37447885,0.27579075,0.3497304,2021,H
4190,0.28551954,0.28381485,0.4306656,2021,D
4191,0.23741972,0.22380984,0.53877044,2021,H
4192,0.09829145,0.19501479,0.70669377,2021,H
4193,0.10624524,0.10513801,0.7886168,2021,H
4195,0.38192043,0.22662666,0.39145288,2021,H
4196,0.41006997,0.2760357,0.31389427,2021,D
4197,0.38435438,0.24290217,0.3727435,2021,A
4198,0.4850431,0.27178085,0.24317606,2021,A
4199,0.3058209,0.25673667,0.4374424,2021,H
4200,0.1342458,0.17508307,0.6906711,2021,D
4201,0.3152237,0.3895183,0.29525802,2021,A
4202,0.29067755,0.19348404,0.51583844,2021,A
4203,0.23162155,0.23343404,0.5349444,2021,D
4204,0.1561817,0.25427654,0.58954173,2021,H
4206,0.23813523,0.22938372,0.5324811,2021,D
4207,0.3820459,0.2382695,0.3796846,2021,A
4208,0.15396695,0.21674511,0.62928796,2021,H
4209,0.45863697,0.24441174,0.2969513,2021,D
4210,0.47793728,0.27465808,0.24740466,2021,H
4211,0.16056867,0.18606433,0.65336704,2021,H
4213,0.66554666,0.16468394,0.16976942,2021,A
4214,0.17990164,0.16327673,0.6568216,2021,H
4215,0.62918216,0.19586413,0.17495373,2021,D
4216,0.33668458,0.26390332,0.39941207,2021,A
4217,0.10769616,0.1550675,0.7372363,2021,H
4218,0.5422404,0.25439957,0.20336002,2021,A
4219,0.21689285,0.22298539,0.5601218,2021,H
4220,0.35610327,0.21874385,0.42515287,2021,D
4222,0.42372546,0.24700522,0.32926935,2021,A
4223,0.057030715,0.09641921,0.8465501,2021,H
4224,0.08150227,0.1577022,0.7607955,2021,D
4225,0.29679874,0.39062807,0.3125732,2021,A
4226,0.41286254,0.25740698,0.32973048,2021,H
4227,0.20725815,0.21666756,0.5760743,2021,H
4228,0.35221273,0.3056889,0.34209839,2021,A
4229,0.4729618,0.24267738,0.2843608,2021,A
4230,0.3599691,0.21320343,0.42682746,2021,A
4231,0.30921793,0.2295404,0.46124163,2021,D
4232,0.2821817,0.20387267,0.51394564,2021,D
4233,0.42870843,0.26953322,0.3017584,2021,A
4234,0.093865156,0.15394467,0.75219023,2021,H
4235,0.14036699,0.18117347,0.6784595,2021,A
4236,0.60648745,0.19276348,0.20074908,2021,D
4237,0.4394431,0.23507026,0.3254866,2021,A
4238,0.27771634,0.25749987,0.46478373,2021,H
4239,0.4489344,0.2580504,0.29301515,2021,D
4240,0.18825279,0.26362953,0.5481177,2021,H
4241,0.26198632,0.19234036,0.5456733,2021,D
4242,0.32010147,0.21408148,0.46581706,2021,H
4243,0.18303652,0.19683516,0.6201283,2021,D
4244,0.21638606,0.1756672,0.60794675,2021,H
4245,0.22332159,0.2683686,0.50830984,2021,D
4246,0.28286046,0.25738418,0.45975536,2021,D
4247,0.3520122,0.27018547,0.3778024,2021,H
4248,0.1374068,0.2399617,0.6226315,2021,A
4249,0.23478657,0.2780513,0.48716217,2021,D
4250,0.38147837,0.22040352,0.39811814,2021,A
4251,0.08647094,0.12349301,0.7900361,2021,H
4252,0.6971028,0.17497283,0.1279244,2021,A
4253,0.48702404,0.22575377,0.28722215,2021,D
4254,0.5475645,0.25555855,0.19687696,2021,H
4255,0.27495003,0.3395339,0.38551614,2021,A
4256,0.33905,0.24265009,0.4182999,2021,H
4257,0.28101376,0.2519201,0.4670662,2021,A
4258,0.33664688,0.2746797,0.38867342,2021,A
4259,0.32243237,0.27779722,0.3997704,2021,D
4260,0.30666798,0.22968273,0.46364927,2021,H
4261,0.27550924,0.23010282,0.49438792,2021,D
4262,0.28605077,0.34403092,0.36991835,2021,D
4263,0.46952364,0.21482497,0.31565136,2021,A
4264,0.2905049,0.21865728,0.49083784,2021,D
4265,0.2008635,0.2538416,0.5452949,2021,A
4266,0.07556189,0.08674284,0.83769524,2021,H
4267,0.269815,0.25284198,0.47734305,2021,A
4268,0.18646654,0.24501686,0.5685166,2021,H
4269,0.36099437,0.28032407,0.35868156,2021,A
4270,0.64145404,0.21006052,0.14848544,2021,A
4271,0.3594722,0.28357264,0.35695514,2021,A
4272,0.38907716,0.25591078,0.35501203,2021,A
4273,0.27151448,0.273361,0.4551245,2021,A
4274,0.29224738,0.2961006,0.411652,2021,H
4275,0.11268763,0.117065094,0.7702473,2021,D
4276,0.08470634,0.13638923,0.7789044,2021,A
4277,0.523942,0.24490762,0.23115039,2021,A
4278,0.33985937,0.2180205,0.4421202,2021,A
4279,0.33899036,0.2536686,0.4073411,2021,H
4280,0.21377014,0.24091132,0.54531854,2021,H
4281,0.398836,0.24875328,0.3524107,2021,A
4282,0.17627546,0.2222462,0.60147834,2021,A
4283,0.08235486,0.08464245,0.8330027,2021,D
4284,0.3331361,0.30291456,0.3639494,2021,H
4285,0.2430632,0.2729427,0.48399416,2021,D
4286,0.11597993,0.17032744,0.71369267,2021,H
4287,0.34051204,0.2890731,0.37041482,2021,D
4288,0.361329,0.23178822,0.4068828,2021,D
4289,0.3038791,0.25626096,0.43985996,2021,H
4290,0.47092384,0.22854531,0.30053088,2021,H
4291,0.46513018,0.29565918,0.23921058,2021,H
4292,0.40526643,0.27599716,0.31873643,2021,H
4293,0.19599736,0.21593678,0.58806586,2021,H
4294,0.32978457,0.2506469,0.41956857,2021,D
4295,0.39789292,0.3092792,0.29282787,2021,D
4296,0.39039463,0.26840663,0.34119874,2021,H
4297,0.64643997,0.22400688,0.12955311,2021,A
4298,0.08743854,0.14511101,0.76745045,2021,H
4299,0.2589702,0.28642383,0.454606,2021,H
4300,0.41416505,0.30274382,0.28309107,2021,D
4301,0.23853596,0.29124725,0.47021672,2021,A
4302,0.12652841,0.15758443,0.7158871,2021,H
4303,0.11052125,0.16372918,0.72574955,2021,H
4304,0.29481965,0.28800365,0.4171767,2021,D
4305,0.18231292,0.23567939,0.5820077,2021,H
4306,0.26013312,0.21155666,0.52831024,2021,H
4307,0.11072519,0.20856051,0.68071425,2021,H
4308,0.082745135,0.11531041,0.80194443,2021,D
4309,0.2980634,0.29589903,0.4060375,2021,D
4310,0.3175102,0.26529595,0.41719383,2021,H
4311,0.19618948,0.23880388,0.5650067,2021,D
4312,0.58755404,0.21638279,0.19606313,2021,A
4313,0.75005555,0.15726162,0.092682764,2021,A
4314,0.28278366,0.27077428,0.446442,2021,D
4315,0.18841645,0.2275781,0.5840054,2021,D
4316,0.72091526,0.1462803,0.13280447,2021,A
4317,0.3014007,0.22048473,0.47811458,2021,H
4318,0.6037508,0.22335522,0.17289393,2021,H
4319,0.27529907,0.28309715,0.4416038,2021,D
4320,0.67353356,0.14745212,0.17901433,2021,A
4321,0.6920356,0.17893815,0.12902623,2021,A
4322,0.5551907,0.2410654,0.20374393,2021,H
4323,0.28772685,0.28312424,0.4291489,2021,H
4324,0.21546704,0.20729943,0.5772335,2021,H
4325,0.36824852,0.20699716,0.42475435,2021,H
4326,0.17962454,0.25340733,0.56696814,2021,D
4327,0.24971232,0.34880692,0.4014808,2021,H
4328,0.4668817,0.24599932,0.28711903,2021,H
4329,0.27721196,0.24759474,0.4751933,2021,H
4330,0.05664972,0.11875591,0.8245943,2021,H
4331,0.17080702,0.18896328,0.6402297,2021,H
4332,0.116964035,0.15909626,0.7239397,2021,H
4333,0.09177149,0.14379857,0.7644299,2021,H
4334,0.33374733,0.29605415,0.37019855,2021,A
4335,0.36751148,0.31145915,0.3210294,2021,D
4336,0.3303731,0.24762179,0.42200506,2021,H
4337,0.26704758,0.29780084,0.43515164,2021,H
4338,0.06001598,0.099429384,0.8405546,2021,H
4339,0.27690968,0.31598133,0.407109,2021,A
4340,0.21753727,0.23722336,0.5452394,2021,A
4341,0.33429852,0.24292432,0.42277718,2021,D
4342,0.17012295,0.21151482,0.61836225,2021,H
4343,0.10477343,0.18924733,0.7059793,2021,D
4344,0.08018446,0.11336844,0.8064471,2021,H
4345,0.5425141,0.26408058,0.1934053,2021,A
4346,0.7941036,0.12041894,0.08547744,2021,A
4347,0.6209912,0.18669268,0.1923162,2021,D
4348,0.7087395,0.16928665,0.12197388,2021,D
4349,0.59294873,0.19826216,0.2087891,2021,A
4350,0.21894775,0.2523122,0.52874005,2021,H
4351,0.25572917,0.219032,0.5252388,2021,A
4352,0.1904898,0.2710089,0.53850126,2021,H
4353,0.5828116,0.23220617,0.18498224,2021,A
4354,0.07022314,0.08053053,0.8492463,2021,H
4355,0.4105465,0.25605848,0.33339503,2021,D
4356,0.19923952,0.24854985,0.5522107,2021,H
4357,0.47039738,0.31212753,0.21747509,2021,D
4358,0.40281647,0.24949484,0.34768867,2021,A
4359,0.62426156,0.22355674,0.15218174,2021,H
4360,0.122957945,0.13203222,0.74500984,2021,D
4361,0.6804246,0.18509787,0.1344776,2021,A
4362,0.19949144,0.20240828,0.59810024,2021,H
4363,0.39046746,0.2844805,0.325052,2021,A
4364,0.5854502,0.24060062,0.17394923,2021,A
4365,0.3529721,0.27748042,0.3695475,2021,A
4366,0.2347092,0.31022558,0.45506525,2021,H
4367,0.27998757,0.32069993,0.39931256,2021,A
4368,0.25276294,0.30985707,0.43738,2021,H
4369,0.40110093,0.24002974,0.3588693,2021,D
4370,0.078945026,0.14928803,0.77176696,2021,A
4371,0.2589356,0.2979554,0.443109,2021,H
4372,0.13897547,0.1749802,0.68604434,2021,H
4373,0.338218,0.26129994,0.40048206,2021,D
4374,0.28623608,0.2741641,0.43959975,2021,H
4375,0.4162201,0.24360356,0.3401764,2021,D
4376,0.33612055,0.25810188,0.4057775,2021,H
4377,0.1633945,0.112510785,0.72409475,2021,H
4378,0.28144526,0.27656326,0.44199142,2021,D
4379,0.07619277,0.16998081,0.75382644,2021,H
4380,0.22665057,0.19971748,0.57363194,2021,A
4381,0.3050667,0.2914757,0.40345752,2021,D
4382,0.60454583,0.2369341,0.15852003,2021,A
4383,0.3825393,0.27501336,0.34244737,2021,A
4384,0.24783127,0.24846147,0.5037073,2021,A
4385,0.2066287,0.24588954,0.5474817,2021,A
4386,0.30390552,0.27141216,0.4246823,2021,A
4387,0.6997959,0.15831101,0.14189312,2021,D
4388,0.24157624,0.32857126,0.42985252,2021,A
4389,0.32190272,0.20318042,0.47491688,2021,H
4390,0.12751706,0.17731133,0.6951716,2021,D
4391,0.75573534,0.14843872,0.09582596,2021,A
4392,0.33283153,0.27025583,0.3969126,2021,D
4393,0.42993072,0.26186302,0.30820626,2021,H
4394,0.331853,0.22864763,0.43949938,2021,D
4395,0.33251762,0.22985987,0.43762255,2021,H
4396,0.22876723,0.24852595,0.52270687,2021,H
4397,0.6215934,0.17856398,0.19984256,2021,D
4398,0.3035848,0.23087084,0.46554428,2021,D
4399,0.107071325,0.22028284,0.67264587,2021,A
4400,0.38558072,0.21919012,0.3952291,2021,D
4401,0.07417256,0.063169494,0.8626579,2021,H
4402,0.11146491,0.14540343,0.74313164,2021,H
4403,0.47970814,0.29226437,0.22802745,2021,A
4404,0.21246633,0.22051178,0.5670219,2021,D
4405,0.2989939,0.26821116,0.432795,2021,D
4406,0.34936583,0.2588117,0.39182243,2021,H
4407,0.4067671,0.25563818,0.33759478,2021,A
4408,0.7511353,0.12929836,0.119566396,2021,A
4409,0.12440203,0.25140402,0.62419397,2021,A
4410,0.45617875,0.28785735,0.2559639,2021,D
4411,0.7082641,0.16257083,0.12916502,2021,A
4412,0.30548254,0.28854012,0.40597737,2021,H
4413,0.14981793,0.21963066,0.6305514,2021,H
4414,0.25741297,0.23756771,0.5050193,2021,D
4415,0.08628229,0.1955664,0.71815133,2021,H
4416,0.31326303,0.24227126,0.44446564,2021,A
4417,0.23932318,0.25128096,0.50939584,2021,A
4418,0.45455757,0.2800608,0.2653816,2021,A
4419,0.063992195,0.106357105,0.8296507,2021,H
4420,0.2740023,0.2605222,0.46547553,2021,H
4421,0.11952408,0.106269814,0.7742061,2021,A
4422,0.25765356,0.28566438,0.45668206,2021,H
4423,0.48295692,0.27038935,0.2466538,2021,A
4424,0.43079057,0.19368725,0.3755222,2021,H
4425,0.22119078,0.24644788,0.5323614,2021,A
4426,0.08697131,0.13853373,0.774495,2021,H
4427,0.17067029,0.24575514,0.5835746,2021,H
4428,0.12892656,0.21570313,0.6553703,2021,H
4429,0.32237485,0.31362656,0.3639986,2021,A
4430,0.36094606,0.24029529,0.39875868,2021,A
4431,0.23565271,0.3151976,0.44914973,2021,D
4432,0.08719295,0.16794837,0.7448587,2021,D
4433,0.31395516,0.26812002,0.4179248,2021,A
4434,0.7631418,0.14791259,0.08894563,2021,A
4435,0.25175506,0.2562363,0.49200854,2021,H
4436,0.32391897,0.22616647,0.44991454,2021,A
4437,0.2774497,0.24909207,0.47345823,2021,H
4438,0.3568473,0.3088004,0.33435228,2021,A
4439,0.30538523,0.22937515,0.4652396,2021,A
4440,0.19331367,0.2644987,0.5421876,2021,H
4441,0.48883972,0.23238517,0.27877513,2021,A
4442,0.5257651,0.19031852,0.28391632,2021,H
4443,0.069266155,0.1445738,0.7861601,2021,H
4444,0.12916023,0.21914452,0.65169525,2021,H
4445,0.67036015,0.13277443,0.19686544,2021,A
4446,0.25944832,0.2466971,0.49385458,2021,H
4447,0.23490801,0.29820344,0.4668885,2021,H
4448,0.38094044,0.2940383,0.32502127,2021,A
4449,0.23519383,0.3288735,0.43593273,2021,A
4450,0.6283269,0.21723326,0.15443985,2021,A
4451,0.64484715,0.18535343,0.16979943,2021,A
4452,0.2965201,0.2864783,0.4170016,2021,H
4453,0.23680447,0.23035513,0.53284043,2021,H
4454,0.1957084,0.24250278,0.5617888,2021,H
4455,0.36233985,0.2903813,0.3472788,2021,A
4456,0.2257402,0.29265463,0.4816052,2021,H
4457,0.13947515,0.24027401,0.6202508,2021,A
4458,0.3023882,0.21939853,0.47821334,2021,H
4459,0.16562542,0.19212483,0.6422497,2021,H
4460,0.5434956,0.260568,0.19593641,2021,D
4461,0.40107584,0.2607684,0.33815575,2021,A
4462,0.31283945,0.3266188,0.36054176,2021,A
4463,0.45444542,0.27310926,0.27244526,2021,H
4464,0.19954827,0.2630717,0.53738004,2021,A
4465,0.399015,0.2908627,0.3101223,2021,A
4466,0.19546625,0.29135036,0.5131834,2021,H
4467,0.18810952,0.24241307,0.56947744,2021,H
4468,0.22828732,0.20113367,0.570579,2021,D
4469,0.3157212,0.27621195,0.40806684,2021,H
4470,0.452083,0.2475436,0.30037344,2021,D
4471,0.14973274,0.16139486,0.6888724,2021,A
4472,0.8033139,0.10895466,0.087731406,2021,A
4473,0.29184616,0.21891855,0.48923534,2021,D
4474,0.078301534,0.07729908,0.8443994,2021,H
4475,0.25244024,0.222892,0.52466774,2021,H
4476,0.18936744,0.25681406,0.5538185,2021,H
4477,0.48426232,0.27836367,0.23737404,2021,H
4478,0.35244316,0.19711262,0.45044425,2021,H
4479,0.3491164,0.25608596,0.3947976,2021,H
4480,0.47996548,0.27121338,0.24882114,2021,A
4481,0.3433894,0.26640794,0.3902027,2021,A
4482,0.33714554,0.28596574,0.37688872,2021,A
4483,0.21494296,0.25912827,0.5259288,2021,A
4484,0.49695864,0.20444737,0.29859394,2021,H
4485,0.33026832,0.31413355,0.35559812,2021,H
4486,0.2694544,0.3107575,0.41978815,2021,H
4487,0.30939984,0.19734998,0.4932501,2021,H
4488,0.22589143,0.21977015,0.55433846,2021,D
4489,0.16488521,0.1663382,0.6687766,2021,A
4490,0.16271967,0.20815265,0.6291277,2021,H
4491,0.5320889,0.22288503,0.24502607,2021,H
4492,0.3641394,0.2718075,0.36405313,2021,A
4493,0.26862258,0.2923745,0.43900296,2021,H
4494,0.23955597,0.26834747,0.49209657,2021,D
4495,0.1513212,0.11527434,0.73340446,2021,H
4496,0.12992157,0.20954087,0.6605376,2021,A
4497,0.32042906,0.26134297,0.41822794,2021,D
4498,0.22745277,0.36553717,0.40701008,2021,H
4499,0.07820372,0.12420891,0.7975874,2021,H
4500,0.36622366,0.2478262,0.3859501,2021,H
4501,0.1369056,0.2651383,0.5979561,2021,H
4502,0.32469583,0.2996747,0.37562945,2021,D
4503,0.05636136,0.08180437,0.8618343,2021,H
4504,0.47444153,0.26360574,0.26195273,2021,A
4505,0.4105537,0.27894098,0.31050536,2021,D
4506,0.10800011,0.10432322,0.78767663,2021,H
4507,0.12016864,0.1963214,0.68351,2021,H
4508,0.3741585,0.26222438,0.36361715,2021,H
4509,0.2661384,0.2658093,0.46805227,2021,D
4510,0.27563438,0.30471784,0.41964778,2021,D
4511,0.4524274,0.2587572,0.28881544,2021,D
4512,0.5301431,0.24744107,0.22241586,2021,A
4513,0.23536788,0.25953498,0.50509715,2021,H
4514,0.31255424,0.34699935,0.34044635,2021,A
4515,0.3688404,0.2386499,0.39250967,2021,A
4516,0.26296666,0.30188242,0.4351509,2021,A
4517,0.6005896,0.24147095,0.1579395,2021,A
4518,0.597585,0.20807537,0.19433957,2021,H
4519,0.19094442,0.22082531,0.5882303,2021,H
4520,0.5987365,0.19106235,0.21020113,2021,A
4521,0.2838841,0.29141912,0.4246967,2021,H
4522,0.15627801,0.24270184,0.6010201,2021,H
4523,0.4054246,0.2225214,0.372054,2021,A
4524,0.08178687,0.14490062,0.7733125,2021,D
4525,0.2678439,0.20737314,0.524783,2021,H
4526,0.3456961,0.3514913,0.30281264,2021,H
4527,0.13168895,0.118255526,0.7500555,2021,D
4528,0.39736587,0.30268595,0.2999482,2021,A
4529,0.09273754,0.15706897,0.7501935,2021,H
4530,0.09783056,0.15182917,0.7503403,2021,H
4531,0.2802593,0.2818459,0.4378948,2021,A
4532,0.57461774,0.18996692,0.23541534,2021,A
4533,0.2687383,0.27243292,0.45882878,2021,H
4534,0.35652602,0.2618616,0.3816124,2021,D
4535,0.76363754,0.13561414,0.10074834,2021,A
4536,0.5635704,0.22035953,0.21607004,2021,A
4537,0.5106467,0.21600853,0.27334476,2021,H
4538,0.4210879,0.27194837,0.3069638,2021,A
4539,0.2460623,0.2671912,0.48674652,2021,D
4540,0.356907,0.32189894,0.32119402,2021,D
4541,0.43793947,0.21517494,0.34688556,2021,A
4542,0.7561033,0.1307514,0.11314538,2021,D
4543,0.22245063,0.18480107,0.59274834,2021,H
4544,0.37382746,0.26698172,0.3591908,2021,D
4545,0.57263833,0.28696218,0.14039949,2021,H
4546,0.7505126,0.1473256,0.10216179,2021,A
4547,0.46369648,0.24894737,0.28735617,2021,H
4548,0.28143844,0.25353506,0.46502653,2021,D
4549,0.12555479,0.16795185,0.7064933,2021,D
4550,0.22260523,0.25201076,0.525384,2021,H
4551,0.6032748,0.19314809,0.20357709,2021,A
4552,0.08117832,0.13182488,0.7869968,2021,H
4553,0.23108032,0.24014995,0.52876973,2021,H
4554,0.07447922,0.07813254,0.8473882,2021,H
4555,0.14322107,0.23073794,0.62604105,2021,A
4556,0.3217776,0.27523342,0.402989,2021,A
4557,0.21799563,0.25826022,0.5237441,2021,H
4558,0.06646949,0.0930606,0.8404699,2021,H
4559,0.28454846,0.26981923,0.44563225,2021,H
4560,0.39415824,0.2637643,0.34207752,2022,A
4562,0.5931026,0.20041081,0.20648664,2022,A
4563,0.21355377,0.21109094,0.5753553,2022,H
4564,0.6332018,0.1679863,0.19881186,2022,D
4565,0.3795277,0.26934823,0.3511241,2022,H
4566,0.3121425,0.24359328,0.44426423,2022,H
4567,0.3453387,0.23971297,0.41494828,2022,D
4568,0.42418724,0.22857761,0.3472351,2022,A
4569,0.77544475,0.12268389,0.1018713,2022,A
4570,0.31376925,0.25176167,0.434469,2022,D
4571,0.16485178,0.24768738,0.5874608,2022,D
4572,0.19819535,0.26880088,0.5330038,2022,H
4573,0.16033405,0.1423541,0.6973119,2022,H
4574,0.11451739,0.16178706,0.7236956,2022,H
4575,0.26553825,0.23162776,0.50283396,2022,H
4576,0.3839049,0.28913504,0.3269601,2022,D
4578,0.2663517,0.29990816,0.43374008,2022,D
4579,0.1584686,0.23485792,0.6066735,2022,D
4580,0.24885315,0.27986443,0.47128245,2022,A
4581,0.46188715,0.25719258,0.2809203,2022,H
4582,0.52724993,0.24481882,0.22793126,2022,A
4583,0.3376801,0.24960242,0.41271746,2022,H
4584,0.103091985,0.2034467,0.6934613,2022,H
4586,0.5786998,0.20875259,0.21254756,2022,H
4587,0.5156305,0.24238653,0.24198297,2022,A
4588,0.75575715,0.15153682,0.09270607,2022,D
4589,0.6443438,0.18667255,0.16898365,2022,H
4590,0.06254799,0.14748341,0.7899686,2022,H
4591,0.12582487,0.17481695,0.69935817,2022,H
4592,0.26120475,0.2497421,0.4890532,2022,H
4593,0.14838137,0.28426105,0.56735754,2022,H
4594,0.34044245,0.253152,0.4064055,2022,A
4595,0.19234522,0.24082945,0.56682533,2022,D
4596,0.08079113,0.10541246,0.81379646,2022,H
4597,0.23251739,0.2851702,0.48231235,2022,A
4598,0.42758644,0.25439584,0.3180177,2022,D
4600,0.43679428,0.2523856,0.31082013,2022,H
4601,0.22301681,0.2086931,0.56829005,2022,D
4602,0.3396315,0.25045276,0.4099157,2022,D
4603,0.49980655,0.27772272,0.22247075,2022,H
4604,0.067165524,0.11883217,0.81400234,2022,H
4605,0.37937605,0.27067336,0.34995058,2022,D
4607,0.5022047,0.25316307,0.24463223,2022,D
4608,0.21592918,0.2503606,0.5337102,2022,H
4609,0.31002587,0.2446962,0.44527793,2022,A
4610,0.8202686,0.11961851,0.060112856,2022,D
4611,0.12545283,0.1876564,0.6868908,2022,H
4612,0.2638219,0.22384773,0.51233035,2022,A
4613,0.25860468,0.21514258,0.52625275,2022,H
4614,0.24609368,0.3329925,0.42091388,2022,H
4615,0.6887082,0.16757753,0.14371432,2022,D
4616,0.2674714,0.3101326,0.42239594,2022,D
4617,0.33250833,0.27202627,0.39546543,2022,H
4618,0.18631741,0.23172349,0.5819591,2022,H
4619,0.6922109,0.19131473,0.116474345,2022,H
4620,0.42601705,0.2814878,0.2924952,2022,H
4621,0.30559587,0.30004457,0.39435956,2022,A
4622,0.75311524,0.13179451,0.115090236,2022,A
4623,0.2298653,0.16503392,0.60510075,2022,D
4624,0.07677592,0.15077092,0.7724531,2022,H
4625,0.293276,0.28409815,0.42262578,2022,H
4626,0.57874423,0.23557672,0.18567906,2022,A
4627,0.17235187,0.21533982,0.6123083,2022,H
4628,0.3109401,0.2816874,0.4073725,2022,D
4629,0.5456367,0.24568437,0.20867893,2022,A
4630,0.35949028,0.24711724,0.3933925,2022,A
4631,0.22700116,0.36228988,0.410709,2022,D
4632,0.3062328,0.26258516,0.4311821,2022,A
4633,0.26407847,0.2864091,0.4495124,2022,H
4634,0.09876225,0.16969883,0.7315389,2022,H
4635,0.2501621,0.25840005,0.49143785,2022,D
4636,0.24938244,0.24529241,0.50532514,2022,H
4637,0.103786185,0.17519973,0.7210141,2022,H
4638,0.31526777,0.28108218,0.40365002,2022,H
4639,0.30742818,0.24110553,0.45146632,2022,A
4640,0.1586406,0.24833773,0.59302163,2022,H
4641,0.11185751,0.21679044,0.671352,2022,H
4642,0.3125628,0.2725291,0.4149081,2022,H
4643,0.24197361,0.23384683,0.5241796,2022,H
4644,0.31537855,0.2606645,0.423957,2022,H
4645,0.3597719,0.27171552,0.36851254,2022,A
4646,0.3911307,0.29729956,0.31156972,2022,D
4647,0.53723663,0.23674981,0.22601353,2022,H
4648,0.12816344,0.17390127,0.6979353,2022,H
4649,0.26984933,0.23932548,0.49082515,2022,H
4650,0.27961335,0.24343237,0.47695434,2022,D
4651,0.28764862,0.2801024,0.43224895,2022,D
4652,0.41118973,0.30138785,0.28742242,2022,A
4653,0.67852503,0.18766882,0.13380621,2022,A
4654,0.3163309,0.29876354,0.38490558,2022,D
4655,0.4104541,0.24874538,0.34080055,2022,D
4656,0.37138274,0.2966736,0.3319436,2022,H
4657,0.10326213,0.21059343,0.6861445,2022,D
4658,0.25330672,0.2795235,0.46716982,2022,H
4659,0.22852312,0.24076773,0.5307092,2022,H
4660,0.2594686,0.28879347,0.45173797,2022,A
4661,0.36342105,0.26158762,0.37499133,2022,H
4662,0.4733854,0.28123012,0.24538448,2022,D
4663,0.098308206,0.15979345,0.7418984,2022,H
4664,0.48018855,0.22352901,0.2962825,2022,H
4665,0.3271781,0.24069361,0.4321283,2022,H
4666,0.4978907,0.23437619,0.26773304,2022,H
4667,0.34877616,0.25145715,0.3997667,2022,H
4668,0.14011683,0.22373454,0.63614863,2022,H
4669,0.30497566,0.28419524,0.41082907,2022,D
4670,0.47549272,0.26742285,0.2570844,2022,A
4671,0.32988673,0.2548015,0.41531178,2022,A
4672,0.66422164,0.20327367,0.13250472,2022,D
4673,0.19694845,0.22033668,0.5827149,2022,H
4674,0.3191072,0.22430874,0.4565841,2022,A
4675,0.20545124,0.30257338,0.49197537,2022,H
4676,0.73028,0.15242957,0.11729048,2022,A
4677,0.46428132,0.23053113,0.30518752,2022,A
4678,0.32231346,0.26633653,0.41135,2022,D
4679,0.36399016,0.27149677,0.3645131,2022,H
4680,0.25224173,0.27482018,0.47293815,2022,H
4681,0.23947711,0.22493845,0.53558445,2022,H
4682,0.23042393,0.24582626,0.5237498,2022,D
4683,0.16893798,0.20715824,0.62390375,2022,A
4684,0.09966459,0.14016815,0.7601673,2022,H
4685,0.18008716,0.2517371,0.56817573,2022,H
4686,0.25949064,0.30261397,0.43789536,2022,A
4687,0.4676666,0.21657951,0.31575385,2022,A
4688,0.28850082,0.26470453,0.4467947,2022,D
4689,0.1378123,0.18045317,0.6817345,2022,H
4690,0.19675383,0.24517144,0.5580747,2022,H
4691,0.5711149,0.24611837,0.18276674,2022,A
4692,0.47947818,0.25531703,0.26520476,2022,H
4693,0.6667627,0.18341568,0.1498216,2022,A
4694,0.19701758,0.30938464,0.4935977,2022,A
4695,0.26704946,0.24711736,0.48583314,2022,A
4696,0.13959113,0.18416828,0.67624056,2022,H
4697,0.5693441,0.23871458,0.19194132,2022,A
4698,0.21406399,0.1996641,0.58627194,2022,H
4699,0.24476857,0.26541638,0.489815,2022,A
4700,0.27256063,0.21853785,0.5089015,2022,H
4701,0.06243504,0.130679,0.806886,2022,A
4702,0.40033373,0.28977028,0.30989596,2022,H
4703,0.13853559,0.21850736,0.64295703,2022,H
4704,0.14560984,0.27549908,0.5788911,2022,A
4705,0.35775805,0.24112554,0.40111646,2022,A
4706,0.58510435,0.21955173,0.19534391,2022,A
4707,0.4695134,0.24427557,0.28621098,2022,A
4708,0.40328458,0.24917883,0.34753653,2022,A
4709,0.58076775,0.23724447,0.1819878,2022,A
4710,0.5306857,0.22723538,0.24207892,2022,D
4711,0.2983868,0.24982008,0.45179316,2022,A
4712,0.11423493,0.09679047,0.7889746,2022,H
4713,0.33006915,0.2639433,0.4059875,2022,H
4714,0.12626985,0.18076432,0.69296587,2022,H
4715,0.5046109,0.26452407,0.23086505,2022,A
4716,0.25322387,0.31252372,0.43425247,2022,A
4717,0.09770969,0.25047806,0.65181226,2022,H
4718,0.22764517,0.16993186,0.60242295,2022,D
4719,0.0632237,0.10673643,0.83003986,2022,D
4720,0.47301206,0.26206547,0.2649225,2022,A
4721,0.31427404,0.25735334,0.42837262,2022,A
4722,0.21239895,0.25477913,0.53282195,2022,H
4723,0.5094978,0.25526404,0.23523813,2022,A
4724,0.08987055,0.20158221,0.7085473,2022,A
4725,0.31415808,0.29518923,0.39065275,2022,D
4726,0.54117584,0.2677382,0.19108598,2022,H
4727,0.1545731,0.123806626,0.7216203,2022,D
4728,0.3407685,0.26009798,0.39913353,2022,A
4729,0.38632533,0.27551487,0.3381598,2022,A
4730,0.11218904,0.1245775,0.7632334,2022,H
4731,0.38634977,0.2286055,0.38504472,2022,D
4732,0.25772563,0.29203892,0.45023546,2022,D
4733,0.43903828,0.246062,0.3148997,2022,A
4734,0.26214606,0.3073091,0.43054488,2022,A
4735,0.6051538,0.2047876,0.19005857,2022,A
4736,0.19314699,0.28782085,0.51903224,2022,H
4737,0.29092547,0.22854902,0.48052546,2022,H
4738,0.41190153,0.2223118,0.36578664,2022,H
4739,0.42948526,0.31004065,0.26047415,2022,H
4740,0.3372522,0.31889924,0.34384856,2022,A
4741,0.26802868,0.27475917,0.45721218,2022,H
4742,0.39374962,0.24827783,0.35797256,2022,H
4743,0.20769635,0.2544129,0.53789073,2022,H
4744,0.3539155,0.21615715,0.4299273,2022,H
4745,0.26277378,0.23607688,0.5011493,2022,H
4746,0.48159972,0.204777,0.3136233,2022,A
4747,0.5467382,0.22166549,0.23159632,2022,D
4748,0.21149804,0.20976691,0.57873505,2022,H
4749,0.34091112,0.31890553,0.34018338,2022,A
4750,0.23262303,0.2894104,0.47796652,2022,H
4751,0.5930558,0.2214901,0.18545415,2022,D
4752,0.4395772,0.29480577,0.26561698,2022,D
4753,0.36389568,0.284596,0.35150835,2022,D
4754,0.28302982,0.25653645,0.46043372,2022,D
4755,0.35475302,0.30137613,0.34387088,2022,D
4756,0.07375631,0.12283592,0.8034078,2022,H
4757,0.21030541,0.19081545,0.59887916,2022,H
4758,0.3407817,0.22050135,0.43871698,2022,A
4759,0.291474,0.21583852,0.4926874,2022,D
4760,0.1204469,0.19034313,0.68921,2022,D
4761,0.5198338,0.26048908,0.21967715,2022,H
4762,0.17162915,0.22293308,0.60543776,2022,H
4763,0.22798559,0.25813782,0.51387656,2022,A
4764,0.2808431,0.3230494,0.39610752,2022,H
4765,0.12745874,0.17413281,0.6984085,2022,H
4766,0.5103785,0.23201208,0.25760946,2022,H
4767,0.25445837,0.26928928,0.47625235,2022,H
4768,0.50415856,0.25238538,0.24345605,2022,H
4769,0.20584682,0.24629806,0.54785514,2022,D
4770,0.44578442,0.20971367,0.34450188,2022,H
4771,0.635606,0.21300866,0.15138535,2022,D
4772,0.35019073,0.27507237,0.37473688,2022,A
4773,0.43352565,0.28570202,0.28077233,2022,H
4774,0.3979946,0.22690147,0.3751039,2022,D
4775,0.5479119,0.23170665,0.22038148,2022,D
4776,0.09567143,0.15700833,0.7473202,2022,D
4777,0.44570506,0.24783646,0.3064585,2022,A
4778,0.19291231,0.16105135,0.6460363,2022,H
4779,0.1933456,0.27248523,0.5341692,2022,H
4780,0.25213793,0.20828421,0.53957784,2022,A
4781,0.22962187,0.20770952,0.5626686,2022,A
4782,0.23778126,0.22552152,0.5366972,2022,A
4783,0.47074857,0.2722594,0.25699207,2022,D
4784,0.32174036,0.29849112,0.37976855,2022,H
4785,0.21342179,0.29266137,0.4939168,2022,A
4786,0.10529498,0.23981845,0.6548866,2022,A
4787,0.5159136,0.2352262,0.2488602,2022,A
4788,0.23703401,0.24999963,0.5129664,2022,D
4789,0.16183981,0.20755917,0.63060105,2022,H
4790,0.24891819,0.25920415,0.49187762,2022,H
4791,0.30906576,0.2463346,0.44459963,2022,D
4792,0.7439922,0.14686257,0.10914522,2022,A
4793,0.35350055,0.26406446,0.38243502,2022,H
4794,0.5514462,0.17498402,0.27356985,2022,D
4795,0.30412227,0.2774319,0.41844583,2022,H
4796,0.6924252,0.1555981,0.15197673,2022,A
4797,0.32923517,0.2486246,0.4221403,2022,A
4798,0.3134784,0.22125956,0.46526206,2022,H
4799,0.121479064,0.15141267,0.7271083,2022,H
4800,0.105532795,0.19314165,0.70132554,2022,H
4801,0.13346682,0.2891629,0.5773703,2022,H
4802,0.29049253,0.22789964,0.4816078,2022,H
4803,0.37949428,0.3052455,0.31526026,2022,H
4804,0.1112953,0.13195536,0.75674933,2022,H
4805,0.07149815,0.09235776,0.8361441,2022,H
4806,0.26338437,0.21843922,0.5181764,2022,H
4807,0.29176304,0.33641168,0.37182525,2022,H
4808,0.2062646,0.2816444,0.512091,2022,H
4809,0.2851147,0.30995703,0.4049282,2022,D
4810,0.29145205,0.31852463,0.3900233,2022,H
4811,0.776694,0.114666395,0.10863959,2022,H
4812,0.35453036,0.30133662,0.34413302,2022,H
4813,0.5976551,0.18138327,0.22096163,2022,D
4814,0.44850186,0.24921857,0.30227965,2022,A
4815,0.14735597,0.16845785,0.6841862,2022,H
4816,0.6225902,0.2122955,0.16511434,2022,A
4817,0.27877885,0.23766464,0.48355657,2022,D
4818,0.1866059,0.25306055,0.56033355,2022,H
4819,0.6698868,0.18623312,0.14388002,2022,A
4820,0.10140099,0.17522225,0.72337675,2022,D
4821,0.0933162,0.18780804,0.71887577,2022,H
4822,0.40886468,0.24484721,0.34628806,2022,A
4823,0.47792932,0.2450452,0.2770254,2022,A
4824,0.30846742,0.27983445,0.41169813,2022,A
4825,0.2492344,0.28172037,0.4690452,2022,D
4826,0.5125369,0.27696463,0.2104985,2022,D
4827,0.24329992,0.22760455,0.5290956,2022,H
4828,0.30746445,0.27285138,0.41968417,2022,D
4829,0.10957685,0.14321983,0.7472033,2022,H
4830,0.33602908,0.3043701,0.3596008,2022,H
4831,0.24160475,0.27377,0.4846252,2022,A
4832,0.33944967,0.22527325,0.4352771,2022,H
4833,0.06799441,0.09655486,0.83545077,2022,H
4834,0.29616794,0.27949816,0.42433387,2022,D
4835,0.13397585,0.21288393,0.65314025,2022,D
4836,0.23462766,0.20524457,0.56012774,2022,H
4837,0.27143997,0.2955182,0.4330418,2022,H
4838,0.3110809,0.2702986,0.4186205,2022,H
4839,0.4527284,0.2875014,0.25977018,2022,D
4840,0.6389483,0.20765373,0.15339793,2022,A
4841,0.27485314,0.2811492,0.44399768,2022,H
4842,0.37000042,0.30474055,0.325259,2022,A
4843,0.29281718,0.25688225,0.45030057,2022,D
4844,0.45402512,0.23724973,0.30872515,2022,A
4845,0.22452472,0.24384846,0.5316268,2022,H
4846,0.17415716,0.25160477,0.57423806,2022,H
4847,0.19600587,0.2127974,0.5911967,2022,H
4848,0.63512415,0.19587508,0.16900074,2022,A
4849,0.35169116,0.28026047,0.3680484,2022,A
4850,0.2777253,0.28026488,0.44200975,2022,A
4851,0.41901305,0.29388803,0.28709885,2022,H
4852,0.49667063,0.26453763,0.23879176,2022,H
4853,0.60391635,0.25899887,0.13708474,2022,A
4854,0.5873926,0.22444552,0.18816179,2022,D
4855,0.36858392,0.29690254,0.33451352,2022,A
4856,0.64809734,0.15902734,0.1928753,2022,H
4857,0.33816537,0.28575835,0.37607625,2022,A
4858,0.25448206,0.3234154,0.4221025,2022,A
4859,0.41721174,0.2548237,0.32796454,2022,A
4860,0.17336918,0.19851837,0.6281125,2022,A
4861,0.2825647,0.2652657,0.4521696,2022,H
4862,0.0686964,0.10649703,0.8248066,2022,H
4863,0.44368318,0.25119284,0.30512396,2022,A
4864,0.7048212,0.16568388,0.12949489,2022,D
4865,0.45796743,0.23321068,0.30882183,2022,A
4866,0.08157914,0.12918156,0.7892393,2022,D
4867,0.30592945,0.27226204,0.42180857,2022,H
4868,0.48430818,0.26638803,0.24930382,2022,D
4869,0.22900221,0.2228633,0.5481345,2022,D
4870,0.33762264,0.25015077,0.41222662,2022,H
4871,0.18464854,0.23441496,0.5809365,2022,H
4872,0.31918383,0.26075208,0.42006403,2022,A
4873,0.23405415,0.20437339,0.5615725,2022,H
4874,0.2850366,0.20080592,0.5141575,2022,H
4875,0.5024804,0.21755052,0.2799691,2022,H
4876,0.31730074,0.28698698,0.39571235,2022,D
4877,0.23866019,0.1947161,0.5666237,2022,H
4878,0.52360433,0.19476673,0.28162894,2022,A
4879,0.18264794,0.24431795,0.57303405,2022,A
4880,0.5557122,0.2219328,0.22235501,2022,H
4881,0.7423503,0.15421109,0.10343862,2022,A
4882,0.33453864,0.24863638,0.416825,2022,A
4883,0.5471228,0.2117321,0.24114516,2022,D
4884,0.21193402,0.26736248,0.52070355,2022,H
4885,0.24010438,0.2475787,0.5123169,2022,H
4886,0.15612985,0.2747375,0.5691327,2022,H
4887,0.09441495,0.15644026,0.7491448,2022,H
4888,0.8063595,0.11457872,0.079061754,2022,A
4889,0.33785588,0.24651487,0.4156293,2022,H
4890,0.26530987,0.2256765,0.50901365,2022,H
4891,0.18382366,0.1852716,0.63090473,2022,H
4892,0.30294672,0.25210682,0.44494644,2022,D
4893,0.17422429,0.12635016,0.6994256,2022,H
4894,0.12004541,0.2137109,0.6662437,2022,H
4895,0.101805165,0.1052182,0.7929766,2022,H
4896,0.27245983,0.35565284,0.37188733,2022,H
4897,0.39880714,0.14975646,0.45143643,2022,H
4898,0.42835388,0.2585213,0.31312487,2022,H
4899,0.13764255,0.20692432,0.6554332,2022,H
4900,0.20209049,0.27351373,0.52439576,2022,A
4901,0.083854415,0.07902412,0.8371215,2022,H
4902,0.6464888,0.19174436,0.16176692,2022,H
4903,0.2437268,0.28347525,0.47279793,2022,A
4904,0.30312318,0.23756386,0.45931295,2022,H
4905,0.12084206,0.21335754,0.6658004,2022,A
4906,0.23883508,0.2462892,0.5148757,2022,H
4907,0.5696279,0.21556209,0.21480998,2022,D
4908,0.33532277,0.2628409,0.40183637,2022,H
4909,0.22620863,0.25858366,0.5152077,2022,D
4910,0.31622586,0.19290626,0.49086788,2022,H
4911,0.13431257,0.15727314,0.70841426,2022,H
4912,0.30938637,0.28641802,0.4041956,2022,A
4913,0.23118028,0.19770093,0.57111883,2022,A
4914,0.8154427,0.09419197,0.09036532,2022,A
4915,0.25793195,0.2476824,0.49438563,2022,H
4916,0.58075345,0.21711767,0.2021289,2022,A
4917,0.19569112,0.27947536,0.5248335,2022,H
4918,0.26659063,0.25056574,0.48284367,2022,A
4919,0.5363509,0.20976283,0.25388625,2022,A
4920,0.49028778,0.20547333,0.30423886,2022,D
4921,0.21380503,0.22249268,0.5637023,2022,D
4922,0.31941643,0.24143524,0.43914834,2022,D
4923,0.5503905,0.25048658,0.19912297,2022,H
4924,0.082592644,0.0746934,0.84271395,2022,H
4925,0.09685351,0.19188456,0.711262,2022,H
4926,0.25858435,0.25133783,0.49007782,2022,H
4927,0.120268755,0.17767905,0.7020522,2022,D
4928,0.53011835,0.21136066,0.25852102,2022,D
4929,0.115852505,0.19620113,0.68794644,2022,H
4930,0.48865503,0.21168528,0.29965964,2022,A
4931,0.73882073,0.13654248,0.12463683,2022,D
4932,0.10785931,0.1776116,0.7145291,2022,H
4933,0.2567245,0.25481132,0.48846415,2022,H
4934,0.33215466,0.30716056,0.36068478,2022,H
4935,0.59132373,0.2197718,0.18890452,2022,D
4936,0.31795004,0.23296085,0.44908905,2022,H
4937,0.15136088,0.18264233,0.6659968,2022,H
4938,0.20103446,0.26969564,0.52926993,2022,D
4939,0.50964266,0.28214747,0.20820984,2022,H
4940,0.62415534,0.1847316,0.191113,2023,A
4942,0.30083114,0.24920967,0.4499592,2023,A
4943,0.5952772,0.18646826,0.21825452,2023,A
4944,0.22042423,0.1922813,0.58729446,2023,H
4945,0.41413808,0.24026276,0.34559914,2023,D
4946,0.20558652,0.3012095,0.493204,2023,H
4947,0.56610644,0.1930581,0.24083549,2023,D
4948,0.3153302,0.2693548,0.41531503,2023,D
4949,0.16612001,0.16062216,0.6732578,2023,H
4950,0.2604669,0.22807492,0.51145816,2023,H
4951,0.24184664,0.20244928,0.55570406,2023,A
4952,0.15232894,0.19879694,0.64887416,2023,H
4953,0.5627601,0.20177454,0.23546532,2023,A
4954,0.49362722,0.21190862,0.29446417,2023,H
4955,0.31556574,0.22585598,0.45857826,2023,H
4956,0.25465825,0.2581881,0.48715362,2023,H
4957,0.34386945,0.24149016,0.41464043,2023,H
4958,0.22940631,0.27965873,0.49093497,2023,A
4960,0.44275314,0.22698821,0.33025867,2023,A
4961,0.10110589,0.13614088,0.76275325,2023,D
4962,0.2980791,0.17512478,0.52679616,2023,D
4963,0.2910502,0.22890835,0.48004144,2023,A
4964,0.15994348,0.26283586,0.5772207,2023,H
4965,0.087566,0.09515665,0.8172773,2023,A
4966,0.474922,0.25009727,0.2749807,2023,A
4967,0.61688083,0.21620406,0.16691515,2023,A
4968,0.40332368,0.24630696,0.35036936,2023,A
4970,0.06960036,0.11555607,0.8148436,2023,H
4971,0.18536131,0.26121554,0.55342317,2023,A
4972,0.22465004,0.25998548,0.51536447,2023,H
4973,0.21105574,0.26081577,0.5281285,2023,D
4974,0.44242823,0.2445124,0.3130594,2023,D
4975,0.56625015,0.21136087,0.22238897,2023,A
4976,0.14331888,0.18085621,0.67582494,2023,H
4977,0.21682292,0.20552333,0.57765377,2023,H
4978,0.19355392,0.26316926,0.5432768,2023,H
4979,0.6239605,0.1987297,0.17730981,2023,A
4980,0.37102565,0.27888784,0.3500865,2023,H
4982,0.409582,0.26740956,0.32300845,2023,A
4983,0.08737216,0.12313139,0.7894964,2023,H
4984,0.6989003,0.15743032,0.14366943,2023,A
4985,0.34565166,0.22820096,0.42614737,2023,H
4986,0.4493743,0.24217646,0.30844933,2023,D
4987,0.4830669,0.26347107,0.25346202,2023,A
4988,0.19955881,0.2763752,0.524066,2023,D
4990,0.5120308,0.19639036,0.29157892,2023,A
4991,0.17982295,0.259775,0.56040204,2023,D
4992,0.058654044,0.10362705,0.8377189,2023,H
4993,0.2401474,0.23488618,0.5249665,2023,A
4994,0.17640679,0.25160983,0.5719834,2023,D
4995,0.13246082,0.2127009,0.65483826,2023,H
4996,0.30075496,0.26189956,0.43734547,2023,A
4997,0.10822875,0.11009793,0.78167325,2023,H
4998,0.44036436,0.22443359,0.335202,2023,A
4999,0.77247804,0.14822108,0.07930085,2023,H
5000,0.16210769,0.19538265,0.6425097,2023,H
5001,0.16802795,0.16795312,0.6640189,2023,H
5002,0.33760592,0.28639305,0.37600106,2023,H
5003,0.19192323,0.29640722,0.5116696,2023,A
5004,0.30257827,0.26918188,0.42823988,2023,H
5005,0.2611435,0.23495877,0.5038977,2023,A
5006,0.67658246,0.17800674,0.1454108,2023,A
5007,0.3214983,0.26195008,0.41655156,2023,D
5008,0.3974692,0.20814832,0.3943825,2023,A
5009,0.2485266,0.2569944,0.49447906,2023,A
5010,0.18298168,0.25342926,0.56358904,2023,H
5011,0.20116699,0.2822035,0.5166296,2023,D
5012,0.27426958,0.24590369,0.47982678,2023,H
5013,0.4442631,0.25347018,0.3022667,2023,A
5014,0.224274,0.24449803,0.531228,2023,H
5015,0.5027661,0.21275944,0.28447443,2023,A
5016,0.2465176,0.22897221,0.5245102,2023,D
5017,0.5505788,0.1650946,0.28432658,2023,D
5018,0.47041592,0.36044034,0.16914375,2023,D
5019,0.30347073,0.2649888,0.43154043,2023,H
5020,0.6219787,0.19745015,0.18057115,2023,D
5021,0.2846682,0.26858068,0.44675112,2023,D
5022,0.55613136,0.19839254,0.24547613,2023,A
5023,0.18590711,0.2334286,0.58066434,2023,H
5024,0.15308839,0.16153476,0.6853769,2023,H
5025,0.33082005,0.26409197,0.405088,2023,A
5026,0.17174117,0.18706596,0.64119285,2023,H
5027,0.23544183,0.25028518,0.514273,2023,H
5028,0.16661519,0.19918352,0.6342013,2023,H
5029,0.16499954,0.16983576,0.6651647,2023,H
5030,0.6358903,0.18531144,0.17879824,2023,A
5031,0.3080446,0.29432085,0.3976345,2023,A
5032,0.09736599,0.15970194,0.7429321,2023,H
5033,0.41798928,0.24483371,0.337177,2023,H
5034,0.5893616,0.24018261,0.17045577,2023,D
5035,0.12073115,0.1839531,0.6953158,2023,H
5036,0.4013336,0.3017309,0.29693553,2023,A
5037,0.33150473,0.27019075,0.3983045,2023,A
5038,0.38665995,0.27089068,0.34244937,2023,D
5039,0.14072822,0.17188883,0.68738294,2023,H
5040,0.095945485,0.14125174,0.7628027,2023,H
5041,0.40258017,0.29655635,0.30086347,2023,H
5042,0.3126697,0.27743894,0.40989137,2023,H
5043,0.43869367,0.1897346,0.37157172,2023,A
5044,0.26591772,0.18328346,0.55079883,2023,H
5045,0.31069925,0.2769775,0.41232327,2023,A
5046,0.375863,0.23498341,0.38915354,2023,D
5047,0.5119575,0.25740856,0.23063396,2023,D
5048,0.56750494,0.23509012,0.1974049,2023,H
5049,0.12705302,0.15475126,0.71819574,2023,A
5050,0.5439006,0.2480688,0.20803057,2023,H
5051,0.10855978,0.19581448,0.6956258,2023,H
5052,0.33963332,0.25830978,0.4020569,2023,A
5053,0.17425975,0.22788373,0.59785646,2023,H
5054,0.5488512,0.20489934,0.24624948,2023,H
5055,0.27427924,0.2706743,0.45504653,2023,H
5056,0.23970893,0.28653836,0.47375274,2023,D
5057,0.1785163,0.19444822,0.62703544,2023,H
5058,0.11077706,0.21429248,0.67493045,2023,H
5059,0.63413537,0.19073908,0.17512557,2023,D
5060,0.21462595,0.21439075,0.5709833,2023,D
5061,0.40965188,0.26587215,0.32447594,2023,A
5062,0.26934126,0.29527658,0.4353821,2023,H
5063,0.41560915,0.2384854,0.34590545,2023,H
5064,0.34553748,0.30424026,0.35022223,2023,A
5065,0.2737681,0.2857254,0.44050652,2023,A
5066,0.5573132,0.23668812,0.20599863,2023,A
5067,0.45235342,0.21393894,0.3337077,2023,A
5068,0.46724352,0.21506798,0.3176885,2023,A
5069,0.39162064,0.2643537,0.3440257,2023,H
5070,0.27789778,0.2535238,0.46857837,2023,H
5071,0.18362984,0.23837246,0.57799774,2023,H
5072,0.28018928,0.28262365,0.4371871,2023,H
5073,0.28445363,0.31126064,0.4042857,2023,A
5074,0.14272082,0.12982097,0.72745824,2023,H
5075,0.43417367,0.25482878,0.31099758,2023,D
5076,0.3048064,0.26169887,0.4334948,2023,H
5077,0.106467724,0.19297478,0.70055753,2023,H
5078,0.34599933,0.2627992,0.39120144,2023,D
5079,0.10372214,0.16240464,0.7338732,2023,D
5080,0.40285796,0.2479077,0.34923434,2023,H
5081,0.65009815,0.21108569,0.13881618,2023,A
5082,0.6257413,0.21466185,0.15959682,2023,A
5083,0.31257272,0.23265462,0.45477265,2023,H
5084,0.5554248,0.15892972,0.28564546,2023,H
5085,0.27803737,0.23477142,0.48719126,2023,H
5086,0.2241737,0.27518845,0.5006378,2023,H
5087,0.26668352,0.24052575,0.49279067,2023,A
5088,0.40305495,0.24883361,0.3481114,2023,H
5089,0.22906874,0.24612875,0.5248025,2023,A
5090,0.5314383,0.24121624,0.22734542,2023,A
5091,0.3329804,0.24418396,0.42283562,2023,D
5092,0.21063198,0.213148,0.57622004,2023,A
5093,0.38753933,0.27775273,0.334708,2023,H
5094,0.21233045,0.30059478,0.48707476,2023,D
5095,0.445012,0.23092163,0.3240664,2023,H
5096,0.45806527,0.28447798,0.2574568,2023,A
5097,0.2827531,0.22992012,0.4873267,2023,H
5098,0.3668162,0.22684984,0.40633398,2023,H
5099,0.27423793,0.25567532,0.47008672,2023,H
5100,0.41386867,0.2510076,0.33512372,2023,A
5101,0.23593384,0.29390278,0.47016338,2023,H
5102,0.20503776,0.16216813,0.63279414,2023,D
5103,0.23422575,0.24560094,0.5201733,2023,H
5104,0.4063372,0.26040947,0.3332533,2023,A
5105,0.43703213,0.27459434,0.28837353,2023,A
5106,0.29403016,0.2992106,0.40675923,2023,H
5107,0.1326847,0.11203538,0.75527996,2023,D
5108,0.18886638,0.22772911,0.5834045,2023,H
5109,0.35206488,0.26971632,0.37821877,2023,D
5110,0.11167544,0.15693687,0.7313877,2023,D
5111,0.48106518,0.18360174,0.33533305,2023,H
5112,0.30400267,0.23656614,0.45943123,2023,A
5113,0.49797618,0.23362227,0.26840153,2023,H
5114,0.36012998,0.24901676,0.3908533,2023,A
5115,0.18920107,0.22855303,0.58224595,2023,H
5116,0.20860079,0.3257516,0.4656476,2023,D
5117,0.3015298,0.27665842,0.42181182,2023,H
5118,0.53706473,0.23167813,0.23125717,2023,H
5119,0.64398515,0.19670214,0.15931271,2023,A
5120,0.2840727,0.27923918,0.43668804,2023,A
5121,0.1317537,0.24487723,0.62336904,2023,A
5122,0.23518366,0.2430521,0.5217643,2023,H
5123,0.3070088,0.2714533,0.42153788,2023,A
5124,0.1854228,0.20497473,0.60960245,2023,H
5125,0.5459593,0.1816525,0.2723882,2023,A
5126,0.34589478,0.26090348,0.3932018,2023,H
5127,0.07543118,0.13128798,0.7932808,2023,A
5128,0.37003553,0.2056929,0.42427155,2023,H
5129,0.0795348,0.14401034,0.77645487,2023,H
5130,0.47573778,0.2341893,0.29007292,2023,H
5131,0.12832616,0.19882181,0.672852,2023,H
5132,0.27944514,0.2874926,0.43306226,2023,H
5133,0.37159628,0.23902725,0.38937646,2023,A
5134,0.5881057,0.20968063,0.20221366,2023,H
5135,0.18118009,0.21834084,0.60047907,2023,H
5136,0.08930802,0.124791645,0.7859003,2023,H
5137,0.4732015,0.22824551,0.298553,2023,D
5138,0.26693052,0.27921793,0.45385158,2023,D
5139,0.20510179,0.18291157,0.61198664,2023,H
5140,0.5758026,0.19175379,0.23244363,2023,A
5141,0.639924,0.21117607,0.14889994,2023,D
5142,0.36752716,0.21991064,0.4125622,2023,D
5143,0.32471457,0.2521623,0.42312312,2023,H
5144,0.10794605,0.14237517,0.7496788,2023,H
5145,0.39400434,0.28945562,0.31654,2023,D
5146,0.6004679,0.21395174,0.18558028,2023,A
5147,0.28400058,0.31066486,0.40533456,2023,D
5148,0.53567266,0.2531999,0.2111274,2023,A
5149,0.31300423,0.23721011,0.4497857,2023,D
5150,0.4035336,0.24959224,0.3468742,2023,H
5151,0.28912115,0.28079012,0.43008873,2023,H
5152,0.2452588,0.23919098,0.51555026,2023,A
5153,0.08149194,0.12840801,0.7901001,2023,H
5154,0.15124355,0.20743127,0.6413252,2023,H
5155,0.07694653,0.12962002,0.7934334,2023,H
5156,0.33720207,0.28481686,0.37798104,2023,D
5157,0.282506,0.2317587,0.4857353,2023,A
5158,0.37701094,0.24820052,0.37478852,2023,D
5159,0.3751243,0.24593976,0.37893587,2023,D
5160,0.52256364,0.2776575,0.19977887,2023,A
5161,0.5648736,0.1849446,0.25018182,2023,D
5162,0.2311187,0.2585193,0.510362,2023,H
5163,0.17779993,0.25463724,0.5675628,2023,D
5164,0.39220747,0.26857966,0.33921283,2023,A
5165,0.29991686,0.31910974,0.38097334,2023,H
5166,0.38431782,0.32499135,0.2906908,2023,H
5167,0.6131708,0.20962176,0.1772074,2023,A
5168,0.19903883,0.2258899,0.5750713,2023,H
5169,0.090318814,0.09347135,0.81620985,2023,H
5170,0.20010467,0.23366353,0.56623185,2023,A
5171,0.050086908,0.106572114,0.843341,2023,H
5172,0.37309787,0.1916745,0.4352277,2023,A
5173,0.4045591,0.20691563,0.3885253,2023,H
5174,0.25209746,0.22057527,0.5273273,2023,A
5175,0.6246967,0.22161603,0.15368727,2023,A
5176,0.22450168,0.22765279,0.5478455,2023,A
5177,0.35469052,0.28241193,0.36289755,2023,A
5178,0.25408706,0.19248009,0.5534328,2023,A
5179,0.31413484,0.25976947,0.4260957,2023,H
5180,0.5210423,0.17340165,0.30555603,2023,A
5181,0.4702109,0.19818409,0.33160496,2023,D
5182,0.7048119,0.17937827,0.115809865,2023,A
5183,0.7671979,0.14427094,0.08853112,2023,A
5184,0.10898384,0.15426554,0.7367506,2023,D
5185,0.39573714,0.2722172,0.3320456,2023,A
5186,0.2934378,0.2566202,0.449942,2023,A
5187,0.2719472,0.24003299,0.48801982,2023,D
5188,0.09875652,0.19906564,0.7021778,2023,H
5189,0.09748052,0.14279677,0.7597227,2023,H
5190,0.26937863,0.31914243,0.4114789,2023,H
5191,0.1782839,0.13625157,0.6854645,2023,A
5192,0.6758151,0.16254942,0.16163543,2023,A
5193,0.1274016,0.18891715,0.6836813,2023,H
5194,0.20433286,0.22466204,0.5710051,2023,D
5195,0.14847218,0.18931441,0.6622134,2023,H
5196,0.21606728,0.26660517,0.51732755,2023,H
5197,0.3840334,0.26311168,0.35285494,2023,H
5198,0.30983606,0.22129266,0.4688713,2023,D
5199,0.40099433,0.19611847,0.40288717,2023,A
5200,0.4087383,0.21326986,0.37799183,2023,H
5201,0.36562327,0.2623571,0.37201965,2023,H
5202,0.5779943,0.23691791,0.18508781,2023,A
5203,0.11850743,0.19416837,0.68732417,2023,H
5204,0.44074732,0.23813689,0.32111576,2023,A
5205,0.3911301,0.2346925,0.37417743,2023,A
5206,0.1351132,0.1792747,0.6856121,2023,H
5207,0.72186494,0.17967445,0.098460585,2023,A
5208,0.1470084,0.11620937,0.73678225,2023,H
5209,0.299686,0.23995039,0.4603636,2023,H
5210,0.29506537,0.2478819,0.45705274,2023,D
5211,0.18823317,0.24673036,0.5650365,2023,D
5212,0.0911618,0.1907154,0.71812284,2023,H
5213,0.26638398,0.23052755,0.5030885,2023,A
5214,0.1772984,0.26838416,0.5543174,2023,H
5215,0.17465387,0.2503138,0.57503235,2023,D
5216,0.22910093,0.24059641,0.53030264,2023,D
5217,0.29039258,0.3006373,0.4089701,2023,H
5218,0.20296462,0.25052506,0.54651034,2023,H
5219,0.5964875,0.18787052,0.21564193,2023,H
5220,0.27942273,0.2675035,0.4530738,2023,D
5221,0.31973982,0.3070923,0.37316787,2023,H
5222,0.36568993,0.26985142,0.36445868,2023,D
5223,0.34261796,0.2898204,0.36756164,2023,H
5224,0.22980882,0.24392892,0.5262623,2023,H
5225,0.1985782,0.21598446,0.58543736,2023,D
5226,0.298472,0.2519602,0.4495678,2023,D
5227,0.52376354,0.19612327,0.28011316,2023,D
5228,0.09635557,0.16531177,0.7383327,2023,H
5229,0.27252227,0.20840155,0.51907617,2023,H
5230,0.5976571,0.14923199,0.2531109,2023,D
5231,0.2573974,0.3864564,0.35614616,2023,D
5232,0.15107629,0.2018103,0.64711344,2023,H
5233,0.2579703,0.28794926,0.4540804,2023,D
5234,0.4319922,0.24219741,0.3258103,2023,H
5235,0.253981,0.26314944,0.48286957,2023,H
5236,0.30789378,0.21533853,0.47676772,2023,D
5237,0.44568837,0.2266571,0.32765454,2023,D
5238,0.0620372,0.12614003,0.8118227,2023,H
5239,0.42888325,0.21848926,0.35262746,2023,D
5240,0.13742039,0.18207975,0.6804999,2023,H
5241,0.32071218,0.18949716,0.48979065,2023,H
5242,0.057279773,0.09058276,0.85213745,2023,H
5243,0.55937594,0.22530702,0.21531706,2023,A
5244,0.20927626,0.20621625,0.58450747,2023,D
5245,0.35425156,0.22198662,0.42376176,2023,H
5246,0.317753,0.26827535,0.4139717,2023,A
5247,0.52307445,0.22050498,0.25642058,2023,H
5248,0.3953442,0.22954881,0.37510696,2023,A
5249,0.48086703,0.29224434,0.2268886,2023,A
5250,0.6946126,0.15079662,0.15459073,2023,D
5251,0.5742418,0.18826811,0.23749007,2023,D
5252,0.1413942,0.19089858,0.6677072,2023,H
5253,0.3590018,0.26731762,0.37368056,2023,H
5254,0.23265928,0.23928274,0.528058,2023,H
5255,0.33360472,0.2600861,0.4063092,2023,D
5256,0.09760955,0.1732636,0.7291269,2023,H
5257,0.2612103,0.2622657,0.47652397,2023,D
5258,0.2370052,0.23513772,0.52785707,2023,D
5259,0.38092113,0.22113997,0.39793888,2023,A
5260,0.07965012,0.1526478,0.7677021,2023,A
5261,0.09437247,0.111180305,0.79444724,2023,A
5262,0.24486414,0.24062018,0.5145157,2023,H
5263,0.33076665,0.25909635,0.41013703,2023,A
5264,0.36178347,0.24144827,0.39676827,2023,A
5265,0.6556232,0.20848958,0.1358872,2023,A
5266,0.2938107,0.26895362,0.43723565,2023,H
5267,0.4220945,0.24612235,0.33178315,2023,A
5268,0.39083898,0.1844127,0.4247483,2023,H
5269,0.32186294,0.26412877,0.41400823,2023,H
5270,0.13881934,0.16892917,0.6922515,2023,H
5271,0.37636548,0.27496338,0.3486711,2023,A
5272,0.48672873,0.2671467,0.24612455,2023,H
5273,0.654835,0.1695849,0.1755801,2023,H
5274,0.18737192,0.19177154,0.6208566,2023,H
5275,0.670693,0.1869667,0.14234027,2023,A
5276,0.41037178,0.19486529,0.3947629,2023,D
5277,0.34027684,0.27081472,0.38890848,2023,H
5278,0.24307135,0.27932113,0.4776075,2023,H
5279,0.10875371,0.1831989,0.7080474,2023,H
5280,0.13686958,0.13506456,0.7280659,2023,D
5281,0.20575722,0.2884579,0.5057849,2023,D
5282,0.7125399,0.1440455,0.14341453,2023,D
5283,0.27614695,0.2036423,0.52021074,2023,H
5284,0.54817736,0.25769073,0.19413194,2023,A
5285,0.6407361,0.20841163,0.15085231,2023,A
5286,0.30963087,0.22213824,0.4682308,2023,H
5287,0.36071026,0.3000718,0.3392179,2023,D
5288,0.3165308,0.21462116,0.46884802,2023,D
5289,0.06627406,0.10134479,0.8323811,2023,H
5290,0.085532956,0.1344238,0.7800432,2023,H
5291,0.5706739,0.19477119,0.23455496,2023,A
5292,0.3370406,0.27124295,0.39171645,2023,A
5293,0.4752968,0.24983163,0.27487162,2023,H
5294,0.24552907,0.28672636,0.4677446,2023,H
5295,0.123364635,0.18282871,0.69380665,2023,H
5296,0.34572005,0.20432508,0.4499549,2023,H
5297,0.19691637,0.29253048,0.5105532,2023,A
5298,0.32309398,0.2699903,0.4069157,2023,H
5299,0.16228992,0.20582223,0.63188785,2023,D
5300,0.44321808,0.24374217,0.3130398,2023,A
5301,0.71637666,0.16733219,0.11629119,2023,A
5302,0.15697329,0.17242336,0.67060333,2023,H
5303,0.2491983,0.32879332,0.42200837,2023,H
5304,0.62130445,0.18750675,0.19118877,2023,A
5305,0.59626377,0.21505979,0.18867645,2023,A
5306,0.5094489,0.19876383,0.29178727,2023,D
5307,0.58445406,0.26304904,0.15249698,2023,A
5308,0.45009685,0.27625313,0.27364996,2023,H
5309,0.3793026,0.23979129,0.38090613,2023,A
5310,0.4287363,0.23851867,0.33274502,2023,A
5311,0.42352152,0.18361717,0.39286125,2023,A
5312,0.10697873,0.16033168,0.73268956,2023,H
5313,0.34245,0.2264717,0.43107826,2023,A
5314,0.099824525,0.15379845,0.746377,2023,H
5315,0.33543772,0.21891788,0.4456444,2023,A
5316,0.16042282,0.18673727,0.65283996,2023,H
5317,0.22785306,0.26662332,0.5055236,2023,H
5318,0.07376761,0.100573294,0.8256591,2023,H
5319,0.33479086,0.29101962,0.37418947,2023,A
5320,0.2574261,0.22007458,0.5224993,2024,H
5321,0.16650966,0.20335117,0.6301392,2024,H
5322,0.36888483,0.24994782,0.38116738,2024,A
5323,0.3767676,0.2283225,0.39490986,2024,D
5325,0.39155918,0.2677701,0.3406707,2024,A
5326,0.13896927,0.1602604,0.7007703,2024,H
5327,0.5489659,0.22178505,0.22924905,2024,H
5328,0.61806065,0.20414947,0.17778985,2024,A
5329,0.5250725,0.1987185,0.27620897,2024,D
5331,0.6236984,0.21736607,0.15893553,2024,A
5332,0.17055497,0.19210064,0.63734436,2024,A
5333,0.1953363,0.2076795,0.5969842,2024,H
5334,0.19420128,0.120518945,0.6852798,2024,H
5335,0.28411144,0.26824236,0.4476462,2024,H
5336,0.31025448,0.2626287,0.42711678,2024,A
5337,0.44369277,0.23788491,0.31842238,2024,D
5338,0.40046945,0.3314678,0.2680627,2024,A
5339,0.08898472,0.17489646,0.73611885,2024,H
5340,0.29446304,0.25906584,0.44647115,2024,A
5341,0.8295611,0.11547265,0.054966263,2024,A
5342,0.120910086,0.25460473,0.62448514,2024,D
5344,0.12169358,0.13870016,0.7396063,2024,D
5345,0.3766797,0.2775792,0.3457411,2024,A
5346,0.2527773,0.26854187,0.4786808,2024,H
5347,0.3528783,0.25352085,0.39360088,2024,D
5348,0.48042524,0.20126303,0.31831175,2024,H
5349,0.57267094,0.23079142,0.19653766,2024,A
5350,0.11320074,0.10883297,0.77796626,2024,H
5351,0.12176043,0.13740511,0.7408345,2024,A
5352,0.24157417,0.2767706,0.48165524,2024,D
5353,0.29651773,0.24969734,0.4537849,2024,D
5354,0.4771418,0.2271011,0.2957571,2024,A
5356,0.1500866,0.23110262,0.6188108,2024,H
5357,0.45053014,0.2182473,0.3312226,2024,A
5358,0.45950186,0.26889232,0.27160585,2024,A
5359,0.2822801,0.28838253,0.4293374,2024,A
5360,0.30593744,0.23189245,0.46217012,2024,D
5361,0.1985303,0.27940544,0.5220642,2024,H
5362,0.09070841,0.17648451,0.7328071,2024,H
5364,0.39112666,0.25445405,0.35441923,2024,H
5365,0.272303,0.28212854,0.4455684,2024,D
5366,0.15051632,0.23829253,0.61119115,2024,H
5367,0.5241444,0.23143281,0.24442282,2024,A
5368,0.2272087,0.24991426,0.52287704,2024,D
5369,0.084128655,0.11884739,0.79702395,2024,D
5370,0.7147007,0.16626495,0.119034305,2024,D
5371,0.14459981,0.21785754,0.63754267,2024,H
5372,0.27555463,0.22924736,0.49519798,2024,D
5373,0.44509408,0.22177397,0.33313197,2024,H
5374,0.34666368,0.300185,0.35315132,2024,H
5375,0.36515254,0.24187812,0.39296937,2024,A
5376,0.67987424,0.17810938,0.14201635,2024,A
5377,0.40907508,0.23886229,0.3520626,2024,A
5378,0.4728407,0.24941386,0.2777454,2024,D
5379,0.22840875,0.23186062,0.5397306,2024,H
5380,0.5524336,0.24037468,0.20719169,2024,A
5381,0.12250615,0.21891683,0.658577,2024,H
5382,0.36281493,0.24892187,0.38826323,2024,H
5383,0.53362846,0.19189768,0.27447385,2024,H
5384,0.12347289,0.18898952,0.6875376,2024,H
5385,0.22126803,0.26759624,0.5111357,2024,H
5386,0.45839024,0.20986776,0.33174205,2024,D
5387,0.3146847,0.21985953,0.46545583,2024,D
5388,0.16918454,0.20940733,0.62140816,2024,D
5389,0.37741488,0.24858765,0.37399748,2024,H
5390,0.17703526,0.20990978,0.61305493,2024,H
5391,0.34136587,0.2623235,0.3963106,2024,A
5392,0.25148296,0.27319574,0.47532123,2024,A
5393,0.29785317,0.22366828,0.47847858,2024,H
5394,0.39758608,0.26763934,0.33477464,2024,A
5395,0.37071085,0.27842653,0.35086268,2024,A
5396,0.5571148,0.18176544,0.26111972,2024,H
5397,0.70073307,0.18072821,0.118538745,2024,A
5398,0.14190196,0.15079887,0.7072992,2024,H
5399,0.2681589,0.29349038,0.43835068,2024,H
5400,0.36118746,0.2327111,0.4061014,2024,A
5401,0.33421072,0.23108424,0.43470502,2024,D
5402,0.23672636,0.24345134,0.51982236,2024,H
5403,0.102134585,0.17395657,0.72390884,2024,D
5404,0.06232747,0.11384044,0.82383204,2024,H
5405,0.4015987,0.22473994,0.3736613,2024,D
5406,0.27474105,0.2175002,0.5077588,2024,H
5407,0.55886185,0.1657594,0.27537876,2024,H
5408,0.38340554,0.22375049,0.39284393,2024,H
5409,0.28021938,0.29091406,0.42886657,2024,D
5410,0.5851726,0.13688874,0.27793863,2024,D
5411,0.38808933,0.28313622,0.32877442,2024,H
5412,0.2564841,0.19214262,0.5513733,2024,D
5413,0.16631746,0.13794954,0.695733,2024,H
5414,0.24238418,0.25077313,0.5068427,2024,H
5415,0.5066079,0.23934478,0.25404733,2024,H
5416,0.62488866,0.17131026,0.2038011,2024,H
5417,0.24041942,0.24636249,0.5132181,2024,H
5418,0.42124164,0.25471067,0.32404763,2024,D
5419,0.32686338,0.24342501,0.42971158,2024,H
5420,0.68575186,0.1653007,0.14894743,2024,H
5421,0.35777175,0.19379607,0.44843218,2024,H
5422,0.14280868,0.111401945,0.74578935,2024,H
5423,0.3206894,0.22993623,0.44937432,2024,A
5424,0.3828531,0.2573822,0.35976475,2024,H
5425,0.25147927,0.2320769,0.51644385,2024,D
5426,0.2046858,0.19518729,0.6001269,2024,H
5427,0.22709526,0.16595423,0.6069505,2024,A
5428,0.1675975,0.21962464,0.6127779,2024,A
5429,0.47537425,0.17795488,0.3466709,2024,D
5430,0.658199,0.16133195,0.18046902,2024,A
5431,0.2784972,0.20821977,0.5132831,2024,H
5432,0.2847019,0.27361083,0.4416872,2024,D
5433,0.40078002,0.22351657,0.37570345,2024,A
5434,0.30750784,0.22839016,0.46410203,2024,D
5435,0.13538134,0.223874,0.6407446,2024,A
5436,0.14645469,0.18515103,0.6683943,2024,A
5437,0.46879295,0.2718862,0.25932086,2024,D
5438,0.658696,0.2130138,0.12829018,2024,A
5439,0.24530265,0.23911542,0.5155819,2024,A
5440,0.1515465,0.20398708,0.64446646,2024,D
5441,0.36397955,0.23912948,0.396891,2024,H
5442,0.3401238,0.22580712,0.43406913,2024,D
5443,0.14133902,0.21571621,0.6429448,2024,H
5444,0.38562596,0.21927193,0.3951021,2024,A
5445,0.4283941,0.27111587,0.30048996,2024,A
5446,0.3071586,0.22965781,0.4631836,2024,D
5447,0.2367352,0.16808127,0.5951835,2024,H
5448,0.23756872,0.20926514,0.55316615,2024,H
5449,0.2519256,0.24616207,0.50191236,2024,H
5450,0.34557003,0.27262503,0.38180497,2024,A
5451,0.27430728,0.2868561,0.43883654,2024,H
5452,0.2591664,0.18257995,0.55825365,2024,H
5453,0.17829432,0.21106006,0.61064565,2024,H
5454,0.6715348,0.1695778,0.15888748,2024,D
5455,0.64736634,0.21320063,0.139433,2024,A
5456,0.230775,0.13386849,0.63535655,2024,H
5457,0.28838316,0.26468977,0.4469271,2024,H
5458,0.25833187,0.21770982,0.5239583,2024,H
5459,0.38852775,0.21685486,0.39461738,2024,H
5460,0.27454305,0.29148924,0.43396768,2024,A
5461,0.41171017,0.23559669,0.35269308,2024,D
5462,0.46071488,0.21080232,0.32848278,2024,H
5463,0.16905834,0.23495416,0.59598756,2024,H
5464,0.41604558,0.2579053,0.3260491,2024,D
5465,0.39051533,0.23491733,0.37456736,2024,A
5466,0.45020032,0.24055678,0.30924287,2024,D
5467,0.60337025,0.20843972,0.18819009,2024,A
5468,0.20091246,0.22664066,0.5724469,2024,H
5469,0.2027435,0.20112409,0.5961324,2024,D
5470,0.072300844,0.10474906,0.8229501,2024,D
5471,0.21195756,0.20951708,0.5785254,2024,H
5472,0.2655832,0.3222409,0.4121759,2024,A
5473,0.41592094,0.25128376,0.33279535,2024,H
5474,0.11383409,0.1573455,0.72882044,2024,H
5475,0.46188763,0.23578419,0.30232823,2024,A
5476,0.16846845,0.21098801,0.62054354,2024,A
5477,0.25922233,0.3280214,0.41275626,2024,A
5478,0.20518783,0.22246438,0.57234776,2024,D
5479,0.30582106,0.22386,0.47031897,2024,H
5480,0.38621908,0.2929754,0.3208055,2024,A
5481,0.32758465,0.2637893,0.40862608,2024,A
5482,0.4022437,0.19707765,0.40067866,2024,D
5483,0.6536067,0.19203058,0.1543627,2024,A
5484,0.29501927,0.33938208,0.3655986,2024,A
5485,0.5844124,0.2013954,0.21419217,2024,D
5486,0.62655437,0.20933598,0.16410966,2024,A
5487,0.1740313,0.17599648,0.64997226,2024,D
5488,0.38796216,0.25396806,0.3580698,2024,A
5489,0.20473069,0.24458025,0.55068904,2024,D
5490,0.21211365,0.16590567,0.62198067,2024,D
5491,0.08996986,0.1276033,0.78242683,2024,A
5492,0.29298204,0.22816665,0.47885135,2024,H
5493,0.26032478,0.17609465,0.5635806,2024,H
5494,0.5538575,0.19250439,0.25363815,2024,A
5495,0.40922272,0.24632575,0.34445155,2024,H
5496,0.067566104,0.10021809,0.8322158,2024,H
5497,0.21367857,0.2212382,0.5650832,2024,D
5498,0.10331243,0.18491441,0.71177316,2024,H
5499,0.38742685,0.25124243,0.36133075,2024,D
5500,0.38661754,0.24790664,0.36547577,2024,D
5501,0.5542452,0.20756102,0.2381938,2024,A
5502,0.3641647,0.3114907,0.32434458,2024,A
5503,0.23102544,0.19176331,0.57721126,2024,H
5504,0.55299777,0.20499954,0.2420027,2024,A
5505,0.34629786,0.2639761,0.38972607,2024,D
5506,0.5748577,0.24328326,0.18185903,2024,H
5507,0.4985882,0.23127171,0.27014002,2024,A
5508,0.7577988,0.16065733,0.08154388,2024,A
5509,0.542135,0.26065713,0.19720791,2024,D
5510,0.6532633,0.16887836,0.17785837,2024,A
5511,0.14221789,0.18143147,0.67635065,2024,H
5512,0.16233738,0.24757876,0.59008384,2024,H
5513,0.11108163,0.21930635,0.66961205,2024,H
5514,0.6000179,0.16797686,0.23200522,2024,D
5515,0.45263556,0.23252642,0.314838,2024,A
5516,0.21092552,0.3082581,0.48081636,2024,D
5517,0.09631695,0.10684133,0.79684174,2024,D
5518,0.3835947,0.32198125,0.29442412,2024,A
5519,0.42970517,0.26717383,0.303121,2024,D
5520,0.17796217,0.1992137,0.62282413,2024,D
5521,0.38972515,0.288899,0.32137585,2024,H
5522,0.5291659,0.20388861,0.26694545,2024,D
5523,0.123285905,0.17085959,0.70585454,2024,H
5524,0.10717679,0.19951397,0.69330925,2024,H
5525,0.36397392,0.30110663,0.33491942,2024,A
5526,0.45462212,0.22675247,0.3186254,2024,A
5527,0.32451272,0.283944,0.39154327,2024,A
5528,0.22479478,0.21078241,0.56442285,2024,H
5529,0.19322509,0.23275982,0.5740151,2024,A
5530,0.65944344,0.16784763,0.17270891,2024,A
5531,0.49409437,0.20233303,0.30357257,2024,A
5532,0.44788894,0.26702547,0.28508556,2024,A
5533,0.15265225,0.17431976,0.673028,2024,D
5534,0.14817673,0.23963709,0.61218613,2024,H
5535,0.32053038,0.32763362,0.35183603,2024,A
5536,0.30382296,0.23494567,0.46123132,2024,A
5537,0.33927414,0.2568705,0.40385532,2024,H
5538,0.13422807,0.21754499,0.6482269,2024,H
5539,0.19096534,0.28099012,0.5280445,2024,H
5540,0.20579165,0.26882723,0.52538115,2024,A
5541,0.054859426,0.09548753,0.84965307,2024,H
5542,0.68849134,0.164459,0.14704967,2024,A
5543,0.6640107,0.16596559,0.1700237,2024,A
5544,0.2170198,0.31105047,0.4719297,2024,H
5545,0.23178285,0.24079789,0.5274192,2024,A
5546,0.24096791,0.27200496,0.48702708,2024,A
5547,0.22687837,0.22581851,0.54730314,2024,D
5548,0.24984773,0.22617586,0.52397645,2024,A
5549,0.30902046,0.18392023,0.50705934,2024,A
5550,0.24916042,0.29745802,0.4533816,2024,A
5551,0.46398845,0.24784172,0.28816986,2024,H
5552,0.4680399,0.2247887,0.30717137,2024,A
5553,0.30510747,0.21828017,0.47661236,2024,H
5554,0.27812114,0.28085935,0.4410195,2024,H
5555,0.4102009,0.16667362,0.4231255,2024,H
5556,0.40394112,0.23916861,0.35689032,2024,A
5557,0.35088566,0.266366,0.38274834,2024,A
5558,0.09888812,0.17532548,0.7257864,2024,H
5559,0.5983219,0.20195797,0.1997201,2024,D
5560,0.45485815,0.23452576,0.3106161,2024,H
5561,0.6402999,0.17287096,0.18682916,2024,A
5562,0.1720295,0.26882207,0.55914843,2024,D
5563,0.34216642,0.23540473,0.4224288,2024,H
5564,0.20726402,0.19302991,0.59970605,2024,H
5565,0.5436684,0.24152991,0.21480171,2024,A
5566,0.39351696,0.28541142,0.32107165,2024,A
5567,0.25498858,0.31173187,0.43327957,2024,A
5568,0.33934793,0.25517946,0.4054726,2024,H
5569,0.06443191,0.08562157,0.8499465,2024,H
5570,0.53017294,0.2441158,0.22571126,2024,D
5571,0.33980018,0.28315097,0.3770489,2024,A
5572,0.33799642,0.21059941,0.45140418,2024,D
5573,0.10661119,0.12137289,0.7720159,2024,A
5574,0.13447107,0.21401136,0.65151757,2024,A
5575,0.17738467,0.25997573,0.5626396,2024,A
5576,0.32980326,0.317141,0.35305572,2024,A
5577,0.5076626,0.23998334,0.25235406,2024,A
5578,0.3660217,0.2596364,0.37434193,2024,H
5579,0.28775534,0.20467465,0.50757,2024,A
5580,0.27648285,0.2745332,0.44898388,2024,H
5581,0.2301982,0.23971607,0.53008574,2024,H
5582,0.25147033,0.25119102,0.4973387,2024,H
5583,0.4091774,0.24222092,0.34860167,2024,A
5584,0.16150023,0.26338717,0.57511264,2024,H
5585,0.25239515,0.25734,0.49026477,2024,D
5586,0.24101998,0.2574286,0.50155145,2024,H
5587,0.55156946,0.13819827,0.31023222,2024,D
5588,0.4961816,0.24230526,0.2615131,2024,A
5589,0.10976757,0.12791218,0.7623203,2024,H
5590,0.26863652,0.28514984,0.4462136,2024,H
5591,0.074015506,0.12350857,0.8024759,2024,H
5592,0.36726967,0.21509221,0.4176381,2024,A
5593,0.31639063,0.2669719,0.41663748,2024,D
5594,0.17324947,0.20540504,0.62134546,2024,H
5595,0.41913906,0.2220935,0.35876745,2024,H
5596,0.522497,0.14869039,0.32881263,2024,H
5597,0.10610938,0.18863092,0.7052597,2024,H
5598,0.31524718,0.24287142,0.44188142,2024,D
5599,0.5859614,0.19981888,0.21421969,2024,D
5600,0.3219177,0.30470186,0.37338042,2024,A
5601,0.55669856,0.22290288,0.22039856,2024,A
5602,0.38863915,0.2912509,0.32010996,2024,A
5603,0.28883004,0.22548553,0.4856844,2024,D
5604,0.23700377,0.27306667,0.48992956,2024,D
5605,0.34000492,0.24012527,0.41986984,2024,A
5606,0.28356004,0.21569216,0.50074786,2024,H
5607,0.32113126,0.23885782,0.44001085,2024,H
5608,0.39499328,0.25545952,0.3495472,2024,A
5609,0.19914423,0.1581166,0.64273924,2024,H
5610,0.25899798,0.25372347,0.48727852,2024,H
5611,0.32090884,0.21744238,0.4616488,2024,H
5612,0.2453272,0.22292425,0.53174853,2024,H
5613,0.112781845,0.112229384,0.7749888,2024,H
5614,0.60905313,0.20688234,0.18406458,2024,D
5615,0.16537996,0.23132329,0.6032967,2024,A
5616,0.087841585,0.12979434,0.7823641,2024,H
5617,0.27206904,0.21861483,0.50931615,2024,A
5618,0.1432703,0.19141164,0.6653181,2024,H
5619,0.54661584,0.22663723,0.22674695,2024,D
5620,0.3933338,0.24803677,0.35862947,2024,H
5621,0.31533557,0.31240332,0.37226108,2024,A
5622,0.33205462,0.29046327,0.3774821,2024,D
5623,0.2283129,0.3259612,0.44572592,2024,H
5624,0.5207446,0.25433984,0.22491552,2024,D
5625,0.61072266,0.21654963,0.17272769,2024,H
5626,0.25182933,0.26614732,0.48202342,2024,H
5627,0.42538553,0.24176611,0.33284837,2024,D
5628,0.36776105,0.25220034,0.38003865,2024,A
5629,0.30003324,0.29206762,0.40789917,2024,H
5630,0.17507733,0.1681578,0.65676486,2024,D
5631,0.20597595,0.2854915,0.5085325,2024,A
5632,0.46942016,0.23168139,0.2988985,2024,A
5633,0.101002745,0.118986964,0.7800103,2024,D
5634,0.09689235,0.190024,0.7130836,2024,D
5635,0.091036566,0.09815278,0.8108106,2024,H
5636,0.26691383,0.23664974,0.49643642,2024,H
5637,0.2214202,0.26793262,0.51064724,2024,H
5638,0.20980628,0.23869006,0.55150366,2024,H
5639,0.22154377,0.268206,0.5102503,2024,H
5640,0.3776576,0.27385658,0.34848583,2024,D
5641,0.49305657,0.20653023,0.3004132,2024,H
5642,0.42377537,0.26019347,0.31603113,2024,H
5643,0.5096321,0.23134293,0.25902492,2024,A
5644,0.22816184,0.25474712,0.51709104,2024,D
5645,0.45833066,0.24626443,0.2954049,2024,A
5646,0.6340869,0.21172509,0.15418796,2024,A
5647,0.2912573,0.25482398,0.4539187,2024,A
5648,0.7472356,0.14455636,0.10820807,2024,A
5649,0.29399848,0.23464371,0.47135776,2024,A
5650,0.23958787,0.30963725,0.4507749,2024,H
5651,0.08396596,0.12593812,0.7900959,2024,D
5652,0.09930364,0.18876915,0.7119272,2024,H
5653,0.32258436,0.3003454,0.37707022,2024,A
5654,0.074004225,0.14716727,0.77882856,2024,H
5655,0.24715635,0.26156175,0.49128196,2024,H
5656,0.25752726,0.28108442,0.46138832,2024,H
5657,0.29910022,0.24263325,0.45826647,2024,D
5658,0.089081995,0.12251427,0.78840375,2024,H
5659,0.2847532,0.2625982,0.45264867,2024,A
5660,0.17120633,0.23342925,0.59536445,2024,H
5661,0.16730064,0.20334265,0.62935674,2024,H
5662,0.18414839,0.16359589,0.6522558,2024,D
5663,0.3370955,0.2821196,0.38078493,2024,H
5664,0.10336342,0.12372194,0.77291465,2024,A
5665,0.35340425,0.2621566,0.3844391,2024,D
5666,0.22662736,0.33443576,0.43893683,2024,H
5667,0.4282593,0.23089072,0.34085,2024,D
5668,0.43670186,0.23198625,0.33131185,2024,H
5669,0.3696332,0.2610181,0.36934873,2024,D
5670,0.23522645,0.26616165,0.49861193,2024,A
5671,0.37626666,0.29993787,0.3237955,2024,A
5672,0.67400813,0.19936538,0.12662652,2024,D
5673,0.35372016,0.24094595,0.4053339,2024,A
5674,0.4963539,0.20873941,0.29490674,2024,A
5675,0.17520885,0.2900093,0.5347819,2024,D
5676,0.32238638,0.26110187,0.41651174,2024,H
5677,0.20301026,0.2023652,0.5946245,2024,D
5678,0.25453112,0.25149396,0.49397492,2024,A
5679,0.26544458,0.2468108,0.4877447,2024,A
5680,0.12539017,0.19017968,0.6844302,2024,H
5681,0.22753605,0.24926431,0.5231996,2024,H
5682,0.2372714,0.2184969,0.5442317,2024,H
5683,0.35072598,0.27105066,0.37822336,2024,A
5684,0.37392002,0.21399869,0.41208133,2024,A
5685,0.20895298,0.22725184,0.56379515,2024,H
5686,0.24686383,0.23362164,0.51951456,2024,H
5687,0.5213783,0.23841059,0.24021117,2024,H
5688,0.2896419,0.27868146,0.4316767,2024,H
5689,0.09788471,0.18237919,0.7197361,2024,H
5690,0.5689599,0.24615094,0.1848892,2024,A
5691,0.14022285,0.17965057,0.6801266,2024,A
5692,0.37388605,0.23629577,0.38981816,2024,D
5693,0.36610183,0.29556495,0.33833322,2024,A
5694,0.4397538,0.25109845,0.30914778,2024,A
5695,0.1399298,0.14950429,0.7105659,2024,D
5696,0.33119798,0.31569448,0.35310748,2024,A
5697,0.52389574,0.21492259,0.26118168,2024,A
5698,0.4381316,0.26036495,0.3015034,2024,H
5699,0.26452103,0.29844147,0.43703747,2024,H
5700,0.2668417,0.23535211,0.4978062,2025,H
5701,0.4903318,0.25153884,0.25812942,2025,D
5702,0.43523377,0.24878898,0.31597722,2025,H
5703,0.45124424,0.22029383,0.3284619,2025,H
5704,0.3262976,0.21489203,0.45881036,2025,D
5705,0.5783422,0.21040906,0.21124879,2025,A
5706,0.3245,0.26238027,0.41311973,2025,D
5707,0.43257388,0.23652554,0.33090058,2025,H
5708,0.35530055,0.21828122,0.42641822,2025,A
5709,0.444322,0.24996875,0.30570924,2025,H
5710,0.49772504,0.24368852,0.2585864,2025,A
5711,0.2852158,0.2720531,0.44273108,2025,H
5712,0.150676,0.15932074,0.6900033,2025,H
5713,0.10680456,0.144721,0.7484744,2025,A
5714,0.27332467,0.29891792,0.42775747,2025,H
5715,0.3240821,0.28539985,0.39051807,2025,H
5716,0.28335395,0.25787878,0.45876727,2025,D
5717,0.40404105,0.28844967,0.30750933,2025,H
5718,0.43983653,0.23469807,0.32546538,2025,D
5719,0.3685349,0.20764644,0.4238187,2025,A
5720,0.39352104,0.24357873,0.36290026,2025,A
5721,0.36676466,0.26769963,0.36553574,2025,A
5722,0.42682186,0.25100914,0.32216898,2025,D
5723,0.18623543,0.17759424,0.6361703,2025,H
5724,0.16614404,0.16306654,0.6707894,2025,H
5725,0.38216934,0.24425027,0.3735804,2025,H
5726,0.36519903,0.26505983,0.36974117,2025,H
5727,0.22441271,0.27738985,0.4981974,2025,A
5728,0.31087634,0.2626341,0.42648956,2025,H
5729,0.3158628,0.29895437,0.3851828,2025,A
5730,0.20384467,0.23137967,0.56477565,2025,H
5731,0.45567268,0.33583263,0.2084947,2025,D
5732,0.33293223,0.2482341,0.41883364,2025,H
5733,0.24141686,0.27898365,0.4795995,2025,A
5734,0.28726903,0.23595832,0.4767726,2025,D
5735,0.16035837,0.17088352,0.66875815,2025,H
5736,0.29332116,0.32419562,0.38248318,2025,D
5737,0.34706116,0.2686492,0.3842897,2025,H
5738,0.60557723,0.20755084,0.18687196,2025,A
5739,0.334188,0.2763878,0.38942415,2025,H
5740,0.4637636,0.21362084,0.3226155,2025,A
5741,0.3294324,0.27948537,0.39108226,2025,H
5742,0.2758741,0.2743769,0.44974902,2025,H
5743,0.108731434,0.095787615,0.7954809,2025,H
5744,0.23924403,0.26105475,0.49970126,2025,D
5745,0.3226301,0.28124362,0.3961263,2025,D
5746,0.33513734,0.2889013,0.37596136,2025,A
5747,0.1830035,0.22357331,0.5934232,2025,D
5748,0.26754466,0.24800655,0.48444882,2025,D
5749,0.19984283,0.25119954,0.5489577,2025,D
5750,0.46634176,0.23151492,0.30214337,2025,H
5751,0.17705923,0.25180224,0.57113856,2025,A
5752,0.41636512,0.23382439,0.34981048,2025,H
5753,0.4978614,0.25326264,0.24887599,2025,D
5754,0.16198732,0.22634776,0.61166495,2025,H
5755,0.3069038,0.2939273,0.39916882,2025,A
5756,0.1766764,0.24150787,0.5818158,2025,D
5757,0.29946762,0.23423547,0.4662969,2025,H
5758,0.44802007,0.2608642,0.29111567,2025,A
5759,0.25293213,0.28202003,0.46504778,2025,D
5760,0.16782488,0.21308833,0.61908674,2025,H
5761,0.33832538,0.24300052,0.41867405,2025,A
5762,0.11770861,0.18125792,0.7010335,2025,H
5763,0.26571706,0.23315759,0.50112534,2025,H
5764,0.47062606,0.26807427,0.26129973,2025,H
5765,0.21358822,0.20477594,0.58163583,2025,H
5766,0.35266384,0.24956599,0.39777023,2025,H
5767,0.26783714,0.21499999,0.5171629,2025,H
5768,0.4371358,0.24144901,0.32141525,2025,D
5769,0.44673264,0.25182208,0.30144525,2025,A
5770,0.4950883,0.2328261,0.27208558,2025,A
5771,0.24646074,0.28965914,0.4638801,2025,H
5772,0.19627115,0.23553255,0.5681963,2025,H
5773,0.3605201,0.25034815,0.3891318,2025,D
5774,0.5391139,0.24048652,0.2203996,2025,H
5775,0.27407822,0.30588162,0.42004022,2025,H
5776,0.5475682,0.24956112,0.20287071,2025,A
5777,0.25507993,0.2456354,0.49928468,2025,A
5778,0.27621946,0.21489054,0.50889003,2025,A
5779,0.3161079,0.25946513,0.424427,2025,A
5780,0.20199825,0.24031356,0.55768824,2025,H
5781,0.35240886,0.24319965,0.4043915,2025,H
5782,0.5457244,0.21401805,0.24025753,2025,H
5783,0.27625912,0.26411697,0.4596239,2025,H
5784,0.13652618,0.17271535,0.69075847,2025,A
5785,0.11807107,0.14598715,0.73594177,2025,H
5786,0.5476054,0.24671012,0.20568448,2025,H
5787,0.16943158,0.1677373,0.6628311,2025,H
5788,0.28026173,0.22231898,0.49741927,2025,A
5789,0.35464343,0.30728075,0.33807585,2025,A
5790,0.30557325,0.18121445,0.5132123,2025,A
5791,0.45224953,0.2347529,0.31299758,2025,D
5792,0.33924192,0.24863441,0.41212368,2025,H
5793,0.35482767,0.25471115,0.39046124,2025,H
5794,0.32563546,0.26696905,0.40739554,2025,H
5795,0.69368917,0.20927799,0.09703289,2025,A
5796,0.19767664,0.24566154,0.5566618,2025,H
5797,0.4878474,0.21467358,0.2974791,2025,H
5798,0.22903354,0.24535888,0.5256075,2025,H
5799,0.2623196,0.30838147,0.42929897,2025,D
5800,0.22496314,0.18242548,0.5926114,2025,D
5801,0.36287427,0.2557057,0.38142,2025,H
5802,0.2437643,0.26765668,0.48857898,2025,H
5803,0.5492297,0.3010451,0.14972521,2025,D
5804,0.13451882,0.20877081,0.6567104,2025,H
5805,0.29429615,0.21527925,0.49042454,2025,H
5806,0.44396567,0.2391135,0.31692085,2025,H
5807,0.36950827,0.260495,0.36999673,2025,D
5808,0.34646925,0.2153435,0.4381872,2025,H
5809,0.19450015,0.19767813,0.6078217,2025,H
5810,0.35489583,0.3081628,0.33694136,2025,H
5811,0.15348935,0.20492384,0.64158684,2025,A
5812,0.54673845,0.24284762,0.21041395,2025,A
5813,0.64541984,0.23578025,0.11879994,2025,A
5814,0.22238168,0.26230347,0.5153148,2025,D
5815,0.32399368,0.27859727,0.39740905,2025,H
5816,0.6371487,0.17877547,0.18407582,2025,H
5817,0.058269463,0.093748376,0.8479821,2025,H
5818,0.3966601,0.2555998,0.3477401,2025,A
5819,0.20041463,0.26532972,0.5342557,2025,A
5820,0.15781473,0.23882307,0.60336226,2025,H
5821,0.11873914,0.15060566,0.73065513,2025,H
5822,0.3239129,0.27480334,0.4012837,2025,H
5823,0.2904274,0.2603524,0.4492202,2025,A
5824,0.3371321,0.24662307,0.41624483,2025,A
5825,0.47597244,0.2537131,0.27031443,2025,A
5826,0.52050155,0.18580215,0.29369634,2025,A
5827,0.2164329,0.44836396,0.3352032,2025,D
5828,0.1853084,0.19802307,0.6166686,2025,A
5829,0.12880506,0.24569497,0.6255,2025,H
5830,0.16323206,0.23226298,0.604505,2025,A
5831,0.5417481,0.20594563,0.25230625,2025,A
5832,0.18997534,0.21909918,0.5909255,2025,D
5833,0.117163785,0.17411627,0.70871997,2025,H
5834,0.26018196,0.21071178,0.52910626,2025,A
5835,0.4197404,0.2805728,0.29968676,2025,A
5836,0.40566313,0.28071567,0.31362122,2025,A
5837,0.59865534,0.24064429,0.1607004,2025,H
5838,0.26373172,0.22734122,0.50892705,2025,D
5839,0.19956675,0.21659932,0.58383393,2025,D
5840,0.16909106,0.2332573,0.59765166,2025,H
5841,0.3992778,0.2533396,0.34738255,2025,D
5842,0.33499998,0.27229035,0.39270973,2025,H
5843,0.090413086,0.13407734,0.7755096,2025,H
5844,0.45789206,0.2540792,0.2880288,2025,H
5845,0.30241707,0.23874961,0.45883337,2025,H
5846,0.55607456,0.22112438,0.2228011,2025,D
5847,0.1859993,0.2142565,0.5997442,2025,D
5848,0.29822877,0.2905269,0.41124433,2025,A
5849,0.59947234,0.19868867,0.20183899,2025,A
5850,0.14612238,0.21871664,0.635161,2025,H
5851,0.34281793,0.22824687,0.42893523,2025,H
5852,0.3717124,0.24107987,0.38720772,2025,A
5853,0.0505997,0.11895086,0.8304494,2025,H
5854,0.27526015,0.2582208,0.46651906,2025,D
5855,0.65802217,0.2102497,0.13172814,2025,A
5856,0.33706638,0.30994523,0.35298833,2025,H
5857,0.3272224,0.29437056,0.378407,2025,H
5858,0.48353395,0.2697375,0.2467286,2025,A
5859,0.23923175,0.23889135,0.5218769,2025,D
5860,0.3551457,0.2616152,0.38323906,2025,D
5861,0.21828823,0.23907177,0.54264,2025,D
5862,0.19812928,0.21270184,0.5891689,2025,D
5863,0.081141,0.12159844,0.7972605,2025,H
5864,0.34596023,0.4359579,0.21808183,2025,A
5865,0.4799843,0.19619933,0.32381633,2025,A
5866,0.56122077,0.24113859,0.19764063,2025,A
5867,0.40532088,0.27890456,0.31577456,2025,H
5868,0.45573246,0.21907829,0.32518926,2025,H
5869,0.28300333,0.25673988,0.46025673,2025,H
5870,0.25720897,0.24887635,0.49391466,2025,H
5871,0.51177233,0.2724656,0.2157621,2025,A
5872,0.13768098,0.1396062,0.7227128,2025,H
5873,0.27724686,0.22405629,0.49869686,2025,H
5874,0.37140363,0.26543698,0.36315942,2025,D
5875,0.085993715,0.1636497,0.75035655,2025,H
5876,0.32822585,0.2683211,0.40345305,2025,A
5877,0.43840355,0.24402288,0.31757358,2025,A
5878,0.24872343,0.26379144,0.48748508,2025,D
5879,0.32511926,0.28547046,0.3894103,2025,A
5880,0.37422514,0.24065486,0.38511997,2025,D
5881,0.17384143,0.16152102,0.66463757,2025,H
5882,0.079448625,0.19694364,0.7236077,2025,D
5883,0.33565345,0.25074902,0.41359752,2025,A
5884,0.19673124,0.27176416,0.53150463,2025,D
5885,0.48353407,0.20077094,0.31569505,2025,A
5886,0.2947718,0.2818812,0.42334703,2025,D
5887,0.20327275,0.2680039,0.5287233,2025,D
5888,0.36915615,0.25161344,0.37923038,2025,D
5889,0.5940302,0.2458191,0.16015072,2025,D
5890,0.37032247,0.3158154,0.3138622,2025,H
5891,0.5045828,0.24786063,0.24755655,2025,A
5892,0.18825014,0.23856169,0.5731882,2025,H
5893,0.21837108,0.22286224,0.55876666,2025,H
5894,0.39073372,0.23771821,0.3715481,2025,D
5895,0.22523087,0.22625493,0.5485142,2025,A
5896,0.26201567,0.22518775,0.5127965,2025,H
5897,0.2086274,0.25964504,0.53172755,2025,D
5898,0.4811578,0.28258336,0.23625886,2025,D
5899,0.12235726,0.16579285,0.71184987,2025,D
5900,0.44422302,0.2509528,0.30482423,2025,A
5901,0.4238916,0.21506733,0.361041,2025,H
5902,0.24936952,0.2769977,0.47363278,2025,H
5903,0.13012142,0.15694988,0.7129287,2025,D
5904,0.49413338,0.20971152,0.29615515,2025,D
5905,0.24884127,0.270642,0.4805167,2025,H
5906,0.35881826,0.2417566,0.39942518,2025,D
5907,0.21493337,0.33196405,0.45310253,2025,D
5908,0.17050192,0.2875962,0.5419019,2025,H
5909,0.13481292,0.17037146,0.69481564,2025,D
5910,0.20998834,0.27399287,0.51601875,2025,A
5911,0.40289038,0.2789153,0.31819433,2025,H
5912,0.60178125,0.19790111,0.20031765,2025,D
5913,0.38213962,0.28474417,0.33311623,2025,H
5914,0.09483745,0.13796292,0.7671996,2025,D
5915,0.35373256,0.28593233,0.3603351,2025,H
5916,0.27282694,0.2936396,0.43353346,2025,H
5917,0.520051,0.19803345,0.28191555,2025,D
5918,0.15807758,0.18588586,0.65603656,2025,A
5919,0.29397115,0.31350696,0.3925219,2025,D
5920,0.35101128,0.2631762,0.38581252,2025,H
5921,0.5500305,0.1983469,0.25162262,2025,D
5922,0.271728,0.24566354,0.48260844,2025,H
5923,0.0892657,0.14034337,0.7703909,2025,H
5924,0.64241755,0.15502603,0.20255645,2025,H
5925,0.20583133,0.27168348,0.5224852,2025,A
5926,0.36741078,0.24312264,0.38946658,2025,A
5927,0.26329908,0.21829315,0.5184078,2025,A
5928,0.13427147,0.19535245,0.6703761,2025,A
5929,0.30105627,0.31164578,0.38729796,2025,D
5930,0.14936599,0.19669594,0.6539381,2025,H
5931,0.63343716,0.1945384,0.17202444,2025,A
5932,0.3984898,0.22522148,0.37628868,2025,A
5933,0.32661772,0.23689923,0.4364831,2025,D
5934,0.1725704,0.20934244,0.6180872,2025,H
5935,0.25090453,0.19600345,0.553092,2025,A
5936,0.14058563,0.17192653,0.6874878,2025,H
5937,0.27068722,0.27158442,0.45772836,2025,D
5938,0.3565414,0.27369595,0.36976266,2025,D
5939,0.21300744,0.26979882,0.51719373,2025,H
5940,0.2557432,0.2997557,0.44450107,2025,H
5941,0.26495937,0.2384558,0.49658483,2025,H
5942,0.116346344,0.12872945,0.75492424,2025,H
5943,0.5708356,0.23423414,0.19493023,2025,D
5944,0.4709334,0.3147635,0.21430312,2025,A
5945,0.3049965,0.26228434,0.4327192,2025,A
5946,0.375895,0.25461218,0.3694928,2025,A
5947,0.32380888,0.30181557,0.37437555,2025,A
5948,0.30302984,0.2526531,0.4443171,2025,A
5949,0.24038957,0.26483962,0.49477082,2025,A
5950,0.49170682,0.3122159,0.19607726,2025,D
5951,0.31877822,0.23525937,0.4459624,2025,A
5952,0.37151676,0.24708745,0.3813958,2025,A
5953,0.16023706,0.21843833,0.6213246,2025,D
5954,0.117635116,0.1710637,0.71130115,2025,H
5955,0.18383855,0.21944098,0.59672046,2025,A
5956,0.115294784,0.12586409,0.75884116,2025,H
5957,0.26350543,0.28315932,0.45333526,2025,D
5958,0.44070148,0.280746,0.27855256,2025,A
5959,0.600331,0.21235535,0.18731365,2025,D
5960,0.71440744,0.15760808,0.12798445,2025,D
5961,0.20089518,0.14566624,0.65343857,2025,H
5962,0.37849554,0.2520003,0.36950415,2025,D
5963,0.097473554,0.1874771,0.7150494,2025,D
5964,0.27447134,0.25876004,0.46676856,2025,A
5965,0.11822438,0.16080007,0.7209755,2025,D
5966,0.18406889,0.21791264,0.59801847,2025,H
5967,0.41216427,0.26842916,0.31940657,2025,A
5968,0.34308648,0.28520352,0.37170997,2025,A
5969,0.62561554,0.17438985,0.1999946,2025,A
5970,0.48304066,0.26712424,0.24983506,2025,A
5971,0.58389455,0.23693524,0.17917022,2025,H
5972,0.13003053,0.18589465,0.68407476,2025,H
5973,0.22352788,0.27533594,0.5011362,2025,D
5974,0.5681391,0.21892129,0.21293963,2025,A
5975,0.36195856,0.29694507,0.34109637,2025,A
5976,0.39888746,0.23470597,0.36640653,2025,A
5977,0.34296227,0.25982746,0.39721027,2025,H
5978,0.22890285,0.2500201,0.5210771,2025,H
5979,0.30175647,0.23870504,0.45953852,2025,H
5980,0.15997458,0.15852945,0.681496,2025,H
5981,0.31096473,0.22403169,0.46500358,2025,D
5982,0.18732692,0.23499312,0.57768,2025,H
5983,0.23845051,0.31269413,0.44885534,2025,A
5984,0.6051375,0.23063014,0.16423236,2025,H
5985,0.44467646,0.27603146,0.2792921,2025,H
5986,0.18120356,0.19143468,0.6273618,2025,D
5987,0.2158366,0.21669182,0.5674716,2025,A
5988,0.4941235,0.2520578,0.25381866,2025,A
5989,0.2671483,0.18932201,0.5435297,2025,A
5990,0.3489764,0.28924653,0.3617771,2025,A
5991,0.4437466,0.27043986,0.28581357,2025,D
5992,0.31254295,0.32462397,0.36283308,2025,A
5993,0.13613267,0.14159049,0.7222768,2025,H
5994,0.24312845,0.25446686,0.5024047,2025,A
5995,0.59230673,0.20177163,0.2059216,2025,D
5996,0.32607135,0.20516776,0.46876094,2025,D
5997,0.09669307,0.14998291,0.75332403,2025,D
5998,0.27901503,0.2598916,0.46109343,2025,D
5999,0.1256615,0.14859208,0.7257464,2025,H
6000,0.12304426,0.19556504,0.6813907,2025,D
6001,0.41188157,0.2906921,0.29742634,2025,D
6002,0.46445915,0.25774223,0.27779865,2025,H
6003,0.22591855,0.27494103,0.49914044,2025,H
6004,0.52756286,0.22585534,0.2465818,2025,H
6005,0.36288905,0.28105134,0.3560596,2025,D
6006,0.21602441,0.22395447,0.5600211,2025,A
6007,0.1632235,0.18571,0.65106654,2025,H
6008,0.48535064,0.23803571,0.27661365,2025,A
6009,0.296052,0.26704144,0.43690652,2025,H
6010,0.20590457,0.22858258,0.56551284,2025,H
6011,0.49892205,0.25788188,0.24319607,2025,A
6012,0.2952548,0.24809061,0.4566546,2025,D
6013,0.142676,0.14626019,0.71106386,2025,A
6014,0.35172313,0.24302624,0.40525067,2025,H
6015,0.43235648,0.2692571,0.29838648,2025,D
6016,0.31739548,0.26038584,0.42221865,2025,H
6017,0.38794062,0.30085313,0.31120622,2025,A
6018,0.15446898,0.15152557,0.6940055,2025,A
6019,0.46165326,0.24659684,0.29174986,2025,D
6020,0.17723727,0.19562393,0.62713873,2025,H
6021,0.45333618,0.2492731,0.2973907,2025,A
6022,0.35693258,0.2580374,0.38503,2025,D
6023,0.31861967,0.2456548,0.43572548,2025,A
6024,0.20492901,0.20288794,0.59218305,2025,H
6025,0.43991417,0.265567,0.2945188,2025,A
6026,0.24123268,0.2527705,0.5059968,2025,H
6027,0.19070294,0.2911204,0.5181766,2025,H
6028,0.25105825,0.22975291,0.5191888,2025,D
6029,0.4022524,0.27294117,0.3248064,2025,H
6030,0.35319382,0.25502926,0.39177695,2025,D
6031,0.7182384,0.16361727,0.11814431,2025,A
6032,0.24819474,0.31820154,0.4336037,2025,A
6033,0.43016654,0.19556026,0.3742732,2025,H
6034,0.35536662,0.30539024,0.3392432,2025,A
6035,0.3432801,0.25906911,0.39765084,2025,H
6036,0.13954204,0.2048083,0.65564966,2025,H
6037,0.09223354,0.13619626,0.77157015,2025,H
6038,0.16893798,0.22652125,0.60454077,2025,H
6039,0.21111214,0.24888992,0.53999794,2025,H
6040,0.251499,0.25440142,0.49409956,2025,H
6041,0.48628303,0.26932612,0.24439079,2025,H
6042,0.36206615,0.23656052,0.4013733,2025,D
6043,0.13523898,0.14105259,0.72370845,2025,H
6044,0.26797473,0.27326855,0.45875672,2025,H
6045,0.2711879,0.22472402,0.50408804,2025,H
6046,0.2064065,0.233804,0.5597895,2025,A
6047,0.6900132,0.17366748,0.13631938,2025,D
6048,0.32331562,0.23423706,0.44244736,2025,A
6049,0.25596923,0.17328562,0.57074517,2025,D
6050,0.22811957,0.23691583,0.5349646,2025,H
6051,0.43194902,0.2582616,0.3097894,2025,A
6052,0.5157816,0.24877603,0.23544241,2025,D
6053,0.094107345,0.14816336,0.7577293,2025,H
6054,0.5887872,0.17645524,0.23475759,2025,D
6055,0.34780118,0.20455441,0.44764444,2025,D
6056,0.37977347,0.18207589,0.43815064,2025,D
6057,0.535866,0.25192615,0.21220782,2025,A
6058,0.27119437,0.24029768,0.4885079,2025,D
6059,0.10104204,0.14119825,0.7577597,2025,H
6060,0.36748186,0.21472442,0.4177937,2025,H
6061,0.25624081,0.24303173,0.5007275,2025,H
6062,0.26802003,0.2925664,0.43941358,2025,D
6063,0.26547837,0.24941938,0.4851023,2025,A
6064,0.4989995,0.23302265,0.26797783,2025,H
6065,0.46293095,0.18254235,0.3545267,2025,D
6066,0.30601776,0.3581465,0.33583578,2025,H
6067,0.060719155,0.09469845,0.84458244,2025,H
6068,0.494985,0.24474165,0.26027328,2025,D
6069,0.3303425,0.25070256,0.41895488,2025,H
6070,0.14576764,0.1693343,0.684898,2025,A
6071,0.36302727,0.27021056,0.36676222,2025,H
6072,0.4356717,0.2384999,0.32582843,2025,H
6073,0.47569796,0.28225073,0.24205132,2025,D
6074,0.25043148,0.22404356,0.525525,2025,H
6075,0.2155734,0.24352533,0.5409013,2025,A
6076,0.40306452,0.23190375,0.36503175,2025,H
6077,0.6162048,0.19334349,0.19045171,2025,A
6078,0.17640825,0.18400078,0.639591,2025,D
6079,0.35626796,0.32929754,0.3144345,2025,D
6081,0.50034225,0.24450514,0.2551526,2026,H
6082,0.30071923,0.25412926,0.4451515,2026,A
6083,0.36148408,0.28284356,0.35567242,2026,H
6084,0.2780063,0.24616294,0.47583082,2026,H
6085,0.5548239,0.18991138,0.25526476,2026,H
6086,0.2758178,0.21109109,0.51309115,2026,H
6087,0.25632507,0.2512965,0.4923785,2026,H
6088,0.3998356,0.26107186,0.33909252,2026,D
6089,0.28940868,0.22416343,0.48642787,2026,A
6090,0.5984091,0.18780749,0.21378343,2026,A
6092,0.3570975,0.22225387,0.4206487,2026,A
6093,0.26772824,0.21667576,0.515596,2026,D
6094,0.21461612,0.2399039,0.54547995,2026,D
6095,0.5303854,0.22694752,0.24266712,2026,H
6096,0.3029204,0.27854908,0.41853046,2026,D
6097,0.38497856,0.25324273,0.36177874,2026,H
6098,0.19423592,0.2386315,0.5671326,2026,H
6099,0.64034694,0.2087258,0.15092729,2026,A
6100,0.42060515,0.27748874,0.30190614,2026,A
6101,0.19253586,0.235615,0.57184917,2026,A
6102,0.20091888,0.2556955,0.5433856,2026,D
6103,0.28812706,0.23014934,0.48172358,2026,D
6104,0.2577129,0.26754457,0.47474256,2026,D
6105,0.4242299,0.23291183,0.34285834,2026,D
6106,0.17707655,0.22462632,0.5982971,2026,D
6108,0.47776297,0.27126822,0.25096884,2026,D
6109,0.15665424,0.18996833,0.6533775,2026,H
6110,0.3424222,0.29544035,0.36213744,2026,A
6111,0.18278451,0.24780315,0.56941235,2026,D
6112,0.28601655,0.28478512,0.42919835,2026,A
6113,0.6152779,0.22769721,0.15702492,2026,A
6114,0.40597394,0.21659368,0.37743235,2026,D
6115,0.13403575,0.17998247,0.68598175,2026,D
6116,0.33478475,0.21412717,0.45108813,2026,D
6118,0.24794893,0.3195712,0.4324799,2026,A
6119,0.36723343,0.23989552,0.39287105,2026,H
6120,0.32584694,0.23920658,0.43494648,2026,H
6121,0.23560129,0.25147846,0.5129202,2026,H
6122,0.32591733,0.27597266,0.39810994,2026,H
6124,0.2255326,0.20962913,0.5648383,2026,A
6125,0.3922563,0.25631917,0.35142455,2026,H
6126,0.36831835,0.2316912,0.39999047,2026,A
6127,0.18751214,0.25576842,0.5567194,2026,D
6128,0.12584566,0.11537536,0.758779,2026,H
6129,0.4596693,0.26561892,0.27471185,2026,D
